<scripts>
<label type="PARAPHRASE" event="other_go_garage">
<item source="2" script="26" slot="2" total_slots="5" original="Go to garage"></item>

</label>
<label type="PARAPHRASE" event="get_tools">
<item source="2" script="22" slot="1" total_slots="10" original="Get tire patch kit"></item>
<item source="2" script="15" slot="1" total_slots="8" original="Get pump for tire"></item>
<item source="2" script="16" slot="3" total_slots="5" original="Find tire pump"></item>
<item source="2" script="3" slot="1" total_slots="16" original="Take the toolbox"></item>
<item source="2" script="2" slot="1" total_slots="5" original="Get tools"></item>
<item source="2" script="5" slot="2" total_slots="6" original="Get tools"></item>
<item source="2" script="7" slot="3" total_slots="8" original="Collect tools"></item>
<item source="2" script="10" slot="3" total_slots="7" original="Get air pump"></item>

</label>
<label type="PARAPHRASE" event="other_get_bicycle">
<item source="2" script="22" slot="2" total_slots="10" original="Take bicycle to open area"></item>
<item source="2" script="26" slot="3" total_slots="5" original="Get bike"></item>

</label>
<label type="PARAPHRASE" event="lay_bike_down">
<item source="2" script="0" slot="1" total_slots="7" original="turn bicycle upside down"></item>
<item source="2" script="4" slot="1" total_slots="5" original="Place bike on ground"></item>
<item source="2" script="7" slot="1" total_slots="8" original="Put bike upside down"></item>
<item source="2" script="9" slot="1" total_slots="8" original="Prop bike upside down."></item>
<item source="2" script="19" slot="1" total_slots="9" original="flip the bike upside down"></item>
<item source="2" script="20" slot="1" total_slots="9" original="Turn bike over to look at tire."></item>
<item source="2" script="22" slot="3" total_slots="10" original="Flip bicycle upside down"></item>

</label>
<label type="PARAPHRASE" event="other_remove_debris">
<item source="2" script="12" slot="3" total_slots="6" original="Remove any debris or nails that may have caused the damage."></item>

</label>
<label type="PARAPHRASE" event="loose_nut">
<item source="2" script="25" slot="2" total_slots="8" original="Unscrew the screws."></item>

</label>
<label type="PARAPHRASE" event="other_unhook_chains">
<item source="2" script="25" slot="3" total_slots="8" original="Unhook the bicycle chains."></item>

</label>
<label type="PARAPHRASE" event="remove_tire">
<item source="2" script="9" slot="2" total_slots="8" original="Remove wheel."></item>
<item source="2" script="14" slot="1" total_slots="8" original="Remove wheel from bicycle"></item>
<item source="2" script="12" slot="1" total_slots="6" original="Remove the wheel from the bike."></item>
<item source="2" script="19" slot="2" total_slots="9" original="remove the wheel with the flat tire"></item>
<item source="2" script="23" slot="1" total_slots="5" original="Removing the wheel"></item>
<item source="2" script="28" slot="1" total_slots="10" original="Remove wheel from bicycle"></item>

</label>
<label type="PARAPHRASE" event="other_throw_tire">
<item source="2" script="25" slot="5" total_slots="8" original="Throw away the flat tire."></item>
<item source="2" script="29" slot="3" total_slots="6" original="throw flat tire away"></item>
<item source="2" script="2" slot="5" total_slots="5" original="Put away old tire"></item>

</label>
<label type="PARAPHRASE" event="take_tire_off">
<item source="2" script="0" slot="2" total_slots="7" original="take off tire"></item>
<item source="2" script="2" slot="3" total_slots="5" original="Taking old tire off"></item>
<item source="2" script="3" slot="2" total_slots="16" original="Open up the tire with a long screwdriver and lever"></item>
<item source="2" script="5" slot="3" total_slots="6" original="Remove flat tire"></item>
<item source="2" script="7" slot="2" total_slots="8" original="Take flat tire off"></item>
<item source="2" script="14" slot="2" total_slots="8" original="Remove tire from wheel"></item>
<item source="2" script="13" slot="2" total_slots="6" original="take flat tire off the bike"></item>
<item source="2" script="19" slot="3" total_slots="9" original="use a screwdriver to pry one side of the tire off of the rim"></item>
<item source="2" script="21" slot="1" total_slots="8" original="take tire off bike"></item>
<item source="2" script="23" slot="2" total_slots="5" original="Removing the tire from one side of rim"></item>
<item source="2" script="25" slot="4" total_slots="8" original="Take off the flat tire on bicycle."></item>
<item source="2" script="24" slot="1" total_slots="6" original="grab tire"></item>
<item source="2" script="26" slot="4" total_slots="5" original="Remove tire"></item>
<item source="2" script="27" slot="1" total_slots="7" original="Remove tire and tube from bicycle."></item>
<item source="2" script="28" slot="2" total_slots="10" original="Use tire irons to remove tire"></item>
<item source="2" script="29" slot="2" total_slots="6" original="remove flat tire from bike"></item>
<item source="2" script="3" slot="3" total_slots="16" original="Pull out the rubber tube"></item>
<item source="2" script="0" slot="3" total_slots="7" original="take off tube"></item>
<item source="2" script="9" slot="3" total_slots="8" original="From wheel pull out inner tube."></item>
<item source="2" script="19" slot="4" total_slots="9" original="pull the flat inner-tube out of the tire carefully"></item>
<item source="2" script="14" slot="3" total_slots="8" original="Remove tube from tire"></item>
<item source="2" script="20" slot="3" total_slots="9" original="Remove inner tube from middle of tire."></item>
<item source="2" script="21" slot="2" total_slots="8" original="take tube out of tire tread"></item>
<item source="2" script="23" slot="3" total_slots="5" original="Remove tube"></item>
<item source="2" script="28" slot="3" total_slots="10" original="Take out inner tube"></item>

</label>
<label type="PARAPHRASE" event="other_go_bike_shop">
<item source="2" script="21" slot="3" total_slots="8" original="drive tube to bike shop"></item>

</label>
<label type="PARAPHRASE" event="refill_tire_air">
<item source="2" script="4" slot="3" total_slots="5" original="Place tire pump hose on nozzle"></item>
<item source="2" script="15" slot="3" total_slots="8" original="Put hose of pump on tire"></item>
<item source="2" script="16" slot="4" total_slots="5" original="Insert tire pump into tire"></item>
<item source="2" script="3" slot="4" total_slots="16" original="Fill air"></item>
<item source="2" script="22" slot="4" total_slots="10" original="Pump tire with air"></item>
<item source="2" script="0" slot="6" total_slots="7" original="pump air into new tube"></item>
<item source="2" script="3" slot="16" total_slots="16" original="Fill air"></item>
<item source="2" script="4" slot="4" total_slots="5" original="Pump air into tire"></item>
<item source="2" script="9" slot="6" total_slots="8" original="Use pump to fill with air."></item>
<item source="2" script="10" slot="4" total_slots="7" original="pump air into tire"></item>
<item source="2" script="12" slot="5" total_slots="6" original="Inflate the tire slowly."></item>
<item source="2" script="13" slot="5" total_slots="6" original="put air in tire"></item>
<item source="2" script="14" slot="8" total_slots="8" original="Use air compressor to fill tire with air"></item>
<item source="2" script="15" slot="4" total_slots="8" original="Start pumping up tire"></item>
<item source="2" script="16" slot="5" total_slots="5" original="Pump tire until full of air"></item>
<item source="2" script="19" slot="8" total_slots="9" original="use a bike pump to add air to the inner tube until correct pressure is reached"></item>
<item source="2" script="20" slot="7" total_slots="9" original="Fill tube with air."></item>
<item source="2" script="21" slot="7" total_slots="8" original="air up to approx 35psi"></item>
<item source="2" script="22" slot="8" total_slots="10" original="Pump tire with air"></item>
<item source="2" script="24" slot="4" total_slots="6" original="inflate tire"></item>
<item source="2" script="28" slot="9" total_slots="10" original="Fill tire with air"></item>
<item source="2" script="29" slot="5" total_slots="6" original="fill new tire with air"></item>

</label>
<label type="PARAPHRASE" event="examine_tire">
<item source="2" script="22" slot="5" total_slots="10" original="Squeeze tire"></item>
<item source="2" script="3" slot="5" total_slots="16" original="Put the aerated tube in a water tub"></item>
<item source="2" script="27" slot="2" total_slots="7" original="Submerge tube in water."></item>
<item source="2" script="12" slot="2" total_slots="6" original="Check the tire for damage."></item>
<item source="2" script="16" slot="1" total_slots="5" original="Find hole in tire"></item>
<item source="2" script="20" slot="2" total_slots="9" original="Determine if there is something stuck in tire."></item>
<item source="2" script="22" slot="6" total_slots="10" original="Feel for hole in tire"></item>
<item source="2" script="10" slot="1" total_slots="7" original="Examine the tire"></item>
<item source="2" script="24" slot="2" total_slots="6" original="locate puncture"></item>
<item source="2" script="28" slot="4" total_slots="10" original="Find leak"></item>
<item source="2" script="3" slot="6" total_slots="16" original="look for air bubbles"></item>
<item source="2" script="27" slot="3" total_slots="7" original="Squeeze tube until you see bubble to find the hole."></item>

</label>
<label type="PARAPHRASE" event="other_remove_water">
<item source="2" script="27" slot="4" total_slots="7" original="Take out of water."></item>

</label>
<label type="PARAPHRASE" event="other_dry">
<item source="2" script="27" slot="5" total_slots="7" original="Dry off tube."></item>

</label>
<label type="PARAPHRASE" event="other_remove_air">
<item source="2" script="3" slot="8" total_slots="16" original="Remove the air from tube"></item>

</label>
<label type="PARAPHRASE" event="get_tire">
<item source="2" script="5" slot="1" total_slots="6" original="Get a new bicycle tire"></item>
<item source="2" script="2" slot="2" total_slots="5" original="Get spare tire"></item>
<item source="2" script="7" slot="4" total_slots="8" original="Get new tire"></item>
<item source="2" script="9" slot="4" total_slots="8" original="Open package with new inner tube."></item>
<item source="2" script="21" slot="4" total_slots="8" original="buy the same size tube"></item>
<item source="2" script="13" slot="1" total_slots="6" original="get a spare tire"></item>
<item source="2" script="20" slot="5" total_slots="9" original="If not possible, then purchase new inner tube."></item>
<item source="2" script="25" slot="1" total_slots="8" original="Get a spare tire."></item>
<item source="2" script="26" slot="1" total_slots="5" original="Buy new tire"></item>
<item source="2" script="29" slot="1" total_slots="6" original="buy new tire"></item>
<item source="2" script="14" slot="4" total_slots="8" original="Take new tube out of package"></item>

</label>
<label type="PARAPHRASE" event="other_mark_holes">
<item source="2" script="3" slot="7" total_slots="16" original="mark all the holes as indicated by the bubbles"></item>

</label>
<label type="PARAPHRASE" event="put_patch/seal">
<item source="2" script="3" slot="9" total_slots="16" original="Take the patch"></item>
<item source="2" script="11" slot="1" total_slots="5" original="Get a patch for the hole in the tire."></item>
<item source="2" script="3" slot="10" total_slots="16" original="Heat the patch"></item>
<item source="2" script="3" slot="11" total_slots="16" original="put the patch on the hole"></item>
<item source="2" script="10" slot="2" total_slots="7" original="if there are any holes, plug them up"></item>
<item source="2" script="11" slot="2" total_slots="5" original="Place it over the hole."></item>
<item source="2" script="12" slot="4" total_slots="6" original="Repair or replace the tube as needed."></item>
<item source="2" script="13" slot="3" total_slots="6" original="either patch it with a bike patch or a put on a new tire"></item>
<item source="2" script="16" slot="2" total_slots="5" original="Plug hole"></item>
<item source="2" script="20" slot="4" total_slots="9" original="Patch inner tube with patch."></item>
<item source="2" script="22" slot="7" total_slots="10" original="Patch discovered holes in tire"></item>
<item source="2" script="23" slot="4" total_slots="5" original="Patch or replace tube"></item>
<item source="2" script="27" slot="6" total_slots="7" original="Use repair kit to patch up tube."></item>
<item source="2" script="24" slot="3" total_slots="6" original="patch puncture"></item>
<item source="2" script="28" slot="5" total_slots="10" original="Patch leak"></item>
<item source="2" script="3" slot="12" total_slots="16" original="Heat and press with heat press for 5 minutes"></item>
<item source="2" script="3" slot="13" total_slots="16" original="Remove the press"></item>
<item source="2" script="28" slot="6" total_slots="10" original="Wait for patch to seal"></item>

</label>
<label type="PARAPHRASE" event="other_line_valve">
<item source="2" script="19" slot="5" total_slots="9" original="line the valve of the new inner-tube up with to the correct spot on the rim"></item>

</label>
<label type="PARAPHRASE" event="put_new_tire">
<item source="2" script="7" slot="6" total_slots="8" original="Use tools to secure"></item>
<item source="2" script="5" slot="5" total_slots="6" original="Secure the tire."></item>
<item source="2" script="9" slot="7" total_slots="8" original="Secure wheel on."></item>
<item source="2" script="23" slot="5" total_slots="5" original="Mount tire back to wheel"></item>
<item source="2" script="14" slot="6" total_slots="8" original="Replace tire onto wheel"></item>
<item source="2" script="12" slot="6" total_slots="6" original="Put the tire back on the bicycle."></item>
<item source="2" script="13" slot="4" total_slots="6" original="put tire back on the bike"></item>
<item source="2" script="14" slot="7" total_slots="8" original="Attach wheel to bicycle"></item>
<item source="2" script="19" slot="9" total_slots="9" original="put wheel back on bike"></item>
<item source="2" script="28" slot="10" total_slots="10" original="Put wheel back on bicycle"></item>
<item source="2" script="25" slot="7" total_slots="8" original="Screw everything back."></item>
<item source="2" script="27" slot="7" total_slots="7" original="Put tube and tire back on bicycle."></item>
<item source="2" script="0" slot="4" total_slots="7" original="put new tube on"></item>
<item source="2" script="3" slot="14" total_slots="16" original="put the tube back inside the tire"></item>
<item source="2" script="9" slot="5" total_slots="8" original="Install new inner tube."></item>
<item source="2" script="19" slot="6" total_slots="9" original="stuff the new inner-tube in the tire"></item>
<item source="2" script="14" slot="5" total_slots="8" original="Place tube in tire"></item>
<item source="2" script="20" slot="6" total_slots="9" original="Insert new or fixed tube back into tire."></item>
<item source="2" script="21" slot="6" total_slots="8" original="place tube in tire with the nozzle going through the tread"></item>
<item source="2" script="28" slot="7" total_slots="10" original="Put inner tube back into bike tire"></item>
<item source="2" script="0" slot="5" total_slots="7" original="put tire over tube"></item>
<item source="2" script="2" slot="4" total_slots="5" original="Put on spare tire"></item>
<item source="2" script="5" slot="4" total_slots="6" original="Put new tire in its place"></item>
<item source="2" script="7" slot="5" total_slots="8" original="Align new tire"></item>
<item source="2" script="3" slot="15" total_slots="16" original="Put back the tire"></item>
<item source="2" script="25" slot="6" total_slots="8" original="Put on spare tire."></item>
<item source="2" script="26" slot="5" total_slots="5" original="Put new tire on"></item>
<item source="2" script="28" slot="8" total_slots="10" original="Put bike tire back on wheel"></item>
<item source="2" script="29" slot="4" total_slots="6" original="install new tire"></item>
<item source="2" script="19" slot="7" total_slots="9" original="press the side wall of the tire back onto the rim"></item>

</label>
<label type="PARAPHRASE" event="pull_air_pin">
<item source="2" script="15" slot="2" total_slots="8" original="Unscrew cap on bike tire"></item>
<item source="2" script="4" slot="2" total_slots="5" original="Unscrew nozzle cap on tire"></item>

</label>
<label type="PARAPHRASE" event="other_replace_cap">
<item source="2" script="4" slot="5" total_slots="5" original="Replace nozzle cap"></item>
<item source="2" script="15" slot="6" total_slots="8" original="Rescrew cap on tire"></item>

</label>
<label type="PARAPHRASE" event="other_put_away_tools">
<item source="2" script="15" slot="7" total_slots="8" original="Put pump away"></item>

</label>
<label type="PARAPHRASE" event="fasten_chain">
<item source="2" script="25" slot="8" total_slots="8" original="Hook the chain back on."></item>

</label>
<label type="PARAPHRASE" event="other_flip_bike">
<item source="2" script="7" slot="7" total_slots="8" original="Flip bike right side up"></item>
<item source="2" script="0" slot="7" total_slots="7" original="flip bicycle back around"></item>
<item source="2" script="20" slot="9" total_slots="9" original="Turn bike back over and ride"></item>
<item source="2" script="22" slot="9" total_slots="10" original="Flip bicycle back over"></item>

</label>
<label type="PARAPHRASE" event="check_new_tire">
<item source="2" script="24" slot="5" total_slots="6" original="test pressure"></item>
<item source="2" script="10" slot="5" total_slots="7" original="Test tire pressure with gage"></item>
<item source="2" script="9" slot="8" total_slots="8" original="Test ride bike."></item>
<item source="2" script="5" slot="6" total_slots="6" original="Test to make sure it is in sturdily."></item>
<item source="2" script="10" slot="6" total_slots="7" original="Walk bike around to make sure the tire holds air"></item>
<item source="2" script="15" slot="5" total_slots="8" original="Check tire"></item>
<item source="2" script="13" slot="6" total_slots="6" original="test out bike"></item>
<item source="2" script="20" slot="8" total_slots="9" original="Check tire to make sure it holds air."></item>
<item source="2" script="21" slot="8" total_slots="8" original="ride for test"></item>
<item source="2" script="11" slot="3" total_slots="5" original="Make sure it is sealed properly."></item>
<item source="2" script="11" slot="4" total_slots="5" original="Move the bike back and forth so the patch gets accustomed to the tire."></item>

</label>
<label type="PARAPHRASE" event="ride_bike">
<item source="2" script="21" slot="5" total_slots="8" original="drive home"></item>
<item source="2" script="7" slot="8" total_slots="8" original="Ride away"></item>
<item source="2" script="10" slot="7" total_slots="7" original="ride bike"></item>
<item source="2" script="11" slot="5" total_slots="5" original="Enjoy your bike!"></item>
<item source="2" script="22" slot="10" total_slots="10" original="Ride bicycle"></item>
<item source="2" script="15" slot="8" total_slots="8" original="Ride bike"></item>
<item source="2" script="24" slot="6" total_slots="6" original="ride off"></item>
<item source="2" script="29" slot="6" total_slots="6" original="ride away on bicycle"></item>

</label>
</scripts>