<?xml version="1.0" encoding="UTF-8" standalone="no"?>
<!DOCTYPE story SYSTEM "../InScript.dtd">
<story id="066" scenario="bus">
    <text>
        <content>Today is the first day for my new job . 
This new job is near the center of the city an parking is horrible . 
So I decided the best thing to do was take a bus to work . 
I got a bus schedule and found the nearest bus stop to my house and went over the times of the buses . 
. 
Since I would have to take 2 buses to get to work I had to make sure of the I would be able to meet the next bus and get to work on time . 
As I waited on the corner for my bus , a few other people came up to wait also . 
The bus pulled up and we all boarded and paid our fare and I got a transfer for the second bus . 
As the bus was in route I decided to read my paper . 
I happened to look up and notice that I was close to my stop so I pulled the cord to let the bus driver know I wanted to get off , he pulled over and wished me a good day and I in kind said the same to him . 
I waited a few moments for the next bus , As I board the next bus , and sat down i pulled out my newspaper and finished reading the news . 
The bus let me off a half a block from my new job , as I walked the short way I thought this will not be so bad , a bit more time to get to work but I liked riding the bus . </content>
        <sentences>
            <sentence id="1">
                <token content="Today" id="1-1">
                    <pos type="NNP"/>
                    <lemma type="Today"/>
                </token>
                <token content="is" id="1-2">
                    <pos type="VBZ"/>
                    <lemma type="be"/>
                </token>
                <token content="the" id="1-3">
                    <pos type="DT"/>
                    <lemma type="the"/>
                </token>
                <token content="first" id="1-4">
                    <pos type="JJ"/>
                    <lemma type="first"/>
                </token>
                <token content="day" id="1-5">
                    <pos type="NN"/>
                    <lemma type="day"/>
                </token>
                <token content="for" id="1-6"/>
                <token content="my" id="1-7">
                    <pos type="PRP$"/>
                    <lemma type="my"/>
                </token>
                <token content="new" id="1-8">
                    <pos type="JJ"/>
                    <lemma type="new"/>
                </token>
                <token content="job" id="1-9">
                    <pos type="NN"/>
                    <lemma type="job"/>
                </token>
                <token content="." id="1-10"/>
            </sentence>
            <sentence id="2">
                <token content="This" id="2-1">
                    <pos type="DT"/>
                    <lemma type="this"/>
                </token>
                <token content="new" id="2-2">
                    <pos type="JJ"/>
                    <lemma type="new"/>
                </token>
                <token content="job" id="2-3">
                    <pos type="NN"/>
                    <lemma type="job"/>
                    <dep head="2-4" type="nsubj"/>
                </token>
                <token content="is" id="2-4">
                    <pos type="VBZ"/>
                    <lemma type="be"/>
                </token>
                <token content="near" id="2-5"/>
                <token content="the" id="2-6">
                    <pos type="DT"/>
                    <lemma type="the"/>
                </token>
                <token content="center" id="2-7">
                    <pos type="NN"/>
                    <lemma type="center"/>
                    <dep head="2-4" type="prep"/>
                </token>
                <token content="of" id="2-8"/>
                <token content="the" id="2-9">
                    <pos type="DT"/>
                    <lemma type="the"/>
                </token>
                <token content="city" id="2-10">
                    <pos type="NN"/>
                    <lemma type="city"/>
                </token>
                <token content="an" id="2-11">
                    <pos type="DT"/>
                    <lemma type="a"/>
                </token>
                <token content="parking" id="2-12">
                    <pos type="NN"/>
                    <lemma type="parking"/>
                </token>
                <token content="is" id="2-13">
                    <pos type="VBZ"/>
                    <lemma type="be"/>
                </token>
                <token content="horrible" id="2-14">
                    <pos type="JJ"/>
                    <lemma type="horrible"/>
                </token>
                <token content="." id="2-15"/>
            </sentence>
            <sentence id="3">
                <token content="So" id="3-1">
                    <pos type="IN"/>
                    <lemma type="so"/>
                    <dep head="3-3" type="dep"/>
                </token>
                <token content="I" id="3-2">
                    <pos type="PRP"/>
                    <lemma type="I"/>
                    <dep head="3-3" type="nsubj"/>
                </token>
                <token content="decided" id="3-3">
                    <pos type="VBD"/>
                    <lemma type="decide"/>
                </token>
                <token content="the" id="3-4">
                    <pos type="DT"/>
                    <lemma type="the"/>
                </token>
                <token content="best" id="3-5">
                    <pos type="JJS"/>
                    <lemma type="best"/>
                </token>
                <token content="thing" id="3-6">
                    <pos type="NN"/>
                    <lemma type="thing"/>
                    <dep head="3-9" type="nsubj"/>
                </token>
                <token content="to" id="3-7">
                    <pos type="TO"/>
                    <lemma type="to"/>
                    <dep head="3-8" type="aux"/>
                </token>
                <token content="do" id="3-8">
                    <pos type="VB"/>
                    <lemma type="do"/>
                </token>
                <token content="was" id="3-9">
                    <pos type="VBD"/>
                    <lemma type="be"/>
                    <dep head="3-3" type="ccomp"/>
                </token>
                <token content="take" id="3-10">
                    <pos type="VB"/>
                    <lemma type="take"/>
                    <dep head="3-9" type="ccomp"/>
                </token>
                <token content="a" id="3-11">
                    <pos type="DT"/>
                    <lemma type="a"/>
                </token>
                <token content="bus" id="3-12">
                    <pos type="NN"/>
                    <lemma type="bus"/>
                    <dep head="3-10" type="dobj"/>
                </token>
                <token content="to" id="3-13">
                    <pos type="TO"/>
                    <lemma type="to"/>
                    <dep head="3-14" type="aux"/>
                </token>
                <token content="work" id="3-14">
                    <pos type="VB"/>
                    <lemma type="work"/>
                </token>
                <token content="." id="3-15"/>
            </sentence>
            <sentence id="4">
                <token content="I" id="4-1">
                    <pos type="PRP"/>
                    <lemma type="I"/>
                    <dep head="4-2" type="nsubj"/>
                </token>
                <token content="got" id="4-2">
                    <pos type="VBD"/>
                    <lemma type="get"/>
                </token>
                <token content="a" id="4-3">
                    <pos type="DT"/>
                    <lemma type="a"/>
                </token>
                <token content="bus" id="4-4">
                    <pos type="NN"/>
                    <lemma type="bus"/>
                </token>
                <token content="schedule" id="4-5">
                    <pos type="NN"/>
                    <lemma type="schedule"/>
                    <dep head="4-2" type="dobj"/>
                </token>
                <token content="and" id="4-6"/>
                <token content="found" id="4-7">
                    <pos type="VBD"/>
                    <lemma type="find"/>
                    <dep head="4-2" type="conj"/>
                </token>
                <token content="the" id="4-8">
                    <pos type="DT"/>
                    <lemma type="the"/>
                </token>
                <token content="nearest" id="4-9">
                    <pos type="JJS"/>
                    <lemma type="nearest"/>
                </token>
                <token content="bus" id="4-10">
                    <pos type="NN"/>
                    <lemma type="bus"/>
                    <dep head="4-7" type="dobj"/>
                </token>
                <token content="stop" id="4-11">
                    <pos type="VB"/>
                    <lemma type="stop"/>
                    <dep head="4-2" type="dep"/>
                </token>
                <token content="to" id="4-12"/>
                <token content="my" id="4-13">
                    <pos type="PRP$"/>
                    <lemma type="my"/>
                </token>
                <token content="house" id="4-14">
                    <pos type="NN"/>
                    <lemma type="house"/>
                    <dep head="4-11" type="prep"/>
                </token>
                <token content="and" id="4-15"/>
                <token content="went" id="4-16">
                    <pos type="VBD"/>
                    <lemma type="go"/>
                    <dep head="4-2" type="conj"/>
                </token>
                <token content="over" id="4-17">
                    <pos type="RP"/>
                    <lemma type="over"/>
                    <dep head="4-16" type="prt"/>
                </token>
                <token content="the" id="4-18">
                    <pos type="DT"/>
                    <lemma type="the"/>
                </token>
                <token content="times" id="4-19">
                    <pos type="NNS"/>
                    <lemma type="time"/>
                    <dep head="4-16" type="dobj"/>
                </token>
                <token content="of" id="4-20"/>
                <token content="the" id="4-21">
                    <pos type="DT"/>
                    <lemma type="the"/>
                </token>
                <token content="buses" id="4-22">
                    <pos type="NNS"/>
                    <lemma type="bus"/>
                </token>
                <token content="." id="4-23"/>
            </sentence>
            <sentence id="5">
                <token content="." id="5-1"/>
            </sentence>
            <sentence id="6">
                <token content="Since" id="6-1">
                    <pos type="IN"/>
                    <lemma type="since"/>
                    <dep head="6-4" type="mark"/>
                </token>
                <token content="I" id="6-2">
                    <pos type="PRP"/>
                    <lemma type="I"/>
                    <dep head="6-4" type="nsubj"/>
                </token>
                <token content="would" id="6-3">
                    <pos type="MD"/>
                    <lemma type="would"/>
                    <dep head="6-4" type="aux"/>
                </token>
                <token content="have" id="6-4">
                    <pos type="VB"/>
                    <lemma type="have"/>
                </token>
                <token content="to" id="6-5">
                    <pos type="TO"/>
                    <lemma type="to"/>
                    <dep head="6-6" type="aux"/>
                </token>
                <token content="take" id="6-6">
                    <pos type="VB"/>
                    <lemma type="take"/>
                    <dep head="6-4" type="xcomp"/>
                </token>
                <token content="2" id="6-7">
                    <pos type="CD"/>
                    <lemma type="2"/>
                </token>
                <token content="buses" id="6-8">
                    <pos type="NNS"/>
                    <lemma type="bus"/>
                    <dep head="6-6" type="dobj"/>
                </token>
                <token content="to" id="6-9">
                    <pos type="TO"/>
                    <lemma type="to"/>
                    <dep head="6-10" type="aux"/>
                </token>
                <token content="get" id="6-10">
                    <pos type="VB"/>
                    <lemma type="get"/>
                    <dep head="6-6" type="vmod"/>
                </token>
                <token content="to" id="6-11">
                    <pos type="TO"/>
                    <lemma type="to"/>
                    <dep head="6-12" type="aux"/>
                </token>
                <token content="work" id="6-12">
                    <pos type="VB"/>
                    <lemma type="work"/>
                    <dep head="6-10" type="xcomp"/>
                </token>
                <token content="I" id="6-13">
                    <pos type="PRP"/>
                    <lemma type="I"/>
                    <dep head="6-14" type="nsubj"/>
                </token>
                <token content="had" id="6-14">
                    <pos type="VBD"/>
                    <lemma type="have"/>
                    <dep head="6-12" type="ccomp"/>
                </token>
                <token content="to" id="6-15">
                    <pos type="TO"/>
                    <lemma type="to"/>
                    <dep head="6-16" type="aux"/>
                </token>
                <token content="make" id="6-16">
                    <pos type="VB"/>
                    <lemma type="make"/>
                    <dep head="6-14" type="xcomp"/>
                </token>
                <token content="sure" id="6-17">
                    <pos type="JJ"/>
                    <lemma type="sure"/>
                    <dep head="6-16" type="acomp"/>
                </token>
                <token content="of" id="6-18"/>
                <token content="the" id="6-19">
                    <pos type="DT"/>
                    <lemma type="the"/>
                </token>
                <token content="I" id="6-20">
                    <pos type="NN"/>
                    <lemma type="i"/>
                    <dep head="6-16" type="prep"/>
                </token>
                <token content="would" id="6-21">
                    <pos type="MD"/>
                    <lemma type="would"/>
                </token>
                <token content="be" id="6-22">
                    <pos type="VB"/>
                    <lemma type="be"/>
                </token>
                <token content="able" id="6-23">
                    <pos type="JJ"/>
                    <lemma type="able"/>
                </token>
                <token content="to" id="6-24">
                    <pos type="TO"/>
                    <lemma type="to"/>
                    <dep head="6-25" type="aux"/>
                </token>
                <token content="meet" id="6-25">
                    <pos type="VB"/>
                    <lemma type="meet"/>
                </token>
                <token content="the" id="6-26">
                    <pos type="DT"/>
                    <lemma type="the"/>
                </token>
                <token content="next" id="6-27">
                    <pos type="JJ"/>
                    <lemma type="next"/>
                </token>
                <token content="bus" id="6-28">
                    <pos type="NN"/>
                    <lemma type="bus"/>
                    <dep head="6-25" type="dobj"/>
                </token>
                <token content="and" id="6-29"/>
                <token content="get" id="6-30">
                    <pos type="VB"/>
                    <lemma type="get"/>
                    <dep head="6-25" type="conj"/>
                </token>
                <token content="to" id="6-31">
                    <pos type="TO"/>
                    <lemma type="to"/>
                    <dep head="6-32" type="aux"/>
                </token>
                <token content="work" id="6-32">
                    <pos type="VB"/>
                    <lemma type="work"/>
                    <dep head="6-30" type="xcomp"/>
                </token>
                <token content="on" id="6-33"/>
                <token content="time" id="6-34">
                    <pos type="NN"/>
                    <lemma type="time"/>
                    <dep head="6-32" type="prep"/>
                </token>
                <token content="." id="6-35"/>
            </sentence>
            <sentence id="7">
                <token content="As" id="7-1">
                    <pos type="IN"/>
                    <lemma type="as"/>
                    <dep head="7-3" type="mark"/>
                </token>
                <token content="I" id="7-2">
                    <pos type="PRP"/>
                    <lemma type="I"/>
                    <dep head="7-3" type="nsubj"/>
                </token>
                <token content="waited" id="7-3">
                    <pos type="VBD"/>
                    <lemma type="wait"/>
                    <dep head="7-15" type="advcl"/>
                </token>
                <token content="on" id="7-4"/>
                <token content="the" id="7-5">
                    <pos type="DT"/>
                    <lemma type="the"/>
                </token>
                <token content="corner" id="7-6">
                    <pos type="NN"/>
                    <lemma type="corner"/>
                    <dep head="7-3" type="prep"/>
                </token>
                <token content="for" id="7-7"/>
                <token content="my" id="7-8">
                    <pos type="PRP$"/>
                    <lemma type="my"/>
                </token>
                <token content="bus" id="7-9">
                    <pos type="NN"/>
                    <lemma type="bus"/>
                    <dep head="7-3" type="prep"/>
                </token>
                <token content="," id="7-10"/>
                <token content="a" id="7-11">
                    <pos type="DT"/>
                    <lemma type="a"/>
                </token>
                <token content="few" id="7-12">
                    <pos type="JJ"/>
                    <lemma type="few"/>
                </token>
                <token content="other" id="7-13">
                    <pos type="JJ"/>
                    <lemma type="other"/>
                </token>
                <token content="people" id="7-14">
                    <pos type="NNS"/>
                    <lemma type="people"/>
                    <dep head="7-15" type="nsubj"/>
                </token>
                <token content="came" id="7-15">
                    <pos type="VBD"/>
                    <lemma type="come"/>
                </token>
                <token content="up" id="7-16">
                    <pos type="RP"/>
                    <lemma type="up"/>
                    <dep head="7-15" type="prt"/>
                </token>
                <token content="to" id="7-17">
                    <pos type="TO"/>
                    <lemma type="to"/>
                    <dep head="7-18" type="aux"/>
                </token>
                <token content="wait" id="7-18">
                    <pos type="VB"/>
                    <lemma type="wait"/>
                    <dep head="7-15" type="xcomp"/>
                </token>
                <token content="also" id="7-19">
                    <pos type="RB"/>
                    <lemma type="also"/>
                    <dep head="7-18" type="advmod"/>
                </token>
                <token content="." id="7-20"/>
            </sentence>
            <sentence id="8">
                <token content="The" id="8-1">
                    <pos type="DT"/>
                    <lemma type="the"/>
                </token>
                <token content="bus" id="8-2">
                    <pos type="NN"/>
                    <lemma type="bus"/>
                    <dep head="8-3" type="nsubj"/>
                </token>
                <token content="pulled" id="8-3">
                    <pos type="VBD"/>
                    <lemma type="pull"/>
                </token>
                <token content="up" id="8-4">
                    <pos type="RP"/>
                    <lemma type="up"/>
                    <dep head="8-3" type="prt"/>
                </token>
                <token content="and" id="8-5"/>
                <token content="we" id="8-6">
                    <pos type="PRP"/>
                    <lemma type="we"/>
                    <dep head="8-8" type="nsubj"/>
                </token>
                <token content="all" id="8-7">
                    <pos type="DT"/>
                    <lemma type="all"/>
                    <dep head="8-8" type="advmod"/>
                </token>
                <token content="boarded" id="8-8">
                    <pos type="VBD"/>
                    <lemma type="board"/>
                    <dep head="8-3" type="conj"/>
                </token>
                <token content="and" id="8-9"/>
                <token content="paid" id="8-10">
                    <pos type="VBD"/>
                    <lemma type="pay"/>
                    <dep head="8-8" type="conj"/>
                </token>
                <token content="our" id="8-11">
                    <pos type="PRP$"/>
                    <lemma type="we"/>
                </token>
                <token content="fare" id="8-12">
                    <pos type="NN"/>
                    <lemma type="fare"/>
                    <dep head="8-10" type="dobj"/>
                </token>
                <token content="and" id="8-13"/>
                <token content="I" id="8-14">
                    <pos type="PRP"/>
                    <lemma type="I"/>
                    <dep head="8-15" type="nsubj"/>
                </token>
                <token content="got" id="8-15">
                    <pos type="VBD"/>
                    <lemma type="get"/>
                    <dep head="8-8" type="conj"/>
                </token>
                <token content="a" id="8-16">
                    <pos type="DT"/>
                    <lemma type="a"/>
                </token>
                <token content="transfer" id="8-17">
                    <pos type="NN"/>
                    <lemma type="transfer"/>
                    <dep head="8-15" type="dobj"/>
                </token>
                <token content="for" id="8-18"/>
                <token content="the" id="8-19">
                    <pos type="DT"/>
                    <lemma type="the"/>
                </token>
                <token content="second" id="8-20">
                    <pos type="JJ"/>
                    <lemma type="second"/>
                </token>
                <token content="bus" id="8-21">
                    <pos type="NN"/>
                    <lemma type="bus"/>
                    <dep head="8-15" type="prep"/>
                </token>
                <token content="." id="8-22"/>
            </sentence>
            <sentence id="9">
                <token content="As" id="9-1">
                    <pos type="IN"/>
                    <lemma type="as"/>
                    <dep head="9-4" type="mark"/>
                </token>
                <token content="the" id="9-2">
                    <pos type="DT"/>
                    <lemma type="the"/>
                </token>
                <token content="bus" id="9-3">
                    <pos type="NN"/>
                    <lemma type="bus"/>
                    <dep head="9-4" type="nsubj"/>
                </token>
                <token content="was" id="9-4">
                    <pos type="VBD"/>
                    <lemma type="be"/>
                    <dep head="9-8" type="advcl"/>
                </token>
                <token content="in" id="9-5"/>
                <token content="route" id="9-6">
                    <pos type="NN"/>
                    <lemma type="route"/>
                    <dep head="9-4" type="prep"/>
                </token>
                <token content="I" id="9-7">
                    <pos type="PRP"/>
                    <lemma type="I"/>
                    <dep head="9-8" type="nsubj"/>
                </token>
                <token content="decided" id="9-8">
                    <pos type="VBD"/>
                    <lemma type="decide"/>
                </token>
                <token content="to" id="9-9">
                    <pos type="TO"/>
                    <lemma type="to"/>
                    <dep head="9-10" type="aux"/>
                </token>
                <token content="read" id="9-10">
                    <pos type="VB"/>
                    <lemma type="read"/>
                    <dep head="9-8" type="xcomp"/>
                </token>
                <token content="my" id="9-11">
                    <pos type="PRP$"/>
                    <lemma type="my"/>
                </token>
                <token content="paper" id="9-12">
                    <pos type="NN"/>
                    <lemma type="paper"/>
                    <dep head="9-10" type="dobj"/>
                </token>
                <token content="." id="9-13"/>
            </sentence>
            <sentence id="10">
                <token content="I" id="10-1">
                    <pos type="PRP"/>
                    <lemma type="I"/>
                    <dep head="10-2" type="nsubj"/>
                </token>
                <token content="happened" id="10-2">
                    <pos type="VBD"/>
                    <lemma type="happen"/>
                </token>
                <token content="to" id="10-3">
                    <pos type="TO"/>
                    <lemma type="to"/>
                    <dep head="10-4" type="aux"/>
                </token>
                <token content="look" id="10-4">
                    <pos type="VB"/>
                    <lemma type="look"/>
                    <dep head="10-2" type="xcomp"/>
                </token>
                <token content="up" id="10-5">
                    <pos type="RP"/>
                    <lemma type="up"/>
                    <dep head="10-4" type="prt"/>
                </token>
                <token content="and" id="10-6"/>
                <token content="notice" id="10-7">
                    <pos type="VB"/>
                    <lemma type="notice"/>
                    <dep head="10-4" type="conj"/>
                </token>
                <token content="that" id="10-8">
                    <pos type="IN"/>
                    <lemma type="that"/>
                </token>
                <token content="I" id="10-9">
                    <pos type="PRP"/>
                    <lemma type="I"/>
                </token>
                <token content="was" id="10-10">
                    <pos type="VBD"/>
                    <lemma type="be"/>
                </token>
                <token content="close" id="10-11">
                    <pos type="JJ"/>
                    <lemma type="close"/>
                    <dep head="10-7" type="ccomp"/>
                </token>
                <token content="to" id="10-12"/>
                <token content="my" id="10-13">
                    <pos type="PRP$"/>
                    <lemma type="my"/>
                </token>
                <token content="stop" id="10-14">
                    <pos type="NN"/>
                    <lemma type="stop"/>
                </token>
                <token content="so" id="10-15">
                    <pos type="IN"/>
                    <lemma type="so"/>
                    <dep head="10-17" type="mark"/>
                </token>
                <token content="I" id="10-16">
                    <pos type="PRP"/>
                    <lemma type="I"/>
                    <dep head="10-17" type="nsubj"/>
                </token>
                <token content="pulled" id="10-17">
                    <pos type="VBD"/>
                    <lemma type="pull"/>
                </token>
                <token content="the" id="10-18">
                    <pos type="DT"/>
                    <lemma type="the"/>
                </token>
                <token content="cord" id="10-19">
                    <pos type="NN"/>
                    <lemma type="cord"/>
                    <dep head="10-25" type="nsubj"/>
                </token>
                <token content="to" id="10-20">
                    <pos type="TO"/>
                    <lemma type="to"/>
                    <dep head="10-21" type="aux"/>
                </token>
                <token content="let" id="10-21">
                    <pos type="VB"/>
                    <lemma type="let"/>
                </token>
                <token content="the" id="10-22">
                    <pos type="DT"/>
                    <lemma type="the"/>
                </token>
                <token content="bus" id="10-23">
                    <pos type="NN"/>
                    <lemma type="bus"/>
                </token>
                <token content="driver" id="10-24">
                    <pos type="NN"/>
                    <lemma type="driver"/>
                    <dep head="10-21" type="dobj"/>
                </token>
                <token content="know" id="10-25">
                    <pos type="VBP"/>
                    <lemma type="know"/>
                    <dep head="10-17" type="ccomp"/>
                </token>
                <token content="I" id="10-26">
                    <pos type="PRP"/>
                    <lemma type="I"/>
                    <dep head="10-27" type="nsubj"/>
                </token>
                <token content="wanted" id="10-27">
                    <pos type="VBD"/>
                    <lemma type="want"/>
                    <dep head="10-25" type="ccomp"/>
                </token>
                <token content="to" id="10-28">
                    <pos type="TO"/>
                    <lemma type="to"/>
                    <dep head="10-29" type="aux"/>
                </token>
                <token content="get" id="10-29">
                    <pos type="VB"/>
                    <lemma type="get"/>
                    <dep head="10-27" type="xcomp"/>
                </token>
                <token content="off" id="10-30">
                    <pos type="RP"/>
                    <lemma type="off"/>
                    <dep head="10-29" type="prt"/>
                </token>
                <token content="," id="10-31"/>
                <token content="he" id="10-32">
                    <pos type="PRP"/>
                    <lemma type="he"/>
                    <dep head="10-33" type="nsubj"/>
                </token>
                <token content="pulled" id="10-33">
                    <pos type="VBD"/>
                    <lemma type="pull"/>
                    <dep head="10-2" type="conj"/>
                </token>
                <token content="over" id="10-34">
                    <pos type="RP"/>
                    <lemma type="over"/>
                    <dep head="10-33" type="prt"/>
                </token>
                <token content="and" id="10-35"/>
                <token content="wished" id="10-36">
                    <pos type="VBD"/>
                    <lemma type="wish"/>
                    <dep head="10-33" type="conj"/>
                </token>
                <token content="me" id="10-37">
                    <pos type="PRP"/>
                    <lemma type="I"/>
                    <dep head="10-36" type="dobj"/>
                </token>
                <token content="a" id="10-38">
                    <pos type="DT"/>
                    <lemma type="a"/>
                </token>
                <token content="good" id="10-39">
                    <pos type="JJ"/>
                    <lemma type="good"/>
                </token>
                <token content="day" id="10-40">
                    <pos type="NN"/>
                    <lemma type="day"/>
                    <dep head="10-36" type="tmod"/>
                </token>
                <token content="and" id="10-41"/>
                <token content="I" id="10-42">
                    <pos type="PRP"/>
                    <lemma type="I"/>
                    <dep head="10-45" type="nsubj"/>
                </token>
                <token content="in" id="10-43"/>
                <token content="kind" id="10-44">
                    <pos type="NN"/>
                    <lemma type="kind"/>
                </token>
                <token content="said" id="10-45">
                    <pos type="VBD"/>
                    <lemma type="say"/>
                    <dep head="10-2" type="conj"/>
                </token>
                <token content="the" id="10-46">
                    <pos type="DT"/>
                    <lemma type="the"/>
                </token>
                <token content="same" id="10-47">
                    <pos type="JJ"/>
                    <lemma type="same"/>
                    <dep head="10-45" type="dobj"/>
                </token>
                <token content="to" id="10-48"/>
                <token content="him" id="10-49">
                    <pos type="PRP"/>
                    <lemma type="he"/>
                    <dep head="10-45" type="prep"/>
                </token>
                <token content="." id="10-50"/>
            </sentence>
            <sentence id="11">
                <token content="I" id="11-1">
                    <pos type="PRP"/>
                    <lemma type="I"/>
                    <dep head="11-2" type="nsubj"/>
                </token>
                <token content="waited" id="11-2">
                    <pos type="VBD"/>
                    <lemma type="wait"/>
                </token>
                <token content="a" id="11-3">
                    <pos type="DT"/>
                    <lemma type="a"/>
                </token>
                <token content="few" id="11-4">
                    <pos type="JJ"/>
                    <lemma type="few"/>
                </token>
                <token content="moments" id="11-5">
                    <pos type="NNS"/>
                    <lemma type="moment"/>
                    <dep head="11-2" type="dobj"/>
                </token>
                <token content="for" id="11-6"/>
                <token content="the" id="11-7">
                    <pos type="DT"/>
                    <lemma type="the"/>
                </token>
                <token content="next" id="11-8">
                    <pos type="JJ"/>
                    <lemma type="next"/>
                </token>
                <token content="bus" id="11-9">
                    <pos type="NN"/>
                    <lemma type="bus"/>
                    <dep head="11-2" type="prep"/>
                </token>
                <token content="," id="11-10"/>
                <token content="As" id="11-11">
                    <pos type="IN"/>
                    <lemma type="as"/>
                    <dep head="11-13" type="mark"/>
                </token>
                <token content="I" id="11-12">
                    <pos type="PRP"/>
                    <lemma type="I"/>
                    <dep head="11-13" type="nsubj"/>
                </token>
                <token content="board" id="11-13">
                    <pos type="VB"/>
                    <lemma type="board"/>
                    <dep head="11-2" type="advcl"/>
                </token>
                <token content="the" id="11-14">
                    <pos type="DT"/>
                    <lemma type="the"/>
                </token>
                <token content="next" id="11-15">
                    <pos type="JJ"/>
                    <lemma type="next"/>
                </token>
                <token content="bus" id="11-16">
                    <pos type="NN"/>
                    <lemma type="bus"/>
                    <dep head="11-13" type="dobj"/>
                </token>
                <token content="," id="11-17"/>
                <token content="and" id="11-18"/>
                <token content="sat" id="11-19">
                    <pos type="VBN"/>
                    <lemma type="sit"/>
                    <dep head="11-22" type="csubj"/>
                </token>
                <token content="down" id="11-20">
                    <pos type="RP"/>
                    <lemma type="down"/>
                    <dep head="11-19" type="prt"/>
                </token>
                <token content="i" id="11-21">
                    <pos type="FW"/>
                    <lemma type="i"/>
                    <dep head="11-19" type="dobj"/>
                </token>
                <token content="pulled" id="11-22">
                    <pos type="VBD"/>
                    <lemma type="pull"/>
                    <dep head="11-2" type="conj"/>
                </token>
                <token content="out" id="11-23">
                    <pos type="RP"/>
                    <lemma type="out"/>
                    <dep head="11-22" type="prt"/>
                </token>
                <token content="my" id="11-24">
                    <pos type="PRP$"/>
                    <lemma type="my"/>
                </token>
                <token content="newspaper" id="11-25">
                    <pos type="NN"/>
                    <lemma type="newspaper"/>
                    <dep head="11-22" type="dobj"/>
                </token>
                <token content="and" id="11-26"/>
                <token content="finished" id="11-27">
                    <pos type="VBD"/>
                    <lemma type="finish"/>
                    <dep head="11-22" type="conj"/>
                </token>
                <token content="reading" id="11-28">
                    <pos type="VBG"/>
                    <lemma type="read"/>
                    <dep head="11-27" type="xcomp"/>
                </token>
                <token content="the" id="11-29">
                    <pos type="DT"/>
                    <lemma type="the"/>
                </token>
                <token content="news" id="11-30">
                    <pos type="NN"/>
                    <lemma type="news"/>
                    <dep head="11-28" type="dobj"/>
                </token>
                <token content="." id="11-31"/>
            </sentence>
            <sentence id="12">
                <token content="The" id="12-1">
                    <pos type="DT"/>
                    <lemma type="the"/>
                </token>
                <token content="bus" id="12-2">
                    <pos type="NN"/>
                    <lemma type="bus"/>
                    <dep head="12-3" type="nsubj"/>
                </token>
                <token content="let" id="12-3">
                    <pos type="VBD"/>
                    <lemma type="let"/>
                </token>
                <token content="me" id="12-4">
                    <pos type="PRP"/>
                    <lemma type="I"/>
                    <dep head="12-3" type="dobj"/>
                </token>
                <token content="off" id="12-5"/>
                <token content="a" id="12-6">
                    <pos type="DT"/>
                    <lemma type="a"/>
                </token>
                <token content="half" id="12-7">
                    <pos type="NN"/>
                    <lemma type="half"/>
                    <dep head="12-3" type="prep"/>
                </token>
                <token content="a" id="12-8">
                    <pos type="DT"/>
                    <lemma type="a"/>
                </token>
                <token content="block" id="12-9">
                    <pos type="NN"/>
                    <lemma type="block"/>
                </token>
                <token content="from" id="12-10"/>
                <token content="my" id="12-11">
                    <pos type="PRP$"/>
                    <lemma type="my"/>
                </token>
                <token content="new" id="12-12">
                    <pos type="JJ"/>
                    <lemma type="new"/>
                </token>
                <token content="job" id="12-13">
                    <pos type="NN"/>
                    <lemma type="job"/>
                    <dep head="12-3" type="prep"/>
                </token>
                <token content="," id="12-14"/>
                <token content="as" id="12-15">
                    <pos type="IN"/>
                    <lemma type="as"/>
                    <dep head="12-17" type="mark"/>
                </token>
                <token content="I" id="12-16">
                    <pos type="PRP"/>
                    <lemma type="I"/>
                    <dep head="12-17" type="nsubj"/>
                </token>
                <token content="walked" id="12-17">
                    <pos type="VBD"/>
                    <lemma type="walk"/>
                    <dep head="12-3" type="advcl"/>
                </token>
                <token content="the" id="12-18">
                    <pos type="DT"/>
                    <lemma type="the"/>
                </token>
                <token content="short" id="12-19">
                    <pos type="JJ"/>
                    <lemma type="short"/>
                </token>
                <token content="way" id="12-20">
                    <pos type="NN"/>
                    <lemma type="way"/>
                    <dep head="12-17" type="dobj"/>
                </token>
                <token content="I" id="12-21">
                    <pos type="PRP"/>
                    <lemma type="I"/>
                    <dep head="12-22" type="nsubj"/>
                </token>
                <token content="thought" id="12-22">
                    <pos type="VBD"/>
                    <lemma type="think"/>
                </token>
                <token content="this" id="12-23">
                    <pos type="DT"/>
                    <lemma type="this"/>
                </token>
                <token content="will" id="12-24">
                    <pos type="MD"/>
                    <lemma type="will"/>
                </token>
                <token content="not" id="12-25">
                    <pos type="RB"/>
                    <lemma type="not"/>
                </token>
                <token content="be" id="12-26">
                    <pos type="VB"/>
                    <lemma type="be"/>
                </token>
                <token content="so" id="12-27">
                    <pos type="RB"/>
                    <lemma type="so"/>
                </token>
                <token content="bad" id="12-28">
                    <pos type="JJ"/>
                    <lemma type="bad"/>
                    <dep head="12-22" type="ccomp"/>
                </token>
                <token content="," id="12-29"/>
                <token content="a" id="12-30">
                    <pos type="DT"/>
                    <lemma type="a"/>
                </token>
                <token content="bit" id="12-31">
                    <pos type="RB"/>
                    <lemma type="bit"/>
                </token>
                <token content="more" id="12-32">
                    <pos type="JJR"/>
                    <lemma type="more"/>
                </token>
                <token content="time" id="12-33">
                    <pos type="NN"/>
                    <lemma type="time"/>
                </token>
                <token content="to" id="12-34">
                    <pos type="TO"/>
                    <lemma type="to"/>
                    <dep head="12-35" type="aux"/>
                </token>
                <token content="get" id="12-35">
                    <pos type="VB"/>
                    <lemma type="get"/>
                    <dep head="12-17" type="vmod"/>
                </token>
                <token content="to" id="12-36">
                    <pos type="TO"/>
                    <lemma type="to"/>
                    <dep head="12-37" type="aux"/>
                </token>
                <token content="work" id="12-37">
                    <pos type="VB"/>
                    <lemma type="work"/>
                    <dep head="12-35" type="xcomp"/>
                </token>
                <token content="but" id="12-38"/>
                <token content="I" id="12-39">
                    <pos type="PRP"/>
                    <lemma type="I"/>
                    <dep head="12-40" type="nsubj"/>
                </token>
                <token content="liked" id="12-40">
                    <pos type="VBD"/>
                    <lemma type="like"/>
                    <dep head="12-3" type="conj"/>
                </token>
                <token content="riding" id="12-41">
                    <pos type="VBG"/>
                    <lemma type="ride"/>
                    <dep head="12-40" type="xcomp"/>
                </token>
                <token content="the" id="12-42">
                    <pos type="DT"/>
                    <lemma type="the"/>
                </token>
                <token content="bus" id="12-43">
                    <pos type="NN"/>
                    <lemma type="bus"/>
                    <dep head="12-41" type="dobj"/>
                </token>
                <token content="." id="12-44"/>
            </sentence>
        </sentences>
    </text>
    <annotations>
        <participants>
            <label from="1-5" id="0" name="NPart" text="day" type="participant"/>
            <label from="1-7" id="1" name="ScrPart_passenger" text="my" type="participant"/>
            <label from="1-9" id="2" name="NPart" text="job" type="participant"/>
            <label from="2-3" id="3" name="NPart" text="job" type="participant"/>
            <label from="2-7" id="4" name="NPart" text="center" type="participant"/>
            <label from="2-10" id="5" name="NPart" text="city" type="participant"/>
            <label from="3-2" id="6" name="ScrPart_passenger" text="I" type="participant"/>
            <label from="3-6" id="7" name="No_label" text="thing" type="participant"/>
            <label from="3-12" id="8" name="ScrPart_bus" text="bus" type="participant"/>
            <label from="4-1" id="9" name="ScrPart_passenger" text="I" type="participant"/>
            <label from="4-4" id="10" name="ScrPart_time-table" text="bus schedule" to="4-5" type="participant"/>
            <label from="4-5" id="11" name="ScrPart_time-table" text="schedule" type="participant"/>
            <label from="4-10" id="12" name="ScrPart_bus_stop" text="bus stop" to="4-11" type="participant"/>
            <label from="4-11" id="13" name="ScrPart_bus_stop" text="stop" type="participant"/>
            <label from="4-13" id="14" name="ScrPart_passenger" text="my" type="participant"/>
            <label from="4-14" id="15" name="NPart" text="house" type="participant"/>
            <label from="4-19" id="16" name="ScrPart_time-table" text="times" type="participant"/>
            <label from="4-22" id="17" name="ScrPart_bus" text="buses" type="participant"/>
            <label from="6-2" id="18" name="ScrPart_passenger" text="I" type="participant"/>
            <label from="6-8" id="19" name="ScrPart_bus" text="buses" type="participant"/>
            <label from="6-13" id="20" name="ScrPart_passenger" text="I" type="participant"/>
            <label from="6-20" id="21" name="ScrPart_passenger" text="I" type="participant"/>
            <label from="6-28" id="22" name="ScrPart_bus" text="bus" type="participant"/>
            <label from="6-34" id="23" name="No_label" text="time" type="participant"/>
            <label from="7-2" id="24" name="ScrPart_passenger" text="I" type="participant"/>
            <label from="7-6" id="25" name="ScrPart_bus_stop" text="corner" type="participant"/>
            <label from="7-8" id="26" name="ScrPart_passenger" text="my" type="participant"/>
            <label from="7-9" id="27" name="ScrPart_bus" text="bus" type="participant"/>
            <label from="7-14" id="28" name="ScrPart_passenger" text="people" type="participant"/>
            <label from="8-2" id="29" name="ScrPart_bus" text="bus" type="participant"/>
            <label from="8-6" id="30" name="ScrPart_passenger" text="we" type="participant"/>
            <label from="8-11" id="31" name="ScrPart_passenger" text="our" type="participant"/>
            <label from="8-12" id="32" name="ScrPart_money" text="fare" type="participant"/>
            <label from="8-14" id="33" name="ScrPart_passenger" text="I" type="participant"/>
            <label from="8-17" id="34" name="ScrPart_card/ticket" text="transfer" type="participant"/>
            <label from="8-21" id="35" name="ScrPart_bus" text="bus" type="participant"/>
            <label from="9-3" id="36" name="ScrPart_bus" text="bus" type="participant"/>
            <label from="9-6" id="37" name="ScrPart_route" text="route" type="participant"/>
            <label from="9-7" id="38" name="ScrPart_passenger" text="I" type="participant"/>
            <label from="9-11" id="39" name="ScrPart_passenger" text="my" type="participant"/>
            <label from="9-12" id="40" name="ScrPart_in-bus_entertainment" text="paper" type="participant"/>
            <label from="10-1" id="41" name="ScrPart_passenger" text="I" type="participant"/>
            <label from="10-9" id="42" name="ScrPart_passenger" text="I" type="participant"/>
            <label from="10-13" id="43" name="ScrPart_passenger" text="my" type="participant"/>
            <label from="10-14" id="44" name="ScrPart_bus_stop" text="stop" type="participant"/>
            <label from="10-16" id="45" name="ScrPart_passenger" text="I" type="participant"/>
            <label from="10-19" id="46" name="ScrPart_stop_button/door_opener" text="cord" type="participant"/>
            <label from="10-23" id="47" name="ScrPart_bus_staff" text="bus driver" to="10-24" type="participant"/>
            <label from="10-24" id="48" name="ScrPart_bus_staff" text="driver" type="participant"/>
            <label from="10-26" id="49" name="ScrPart_passenger" text="I" type="participant"/>
            <label from="10-32" id="50" name="ScrPart_bus_staff" text="he" type="participant"/>
            <label from="10-37" id="51" name="ScrPart_passenger" text="me" type="participant"/>
            <label from="10-40" id="52" name="NPart" text="day" type="participant"/>
            <label from="10-42" id="53" name="ScrPart_passenger" text="I" type="participant"/>
            <label from="10-44" id="54" name="NPart" text="kind" type="participant"/>
            <label from="10-47" id="55" name="NPart" text="same" type="participant"/>
            <label from="10-49" id="56" name="ScrPart_bus_staff" text="him" type="participant"/>
            <label from="11-1" id="57" name="ScrPart_passenger" text="I" type="participant"/>
            <label from="11-5" id="58" name="ScrPart_time/date" text="moments" type="participant"/>
            <label from="11-9" id="59" name="ScrPart_bus" text="bus" type="participant"/>
            <label from="11-12" id="60" name="ScrPart_passenger" text="I" type="participant"/>
            <label from="11-16" id="61" name="ScrPart_bus" text="bus" type="participant"/>
            <label from="11-21" id="62" name="ScrPart_passenger" text="i" type="participant"/>
            <label from="11-24" id="63" name="ScrPart_passenger" text="my" type="participant"/>
            <label from="11-25" id="64" name="ScrPart_in-bus_entertainment" text="newspaper" type="participant"/>
            <label from="11-30" id="65" name="ScrPart_in-bus_entertainment" text="news" type="participant"/>
            <label from="12-2" id="66" name="ScrPart_bus" text="bus" type="participant"/>
            <label from="12-4" id="67" name="ScrPart_passenger" text="me" type="participant"/>
            <label from="12-7" id="68" name="Head_of_Partitive" text="half" type="participant"/>
            <label from="12-9" id="69" name="NPart" text="block" type="participant"/>
            <label from="12-11" id="70" name="ScrPart_passenger" text="my" type="participant"/>
            <label from="12-13" id="71" name="NPart" text="job" type="participant"/>
            <label from="12-16" id="72" name="ScrPart_passenger" text="I" type="participant"/>
            <label from="12-20" id="73" name="NPart" text="way" type="participant"/>
            <label from="12-21" id="74" name="ScrPart_passenger" text="I" type="participant"/>
            <label from="12-31" id="75" name="No_label" text="bit" type="participant"/>
            <label from="12-33" id="76" name="ScrPart_time/date" text="time" type="participant"/>
            <label from="12-39" id="77" name="ScrPart_passenger" text="I" type="participant"/>
            <label from="12-43" id="78" name="ScrPart_bus" text="bus" type="participant"/>
        </participants>
        <events>
            <label from="1-2" id="79" name="UnrelEv" text="is" type="event"/>
            <label from="2-4" id="80" name="UnrelEv" text="is" type="event"/>
            <label from="2-12" id="81" name="UnrelEv" text="parking" type="event"/>
            <label from="2-13" id="82" name="UnrelEv" text="is" type="event"/>
            <label from="3-3" id="83" name="UnrelEv" text="decided" type="event"/>
            <label from="3-8" id="84" name="UnrelEv" text="do" type="event"/>
            <label from="3-9" id="85" name="UnrelEv" text="was" type="event"/>
            <label from="3-10" id="86" name="Evoking" text="take a bus" to="3-12" type="event"/>
            <label from="4-2" id="87" name="ScrEv_check_time-table" text="got" type="event"/>
            <label from="4-7" id="88" name="ScrEv_find_bus" text="found" type="event"/>
            <label from="4-16" id="89" name="ScrEv_check_time-table" text="went over" to="4-17" type="event"/>
            <label from="6-6" id="90" name="Evoking" text="take 2 buses" to="6-8" type="event"/>
            <label from="6-10" id="91" name="UnrelEv" text="get to" to="6-11" type="event"/>
            <label from="6-16" id="92" name="UnrelEv" text="make sure" to="6-17" type="event"/>
            <label from="6-23" id="93" name="UnrelEv" text="able to" to="6-24" type="event"/>
            <label from="6-25" id="94" name="ScrEv_change_bus" text="meet" type="event"/>
            <label from="6-30" id="95" name="UnrelEv" text="get to" to="6-31" type="event"/>
            <label from="7-3" id="96" name="ScrEv_wait" text="waited" type="event"/>
            <label from="7-15" id="97" name="ScrEv_get_bus_stop" text="came up" to="7-16" type="event"/>
            <label from="7-18" id="98" name="ScrEv_wait" text="wait" type="event"/>
            <label from="8-3" id="99" name="ScrEv_bus_comes" text="pulled up" to="8-4" type="event"/>
            <label from="8-8" id="100" name="ScrEv_board_bus" text="boarded" type="event"/>
            <label from="8-10" id="101" name="ScrEv_get_ticket" text="paid" type="event"/>
            <label from="8-15" id="102" name="ScrEv_get_ticket" text="got" type="event"/>
            <label from="9-4" id="103" name="RelNScrEv" text="was" type="event"/>
            <label from="9-8" id="104" name="UnrelEv" text="decided" type="event"/>
            <label from="9-10" id="105" name="ScrEv_spend_time_bus" text="read" type="event"/>
            <label from="10-2" id="106" name="UnrelEv" text="happened" type="event"/>
            <label from="10-4" id="107" name="UnrelEv" text="look up" to="10-5" type="event"/>
            <label from="10-7" id="108" name="UnrelEv" text="notice" type="event"/>
            <label from="10-10" id="109" name="ScrEv_bus_stops" text="was close" to="10-11" type="event"/>
            <label from="10-17" id="110" name="ScrEv_press_stop_button" text="pulled" type="event"/>
            <label from="10-21" id="111" name="UnrelEv" text="let" type="event"/>
            <label from="10-25" id="112" name="UnrelEv" text="know" type="event"/>
            <label from="10-27" id="113" name="UnrelEv" text="wanted" type="event"/>
            <label from="10-29" id="114" name="ScrEv_get_off" text="get off" to="10-30" type="event"/>
            <label from="10-33" id="115" name="ScrEv_bus_stops" text="pulled over" to="10-34" type="event"/>
            <label from="10-36" id="116" name="RelNScrEv" text="wished" type="event"/>
            <label from="10-45" id="117" name="RelNScrEv" text="said" type="event"/>
            <label from="11-2" id="118" name="ScrEv_wait" text="waited" type="event"/>
            <label from="11-13" id="119" name="ScrEv_board_bus" text="board" type="event"/>
            <label from="11-19" id="120" name="ScrEv_find_place" text="sat down" to="11-20" type="event"/>
            <label from="11-22" id="121" name="ScrEv_spend_time_bus" text="pulled out" to="11-23" type="event"/>
            <label from="11-27" id="122" name="UnrelEv" text="finished" type="event"/>
            <label from="11-28" id="123" name="ScrEv_spend_time_bus" text="reading" type="event"/>
            <label from="12-3" id="124" name="ScrEv_get_off" text="let" type="event"/>
            <label from="12-17" id="125" name="UnrelEv" text="walked" type="event"/>
            <label from="12-22" id="126" name="UnrelEv" text="thought" type="event"/>
            <label from="12-26" id="127" name="UnrelEv" text="be" type="event"/>
            <label from="12-35" id="128" name="UnrelEv" text="get to" to="12-36" type="event"/>
            <label from="12-40" id="129" name="UnrelEv" text="liked" type="event"/>
            <label from="12-41" id="130" name="Evoking" text="riding the bus" to="12-43" type="event"/>
        </events>
        <chains>
            <chain elements="6 1 9 14 18 20 21 24 26 33 38 39 41 42 43 45 49 51 53 57 60 62 63 67 70 72 74 77"/>
            <chain elements="17 8 19 22 27 29 35 36 59 61 66 78"/>
            <chain elements="16 11"/>
            <chain elements="25 13"/>
            <chain elements="30 26 28" name="coref3_group_I_people"/>
            <chain elements="31 30"/>
            <chain elements="64 40 65"/>
            <chain elements="50 48 56"/>
        </chains>
    </annotations>
</story>
