<?xml version="1.0" encoding="UTF-8" standalone="no"?>
<!DOCTYPE story SYSTEM "../InScript.dtd">
<story id="022" scenario="bus">
    <text>
        <content>I wanted to go the museum downtown Milwaukee . 
I got ten dollars from my bank and put in my pocket . 
I walked a block from my house to catch the bus . 
The number nine bus came ten minutes later . 
I boarded the bus and asked the driver " How much ? " 
The driver asked me where I was going and when I told him he said " That ll be two seventy five . " 
I pulled three dollars out of my pocket and put them in the bus money collection machine . 
The machine showed three dollars were entered and that my ride would cost two seventy five . 
A quarter dropped in the drop box . 
I retrieved the quarter and then found a seat . 
The bus driver told I had ten stops before mine so I started counting stops . 
The first stop was fifth street . 
The second was Hadley Avenue . 
The next stop was Dobson . 
Adams was the ninth stop . 
Finally , Main Street came up . 
I pulled the bus s rider cord to let the bus driver I wanted to get off . 
The bus let me off in the front of the Milwaukee Public Museum . 
I spent almost the whole day there and then returned home the opposite way I came . </content>
        <sentences>
            <sentence id="1">
                <token content="I" id="1-1">
                    <pos type="PRP"/>
                    <lemma type="I"/>
                    <dep head="1-2" type="nsubj"/>
                </token>
                <token content="wanted" id="1-2">
                    <pos type="VBD"/>
                    <lemma type="want"/>
                </token>
                <token content="to" id="1-3">
                    <pos type="TO"/>
                    <lemma type="to"/>
                    <dep head="1-4" type="aux"/>
                </token>
                <token content="go" id="1-4">
                    <pos type="VB"/>
                    <lemma type="go"/>
                    <dep head="1-2" type="xcomp"/>
                </token>
                <token content="the" id="1-5">
                    <pos type="DT"/>
                    <lemma type="the"/>
                </token>
                <token content="museum" id="1-6">
                    <pos type="NN"/>
                    <lemma type="museum"/>
                </token>
                <token content="downtown" id="1-7">
                    <pos type="NN"/>
                    <lemma type="downtown"/>
                </token>
                <token content="Milwaukee" id="1-8">
                    <pos type="NNP"/>
                    <lemma type="Milwaukee"/>
                    <dep head="1-4" type="dobj"/>
                </token>
                <token content="." id="1-9"/>
            </sentence>
            <sentence id="2">
                <token content="I" id="2-1">
                    <pos type="PRP"/>
                    <lemma type="I"/>
                    <dep head="2-2" type="nsubj"/>
                </token>
                <token content="got" id="2-2">
                    <pos type="VBD"/>
                    <lemma type="get"/>
                </token>
                <token content="ten" id="2-3">
                    <pos type="CD"/>
                    <lemma type="ten"/>
                </token>
                <token content="dollars" id="2-4">
                    <pos type="NNS"/>
                    <lemma type="dollar"/>
                    <dep head="2-2" type="dobj"/>
                </token>
                <token content="from" id="2-5"/>
                <token content="my" id="2-6">
                    <pos type="PRP$"/>
                    <lemma type="my"/>
                </token>
                <token content="bank" id="2-7">
                    <pos type="NN"/>
                    <lemma type="bank"/>
                    <dep head="2-2" type="prep"/>
                </token>
                <token content="and" id="2-8"/>
                <token content="put" id="2-9">
                    <pos type="VBD"/>
                    <lemma type="put"/>
                    <dep head="2-2" type="conj"/>
                </token>
                <token content="in" id="2-10"/>
                <token content="my" id="2-11">
                    <pos type="PRP$"/>
                    <lemma type="my"/>
                </token>
                <token content="pocket" id="2-12">
                    <pos type="NN"/>
                    <lemma type="pocket"/>
                    <dep head="2-9" type="prep"/>
                </token>
                <token content="." id="2-13"/>
            </sentence>
            <sentence id="3">
                <token content="I" id="3-1">
                    <pos type="PRP"/>
                    <lemma type="I"/>
                    <dep head="3-2" type="nsubj"/>
                </token>
                <token content="walked" id="3-2">
                    <pos type="VBD"/>
                    <lemma type="walk"/>
                </token>
                <token content="a" id="3-3">
                    <pos type="DT"/>
                    <lemma type="a"/>
                </token>
                <token content="block" id="3-4">
                    <pos type="NN"/>
                    <lemma type="block"/>
                    <dep head="3-2" type="dobj"/>
                </token>
                <token content="from" id="3-5"/>
                <token content="my" id="3-6">
                    <pos type="PRP$"/>
                    <lemma type="my"/>
                </token>
                <token content="house" id="3-7">
                    <pos type="NN"/>
                    <lemma type="house"/>
                    <dep head="3-2" type="prep"/>
                </token>
                <token content="to" id="3-8">
                    <pos type="TO"/>
                    <lemma type="to"/>
                    <dep head="3-9" type="aux"/>
                </token>
                <token content="catch" id="3-9">
                    <pos type="VB"/>
                    <lemma type="catch"/>
                </token>
                <token content="the" id="3-10">
                    <pos type="DT"/>
                    <lemma type="the"/>
                </token>
                <token content="bus" id="3-11">
                    <pos type="NN"/>
                    <lemma type="bus"/>
                    <dep head="3-9" type="dobj"/>
                </token>
                <token content="." id="3-12"/>
            </sentence>
            <sentence id="4">
                <token content="The" id="4-1">
                    <pos type="DT"/>
                    <lemma type="the"/>
                </token>
                <token content="number" id="4-2">
                    <pos type="NN"/>
                    <lemma type="number"/>
                </token>
                <token content="nine" id="4-3">
                    <pos type="CD"/>
                    <lemma type="nine"/>
                </token>
                <token content="bus" id="4-4">
                    <pos type="NN"/>
                    <lemma type="bus"/>
                    <dep head="4-5" type="nsubj"/>
                </token>
                <token content="came" id="4-5">
                    <pos type="VBD"/>
                    <lemma type="come"/>
                </token>
                <token content="ten" id="4-6">
                    <pos type="CD"/>
                    <lemma type="ten"/>
                </token>
                <token content="minutes" id="4-7">
                    <pos type="NNS"/>
                    <lemma type="minute"/>
                    <dep head="4-5" type="dobj"/>
                </token>
                <token content="later" id="4-8">
                    <pos type="RB"/>
                    <lemma type="later"/>
                </token>
                <token content="." id="4-9"/>
            </sentence>
            <sentence id="5">
                <token content="I" id="5-1">
                    <pos type="PRP"/>
                    <lemma type="I"/>
                    <dep head="5-2" type="nsubj"/>
                </token>
                <token content="boarded" id="5-2">
                    <pos type="VBD"/>
                    <lemma type="board"/>
                </token>
                <token content="the" id="5-3">
                    <pos type="DT"/>
                    <lemma type="the"/>
                </token>
                <token content="bus" id="5-4">
                    <pos type="NN"/>
                    <lemma type="bus"/>
                    <dep head="5-2" type="dobj"/>
                </token>
                <token content="and" id="5-5"/>
                <token content="asked" id="5-6">
                    <pos type="VBD"/>
                    <lemma type="ask"/>
                    <dep head="5-2" type="conj"/>
                </token>
                <token content="the" id="5-7">
                    <pos type="DT"/>
                    <lemma type="the"/>
                </token>
                <token content="driver" id="5-8">
                    <pos type="NN"/>
                    <lemma type="driver"/>
                </token>
                <token content="&quot;" id="5-9"/>
                <token content="How" id="5-10">
                    <pos type="WRB"/>
                    <lemma type="how"/>
                </token>
                <token content="much" id="5-11">
                    <pos type="JJ"/>
                    <lemma type="much"/>
                    <dep head="5-6" type="dep"/>
                </token>
                <token content="?" id="5-12"/>
                <token content="&quot;" id="5-13"/>
            </sentence>
            <sentence id="6">
                <token content="The" id="6-1">
                    <pos type="DT"/>
                    <lemma type="the"/>
                </token>
                <token content="driver" id="6-2">
                    <pos type="NN"/>
                    <lemma type="driver"/>
                    <dep head="6-3" type="nsubj"/>
                </token>
                <token content="asked" id="6-3">
                    <pos type="VBD"/>
                    <lemma type="ask"/>
                </token>
                <token content="me" id="6-4">
                    <pos type="PRP"/>
                    <lemma type="I"/>
                    <dep head="6-3" type="dobj"/>
                </token>
                <token content="where" id="6-5">
                    <pos type="WRB"/>
                    <lemma type="where"/>
                    <dep head="6-8" type="advmod"/>
                </token>
                <token content="I" id="6-6">
                    <pos type="PRP"/>
                    <lemma type="I"/>
                    <dep head="6-8" type="nsubj"/>
                </token>
                <token content="was" id="6-7">
                    <pos type="VBD"/>
                    <lemma type="be"/>
                    <dep head="6-8" type="aux"/>
                </token>
                <token content="going" id="6-8">
                    <pos type="VBG"/>
                    <lemma type="go"/>
                    <dep head="6-3" type="advcl"/>
                </token>
                <token content="and" id="6-9"/>
                <token content="when" id="6-10">
                    <pos type="WRB"/>
                    <lemma type="when"/>
                    <dep head="6-12" type="advmod"/>
                </token>
                <token content="I" id="6-11">
                    <pos type="PRP"/>
                    <lemma type="I"/>
                    <dep head="6-12" type="nsubj"/>
                </token>
                <token content="told" id="6-12">
                    <pos type="VBD"/>
                    <lemma type="tell"/>
                    <dep head="6-8" type="conj"/>
                </token>
                <token content="him" id="6-13">
                    <pos type="PRP"/>
                    <lemma type="he"/>
                    <dep head="6-12" type="dobj"/>
                </token>
                <token content="he" id="6-14">
                    <pos type="PRP"/>
                    <lemma type="he"/>
                    <dep head="6-15" type="nsubj"/>
                </token>
                <token content="said" id="6-15">
                    <pos type="VBD"/>
                    <lemma type="say"/>
                    <dep head="6-12" type="dep"/>
                </token>
                <token content="&quot;" id="6-16"/>
                <token content="That" id="6-17">
                    <pos type="DT"/>
                    <lemma type="that"/>
                </token>
                <token content="ll" id="6-18">
                    <pos type="RB"/>
                    <lemma type="ll"/>
                </token>
                <token content="be" id="6-19">
                    <pos type="VB"/>
                    <lemma type="be"/>
                </token>
                <token content="two" id="6-20">
                    <pos type="CD"/>
                    <lemma type="two"/>
                </token>
                <token content="seventy" id="6-21">
                    <pos type="JJ"/>
                    <lemma type="seventy"/>
                </token>
                <token content="five" id="6-22">
                    <pos type="CD"/>
                    <lemma type="five"/>
                    <dep head="6-15" type="ccomp"/>
                </token>
                <token content="." id="6-23"/>
                <token content="&quot;" id="6-24"/>
            </sentence>
            <sentence id="7">
                <token content="I" id="7-1">
                    <pos type="PRP"/>
                    <lemma type="I"/>
                    <dep head="7-2" type="nsubj"/>
                </token>
                <token content="pulled" id="7-2">
                    <pos type="VBD"/>
                    <lemma type="pull"/>
                </token>
                <token content="three" id="7-3">
                    <pos type="CD"/>
                    <lemma type="three"/>
                </token>
                <token content="dollars" id="7-4">
                    <pos type="NNS"/>
                    <lemma type="dollar"/>
                    <dep head="7-2" type="dobj"/>
                </token>
                <token content="out" id="7-5"/>
                <token content="of" id="7-6"/>
                <token content="my" id="7-7">
                    <pos type="PRP$"/>
                    <lemma type="my"/>
                </token>
                <token content="pocket" id="7-8">
                    <pos type="NN"/>
                    <lemma type="pocket"/>
                    <dep head="7-2" type="prep"/>
                </token>
                <token content="and" id="7-9"/>
                <token content="put" id="7-10">
                    <pos type="VBD"/>
                    <lemma type="put"/>
                    <dep head="7-2" type="conj"/>
                </token>
                <token content="them" id="7-11">
                    <pos type="PRP"/>
                    <lemma type="they"/>
                    <dep head="7-10" type="dobj"/>
                </token>
                <token content="in" id="7-12"/>
                <token content="the" id="7-13">
                    <pos type="DT"/>
                    <lemma type="the"/>
                </token>
                <token content="bus" id="7-14">
                    <pos type="NN"/>
                    <lemma type="bus"/>
                </token>
                <token content="money" id="7-15">
                    <pos type="NN"/>
                    <lemma type="money"/>
                </token>
                <token content="collection" id="7-16">
                    <pos type="NN"/>
                    <lemma type="collection"/>
                </token>
                <token content="machine" id="7-17">
                    <pos type="NN"/>
                    <lemma type="machine"/>
                    <dep head="7-10" type="prep"/>
                </token>
                <token content="." id="7-18"/>
            </sentence>
            <sentence id="8">
                <token content="The" id="8-1">
                    <pos type="DT"/>
                    <lemma type="the"/>
                </token>
                <token content="machine" id="8-2">
                    <pos type="NN"/>
                    <lemma type="machine"/>
                    <dep head="8-3" type="nsubj"/>
                </token>
                <token content="showed" id="8-3">
                    <pos type="VBD"/>
                    <lemma type="show"/>
                </token>
                <token content="three" id="8-4">
                    <pos type="CD"/>
                    <lemma type="three"/>
                </token>
                <token content="dollars" id="8-5">
                    <pos type="NNS"/>
                    <lemma type="dollar"/>
                    <dep head="8-7" type="nsubjpass"/>
                </token>
                <token content="were" id="8-6">
                    <pos type="VBD"/>
                    <lemma type="be"/>
                    <dep head="8-7" type="auxpass"/>
                </token>
                <token content="entered" id="8-7">
                    <pos type="VBN"/>
                    <lemma type="enter"/>
                    <dep head="8-3" type="ccomp"/>
                </token>
                <token content="and" id="8-8"/>
                <token content="that" id="8-9">
                    <pos type="IN"/>
                    <lemma type="that"/>
                    <dep head="8-13" type="mark"/>
                </token>
                <token content="my" id="8-10">
                    <pos type="PRP$"/>
                    <lemma type="my"/>
                </token>
                <token content="ride" id="8-11">
                    <pos type="NN"/>
                    <lemma type="ride"/>
                    <dep head="8-13" type="nsubj"/>
                </token>
                <token content="would" id="8-12">
                    <pos type="MD"/>
                    <lemma type="would"/>
                    <dep head="8-13" type="aux"/>
                </token>
                <token content="cost" id="8-13">
                    <pos type="VB"/>
                    <lemma type="cost"/>
                    <dep head="8-7" type="conj"/>
                </token>
                <token content="two" id="8-14">
                    <pos type="CD"/>
                    <lemma type="two"/>
                </token>
                <token content="seventy" id="8-15">
                    <pos type="JJ"/>
                    <lemma type="seventy"/>
                </token>
                <token content="five" id="8-16">
                    <pos type="CD"/>
                    <lemma type="five"/>
                    <dep head="8-13" type="dobj"/>
                </token>
                <token content="." id="8-17"/>
            </sentence>
            <sentence id="9">
                <token content="A" id="9-1">
                    <pos type="DT"/>
                    <lemma type="a"/>
                </token>
                <token content="quarter" id="9-2">
                    <pos type="NN"/>
                    <lemma type="quarter"/>
                    <dep head="9-3" type="nsubj"/>
                </token>
                <token content="dropped" id="9-3">
                    <pos type="VBD"/>
                    <lemma type="drop"/>
                </token>
                <token content="in" id="9-4"/>
                <token content="the" id="9-5">
                    <pos type="DT"/>
                    <lemma type="the"/>
                </token>
                <token content="drop" id="9-6">
                    <pos type="NN"/>
                    <lemma type="drop"/>
                </token>
                <token content="box" id="9-7">
                    <pos type="NN"/>
                    <lemma type="box"/>
                    <dep head="9-3" type="prep"/>
                </token>
                <token content="." id="9-8"/>
            </sentence>
            <sentence id="10">
                <token content="I" id="10-1">
                    <pos type="PRP"/>
                    <lemma type="I"/>
                    <dep head="10-2" type="nsubj"/>
                </token>
                <token content="retrieved" id="10-2">
                    <pos type="VBD"/>
                    <lemma type="retrieve"/>
                </token>
                <token content="the" id="10-3">
                    <pos type="DT"/>
                    <lemma type="the"/>
                </token>
                <token content="quarter" id="10-4">
                    <pos type="NN"/>
                    <lemma type="quarter"/>
                    <dep head="10-2" type="dobj"/>
                </token>
                <token content="and" id="10-5"/>
                <token content="then" id="10-6">
                    <pos type="RB"/>
                    <lemma type="then"/>
                    <dep head="10-7" type="advmod"/>
                </token>
                <token content="found" id="10-7">
                    <pos type="VBD"/>
                    <lemma type="find"/>
                    <dep head="10-2" type="conj"/>
                </token>
                <token content="a" id="10-8">
                    <pos type="DT"/>
                    <lemma type="a"/>
                </token>
                <token content="seat" id="10-9">
                    <pos type="NN"/>
                    <lemma type="seat"/>
                    <dep head="10-7" type="dobj"/>
                </token>
                <token content="." id="10-10"/>
            </sentence>
            <sentence id="11">
                <token content="The" id="11-1">
                    <pos type="DT"/>
                    <lemma type="the"/>
                </token>
                <token content="bus" id="11-2">
                    <pos type="NN"/>
                    <lemma type="bus"/>
                </token>
                <token content="driver" id="11-3">
                    <pos type="NN"/>
                    <lemma type="driver"/>
                    <dep head="11-4" type="nsubj"/>
                </token>
                <token content="told" id="11-4">
                    <pos type="VBD"/>
                    <lemma type="tell"/>
                </token>
                <token content="I" id="11-5">
                    <pos type="PRP"/>
                    <lemma type="I"/>
                    <dep head="11-6" type="nsubj"/>
                </token>
                <token content="had" id="11-6">
                    <pos type="VBD"/>
                    <lemma type="have"/>
                    <dep head="11-4" type="ccomp"/>
                </token>
                <token content="ten" id="11-7">
                    <pos type="CD"/>
                    <lemma type="ten"/>
                </token>
                <token content="stops" id="11-8">
                    <pos type="NNS"/>
                    <lemma type="stop"/>
                    <dep head="11-6" type="dobj"/>
                </token>
                <token content="before" id="11-9"/>
                <token content="mine" id="11-10">
                    <pos type="NN"/>
                    <lemma type="mine"/>
                </token>
                <token content="so" id="11-11">
                    <pos type="IN"/>
                    <lemma type="so"/>
                    <dep head="11-13" type="mark"/>
                </token>
                <token content="I" id="11-12">
                    <pos type="PRP"/>
                    <lemma type="I"/>
                    <dep head="11-13" type="nsubj"/>
                </token>
                <token content="started" id="11-13">
                    <pos type="VBD"/>
                    <lemma type="start"/>
                    <dep head="11-6" type="advcl"/>
                </token>
                <token content="counting" id="11-14">
                    <pos type="VBG"/>
                    <lemma type="count"/>
                    <dep head="11-13" type="xcomp"/>
                </token>
                <token content="stops" id="11-15">
                    <pos type="NNS"/>
                    <lemma type="stop"/>
                    <dep head="11-14" type="dobj"/>
                </token>
                <token content="." id="11-16"/>
            </sentence>
            <sentence id="12">
                <token content="The" id="12-1">
                    <pos type="DT"/>
                    <lemma type="the"/>
                </token>
                <token content="first" id="12-2">
                    <pos type="JJ"/>
                    <lemma type="first"/>
                </token>
                <token content="stop" id="12-3">
                    <pos type="NN"/>
                    <lemma type="stop"/>
                </token>
                <token content="was" id="12-4">
                    <pos type="VBD"/>
                    <lemma type="be"/>
                </token>
                <token content="fifth" id="12-5">
                    <pos type="JJ"/>
                    <lemma type="fifth"/>
                </token>
                <token content="street" id="12-6">
                    <pos type="NN"/>
                    <lemma type="street"/>
                </token>
                <token content="." id="12-7"/>
            </sentence>
            <sentence id="13">
                <token content="The" id="13-1">
                    <pos type="DT"/>
                    <lemma type="the"/>
                </token>
                <token content="second" id="13-2">
                    <pos type="NN"/>
                    <lemma type="second"/>
                </token>
                <token content="was" id="13-3">
                    <pos type="VBD"/>
                    <lemma type="be"/>
                </token>
                <token content="Hadley" id="13-4">
                    <pos type="NNP"/>
                    <lemma type="Hadley"/>
                </token>
                <token content="Avenue" id="13-5">
                    <pos type="NNP"/>
                    <lemma type="Avenue"/>
                </token>
                <token content="." id="13-6"/>
            </sentence>
            <sentence id="14">
                <token content="The" id="14-1">
                    <pos type="DT"/>
                    <lemma type="the"/>
                </token>
                <token content="next" id="14-2">
                    <pos type="JJ"/>
                    <lemma type="next"/>
                </token>
                <token content="stop" id="14-3">
                    <pos type="NN"/>
                    <lemma type="stop"/>
                </token>
                <token content="was" id="14-4">
                    <pos type="VBD"/>
                    <lemma type="be"/>
                </token>
                <token content="Dobson" id="14-5">
                    <pos type="JJ"/>
                    <lemma type="dobson"/>
                </token>
                <token content="." id="14-6"/>
            </sentence>
            <sentence id="15">
                <token content="Adams" id="15-1">
                    <pos type="NNP"/>
                    <lemma type="Adams"/>
                </token>
                <token content="was" id="15-2">
                    <pos type="VBD"/>
                    <lemma type="be"/>
                </token>
                <token content="the" id="15-3">
                    <pos type="DT"/>
                    <lemma type="the"/>
                </token>
                <token content="ninth" id="15-4">
                    <pos type="JJ"/>
                    <lemma type="ninth"/>
                </token>
                <token content="stop" id="15-5">
                    <pos type="NN"/>
                    <lemma type="stop"/>
                </token>
                <token content="." id="15-6"/>
            </sentence>
            <sentence id="16">
                <token content="Finally" id="16-1">
                    <pos type="RB"/>
                    <lemma type="finally"/>
                    <dep head="16-5" type="advmod"/>
                </token>
                <token content="," id="16-2"/>
                <token content="Main" id="16-3">
                    <pos type="NNP"/>
                    <lemma type="Main"/>
                </token>
                <token content="Street" id="16-4">
                    <pos type="NNP"/>
                    <lemma type="Street"/>
                    <dep head="16-5" type="nsubj"/>
                </token>
                <token content="came" id="16-5">
                    <pos type="VBD"/>
                    <lemma type="come"/>
                </token>
                <token content="up" id="16-6">
                    <pos type="RP"/>
                    <lemma type="up"/>
                    <dep head="16-5" type="prt"/>
                </token>
                <token content="." id="16-7"/>
            </sentence>
            <sentence id="17">
                <token content="I" id="17-1">
                    <pos type="PRP"/>
                    <lemma type="I"/>
                    <dep head="17-2" type="nsubj"/>
                </token>
                <token content="pulled" id="17-2">
                    <pos type="VBD"/>
                    <lemma type="pull"/>
                </token>
                <token content="the" id="17-3">
                    <pos type="DT"/>
                    <lemma type="the"/>
                </token>
                <token content="bus" id="17-4">
                    <pos type="NN"/>
                    <lemma type="bus"/>
                </token>
                <token content="s" id="17-5">
                    <pos type="VBZ"/>
                    <lemma type="s"/>
                </token>
                <token content="rider" id="17-6">
                    <pos type="NN"/>
                    <lemma type="rider"/>
                </token>
                <token content="cord" id="17-7">
                    <pos type="NN"/>
                    <lemma type="cord"/>
                    <dep head="17-2" type="ccomp"/>
                </token>
                <token content="to" id="17-8">
                    <pos type="TO"/>
                    <lemma type="to"/>
                    <dep head="17-9" type="aux"/>
                </token>
                <token content="let" id="17-9">
                    <pos type="VB"/>
                    <lemma type="let"/>
                </token>
                <token content="the" id="17-10">
                    <pos type="DT"/>
                    <lemma type="the"/>
                </token>
                <token content="bus" id="17-11">
                    <pos type="NN"/>
                    <lemma type="bus"/>
                </token>
                <token content="driver" id="17-12">
                    <pos type="NN"/>
                    <lemma type="driver"/>
                    <dep head="17-9" type="dobj"/>
                </token>
                <token content="I" id="17-13">
                    <pos type="PRP"/>
                    <lemma type="I"/>
                    <dep head="17-14" type="nsubj"/>
                </token>
                <token content="wanted" id="17-14">
                    <pos type="VBD"/>
                    <lemma type="want"/>
                </token>
                <token content="to" id="17-15">
                    <pos type="TO"/>
                    <lemma type="to"/>
                    <dep head="17-16" type="aux"/>
                </token>
                <token content="get" id="17-16">
                    <pos type="VB"/>
                    <lemma type="get"/>
                    <dep head="17-14" type="xcomp"/>
                </token>
                <token content="off" id="17-17">
                    <pos type="RP"/>
                    <lemma type="off"/>
                    <dep head="17-16" type="prt"/>
                </token>
                <token content="." id="17-18"/>
            </sentence>
            <sentence id="18">
                <token content="The" id="18-1">
                    <pos type="DT"/>
                    <lemma type="the"/>
                </token>
                <token content="bus" id="18-2">
                    <pos type="NN"/>
                    <lemma type="bus"/>
                    <dep head="18-3" type="nsubj"/>
                </token>
                <token content="let" id="18-3">
                    <pos type="VBD"/>
                    <lemma type="let"/>
                </token>
                <token content="me" id="18-4">
                    <pos type="PRP"/>
                    <lemma type="I"/>
                    <dep head="18-3" type="dobj"/>
                </token>
                <token content="off" id="18-5">
                    <pos type="RP"/>
                    <lemma type="off"/>
                    <dep head="18-3" type="prt"/>
                </token>
                <token content="in" id="18-6"/>
                <token content="the" id="18-7">
                    <pos type="DT"/>
                    <lemma type="the"/>
                </token>
                <token content="front" id="18-8">
                    <pos type="NN"/>
                    <lemma type="front"/>
                    <dep head="18-3" type="prep"/>
                </token>
                <token content="of" id="18-9"/>
                <token content="the" id="18-10">
                    <pos type="DT"/>
                    <lemma type="the"/>
                </token>
                <token content="Milwaukee" id="18-11">
                    <pos type="NNP"/>
                    <lemma type="Milwaukee"/>
                </token>
                <token content="Public" id="18-12">
                    <pos type="NNP"/>
                    <lemma type="Public"/>
                </token>
                <token content="Museum" id="18-13">
                    <pos type="NNP"/>
                    <lemma type="Museum"/>
                </token>
                <token content="." id="18-14"/>
            </sentence>
            <sentence id="19">
                <token content="I" id="19-1">
                    <pos type="PRP"/>
                    <lemma type="I"/>
                    <dep head="19-2" type="nsubj"/>
                </token>
                <token content="spent" id="19-2">
                    <pos type="VBD"/>
                    <lemma type="spend"/>
                    <dep head="19-16" type="dep"/>
                </token>
                <token content="almost" id="19-3">
                    <pos type="RB"/>
                    <lemma type="almost"/>
                </token>
                <token content="the" id="19-4">
                    <pos type="DT"/>
                    <lemma type="the"/>
                </token>
                <token content="whole" id="19-5">
                    <pos type="JJ"/>
                    <lemma type="whole"/>
                </token>
                <token content="day" id="19-6">
                    <pos type="NN"/>
                    <lemma type="day"/>
                    <dep head="19-2" type="tmod"/>
                </token>
                <token content="there" id="19-7">
                    <pos type="RB"/>
                    <lemma type="there"/>
                </token>
                <token content="and" id="19-8"/>
                <token content="then" id="19-9">
                    <pos type="RB"/>
                    <lemma type="then"/>
                    <dep head="19-10" type="advmod"/>
                </token>
                <token content="returned" id="19-10">
                    <pos type="VBD"/>
                    <lemma type="return"/>
                    <dep head="19-2" type="conj"/>
                </token>
                <token content="home" id="19-11">
                    <pos type="RB"/>
                    <lemma type="home"/>
                    <dep head="19-10" type="advmod"/>
                </token>
                <token content="the" id="19-12">
                    <pos type="DT"/>
                    <lemma type="the"/>
                </token>
                <token content="opposite" id="19-13">
                    <pos type="JJ"/>
                    <lemma type="opposite"/>
                </token>
                <token content="way" id="19-14">
                    <pos type="NN"/>
                    <lemma type="way"/>
                    <dep head="19-10" type="dobj"/>
                </token>
                <token content="I" id="19-15">
                    <pos type="PRP"/>
                    <lemma type="I"/>
                    <dep head="19-16" type="nsubj"/>
                </token>
                <token content="came" id="19-16">
                    <pos type="VBD"/>
                    <lemma type="come"/>
                </token>
                <token content="." id="19-17"/>
            </sentence>
        </sentences>
    </text>
    <annotations>
        <participants>
            <label from="1-1" id="0" name="ScrPart_passenger" text="I" type="participant"/>
            <label from="1-6" id="1" name="ScrPart_destination" text="museum" type="participant"/>
            <label from="1-7" id="2" name="NPart" text="downtown Milwaukee" to="1-8" type="participant"/>
            <label from="2-1" id="3" name="ScrPart_passenger" text="I" type="participant"/>
            <label from="2-4" id="4" name="NPart" text="dollars" type="participant"/>
            <label from="2-6" id="5" name="ScrPart_passenger" text="my" type="participant"/>
            <label from="2-7" id="6" name="NPart" text="bank" type="participant"/>
            <label from="2-11" id="7" name="ScrPart_passenger" text="my" type="participant"/>
            <label from="2-12" id="8" name="NPart" text="pocket" type="participant"/>
            <label from="3-1" id="9" name="ScrPart_passenger" text="I" type="participant"/>
            <label from="3-4" id="10" name="NPart" text="block" type="participant"/>
            <label from="3-6" id="11" name="ScrPart_passenger" text="my" type="participant"/>
            <label from="3-7" id="12" name="NPart" text="house" type="participant"/>
            <label from="3-11" id="13" name="ScrPart_bus" text="bus" type="participant"/>
            <label from="4-2" id="14" name="NPart" text="number" type="participant"/>
            <label from="4-4" id="15" name="ScrPart_bus" text="bus" type="participant"/>
            <label from="4-7" id="16" name="ScrPart_time/date" text="minutes" type="participant"/>
            <label from="5-1" id="17" name="ScrPart_passenger" text="I" type="participant"/>
            <label from="5-4" id="18" name="ScrPart_bus" text="bus" type="participant"/>
            <label from="5-8" id="19" name="ScrPart_bus_staff" text="driver" type="participant"/>
            <label from="6-2" id="20" name="ScrPart_bus_staff" text="driver" type="participant"/>
            <label from="6-4" id="21" name="ScrPart_passenger" text="me" type="participant"/>
            <label from="6-6" id="22" name="ScrPart_passenger" text="I" type="participant"/>
            <label from="6-11" id="23" name="ScrPart_passenger" text="I" type="participant"/>
            <label from="6-13" id="24" name="ScrPart_bus_staff" text="him" type="participant"/>
            <label from="6-14" id="25" name="ScrPart_bus_staff" text="he" type="participant"/>
            <label from="6-20" id="26" name="ScrPart_money" text="two seventy five" to="6-22" type="participant"/>
            <label from="7-1" id="27" name="ScrPart_passenger" text="I" type="participant"/>
            <label from="7-4" id="28" name="ScrPart_money" text="dollars" type="participant"/>
            <label from="7-7" id="29" name="ScrPart_passenger" text="my" type="participant"/>
            <label from="7-8" id="30" name="NPart" text="pocket" type="participant"/>
            <label from="7-11" id="31" name="ScrPart_money" text="them" type="participant"/>
            <label from="7-16" id="32" name="ScrPart_payment_machine" text="collection machine" to="7-17" type="participant"/>
            <label from="7-17" id="33" name="ScrPart_payment_machine" text="machine" type="participant"/>
            <label from="8-2" id="34" name="ScrPart_payment_machine" text="machine" type="participant"/>
            <label from="8-5" id="35" name="ScrPart_money" text="dollars" type="participant"/>
            <label from="8-10" id="36" name="ScrPart_passenger" text="my" type="participant"/>
            <label from="8-11" id="37" name="ScrPart_ride" text="ride" type="participant"/>
            <label from="8-14" id="38" name="ScrPart_money" text="two seventy five" to="8-16" type="participant"/>
            <label from="9-2" id="39" name="ScrPart_money" text="quarter" type="participant"/>
            <label from="9-6" id="40" name="NPart" text="drop box" to="9-7" type="participant"/>
            <label from="9-7" id="41" name="NPart" text="box" type="participant"/>
            <label from="10-1" id="42" name="ScrPart_passenger" text="I" type="participant"/>
            <label from="10-4" id="43" name="ScrPart_money" text="quarter" type="participant"/>
            <label from="10-9" id="44" name="ScrPart_seat_in_bus" text="seat" type="participant"/>
            <label from="11-2" id="45" name="ScrPart_bus_staff" text="bus driver" to="11-3" type="participant"/>
            <label from="11-3" id="46" name="ScrPart_bus_staff" text="driver" type="participant"/>
            <label from="11-5" id="47" name="ScrPart_passenger" text="I" type="participant"/>
            <label from="11-8" id="48" name="ScrPart_other" text="stops" type="participant"/>
            <label from="11-10" id="49" name="ScrPart_other" text="mine" type="participant"/>
            <label from="11-12" id="50" name="ScrPart_passenger" text="I" type="participant"/>
            <label from="11-15" id="51" name="ScrPart_bus_stop" text="stops" type="participant"/>
            <label from="12-3" id="52" name="ScrPart_bus_stop" text="stop" type="participant"/>
            <label from="12-5" id="53" name="ScrPart_bus_stop" text="fifth street" to="12-6" type="participant"/>
            <label from="12-6" id="54" name="ScrPart_bus_stop" text="street" type="participant"/>
            <label from="13-2" id="55" name="ScrPart_bus_stop" text="second" type="participant"/>
            <label from="13-4" id="56" name="ScrPart_bus_stop" text="Hadley Avenue" to="13-5" type="participant"/>
            <label from="13-5" id="57" name="ScrPart_bus_stop" text="Avenue" type="participant"/>
            <label from="14-3" id="58" name="ScrPart_bus_stop" text="stop" type="participant"/>
            <label from="14-5" id="59" name="ScrPart_bus_stop" text="Dobson" type="participant"/>
            <label from="15-1" id="60" name="ScrPart_bus_stop" text="Adams" type="participant"/>
            <label from="15-5" id="61" name="ScrPart_bus_stop" text="stop" type="participant"/>
            <label from="16-3" id="62" name="ScrPart_bus_stop" text="Main Street" to="16-4" type="participant"/>
            <label from="16-4" id="63" name="ScrPart_bus_stop" text="Street" type="participant"/>
            <label from="17-1" id="64" name="ScrPart_passenger" text="I" type="participant"/>
            <label from="17-4" id="65" name="ScrPart_bus" text="bus" type="participant"/>
            <label from="17-6" id="66" name="ScrPart_stop_button/door_opener" text="rider cord" to="17-7" type="participant"/>
            <label from="17-7" id="67" name="ScrPart_stop_button/door_opener" text="cord" type="participant"/>
            <label from="17-11" id="68" name="ScrPart_bus_staff" text="bus driver" to="17-12" type="participant"/>
            <label from="17-12" id="69" name="ScrPart_bus_staff" text="driver" type="participant"/>
            <label from="17-13" id="70" name="ScrPart_passenger" text="I" type="participant"/>
            <label from="18-2" id="71" name="ScrPart_bus" text="bus" type="participant"/>
            <label from="18-4" id="72" name="ScrPart_passenger" text="me" type="participant"/>
            <label from="18-8" id="73" name="NPart" text="front" type="participant"/>
            <label from="18-11" id="74" name="NPart" text="Milwaukee" type="participant"/>
            <label from="18-12" id="75" name="NPart" text="Public" type="participant"/>
            <label from="18-13" id="76" name="ScrPart_destination" text="Museum" type="participant"/>
            <label from="19-1" id="77" name="ScrPart_passenger" text="I" type="participant"/>
            <label from="19-6" id="78" name="NPart" text="day" type="participant"/>
            <label from="19-7" id="79" name="ScrPart_destination" text="there" type="participant"/>
            <label from="19-11" id="80" name="No_label" text="home" type="participant"/>
            <label from="19-14" id="81" name="No_label" text="way" type="participant"/>
            <label from="19-15" id="82" name="ScrPart_passenger" text="I" type="participant"/>
        </participants>
        <events>
            <label from="1-2" id="83" name="UnrelEv" text="wanted" type="event"/>
            <label from="1-4" id="84" name="UnrelEv" text="go" type="event"/>
            <label from="2-2" id="85" name="UnrelEv" text="got" type="event"/>
            <label from="2-9" id="86" name="UnrelEv" text="put" type="event"/>
            <label from="3-2" id="87" name="ScrEv_get_bus_stop" text="walked" type="event"/>
            <label from="3-9" id="88" name="Evoking" text="catch the bus" to="3-11" type="event"/>
            <label from="4-5" id="89" name="ScrEv_bus_comes" text="came" type="event"/>
            <label from="5-2" id="90" name="ScrEv_board_bus" text="boarded" type="event"/>
            <label from="5-6" id="91" name="RelNScrEv" text="asked" type="event"/>
            <label from="6-3" id="92" name="RelNScrEv" text="asked" type="event"/>
            <label from="6-8" id="93" name="UnrelEv" text="going" type="event"/>
            <label from="6-12" id="94" name="RelNScrEv" text="told" type="event"/>
            <label from="6-15" id="95" name="RelNScrEv" text="said" type="event"/>
            <label from="6-19" id="96" name="RelNScrEv" text="be" type="event"/>
            <label from="7-2" id="97" name="ScrEv_other" text="pulled" type="event"/>
            <label from="7-10" id="98" name="ScrEv_get_ticket" text="put" type="event"/>
            <label from="8-3" id="99" name="RelNScrEv" text="showed" type="event"/>
            <label from="8-7" id="100" name="UnrelEv" text="entered" type="event"/>
            <label from="8-13" id="101" name="RelNScrEv" text="cost" type="event"/>
            <label from="9-3" id="102" name="UnrelEv" text="dropped" type="event"/>
            <label from="10-2" id="103" name="UnrelEv" text="retrieved" type="event"/>
            <label from="10-7" id="104" name="ScrEv_find_place" text="found" type="event"/>
            <label from="11-4" id="105" name="RelNScrEv" text="told" type="event"/>
            <label from="11-6" id="106" name="UnrelEv" text="had" type="event"/>
            <label from="11-13" id="107" name="UnrelEv" text="started" type="event"/>
            <label from="11-14" id="108" name="RelNScrEv" text="counting" type="event"/>
            <label from="12-4" id="109" name="ScrEv_bus_stops" text="was" type="event"/>
            <label from="13-3" id="110" name="ScrEv_bus_stops" text="was" type="event"/>
            <label from="14-4" id="111" name="ScrEv_bus_stops" text="was" type="event"/>
            <label from="15-2" id="112" name="ScrEv_bus_stops" text="was" type="event"/>
            <label from="16-5" id="113" name="RelNScrEv" text="came up" to="16-6" type="event"/>
            <label from="16-5" id="114" name="RelNScrEv" text="came" type="event"/>
            <label from="17-2" id="115" name="ScrEv_press_stop_button" text="pulled" type="event"/>
            <label from="17-9" id="116" name="RelNScrEv" text="let" type="event"/>
            <label from="17-14" id="117" name="UnrelEv" text="wanted" type="event"/>
            <label from="17-16" id="118" name="ScrEv_get_off" text="get off" to="17-17" type="event"/>
            <label from="17-16" id="119" name="ScrEv_get_off" text="get" type="event"/>
            <label from="18-3" id="120" name="ScrEv_get_off" text="let" type="event"/>
            <label from="19-2" id="121" name="UnrelEv" text="spent" type="event"/>
            <label from="19-10" id="122" name="UnrelEv" text="returned" type="event"/>
            <label from="19-16" id="123" name="UnrelEv" text="came" type="event"/>
        </events>
        <chains>
            <chain elements="0 3 5 7 9 11 17 21 22 23 27 29 36 42 47 50 64 70 72 77 82"/>
            <chain elements="13 15 18 65 71"/>
            <chain elements="20 24 25 46 69"/>
            <chain elements="28 31 35"/>
            <chain elements="33 34"/>
            <chain elements="26 38"/>
            <chain elements="52 54"/>
            <chain elements="55 57"/>
            <chain elements="58 59"/>
            <chain elements="60 61"/>
            <chain elements="1 76 79"/>
            <chain elements="39 43"/>
        </chains>
    </annotations>
</story>
