<?xml version="1.0" encoding="UTF-8" standalone="no"?>
<!DOCTYPE story SYSTEM "../InScript.dtd">
<story id="090" scenario="bus">
    <text>
        <content>I made plans to meet a friend in the city . 
Normally I would drive but there is a lot of traffic and very little parking in the city so decided to take the bus . 
I made sure I had enough fare and left the house . 
I walked to the bus stop and there was two elderly people waiting before me . 
I waited on line and short time later I saw the bus coming . 
The bus stopped in front of us and the elderly people got on first . 
I got on the bus after them and then paid my bus fare . 
I could n't find any seats so I held on the the metal handles provided in the bus so I would n't fall . 
After awhile I saw that my destination was near and should get off . 
I pushed the button that sent a signal requesting the bus to stop at the next bus top . 
The bus pulled over at the next stop and I got off the bus . 
I met my friend a few blocks down at a restaurant and had a great time . </content>
        <sentences>
            <sentence id="1">
                <token content="I" id="1-1">
                    <pos type="PRP"/>
                    <lemma type="I"/>
                    <dep head="1-2" type="nsubj"/>
                </token>
                <token content="made" id="1-2">
                    <pos type="VBD"/>
                    <lemma type="make"/>
                </token>
                <token content="plans" id="1-3">
                    <pos type="NNS"/>
                    <lemma type="plan"/>
                    <dep head="1-2" type="dobj"/>
                </token>
                <token content="to" id="1-4">
                    <pos type="TO"/>
                    <lemma type="to"/>
                    <dep head="1-5" type="aux"/>
                </token>
                <token content="meet" id="1-5">
                    <pos type="VB"/>
                    <lemma type="meet"/>
                    <dep head="1-2" type="vmod"/>
                </token>
                <token content="a" id="1-6">
                    <pos type="DT"/>
                    <lemma type="a"/>
                </token>
                <token content="friend" id="1-7">
                    <pos type="NN"/>
                    <lemma type="friend"/>
                    <dep head="1-5" type="dobj"/>
                </token>
                <token content="in" id="1-8"/>
                <token content="the" id="1-9">
                    <pos type="DT"/>
                    <lemma type="the"/>
                </token>
                <token content="city" id="1-10">
                    <pos type="NN"/>
                    <lemma type="city"/>
                </token>
                <token content="." id="1-11"/>
            </sentence>
            <sentence id="2">
                <token content="Normally" id="2-1">
                    <pos type="RB"/>
                    <lemma type="normally"/>
                    <dep head="2-4" type="advmod"/>
                </token>
                <token content="I" id="2-2">
                    <pos type="PRP"/>
                    <lemma type="I"/>
                    <dep head="2-4" type="nsubj"/>
                </token>
                <token content="would" id="2-3">
                    <pos type="MD"/>
                    <lemma type="would"/>
                    <dep head="2-4" type="aux"/>
                </token>
                <token content="drive" id="2-4">
                    <pos type="VB"/>
                    <lemma type="drive"/>
                </token>
                <token content="but" id="2-5"/>
                <token content="there" id="2-6">
                    <pos type="EX"/>
                    <lemma type="there"/>
                    <dep head="2-7" type="expl"/>
                </token>
                <token content="is" id="2-7">
                    <pos type="VBZ"/>
                    <lemma type="be"/>
                    <dep head="2-4" type="conj"/>
                </token>
                <token content="a" id="2-8">
                    <pos type="DT"/>
                    <lemma type="a"/>
                </token>
                <token content="lot" id="2-9">
                    <pos type="NN"/>
                    <lemma type="lot"/>
                    <dep head="2-7" type="nsubj"/>
                </token>
                <token content="of" id="2-10"/>
                <token content="traffic" id="2-11">
                    <pos type="NN"/>
                    <lemma type="traffic"/>
                </token>
                <token content="and" id="2-12"/>
                <token content="very" id="2-13">
                    <pos type="RB"/>
                    <lemma type="very"/>
                </token>
                <token content="little" id="2-14">
                    <pos type="JJ"/>
                    <lemma type="little"/>
                </token>
                <token content="parking" id="2-15">
                    <pos type="NN"/>
                    <lemma type="parking"/>
                    <dep head="2-20" type="nsubj"/>
                </token>
                <token content="in" id="2-16"/>
                <token content="the" id="2-17">
                    <pos type="DT"/>
                    <lemma type="the"/>
                </token>
                <token content="city" id="2-18">
                    <pos type="NN"/>
                    <lemma type="city"/>
                </token>
                <token content="so" id="2-19">
                    <pos type="RB"/>
                    <lemma type="so"/>
                    <dep head="2-20" type="advmod"/>
                </token>
                <token content="decided" id="2-20">
                    <pos type="VBD"/>
                    <lemma type="decide"/>
                    <dep head="2-4" type="conj"/>
                </token>
                <token content="to" id="2-21">
                    <pos type="TO"/>
                    <lemma type="to"/>
                    <dep head="2-22" type="aux"/>
                </token>
                <token content="take" id="2-22">
                    <pos type="VB"/>
                    <lemma type="take"/>
                    <dep head="2-20" type="xcomp"/>
                </token>
                <token content="the" id="2-23">
                    <pos type="DT"/>
                    <lemma type="the"/>
                </token>
                <token content="bus" id="2-24">
                    <pos type="NN"/>
                    <lemma type="bus"/>
                    <dep head="2-22" type="dobj"/>
                </token>
                <token content="." id="2-25"/>
            </sentence>
            <sentence id="3">
                <token content="I" id="3-1">
                    <pos type="PRP"/>
                    <lemma type="I"/>
                    <dep head="3-2" type="nsubj"/>
                </token>
                <token content="made" id="3-2">
                    <pos type="VBD"/>
                    <lemma type="make"/>
                </token>
                <token content="sure" id="3-3">
                    <pos type="JJ"/>
                    <lemma type="sure"/>
                    <dep head="3-2" type="acomp"/>
                </token>
                <token content="I" id="3-4">
                    <pos type="PRP"/>
                    <lemma type="I"/>
                    <dep head="3-5" type="nsubj"/>
                </token>
                <token content="had" id="3-5">
                    <pos type="VBD"/>
                    <lemma type="have"/>
                </token>
                <token content="enough" id="3-6">
                    <pos type="JJ"/>
                    <lemma type="enough"/>
                </token>
                <token content="fare" id="3-7">
                    <pos type="NN"/>
                    <lemma type="fare"/>
                    <dep head="3-5" type="dobj"/>
                </token>
                <token content="and" id="3-8"/>
                <token content="left" id="3-9">
                    <pos type="VBD"/>
                    <lemma type="leave"/>
                    <dep head="3-5" type="conj"/>
                </token>
                <token content="the" id="3-10">
                    <pos type="DT"/>
                    <lemma type="the"/>
                </token>
                <token content="house" id="3-11">
                    <pos type="NN"/>
                    <lemma type="house"/>
                    <dep head="3-9" type="dobj"/>
                </token>
                <token content="." id="3-12"/>
            </sentence>
            <sentence id="4">
                <token content="I" id="4-1">
                    <pos type="PRP"/>
                    <lemma type="I"/>
                    <dep head="4-2" type="nsubj"/>
                </token>
                <token content="walked" id="4-2">
                    <pos type="VBD"/>
                    <lemma type="walk"/>
                </token>
                <token content="to" id="4-3"/>
                <token content="the" id="4-4">
                    <pos type="DT"/>
                    <lemma type="the"/>
                </token>
                <token content="bus" id="4-5">
                    <pos type="NN"/>
                    <lemma type="bus"/>
                </token>
                <token content="stop" id="4-6">
                    <pos type="NN"/>
                    <lemma type="stop"/>
                    <dep head="4-2" type="prep"/>
                </token>
                <token content="and" id="4-7"/>
                <token content="there" id="4-8">
                    <pos type="EX"/>
                    <lemma type="there"/>
                    <dep head="4-9" type="expl"/>
                </token>
                <token content="was" id="4-9">
                    <pos type="VBD"/>
                    <lemma type="be"/>
                    <dep head="4-2" type="conj"/>
                </token>
                <token content="two" id="4-10">
                    <pos type="CD"/>
                    <lemma type="two"/>
                </token>
                <token content="elderly" id="4-11">
                    <pos type="JJ"/>
                    <lemma type="elderly"/>
                </token>
                <token content="people" id="4-12">
                    <pos type="NNS"/>
                    <lemma type="people"/>
                    <dep head="4-9" type="nsubj"/>
                </token>
                <token content="waiting" id="4-13">
                    <pos type="VBG"/>
                    <lemma type="wait"/>
                </token>
                <token content="before" id="4-14"/>
                <token content="me" id="4-15">
                    <pos type="PRP"/>
                    <lemma type="I"/>
                    <dep head="4-13" type="prep"/>
                </token>
                <token content="." id="4-16"/>
            </sentence>
            <sentence id="5">
                <token content="I" id="5-1">
                    <pos type="PRP"/>
                    <lemma type="I"/>
                    <dep head="5-2" type="nsubj"/>
                </token>
                <token content="waited" id="5-2">
                    <pos type="VBD"/>
                    <lemma type="wait"/>
                </token>
                <token content="on" id="5-3"/>
                <token content="line" id="5-4">
                    <pos type="NN"/>
                    <lemma type="line"/>
                </token>
                <token content="and" id="5-5"/>
                <token content="short" id="5-6">
                    <pos type="JJ"/>
                    <lemma type="short"/>
                </token>
                <token content="time" id="5-7">
                    <pos type="NN"/>
                    <lemma type="time"/>
                    <dep head="5-10" type="prep"/>
                </token>
                <token content="later" id="5-8">
                    <pos type="RB"/>
                    <lemma type="later"/>
                </token>
                <token content="I" id="5-9">
                    <pos type="PRP"/>
                    <lemma type="I"/>
                    <dep head="5-10" type="nsubj"/>
                </token>
                <token content="saw" id="5-10">
                    <pos type="VBD"/>
                    <lemma type="see"/>
                    <dep head="5-2" type="ccomp"/>
                </token>
                <token content="the" id="5-11">
                    <pos type="DT"/>
                    <lemma type="the"/>
                </token>
                <token content="bus" id="5-12">
                    <pos type="NN"/>
                    <lemma type="bus"/>
                    <dep head="5-10" type="dobj"/>
                </token>
                <token content="coming" id="5-13">
                    <pos type="VBG"/>
                    <lemma type="come"/>
                </token>
                <token content="." id="5-14"/>
            </sentence>
            <sentence id="6">
                <token content="The" id="6-1">
                    <pos type="DT"/>
                    <lemma type="the"/>
                </token>
                <token content="bus" id="6-2">
                    <pos type="NN"/>
                    <lemma type="bus"/>
                    <dep head="6-3" type="nsubj"/>
                </token>
                <token content="stopped" id="6-3">
                    <pos type="VBD"/>
                    <lemma type="stop"/>
                </token>
                <token content="in" id="6-4"/>
                <token content="front" id="6-5"/>
                <token content="of" id="6-6"/>
                <token content="us" id="6-7">
                    <pos type="PRP"/>
                    <lemma type="we"/>
                    <dep head="6-3" type="prep"/>
                </token>
                <token content="and" id="6-8"/>
                <token content="the" id="6-9">
                    <pos type="DT"/>
                    <lemma type="the"/>
                </token>
                <token content="elderly" id="6-10">
                    <pos type="JJ"/>
                    <lemma type="elderly"/>
                </token>
                <token content="people" id="6-11">
                    <pos type="NNS"/>
                    <lemma type="people"/>
                    <dep head="6-12" type="nsubj"/>
                </token>
                <token content="got" id="6-12">
                    <pos type="VBD"/>
                    <lemma type="get"/>
                    <dep head="6-3" type="conj"/>
                </token>
                <token content="on" id="6-13"/>
                <token content="first" id="6-14">
                    <pos type="JJ"/>
                    <lemma type="first"/>
                    <dep head="6-12" type="prep"/>
                </token>
                <token content="." id="6-15"/>
            </sentence>
            <sentence id="7">
                <token content="I" id="7-1">
                    <pos type="PRP"/>
                    <lemma type="I"/>
                    <dep head="7-2" type="nsubj"/>
                </token>
                <token content="got" id="7-2">
                    <pos type="VBD"/>
                    <lemma type="get"/>
                </token>
                <token content="on" id="7-3"/>
                <token content="the" id="7-4">
                    <pos type="DT"/>
                    <lemma type="the"/>
                </token>
                <token content="bus" id="7-5">
                    <pos type="NN"/>
                    <lemma type="bus"/>
                    <dep head="7-2" type="prep"/>
                </token>
                <token content="after" id="7-6"/>
                <token content="them" id="7-7">
                    <pos type="PRP"/>
                    <lemma type="they"/>
                    <dep head="7-2" type="prep"/>
                </token>
                <token content="and" id="7-8"/>
                <token content="then" id="7-9">
                    <pos type="RB"/>
                    <lemma type="then"/>
                    <dep head="7-10" type="advmod"/>
                </token>
                <token content="paid" id="7-10">
                    <pos type="VBD"/>
                    <lemma type="pay"/>
                    <dep head="7-2" type="conj"/>
                </token>
                <token content="my" id="7-11">
                    <pos type="PRP$"/>
                    <lemma type="my"/>
                </token>
                <token content="bus" id="7-12">
                    <pos type="NN"/>
                    <lemma type="bus"/>
                </token>
                <token content="fare" id="7-13">
                    <pos type="NN"/>
                    <lemma type="fare"/>
                    <dep head="7-10" type="dobj"/>
                </token>
                <token content="." id="7-14"/>
            </sentence>
            <sentence id="8">
                <token content="I" id="8-1">
                    <pos type="PRP"/>
                    <lemma type="I"/>
                    <dep head="8-4" type="nsubj"/>
                </token>
                <token content="could" id="8-2">
                    <pos type="MD"/>
                    <lemma type="could"/>
                    <dep head="8-4" type="aux"/>
                </token>
                <token content="n't" id="8-3">
                    <pos type="RB"/>
                    <lemma type="not"/>
                    <dep head="8-4" type="neg"/>
                </token>
                <token content="find" id="8-4">
                    <pos type="VB"/>
                    <lemma type="find"/>
                </token>
                <token content="any" id="8-5">
                    <pos type="DT"/>
                    <lemma type="any"/>
                </token>
                <token content="seats" id="8-6">
                    <pos type="NNS"/>
                    <lemma type="seat"/>
                    <dep head="8-4" type="dobj"/>
                </token>
                <token content="so" id="8-7">
                    <pos type="IN"/>
                    <lemma type="so"/>
                    <dep head="8-9" type="mark"/>
                </token>
                <token content="I" id="8-8">
                    <pos type="PRP"/>
                    <lemma type="I"/>
                    <dep head="8-9" type="nsubj"/>
                </token>
                <token content="held" id="8-9">
                    <pos type="VBD"/>
                    <lemma type="hold"/>
                    <dep head="8-4" type="advcl"/>
                </token>
                <token content="on" id="8-10"/>
                <token content="the" id="8-11">
                    <pos type="DT"/>
                    <lemma type="the"/>
                </token>
                <token content="the" id="8-12">
                    <pos type="DT"/>
                    <lemma type="the"/>
                </token>
                <token content="metal" id="8-13">
                    <pos type="NN"/>
                    <lemma type="metal"/>
                    <dep head="8-9" type="prep"/>
                </token>
                <token content="handles" id="8-14">
                    <pos type="VBZ"/>
                    <lemma type="handle"/>
                </token>
                <token content="provided" id="8-15">
                    <pos type="VBN"/>
                    <lemma type="provide"/>
                    <dep head="8-14" type="prep"/>
                </token>
                <token content="in" id="8-16">
                    <pos type="IN"/>
                    <lemma type="in"/>
                    <dep head="8-15" type="pcomp"/>
                </token>
                <token content="the" id="8-17">
                    <pos type="DT"/>
                    <lemma type="the"/>
                </token>
                <token content="bus" id="8-18">
                    <pos type="NN"/>
                    <lemma type="bus"/>
                </token>
                <token content="so" id="8-19">
                    <pos type="IN"/>
                    <lemma type="so"/>
                    <dep head="8-23" type="mark"/>
                </token>
                <token content="I" id="8-20">
                    <pos type="PRP"/>
                    <lemma type="I"/>
                    <dep head="8-23" type="nsubj"/>
                </token>
                <token content="would" id="8-21">
                    <pos type="MD"/>
                    <lemma type="would"/>
                    <dep head="8-23" type="aux"/>
                </token>
                <token content="n't" id="8-22">
                    <pos type="RB"/>
                    <lemma type="not"/>
                    <dep head="8-23" type="neg"/>
                </token>
                <token content="fall" id="8-23">
                    <pos type="VB"/>
                    <lemma type="fall"/>
                    <dep head="8-14" type="advcl"/>
                </token>
                <token content="." id="8-24"/>
            </sentence>
            <sentence id="9">
                <token content="After" id="9-1">
                    <pos type="IN"/>
                    <lemma type="after"/>
                    <dep head="9-4" type="prep"/>
                </token>
                <token content="awhile" id="9-2">
                    <pos type="RB"/>
                    <lemma type="awhile"/>
                </token>
                <token content="I" id="9-3">
                    <pos type="PRP"/>
                    <lemma type="I"/>
                    <dep head="9-4" type="nsubj"/>
                </token>
                <token content="saw" id="9-4">
                    <pos type="VBD"/>
                    <lemma type="see"/>
                </token>
                <token content="that" id="9-5">
                    <pos type="IN"/>
                    <lemma type="that"/>
                </token>
                <token content="my" id="9-6">
                    <pos type="PRP$"/>
                    <lemma type="my"/>
                </token>
                <token content="destination" id="9-7">
                    <pos type="NN"/>
                    <lemma type="destination"/>
                </token>
                <token content="was" id="9-8">
                    <pos type="VBD"/>
                    <lemma type="be"/>
                </token>
                <token content="near" id="9-9">
                    <pos type="JJ"/>
                    <lemma type="near"/>
                    <dep head="9-4" type="ccomp"/>
                </token>
                <token content="and" id="9-10"/>
                <token content="should" id="9-11">
                    <pos type="MD"/>
                    <lemma type="should"/>
                    <dep head="9-12" type="aux"/>
                </token>
                <token content="get" id="9-12">
                    <pos type="VB"/>
                    <lemma type="get"/>
                    <dep head="9-4" type="conj"/>
                </token>
                <token content="off" id="9-13">
                    <pos type="RP"/>
                    <lemma type="off"/>
                    <dep head="9-12" type="prt"/>
                </token>
                <token content="." id="9-14"/>
            </sentence>
            <sentence id="10">
                <token content="I" id="10-1">
                    <pos type="PRP"/>
                    <lemma type="I"/>
                    <dep head="10-2" type="nsubj"/>
                </token>
                <token content="pushed" id="10-2">
                    <pos type="VBD"/>
                    <lemma type="push"/>
                </token>
                <token content="the" id="10-3">
                    <pos type="DT"/>
                    <lemma type="the"/>
                </token>
                <token content="button" id="10-4">
                    <pos type="NN"/>
                    <lemma type="button"/>
                    <dep head="10-2" type="dobj"/>
                </token>
                <token content="that" id="10-5">
                    <pos type="WDT"/>
                    <lemma type="that"/>
                    <dep head="10-6" type="nsubj"/>
                </token>
                <token content="sent" id="10-6">
                    <pos type="VBD"/>
                    <lemma type="send"/>
                </token>
                <token content="a" id="10-7">
                    <pos type="DT"/>
                    <lemma type="a"/>
                </token>
                <token content="signal" id="10-8">
                    <pos type="NN"/>
                    <lemma type="signal"/>
                    <dep head="10-6" type="dobj"/>
                </token>
                <token content="requesting" id="10-9">
                    <pos type="VBG"/>
                    <lemma type="request"/>
                </token>
                <token content="the" id="10-10">
                    <pos type="DT"/>
                    <lemma type="the"/>
                </token>
                <token content="bus" id="10-11">
                    <pos type="NN"/>
                    <lemma type="bus"/>
                    <dep head="10-9" type="dobj"/>
                </token>
                <token content="to" id="10-12">
                    <pos type="TO"/>
                    <lemma type="to"/>
                    <dep head="10-13" type="aux"/>
                </token>
                <token content="stop" id="10-13">
                    <pos type="VB"/>
                    <lemma type="stop"/>
                </token>
                <token content="at" id="10-14"/>
                <token content="the" id="10-15">
                    <pos type="DT"/>
                    <lemma type="the"/>
                </token>
                <token content="next" id="10-16">
                    <pos type="JJ"/>
                    <lemma type="next"/>
                </token>
                <token content="bus" id="10-17">
                    <pos type="NN"/>
                    <lemma type="bus"/>
                </token>
                <token content="top" id="10-18">
                    <pos type="NN"/>
                    <lemma type="top"/>
                    <dep head="10-13" type="prep"/>
                </token>
                <token content="." id="10-19"/>
            </sentence>
            <sentence id="11">
                <token content="The" id="11-1">
                    <pos type="DT"/>
                    <lemma type="the"/>
                </token>
                <token content="bus" id="11-2">
                    <pos type="NN"/>
                    <lemma type="bus"/>
                    <dep head="11-3" type="nsubj"/>
                </token>
                <token content="pulled" id="11-3">
                    <pos type="VBD"/>
                    <lemma type="pull"/>
                </token>
                <token content="over" id="11-4">
                    <pos type="RP"/>
                    <lemma type="over"/>
                    <dep head="11-3" type="prt"/>
                </token>
                <token content="at" id="11-5"/>
                <token content="the" id="11-6">
                    <pos type="DT"/>
                    <lemma type="the"/>
                </token>
                <token content="next" id="11-7">
                    <pos type="JJ"/>
                    <lemma type="next"/>
                </token>
                <token content="stop" id="11-8">
                    <pos type="NN"/>
                    <lemma type="stop"/>
                    <dep head="11-3" type="prep"/>
                </token>
                <token content="and" id="11-9"/>
                <token content="I" id="11-10">
                    <pos type="PRP"/>
                    <lemma type="I"/>
                    <dep head="11-11" type="nsubj"/>
                </token>
                <token content="got" id="11-11">
                    <pos type="VBD"/>
                    <lemma type="get"/>
                    <dep head="11-3" type="conj"/>
                </token>
                <token content="off" id="11-12">
                    <pos type="RP"/>
                    <lemma type="off"/>
                    <dep head="11-11" type="prt"/>
                </token>
                <token content="the" id="11-13">
                    <pos type="DT"/>
                    <lemma type="the"/>
                </token>
                <token content="bus" id="11-14">
                    <pos type="NN"/>
                    <lemma type="bus"/>
                    <dep head="11-11" type="dobj"/>
                </token>
                <token content="." id="11-15"/>
            </sentence>
            <sentence id="12">
                <token content="I" id="12-1">
                    <pos type="PRP"/>
                    <lemma type="I"/>
                    <dep head="12-2" type="nsubj"/>
                </token>
                <token content="met" id="12-2">
                    <pos type="VBD"/>
                    <lemma type="meet"/>
                </token>
                <token content="my" id="12-3">
                    <pos type="PRP$"/>
                    <lemma type="my"/>
                </token>
                <token content="friend" id="12-4">
                    <pos type="NN"/>
                    <lemma type="friend"/>
                    <dep head="12-2" type="dobj"/>
                </token>
                <token content="a" id="12-5">
                    <pos type="DT"/>
                    <lemma type="a"/>
                </token>
                <token content="few" id="12-6">
                    <pos type="JJ"/>
                    <lemma type="few"/>
                </token>
                <token content="blocks" id="12-7">
                    <pos type="NNS"/>
                    <lemma type="block"/>
                </token>
                <token content="down" id="12-8">
                    <pos type="RB"/>
                    <lemma type="down"/>
                    <dep head="12-2" type="advmod"/>
                </token>
                <token content="at" id="12-9"/>
                <token content="a" id="12-10">
                    <pos type="DT"/>
                    <lemma type="a"/>
                </token>
                <token content="restaurant" id="12-11">
                    <pos type="NN"/>
                    <lemma type="restaurant"/>
                    <dep head="12-2" type="prep"/>
                </token>
                <token content="and" id="12-12"/>
                <token content="had" id="12-13">
                    <pos type="VBD"/>
                    <lemma type="have"/>
                    <dep head="12-2" type="conj"/>
                </token>
                <token content="a" id="12-14">
                    <pos type="DT"/>
                    <lemma type="a"/>
                </token>
                <token content="great" id="12-15">
                    <pos type="JJ"/>
                    <lemma type="great"/>
                </token>
                <token content="time" id="12-16">
                    <pos type="NN"/>
                    <lemma type="time"/>
                    <dep head="12-13" type="dobj"/>
                </token>
                <token content="." id="12-17"/>
            </sentence>
        </sentences>
    </text>
    <annotations>
        <participants>
            <label from="1-1" id="0" name="ScrPart_passenger" text="I" type="participant"/>
            <label from="1-3" id="1" name="SuppVComp" text="plans" type="participant"/>
            <label from="1-7" id="2" name="NPart" text="friend" type="participant"/>
            <label from="1-10" id="3" name="ScrPart_destination" text="city" type="participant"/>
            <label from="2-2" id="4" name="ScrPart_passenger" text="I" type="participant"/>
            <label from="2-9" id="5" name="Head_of_Partitive" text="lot" type="participant"/>
            <label from="2-11" id="6" name="NPart" text="traffic" type="participant"/>
            <label from="2-15" id="7" name="NPart" text="parking" type="participant"/>
            <label from="2-18" id="8" name="NPart" text="city" type="participant"/>
            <label from="2-24" id="9" name="ScrPart_bus" text="bus" type="participant"/>
            <label from="3-1" id="10" name="ScrPart_passenger" text="I" type="participant"/>
            <label from="3-4" id="11" name="ScrPart_passenger" text="I" type="participant"/>
            <label from="3-7" id="12" name="ScrPart_money" text="fare" type="participant"/>
            <label from="3-11" id="13" name="NPart" text="house" type="participant"/>
            <label from="4-1" id="14" name="ScrPart_passenger" text="I" type="participant"/>
            <label from="4-5" id="15" name="ScrPart_bus_stop" text="bus stop" to="4-6" type="participant"/>
            <label from="4-6" id="16" name="ScrPart_bus_stop" text="stop" type="participant"/>
            <label from="4-8" id="17" name="ScrPart_bus_stop" text="there" type="participant"/>
            <label from="4-12" id="18" name="ScrPart_passenger" text="people" type="participant"/>
            <label from="4-15" id="19" name="ScrPart_passenger" text="me" type="participant"/>
            <label from="5-1" id="20" name="ScrPart_passenger" text="I" type="participant"/>
            <label from="5-4" id="21" name="NPart" text="line" type="participant"/>
            <label from="5-7" id="22" name="ScrPart_time/date" text="time" type="participant"/>
            <label from="5-9" id="23" name="ScrPart_passenger" text="I" type="participant"/>
            <label from="5-12" id="24" name="ScrPart_bus" text="bus" type="participant"/>
            <label from="6-2" id="25" name="ScrPart_bus" text="bus" type="participant"/>
            <label from="6-7" id="26" name="ScrPart_passenger" text="us" type="participant"/>
            <label from="6-11" id="27" name="ScrPart_passenger" text="people" type="participant"/>
            <label from="7-1" id="28" name="ScrPart_passenger" text="I" type="participant"/>
            <label from="7-5" id="29" name="ScrPart_bus" text="bus" type="participant"/>
            <label from="7-7" id="30" name="ScrPart_passenger" text="them" type="participant"/>
            <label from="7-11" id="31" name="ScrPart_passenger" text="my" type="participant"/>
            <label from="7-12" id="32" name="ScrPart_money" text="bus fare" to="7-13" type="participant"/>
            <label from="7-13" id="33" name="ScrPart_money" text="fare" type="participant"/>
            <label from="8-1" id="34" name="ScrPart_passenger" text="I" type="participant"/>
            <label from="8-6" id="35" name="ScrPart_seat_in_bus" text="seats" type="participant"/>
            <label from="8-8" id="36" name="ScrPart_passenger" text="I" type="participant"/>
            <label from="8-13" id="37" name="ScrPart_rail" text="metal handles" to="8-14" type="participant"/>
            <label from="8-14" id="38" name="ScrPart_rail" text="handles" type="participant"/>
            <label from="8-18" id="39" name="ScrPart_bus" text="bus" type="participant"/>
            <label from="8-20" id="40" name="ScrPart_passenger" text="I" type="participant"/>
            <label from="9-3" id="41" name="ScrPart_passenger" text="I" type="participant"/>
            <label from="9-6" id="42" name="ScrPart_passenger" text="my" type="participant"/>
            <label from="9-7" id="43" name="ScrPart_destination" text="destination" type="participant"/>
            <label from="10-1" id="44" name="ScrPart_passenger" text="I" type="participant"/>
            <label from="10-4" id="45" name="ScrPart_stop_button/door_opener" text="button" type="participant"/>
            <label from="10-8" id="46" name="NPart" text="signal" type="participant"/>
            <label from="10-11" id="47" name="ScrPart_bus" text="bus" type="participant"/>
            <label from="10-17" id="48" name="ScrPart_bus_stop" text="bus top" to="10-18" type="participant"/>
            <label from="10-18" id="49" name="ScrPart_bus_stop" text="top" type="participant"/>
            <label from="11-2" id="50" name="ScrPart_bus" text="bus" type="participant"/>
            <label from="11-8" id="51" name="ScrPart_bus_stop" text="stop" type="participant"/>
            <label from="11-10" id="52" name="ScrPart_passenger" text="I" type="participant"/>
            <label from="11-14" id="53" name="ScrPart_bus" text="bus" type="participant"/>
            <label from="12-1" id="54" name="ScrPart_passenger" text="I" type="participant"/>
            <label from="12-3" id="55" name="ScrPart_passenger" text="my" type="participant"/>
            <label from="12-4" id="56" name="NPart" text="friend" type="participant"/>
            <label from="12-7" id="57" name="NPart" text="blocks" type="participant"/>
            <label from="12-11" id="58" name="NPart" text="restaurant" type="participant"/>
            <label from="12-16" id="59" name="No_label" text="time" type="participant"/>
        </participants>
        <events>
            <label from="1-2" id="60" name="UnrelEv" text="made" type="event"/>
            <label from="1-5" id="61" name="UnrelEv" text="meet" type="event"/>
            <label from="2-4" id="62" name="UnrelEv" text="drive" type="event"/>
            <label from="2-7" id="63" name="UnrelEv" text="is" type="event"/>
            <label from="2-20" id="64" name="UnrelEv" text="decided" type="event"/>
            <label from="2-22" id="65" name="Evoking" text="take the bus" to="2-24" type="event"/>
            <label from="3-2" id="66" name="RelNScrEv" text="made sure" to="3-3" type="event"/>
            <label from="3-5" id="67" name="UnrelEv" text="had" type="event"/>
            <label from="3-9" id="68" name="RelNScrEv" text="left" type="event"/>
            <label from="4-2" id="69" name="ScrEv_get_bus_stop" text="walked" type="event"/>
            <label from="4-9" id="70" name="UnrelEv" text="was" type="event"/>
            <label from="4-13" id="71" name="ScrEv_wait" text="waiting" type="event"/>
            <label from="5-2" id="72" name="ScrEv_wait" text="waited" type="event"/>
            <label from="5-10" id="73" name="UnrelEv" text="saw" type="event"/>
            <label from="5-13" id="74" name="ScrEv_bus_comes" text="coming" type="event"/>
            <label from="6-3" id="75" name="ScrEv_bus_stops" text="stopped" type="event"/>
            <label from="6-12" id="76" name="ScrEv_board_bus" text="got on" to="6-13" type="event"/>
            <label from="7-2" id="77" name="ScrEv_board_bus" text="got on" to="7-3" type="event"/>
            <label from="7-10" id="78" name="ScrEv_get_ticket" text="paid" type="event"/>
            <label from="8-4" id="79" name="ScrEv_find_place" text="find" type="event"/>
            <label from="8-9" id="80" name="ScrEv_find_place" text="held" type="event"/>
            <label from="8-15" id="81" name="UnrelEv" text="provided" type="event"/>
            <label from="8-23" id="82" name="RelNScrEv" text="fall" type="event"/>
            <label from="9-4" id="83" name="RelNScrEv" text="saw" type="event"/>
            <label from="9-8" id="84" name="UnrelEv" text="was" type="event"/>
            <label from="9-12" id="85" name="ScrEv_get_off" text="get off" to="9-13" type="event"/>
            <label from="10-2" id="86" name="ScrEv_press_stop_button" text="pushed" type="event"/>
            <label from="10-6" id="87" name="ScrEv_press_stop_button" text="sent" type="event"/>
            <label from="10-9" id="88" name="ScrEv_press_stop_button" text="requesting" type="event"/>
            <label from="10-13" id="89" name="ScrEv_bus_stops" text="stop" type="event"/>
            <label from="11-3" id="90" name="ScrEv_bus_stops" text="pulled over" to="11-4" type="event"/>
            <label from="11-11" id="91" name="ScrEv_get_off" text="got off" to="11-12" type="event"/>
            <label from="12-2" id="92" name="UnrelEv" text="met" type="event"/>
            <label from="12-13" id="93" name="UnrelEv" text="had" type="event"/>
        </events>
        <chains>
            <chain elements="0 4 10 11 14 19 20 23 28 31 34 36 40 41 42 44 52 54 55"/>
            <chain elements="16 17"/>
            <chain elements="26 18 19" name="group_I_people"/>
            <chain elements="9 24 25 29 39 47 50 53"/>
            <chain elements="18 27 30"/>
            <chain elements="12 33"/>
            <chain elements="3 43"/>
            <chain elements="49 51"/>
        </chains>
    </annotations>
</story>
