<?xml version="1.0" encoding="UTF-8" standalone="no"?>
<!DOCTYPE story SYSTEM "../InScript.dtd">
<story id="025" scenario="bus">
    <text>
        <content>I ride the bus to school everyday . 
I live in New York City so riding the bus is a common thing . 
Everyone does it because it is convenient . 
In our city , it is very packed , so driving is n't as convenient or affordable . 
Parking is expensive so public transportation saves us a lot of money . 
Every morning when I go to school , I wait by the bus stop . 
The morning bus comes every ten minutes . 
Once it arrives I board onto the bus and I insert my metro card . 
The metro card has a balance of money stored inside it . 
This money is subtracted from the balance every time I ride the bus and insert my metro card . 
Basically the metro card pays for the bus ride . 
When I run out of money , I go to a metro card machine and put more money into my balance . 
Riding the bus is annoying sometimes . 
In the morning , it is very crowded so sometimes there are n't enough seats for everybody . 
This means I have to stand while holding on to a pole . 
Sometimes its so crowded that I am sandwiched in between people . 
If I am lucky , sometimes there will be open seats . 
Otherwise , I have to stand for 40 minutes . </content>
        <sentences>
            <sentence id="1">
                <token content="I" id="1-1">
                    <pos type="PRP"/>
                    <lemma type="I"/>
                    <dep head="1-2" type="nsubj"/>
                </token>
                <token content="ride" id="1-2">
                    <pos type="VBP"/>
                    <lemma type="ride"/>
                </token>
                <token content="the" id="1-3">
                    <pos type="DT"/>
                    <lemma type="the"/>
                </token>
                <token content="bus" id="1-4">
                    <pos type="NN"/>
                    <lemma type="bus"/>
                    <dep head="1-2" type="iobj"/>
                </token>
                <token content="to" id="1-5"/>
                <token content="school" id="1-6">
                    <pos type="NN"/>
                    <lemma type="school"/>
                </token>
                <token content="everyday" id="1-7">
                    <pos type="NN"/>
                    <lemma type="everyday"/>
                    <dep head="1-2" type="dobj"/>
                </token>
                <token content="." id="1-8"/>
            </sentence>
            <sentence id="2">
                <token content="I" id="2-1">
                    <pos type="PRP"/>
                    <lemma type="I"/>
                    <dep head="2-2" type="nsubj"/>
                </token>
                <token content="live" id="2-2">
                    <pos type="VBP"/>
                    <lemma type="live"/>
                </token>
                <token content="in" id="2-3"/>
                <token content="New" id="2-4">
                    <pos type="NNP"/>
                    <lemma type="New"/>
                </token>
                <token content="York" id="2-5">
                    <pos type="NNP"/>
                    <lemma type="York"/>
                </token>
                <token content="City" id="2-6">
                    <pos type="NNP"/>
                    <lemma type="City"/>
                    <dep head="2-2" type="prep"/>
                </token>
                <token content="so" id="2-7">
                    <pos type="IN"/>
                    <lemma type="so"/>
                </token>
                <token content="riding" id="2-8">
                    <pos type="VBG"/>
                    <lemma type="ride"/>
                </token>
                <token content="the" id="2-9">
                    <pos type="DT"/>
                    <lemma type="the"/>
                </token>
                <token content="bus" id="2-10">
                    <pos type="NN"/>
                    <lemma type="bus"/>
                    <dep head="2-8" type="dobj"/>
                </token>
                <token content="is" id="2-11">
                    <pos type="VBZ"/>
                    <lemma type="be"/>
                </token>
                <token content="a" id="2-12">
                    <pos type="DT"/>
                    <lemma type="a"/>
                </token>
                <token content="common" id="2-13">
                    <pos type="JJ"/>
                    <lemma type="common"/>
                </token>
                <token content="thing" id="2-14">
                    <pos type="NN"/>
                    <lemma type="thing"/>
                    <dep head="2-2" type="advcl"/>
                </token>
                <token content="." id="2-15"/>
            </sentence>
            <sentence id="3">
                <token content="Everyone" id="3-1">
                    <pos type="NN"/>
                    <lemma type="everyone"/>
                    <dep head="3-2" type="nsubj"/>
                </token>
                <token content="does" id="3-2">
                    <pos type="VBZ"/>
                    <lemma type="do"/>
                </token>
                <token content="it" id="3-3">
                    <pos type="PRP"/>
                    <lemma type="it"/>
                    <dep head="3-2" type="dobj"/>
                </token>
                <token content="because" id="3-4">
                    <pos type="IN"/>
                    <lemma type="because"/>
                </token>
                <token content="it" id="3-5">
                    <pos type="PRP"/>
                    <lemma type="it"/>
                </token>
                <token content="is" id="3-6">
                    <pos type="VBZ"/>
                    <lemma type="be"/>
                </token>
                <token content="convenient" id="3-7">
                    <pos type="JJ"/>
                    <lemma type="convenient"/>
                    <dep head="3-2" type="advcl"/>
                </token>
                <token content="." id="3-8"/>
            </sentence>
            <sentence id="4">
                <token content="In" id="4-1"/>
                <token content="our" id="4-2">
                    <pos type="PRP$"/>
                    <lemma type="we"/>
                </token>
                <token content="city" id="4-3">
                    <pos type="NN"/>
                    <lemma type="city"/>
                    <dep head="4-8" type="prep"/>
                </token>
                <token content="," id="4-4"/>
                <token content="it" id="4-5">
                    <pos type="PRP"/>
                    <lemma type="it"/>
                    <dep head="4-8" type="nsubjpass"/>
                </token>
                <token content="is" id="4-6">
                    <pos type="VBZ"/>
                    <lemma type="be"/>
                    <dep head="4-8" type="auxpass"/>
                </token>
                <token content="very" id="4-7">
                    <pos type="RB"/>
                    <lemma type="very"/>
                    <dep head="4-8" type="advmod"/>
                </token>
                <token content="packed" id="4-8">
                    <pos type="VBN"/>
                    <lemma type="pack"/>
                </token>
                <token content="," id="4-9"/>
                <token content="so" id="4-10">
                    <pos type="IN"/>
                    <lemma type="so"/>
                </token>
                <token content="driving" id="4-11">
                    <pos type="NN"/>
                    <lemma type="driving"/>
                </token>
                <token content="is" id="4-12">
                    <pos type="VBZ"/>
                    <lemma type="be"/>
                </token>
                <token content="n't" id="4-13">
                    <pos type="RB"/>
                    <lemma type="not"/>
                </token>
                <token content="as" id="4-14">
                    <pos type="RB"/>
                    <lemma type="as"/>
                </token>
                <token content="convenient" id="4-15">
                    <pos type="JJ"/>
                    <lemma type="convenient"/>
                    <dep head="4-8" type="advcl"/>
                </token>
                <token content="or" id="4-16"/>
                <token content="affordable" id="4-17">
                    <pos type="JJ"/>
                    <lemma type="affordable"/>
                </token>
                <token content="." id="4-18"/>
            </sentence>
            <sentence id="5">
                <token content="Parking" id="5-1">
                    <pos type="NNP"/>
                    <lemma type="Parking"/>
                </token>
                <token content="is" id="5-2">
                    <pos type="VBZ"/>
                    <lemma type="be"/>
                </token>
                <token content="expensive" id="5-3">
                    <pos type="JJ"/>
                    <lemma type="expensive"/>
                </token>
                <token content="so" id="5-4">
                    <pos type="IN"/>
                    <lemma type="so"/>
                    <dep head="5-7" type="mark"/>
                </token>
                <token content="public" id="5-5">
                    <pos type="JJ"/>
                    <lemma type="public"/>
                </token>
                <token content="transportation" id="5-6">
                    <pos type="NN"/>
                    <lemma type="transportation"/>
                    <dep head="5-7" type="nsubj"/>
                </token>
                <token content="saves" id="5-7">
                    <pos type="VBZ"/>
                    <lemma type="save"/>
                </token>
                <token content="us" id="5-8">
                    <pos type="PRP"/>
                    <lemma type="we"/>
                    <dep head="5-7" type="iobj"/>
                </token>
                <token content="a" id="5-9">
                    <pos type="DT"/>
                    <lemma type="a"/>
                </token>
                <token content="lot" id="5-10">
                    <pos type="NN"/>
                    <lemma type="lot"/>
                    <dep head="5-7" type="dobj"/>
                </token>
                <token content="of" id="5-11"/>
                <token content="money" id="5-12">
                    <pos type="NN"/>
                    <lemma type="money"/>
                </token>
                <token content="." id="5-13"/>
            </sentence>
            <sentence id="6">
                <token content="Every" id="6-1">
                    <pos type="DT"/>
                    <lemma type="every"/>
                </token>
                <token content="morning" id="6-2">
                    <pos type="NN"/>
                    <lemma type="morning"/>
                    <dep head="6-10" type="tmod"/>
                </token>
                <token content="when" id="6-3">
                    <pos type="WRB"/>
                    <lemma type="when"/>
                    <dep head="6-5" type="advmod"/>
                </token>
                <token content="I" id="6-4">
                    <pos type="PRP"/>
                    <lemma type="I"/>
                    <dep head="6-5" type="nsubj"/>
                </token>
                <token content="go" id="6-5">
                    <pos type="VBP"/>
                    <lemma type="go"/>
                    <dep head="6-10" type="advcl"/>
                </token>
                <token content="to" id="6-6"/>
                <token content="school" id="6-7">
                    <pos type="NN"/>
                    <lemma type="school"/>
                    <dep head="6-5" type="prep"/>
                </token>
                <token content="," id="6-8"/>
                <token content="I" id="6-9">
                    <pos type="PRP"/>
                    <lemma type="I"/>
                    <dep head="6-10" type="nsubj"/>
                </token>
                <token content="wait" id="6-10">
                    <pos type="VBP"/>
                    <lemma type="wait"/>
                </token>
                <token content="by" id="6-11"/>
                <token content="the" id="6-12">
                    <pos type="DT"/>
                    <lemma type="the"/>
                </token>
                <token content="bus" id="6-13">
                    <pos type="NN"/>
                    <lemma type="bus"/>
                </token>
                <token content="stop" id="6-14">
                    <pos type="NN"/>
                    <lemma type="stop"/>
                    <dep head="6-10" type="prep"/>
                </token>
                <token content="." id="6-15"/>
            </sentence>
            <sentence id="7">
                <token content="The" id="7-1">
                    <pos type="DT"/>
                    <lemma type="the"/>
                </token>
                <token content="morning" id="7-2">
                    <pos type="NN"/>
                    <lemma type="morning"/>
                </token>
                <token content="bus" id="7-3">
                    <pos type="NN"/>
                    <lemma type="bus"/>
                    <dep head="7-4" type="nsubj"/>
                </token>
                <token content="comes" id="7-4">
                    <pos type="VBZ"/>
                    <lemma type="come"/>
                </token>
                <token content="every" id="7-5">
                    <pos type="DT"/>
                    <lemma type="every"/>
                </token>
                <token content="ten" id="7-6">
                    <pos type="CD"/>
                    <lemma type="ten"/>
                </token>
                <token content="minutes" id="7-7">
                    <pos type="NNS"/>
                    <lemma type="minute"/>
                    <dep head="7-4" type="dobj"/>
                </token>
                <token content="." id="7-8"/>
            </sentence>
            <sentence id="8">
                <token content="Once" id="8-1">
                    <pos type="IN"/>
                    <lemma type="once"/>
                    <dep head="8-3" type="mark"/>
                </token>
                <token content="it" id="8-2">
                    <pos type="PRP"/>
                    <lemma type="it"/>
                    <dep head="8-3" type="nsubj"/>
                </token>
                <token content="arrives" id="8-3">
                    <pos type="VBZ"/>
                    <lemma type="arrive"/>
                    <dep head="8-11" type="csubj"/>
                </token>
                <token content="I" id="8-4">
                    <pos type="PRP"/>
                    <lemma type="I"/>
                    <dep head="8-5" type="nsubj"/>
                </token>
                <token content="board" id="8-5">
                    <pos type="VB"/>
                    <lemma type="board"/>
                    <dep head="8-3" type="ccomp"/>
                </token>
                <token content="onto" id="8-6"/>
                <token content="the" id="8-7">
                    <pos type="DT"/>
                    <lemma type="the"/>
                </token>
                <token content="bus" id="8-8">
                    <pos type="NN"/>
                    <lemma type="bus"/>
                    <dep head="8-5" type="prep"/>
                </token>
                <token content="and" id="8-9"/>
                <token content="I" id="8-10">
                    <pos type="PRP"/>
                    <lemma type="I"/>
                </token>
                <token content="insert" id="8-11">
                    <pos type="VB"/>
                    <lemma type="insert"/>
                </token>
                <token content="my" id="8-12">
                    <pos type="PRP$"/>
                    <lemma type="my"/>
                </token>
                <token content="metro" id="8-13">
                    <pos type="NN"/>
                    <lemma type="metro"/>
                </token>
                <token content="card" id="8-14">
                    <pos type="NN"/>
                    <lemma type="card"/>
                    <dep head="8-11" type="dobj"/>
                </token>
                <token content="." id="8-15"/>
            </sentence>
            <sentence id="9">
                <token content="The" id="9-1">
                    <pos type="DT"/>
                    <lemma type="the"/>
                </token>
                <token content="metro" id="9-2">
                    <pos type="NN"/>
                    <lemma type="metro"/>
                </token>
                <token content="card" id="9-3">
                    <pos type="NN"/>
                    <lemma type="card"/>
                    <dep head="9-4" type="nsubj"/>
                </token>
                <token content="has" id="9-4">
                    <pos type="VBZ"/>
                    <lemma type="have"/>
                </token>
                <token content="a" id="9-5">
                    <pos type="DT"/>
                    <lemma type="a"/>
                </token>
                <token content="balance" id="9-6">
                    <pos type="NN"/>
                    <lemma type="balance"/>
                    <dep head="9-4" type="dobj"/>
                </token>
                <token content="of" id="9-7"/>
                <token content="money" id="9-8">
                    <pos type="NN"/>
                    <lemma type="money"/>
                </token>
                <token content="stored" id="9-9">
                    <pos type="VBN"/>
                    <lemma type="store"/>
                </token>
                <token content="inside" id="9-10"/>
                <token content="it" id="9-11">
                    <pos type="PRP"/>
                    <lemma type="it"/>
                    <dep head="9-9" type="prep"/>
                </token>
                <token content="." id="9-12"/>
            </sentence>
            <sentence id="10">
                <token content="This" id="10-1">
                    <pos type="DT"/>
                    <lemma type="this"/>
                </token>
                <token content="money" id="10-2">
                    <pos type="NN"/>
                    <lemma type="money"/>
                    <dep head="10-4" type="nsubjpass"/>
                </token>
                <token content="is" id="10-3">
                    <pos type="VBZ"/>
                    <lemma type="be"/>
                    <dep head="10-4" type="auxpass"/>
                </token>
                <token content="subtracted" id="10-4">
                    <pos type="VBN"/>
                    <lemma type="subtract"/>
                </token>
                <token content="from" id="10-5"/>
                <token content="the" id="10-6">
                    <pos type="DT"/>
                    <lemma type="the"/>
                </token>
                <token content="balance" id="10-7">
                    <pos type="NN"/>
                    <lemma type="balance"/>
                    <dep head="10-4" type="prep"/>
                </token>
                <token content="every" id="10-8">
                    <pos type="DT"/>
                    <lemma type="every"/>
                </token>
                <token content="time" id="10-9">
                    <pos type="NN"/>
                    <lemma type="time"/>
                    <dep head="10-4" type="dobj"/>
                </token>
                <token content="I" id="10-10">
                    <pos type="PRP"/>
                    <lemma type="I"/>
                    <dep head="10-11" type="nsubj"/>
                </token>
                <token content="ride" id="10-11">
                    <pos type="VB"/>
                    <lemma type="ride"/>
                </token>
                <token content="the" id="10-12">
                    <pos type="DT"/>
                    <lemma type="the"/>
                </token>
                <token content="bus" id="10-13">
                    <pos type="NN"/>
                    <lemma type="bus"/>
                    <dep head="10-11" type="dobj"/>
                </token>
                <token content="and" id="10-14"/>
                <token content="insert" id="10-15">
                    <pos type="VB"/>
                    <lemma type="insert"/>
                    <dep head="10-11" type="conj"/>
                </token>
                <token content="my" id="10-16">
                    <pos type="PRP$"/>
                    <lemma type="my"/>
                </token>
                <token content="metro" id="10-17">
                    <pos type="NN"/>
                    <lemma type="metro"/>
                </token>
                <token content="card" id="10-18">
                    <pos type="NN"/>
                    <lemma type="card"/>
                    <dep head="10-15" type="dobj"/>
                </token>
                <token content="." id="10-19"/>
            </sentence>
            <sentence id="11">
                <token content="Basically" id="11-1">
                    <pos type="RB"/>
                    <lemma type="basically"/>
                    <dep head="11-5" type="advmod"/>
                </token>
                <token content="the" id="11-2">
                    <pos type="DT"/>
                    <lemma type="the"/>
                </token>
                <token content="metro" id="11-3">
                    <pos type="NN"/>
                    <lemma type="metro"/>
                </token>
                <token content="card" id="11-4">
                    <pos type="NN"/>
                    <lemma type="card"/>
                    <dep head="11-5" type="nsubj"/>
                </token>
                <token content="pays" id="11-5">
                    <pos type="VBZ"/>
                    <lemma type="pay"/>
                </token>
                <token content="for" id="11-6"/>
                <token content="the" id="11-7">
                    <pos type="DT"/>
                    <lemma type="the"/>
                </token>
                <token content="bus" id="11-8">
                    <pos type="NN"/>
                    <lemma type="bus"/>
                </token>
                <token content="ride" id="11-9">
                    <pos type="NN"/>
                    <lemma type="ride"/>
                    <dep head="11-5" type="prep"/>
                </token>
                <token content="." id="11-10"/>
            </sentence>
            <sentence id="12">
                <token content="When" id="12-1">
                    <pos type="WRB"/>
                    <lemma type="when"/>
                    <dep head="12-3" type="advmod"/>
                </token>
                <token content="I" id="12-2">
                    <pos type="PRP"/>
                    <lemma type="I"/>
                    <dep head="12-3" type="nsubj"/>
                </token>
                <token content="run" id="12-3">
                    <pos type="VBP"/>
                    <lemma type="run"/>
                    <dep head="12-9" type="advcl"/>
                </token>
                <token content="out" id="12-4"/>
                <token content="of" id="12-5"/>
                <token content="money" id="12-6">
                    <pos type="NN"/>
                    <lemma type="money"/>
                    <dep head="12-3" type="prep"/>
                </token>
                <token content="," id="12-7"/>
                <token content="I" id="12-8">
                    <pos type="PRP"/>
                    <lemma type="I"/>
                    <dep head="12-9" type="nsubj"/>
                </token>
                <token content="go" id="12-9">
                    <pos type="VBP"/>
                    <lemma type="go"/>
                </token>
                <token content="to" id="12-10"/>
                <token content="a" id="12-11">
                    <pos type="DT"/>
                    <lemma type="a"/>
                </token>
                <token content="metro" id="12-12">
                    <pos type="NN"/>
                    <lemma type="metro"/>
                </token>
                <token content="card" id="12-13">
                    <pos type="NN"/>
                    <lemma type="card"/>
                </token>
                <token content="machine" id="12-14">
                    <pos type="NN"/>
                    <lemma type="machine"/>
                    <dep head="12-9" type="prep"/>
                </token>
                <token content="and" id="12-15"/>
                <token content="put" id="12-16">
                    <pos type="VBD"/>
                    <lemma type="put"/>
                    <dep head="12-9" type="conj"/>
                </token>
                <token content="more" id="12-17">
                    <pos type="JJR"/>
                    <lemma type="more"/>
                </token>
                <token content="money" id="12-18">
                    <pos type="NN"/>
                    <lemma type="money"/>
                    <dep head="12-16" type="dobj"/>
                </token>
                <token content="into" id="12-19"/>
                <token content="my" id="12-20">
                    <pos type="PRP$"/>
                    <lemma type="my"/>
                </token>
                <token content="balance" id="12-21">
                    <pos type="NN"/>
                    <lemma type="balance"/>
                    <dep head="12-16" type="prep"/>
                </token>
                <token content="." id="12-22"/>
            </sentence>
            <sentence id="13">
                <token content="Riding" id="13-1">
                    <pos type="VBG"/>
                    <lemma type="ride"/>
                </token>
                <token content="the" id="13-2">
                    <pos type="DT"/>
                    <lemma type="the"/>
                </token>
                <token content="bus" id="13-3">
                    <pos type="NN"/>
                    <lemma type="bus"/>
                    <dep head="13-1" type="dobj"/>
                </token>
                <token content="is" id="13-4">
                    <pos type="VBZ"/>
                    <lemma type="be"/>
                </token>
                <token content="annoying" id="13-5">
                    <pos type="JJ"/>
                    <lemma type="annoying"/>
                </token>
                <token content="sometimes" id="13-6">
                    <pos type="RB"/>
                    <lemma type="sometimes"/>
                </token>
                <token content="." id="13-7"/>
            </sentence>
            <sentence id="14">
                <token content="In" id="14-1"/>
                <token content="the" id="14-2">
                    <pos type="DT"/>
                    <lemma type="the"/>
                </token>
                <token content="morning" id="14-3">
                    <pos type="NN"/>
                    <lemma type="morning"/>
                    <dep head="14-8" type="prep"/>
                </token>
                <token content="," id="14-4"/>
                <token content="it" id="14-5">
                    <pos type="PRP"/>
                    <lemma type="it"/>
                    <dep head="14-8" type="nsubjpass"/>
                </token>
                <token content="is" id="14-6">
                    <pos type="VBZ"/>
                    <lemma type="be"/>
                    <dep head="14-8" type="auxpass"/>
                </token>
                <token content="very" id="14-7">
                    <pos type="RB"/>
                    <lemma type="very"/>
                    <dep head="14-8" type="advmod"/>
                </token>
                <token content="crowded" id="14-8">
                    <pos type="VBN"/>
                    <lemma type="crowd"/>
                </token>
                <token content="so" id="14-9">
                    <pos type="IN"/>
                    <lemma type="so"/>
                    <dep head="14-8" type="dep"/>
                </token>
                <token content="sometimes" id="14-10">
                    <pos type="RB"/>
                    <lemma type="sometimes"/>
                    <dep head="14-12" type="advmod"/>
                </token>
                <token content="there" id="14-11">
                    <pos type="EX"/>
                    <lemma type="there"/>
                    <dep head="14-12" type="expl"/>
                </token>
                <token content="are" id="14-12">
                    <pos type="VBP"/>
                    <lemma type="be"/>
                    <dep head="14-8" type="parataxis"/>
                </token>
                <token content="n't" id="14-13">
                    <pos type="RB"/>
                    <lemma type="not"/>
                    <dep head="14-12" type="neg"/>
                </token>
                <token content="enough" id="14-14">
                    <pos type="JJ"/>
                    <lemma type="enough"/>
                </token>
                <token content="seats" id="14-15">
                    <pos type="NNS"/>
                    <lemma type="seat"/>
                    <dep head="14-12" type="nsubj"/>
                </token>
                <token content="for" id="14-16"/>
                <token content="everybody" id="14-17">
                    <pos type="NN"/>
                    <lemma type="everybody"/>
                </token>
                <token content="." id="14-18"/>
            </sentence>
            <sentence id="15">
                <token content="This" id="15-1">
                    <pos type="DT"/>
                    <lemma type="this"/>
                    <dep head="15-2" type="nsubj"/>
                </token>
                <token content="means" id="15-2">
                    <pos type="VBZ"/>
                    <lemma type="mean"/>
                </token>
                <token content="I" id="15-3">
                    <pos type="PRP"/>
                    <lemma type="I"/>
                    <dep head="15-4" type="nsubj"/>
                </token>
                <token content="have" id="15-4">
                    <pos type="VBP"/>
                    <lemma type="have"/>
                    <dep head="15-2" type="ccomp"/>
                </token>
                <token content="to" id="15-5">
                    <pos type="TO"/>
                    <lemma type="to"/>
                    <dep head="15-6" type="aux"/>
                </token>
                <token content="stand" id="15-6">
                    <pos type="VB"/>
                    <lemma type="stand"/>
                    <dep head="15-4" type="xcomp"/>
                </token>
                <token content="while" id="15-7">
                    <pos type="IN"/>
                    <lemma type="while"/>
                    <dep head="15-8" type="mark"/>
                </token>
                <token content="holding" id="15-8">
                    <pos type="VBG"/>
                    <lemma type="hold"/>
                    <dep head="15-6" type="advcl"/>
                </token>
                <token content="on" id="15-9">
                    <pos type="RP"/>
                    <lemma type="on"/>
                    <dep head="15-8" type="prt"/>
                </token>
                <token content="to" id="15-10"/>
                <token content="a" id="15-11">
                    <pos type="DT"/>
                    <lemma type="a"/>
                </token>
                <token content="pole" id="15-12">
                    <pos type="NN"/>
                    <lemma type="pole"/>
                    <dep head="15-8" type="prep"/>
                </token>
                <token content="." id="15-13"/>
            </sentence>
            <sentence id="16">
                <token content="Sometimes" id="16-1">
                    <pos type="RB"/>
                    <lemma type="sometimes"/>
                    <dep head="16-4" type="advmod"/>
                </token>
                <token content="its" id="16-2">
                    <pos type="PRP$"/>
                    <lemma type="its"/>
                    <dep head="16-4" type="nsubj"/>
                </token>
                <token content="so" id="16-3">
                    <pos type="RB"/>
                    <lemma type="so"/>
                    <dep head="16-4" type="advmod"/>
                </token>
                <token content="crowded" id="16-4">
                    <pos type="VBD"/>
                    <lemma type="crowd"/>
                </token>
                <token content="that" id="16-5">
                    <pos type="IN"/>
                    <lemma type="that"/>
                    <dep head="16-8" type="mark"/>
                </token>
                <token content="I" id="16-6">
                    <pos type="PRP"/>
                    <lemma type="I"/>
                    <dep head="16-8" type="nsubj"/>
                </token>
                <token content="am" id="16-7">
                    <pos type="VBP"/>
                    <lemma type="be"/>
                    <dep head="16-8" type="aux"/>
                </token>
                <token content="sandwiched" id="16-8">
                    <pos type="VBG"/>
                    <lemma type="sandwich"/>
                    <dep head="16-4" type="ccomp"/>
                </token>
                <token content="in" id="16-9">
                    <pos type="RP"/>
                    <lemma type="in"/>
                    <dep head="16-8" type="prt"/>
                </token>
                <token content="between" id="16-10"/>
                <token content="people" id="16-11">
                    <pos type="NNS"/>
                    <lemma type="people"/>
                    <dep head="16-8" type="prep"/>
                </token>
                <token content="." id="16-12"/>
            </sentence>
            <sentence id="17">
                <token content="If" id="17-1">
                    <pos type="IN"/>
                    <lemma type="if"/>
                </token>
                <token content="I" id="17-2">
                    <pos type="PRP"/>
                    <lemma type="I"/>
                </token>
                <token content="am" id="17-3">
                    <pos type="VBP"/>
                    <lemma type="be"/>
                </token>
                <token content="lucky" id="17-4">
                    <pos type="JJ"/>
                    <lemma type="lucky"/>
                </token>
                <token content="," id="17-5"/>
                <token content="sometimes" id="17-6">
                    <pos type="RB"/>
                    <lemma type="sometimes"/>
                </token>
                <token content="there" id="17-7">
                    <pos type="EX"/>
                    <lemma type="there"/>
                </token>
                <token content="will" id="17-8">
                    <pos type="MD"/>
                    <lemma type="will"/>
                </token>
                <token content="be" id="17-9">
                    <pos type="VB"/>
                    <lemma type="be"/>
                </token>
                <token content="open" id="17-10">
                    <pos type="JJ"/>
                    <lemma type="open"/>
                </token>
                <token content="seats" id="17-11">
                    <pos type="NNS"/>
                    <lemma type="seat"/>
                </token>
                <token content="." id="17-12"/>
            </sentence>
            <sentence id="18">
                <token content="Otherwise" id="18-1">
                    <pos type="RB"/>
                    <lemma type="otherwise"/>
                    <dep head="18-4" type="advmod"/>
                </token>
                <token content="," id="18-2"/>
                <token content="I" id="18-3">
                    <pos type="PRP"/>
                    <lemma type="I"/>
                    <dep head="18-4" type="nsubj"/>
                </token>
                <token content="have" id="18-4">
                    <pos type="VBP"/>
                    <lemma type="have"/>
                </token>
                <token content="to" id="18-5">
                    <pos type="TO"/>
                    <lemma type="to"/>
                    <dep head="18-6" type="aux"/>
                </token>
                <token content="stand" id="18-6">
                    <pos type="VB"/>
                    <lemma type="stand"/>
                    <dep head="18-4" type="xcomp"/>
                </token>
                <token content="for" id="18-7"/>
                <token content="40" id="18-8">
                    <pos type="CD"/>
                    <lemma type="40"/>
                </token>
                <token content="minutes" id="18-9">
                    <pos type="NNS"/>
                    <lemma type="minute"/>
                    <dep head="18-6" type="prep"/>
                </token>
                <token content="." id="18-10"/>
            </sentence>
        </sentences>
    </text>
    <annotations>
        <participants>
            <label from="1-1" id="0" name="ScrPart_passenger" text="I" type="participant"/>
            <label from="1-4" id="1" name="ScrPart_bus" text="bus" type="participant"/>
            <label from="1-6" id="2" name="ScrPart_destination" text="school" type="participant"/>
            <label from="1-7" id="3" name="ScrPart_time/date" text="everyday" type="participant"/>
            <label from="2-1" id="4" name="ScrPart_passenger" text="I" type="participant"/>
            <label from="2-4" id="5" name="NPart" text="New York City" to="2-6" type="participant"/>
            <label from="2-10" id="6" name="ScrPart_bus" text="bus" type="participant"/>
            <label from="2-14" id="7" name="NPart" text="thing" type="participant"/>
            <label from="3-1" id="8" name="ScrPart_passenger" text="Everyone" type="participant"/>
            <label from="3-3" id="9" name="No_label" text="it" type="participant"/>
            <label from="3-5" id="10" name="No_label" text="it" type="participant"/>
            <label from="4-2" id="11" name="ScrPart_passenger" text="our" type="participant"/>
            <label from="4-3" id="12" name="NPart" text="city" type="participant"/>
            <label from="4-5" id="13" name="No_label" text="it" type="participant"/>
            <label from="5-5" id="14" name="ScrPart_bus" text="public transportation" to="5-6" type="participant"/>
            <label from="5-6" id="15" name="ScrPart_bus" text="transportation" type="participant"/>
            <label from="5-8" id="16" name="ScrPart_passenger" text="us" type="participant"/>
            <label from="5-10" id="17" name="No_label" text="lot" type="participant"/>
            <label from="5-12" id="18" name="ScrPart_money" text="money" type="participant"/>
            <label from="6-2" id="19" name="NPart" text="morning" type="participant"/>
            <label from="6-4" id="20" name="ScrPart_passenger" text="I" type="participant"/>
            <label from="6-7" id="21" name="ScrPart_destination" text="school" type="participant"/>
            <label from="6-9" id="22" name="ScrPart_passenger" text="I" type="participant"/>
            <label from="6-13" id="23" name="ScrPart_bus_stop" text="bus stop" to="6-14" type="participant"/>
            <label from="6-14" id="24" name="ScrPart_bus_stop" text="stop" type="participant"/>
            <label from="7-2" id="25" name="NPart" text="morning" type="participant"/>
            <label from="7-3" id="26" name="ScrPart_bus" text="bus" type="participant"/>
            <label from="7-7" id="27" name="ScrPart_time/date" text="minutes" type="participant"/>
            <label from="8-2" id="28" name="ScrPart_bus" text="it" type="participant"/>
            <label from="8-4" id="29" name="ScrPart_passenger" text="I" type="participant"/>
            <label from="8-8" id="30" name="ScrPart_bus" text="bus" type="participant"/>
            <label from="8-10" id="31" name="ScrPart_passenger" text="I" type="participant"/>
            <label from="8-12" id="32" name="ScrPart_passenger" text="my" type="participant"/>
            <label from="8-13" id="33" name="ScrPart_card/ticket" text="metro card" to="8-14" type="participant"/>
            <label from="8-14" id="34" name="ScrPart_card/ticket" text="card" type="participant"/>
            <label from="9-2" id="35" name="ScrPart_card/ticket" text="metro card" to="9-3" type="participant"/>
            <label from="9-3" id="36" name="ScrPart_card/ticket" text="card" type="participant"/>
            <label from="9-6" id="37" name="NPart" text="balance" type="participant"/>
            <label from="9-8" id="38" name="ScrPart_money" text="money" type="participant"/>
            <label from="9-11" id="39" name="ScrPart_card/ticket" text="it" type="participant"/>
            <label from="10-2" id="40" name="ScrPart_money" text="money" type="participant"/>
            <label from="10-7" id="41" name="NPart" text="balance" type="participant"/>
            <label from="10-9" id="42" name="NPart" text="time" type="participant"/>
            <label from="10-10" id="43" name="ScrPart_passenger" text="I" type="participant"/>
            <label from="10-13" id="44" name="ScrPart_bus" text="bus" type="participant"/>
            <label from="10-16" id="45" name="ScrPart_passenger" text="my" type="participant"/>
            <label from="10-17" id="46" name="ScrPart_card/ticket" text="metro card" to="10-18" type="participant"/>
            <label from="10-18" id="47" name="ScrPart_card/ticket" text="card" type="participant"/>
            <label from="11-3" id="48" name="ScrPart_card/ticket" text="metro card" to="11-4" type="participant"/>
            <label from="11-4" id="49" name="ScrPart_card/ticket" text="card" type="participant"/>
            <label from="11-8" id="50" name="ScrPart_ride" text="bus ride" to="11-9" type="participant"/>
            <label from="11-9" id="51" name="ScrPart_ride" text="ride" type="participant"/>
            <label from="12-2" id="52" name="ScrPart_passenger" text="I" type="participant"/>
            <label from="12-6" id="53" name="ScrPart_money" text="money" type="participant"/>
            <label from="12-8" id="54" name="ScrPart_passenger" text="I" type="participant"/>
            <label from="12-12" id="55" name="ScrPart_payment_machine" text="metro card machine" to="12-14" type="participant"/>
            <label from="12-14" id="56" name="ScrPart_payment_machine" text="machine" type="participant"/>
            <label from="12-18" id="57" name="ScrPart_money" text="money" type="participant"/>
            <label from="12-20" id="58" name="ScrPart_passenger" text="my" type="participant"/>
            <label from="12-21" id="59" name="NPart" text="balance" type="participant"/>
            <label from="13-3" id="60" name="ScrPart_bus" text="bus" type="participant"/>
            <label from="14-3" id="61" name="ScrPart_time/date" text="morning" type="participant"/>
            <label from="14-5" id="62" name="ScrPart_bus" text="it" type="participant"/>
            <label from="14-15" id="63" name="ScrPart_seat_in_bus" text="seats" type="participant"/>
            <label from="14-17" id="64" name="ScrPart_passenger" text="everybody" type="participant"/>
            <label from="15-3" id="65" name="ScrPart_passenger" text="I" type="participant"/>
            <label from="15-12" id="66" name="ScrPart_rail" text="pole" type="participant"/>
            <label from="16-2" id="67" name="ScrPart_bus" text="its" type="participant"/>
            <label from="16-6" id="68" name="ScrPart_passenger" text="I" type="participant"/>
            <label from="16-11" id="69" name="ScrPart_passenger" text="people" type="participant"/>
            <label from="17-2" id="70" name="ScrPart_passenger" text="I" type="participant"/>
            <label from="17-11" id="71" name="ScrPart_seat_in_bus" text="seats" type="participant"/>
            <label from="18-3" id="72" name="ScrPart_passenger" text="I" type="participant"/>
            <label from="18-9" id="73" name="ScrPart_time/date" text="minutes" type="participant"/>
        </participants>
        <events>
            <label from="1-2" id="74" name="Evoking" text="ride the bus" to="1-4" type="event"/>
            <label from="2-2" id="75" name="UnrelEv" text="live" type="event"/>
            <label from="2-8" id="76" name="Evoking" text="riding the bus" to="2-10" type="event"/>
            <label from="2-11" id="77" name="UnrelEv" text="is" type="event"/>
            <label from="3-2" id="78" name="RelNScrEv" text="does" type="event"/>
            <label from="3-6" id="79" name="UnrelEv" text="is" type="event"/>
            <label from="4-6" id="80" name="UnrelEv" text="is" type="event"/>
            <label from="4-11" id="81" name="UnrelEv" text="driving" type="event"/>
            <label from="4-12" id="82" name="UnrelEv" text="is" type="event"/>
            <label from="5-1" id="83" name="UnrelEv" text="Parking" type="event"/>
            <label from="5-7" id="84" name="RelNScrEv" text="saves" type="event"/>
            <label from="6-5" id="85" name="UnrelEv" text="go" type="event"/>
            <label from="6-10" id="86" name="ScrEv_wait" text="wait" type="event"/>
            <label from="7-4" id="87" name="RelNScrEv" text="comes" type="event"/>
            <label from="8-3" id="88" name="ScrEv_bus_comes" text="arrives" type="event"/>
            <label from="8-5" id="89" name="ScrEv_board_bus" text="board" type="event"/>
            <label from="8-11" id="90" name="ScrEv_get_ticket" text="insert" type="event"/>
            <label from="9-4" id="91" name="RelNScrEv" text="has" type="event"/>
            <label from="9-9" id="92" name="RelNScrEv" text="stored" type="event"/>
            <label from="10-3" id="93" name="UnrelEv" text="is" type="event"/>
            <label from="10-4" id="94" name="RelNScrEv" text="subtracted" type="event"/>
            <label from="10-11" id="95" name="RelNScrEv" text="ride" type="event"/>
            <label from="10-15" id="96" name="RelNScrEv" text="insert" type="event"/>
            <label from="11-5" id="97" name="RelNScrEv" text="pays" type="event"/>
            <label from="12-3" id="98" name="UnrelEv" text="run out" to="12-4" type="event"/>
            <label from="12-3" id="99" name="UnrelEv" text="run" type="event"/>
            <label from="12-9" id="100" name="RelNScrEv" text="go to" to="12-10" type="event"/>
            <label from="12-9" id="101" name="RelNScrEv" text="go" type="event"/>
            <label from="12-16" id="102" name="RelNScrEv" text="put" type="event"/>
            <label from="13-1" id="103" name="Evoking" text="Riding the bus" to="13-3" type="event"/>
            <label from="13-4" id="104" name="UnrelEv" text="is" type="event"/>
            <label from="14-6" id="105" name="RelNScrEv" text="is" type="event"/>
            <label from="14-12" id="106" name="RelNScrEv" text="are" type="event"/>
            <label from="15-2" id="107" name="UnrelEv" text="means" type="event"/>
            <label from="15-6" id="108" name="ScrEv_spend_time_bus" text="stand" type="event"/>
            <label from="15-8" id="109" name="RelNScrEv" text="holding" type="event"/>
            <label from="16-8" id="110" name="UnrelEv" text="sandwiched" type="event"/>
            <label from="17-3" id="111" name="UnrelEv" text="am" type="event"/>
            <label from="17-9" id="112" name="RelNScrEv" text="be" type="event"/>
            <label from="18-6" id="113" name="ScrEv_spend_time_bus" text="stand" type="event"/>
        </events>
        <chains>
            <chain elements="0 4 20 22 29 31 32 43 45 52 54 58 65 68 70 72"/>
            <chain elements="1 6 15 26 28 30 60 62 67"/>
            <chain elements="8 11"/>
            <chain elements="34 36 39 47 49"/>
            <chain elements="38 40 53 57"/>
            <chain elements="63 71"/>
        </chains>
    </annotations>
</story>
