<?xml version="1.0" encoding="UTF-8" standalone="no"?>
<!DOCTYPE story SYSTEM "../InScript.dtd">
<story id="083" scenario="bus">
    <text>
        <content>Do n't own a car ? 
Tired of walking around ? 
Well I have a perfect solution for you , and it 's right under your nose . 
Head to your local corner bus stop and travel on another form of transportation ! 
It 's very simple if you live in an Urban setting , and still pretty simple in the suburbs . 
A good resource first is to look up a bus schedule on the internet . 
Additionally , you could search the sidewalks for prominent signage that indicates a bus will stop in your area . 
Once you decide on where you want to go , and the time at which the bus comes , just head out to this stop and simply wait . 
A bus will eventually show up where you can board and pay directly to the bus driver . 
Once paid , simply find an open seat and gaze out the window at the bustling of life that you are passing by . 
Eventually you will arrive at your destination and can exit the bus . 
Once you finish running your errands simply return to another bus spot and find a ride home . </content>
        <sentences>
            <sentence id="1">
                <token content="Do" id="1-1">
                    <pos type="VB"/>
                    <lemma type="do"/>
                    <dep head="1-3" type="aux"/>
                </token>
                <token content="n't" id="1-2">
                    <pos type="RB"/>
                    <lemma type="not"/>
                    <dep head="1-3" type="neg"/>
                </token>
                <token content="own" id="1-3">
                    <pos type="VB"/>
                    <lemma type="own"/>
                </token>
                <token content="a" id="1-4">
                    <pos type="DT"/>
                    <lemma type="a"/>
                </token>
                <token content="car" id="1-5">
                    <pos type="NN"/>
                    <lemma type="car"/>
                    <dep head="1-3" type="dobj"/>
                </token>
                <token content="?" id="1-6"/>
            </sentence>
            <sentence id="2">
                <token content="Tired" id="2-1">
                    <pos type="NNP"/>
                    <lemma type="Tired"/>
                </token>
                <token content="of" id="2-2"/>
                <token content="walking" id="2-3">
                    <pos type="VBG"/>
                    <lemma type="walk"/>
                </token>
                <token content="around" id="2-4">
                    <pos type="RP"/>
                    <lemma type="around"/>
                    <dep head="2-3" type="prt"/>
                </token>
                <token content="?" id="2-5"/>
            </sentence>
            <sentence id="3">
                <token content="Well" id="3-1">
                    <pos type="UH"/>
                    <lemma type="well"/>
                    <dep head="3-3" type="discourse"/>
                </token>
                <token content="I" id="3-2">
                    <pos type="PRP"/>
                    <lemma type="I"/>
                    <dep head="3-3" type="nsubj"/>
                </token>
                <token content="have" id="3-3">
                    <pos type="VBP"/>
                    <lemma type="have"/>
                </token>
                <token content="a" id="3-4">
                    <pos type="DT"/>
                    <lemma type="a"/>
                </token>
                <token content="perfect" id="3-5">
                    <pos type="JJ"/>
                    <lemma type="perfect"/>
                </token>
                <token content="solution" id="3-6">
                    <pos type="NN"/>
                    <lemma type="solution"/>
                    <dep head="3-3" type="dobj"/>
                </token>
                <token content="for" id="3-7"/>
                <token content="you" id="3-8">
                    <pos type="PRP"/>
                    <lemma type="you"/>
                </token>
                <token content="," id="3-9"/>
                <token content="and" id="3-10"/>
                <token content="it" id="3-11">
                    <pos type="PRP"/>
                    <lemma type="it"/>
                </token>
                <token content="'s" id="3-12">
                    <pos type="VBZ"/>
                    <lemma type="be"/>
                </token>
                <token content="right" id="3-13">
                    <pos type="JJ"/>
                    <lemma type="right"/>
                    <dep head="3-3" type="conj"/>
                </token>
                <token content="under" id="3-14"/>
                <token content="your" id="3-15">
                    <pos type="PRP$"/>
                    <lemma type="you"/>
                </token>
                <token content="nose" id="3-16">
                    <pos type="NN"/>
                    <lemma type="nose"/>
                </token>
                <token content="." id="3-17"/>
            </sentence>
            <sentence id="4">
                <token content="Head" id="4-1">
                    <pos type="NNP"/>
                    <lemma type="Head"/>
                    <dep head="4-7" type="nsubj"/>
                </token>
                <token content="to" id="4-2"/>
                <token content="your" id="4-3">
                    <pos type="PRP$"/>
                    <lemma type="you"/>
                </token>
                <token content="local" id="4-4">
                    <pos type="JJ"/>
                    <lemma type="local"/>
                </token>
                <token content="corner" id="4-5">
                    <pos type="NN"/>
                    <lemma type="corner"/>
                </token>
                <token content="bus" id="4-6">
                    <pos type="NN"/>
                    <lemma type="bus"/>
                </token>
                <token content="stop" id="4-7">
                    <pos type="VBP"/>
                    <lemma type="stop"/>
                </token>
                <token content="and" id="4-8"/>
                <token content="travel" id="4-9">
                    <pos type="VBP"/>
                    <lemma type="travel"/>
                    <dep head="4-7" type="conj"/>
                </token>
                <token content="on" id="4-10"/>
                <token content="another" id="4-11">
                    <pos type="DT"/>
                    <lemma type="another"/>
                </token>
                <token content="form" id="4-12">
                    <pos type="NN"/>
                    <lemma type="form"/>
                    <dep head="4-7" type="prep"/>
                </token>
                <token content="of" id="4-13"/>
                <token content="transportation" id="4-14">
                    <pos type="NN"/>
                    <lemma type="transportation"/>
                </token>
                <token content="!" id="4-15"/>
            </sentence>
            <sentence id="5">
                <token content="It" id="5-1">
                    <pos type="PRP"/>
                    <lemma type="it"/>
                </token>
                <token content="'s" id="5-2">
                    <pos type="VBZ"/>
                    <lemma type="be"/>
                </token>
                <token content="very" id="5-3">
                    <pos type="RB"/>
                    <lemma type="very"/>
                </token>
                <token content="simple" id="5-4">
                    <pos type="JJ"/>
                    <lemma type="simple"/>
                </token>
                <token content="if" id="5-5">
                    <pos type="IN"/>
                    <lemma type="if"/>
                    <dep head="5-7" type="mark"/>
                </token>
                <token content="you" id="5-6">
                    <pos type="PRP"/>
                    <lemma type="you"/>
                    <dep head="5-7" type="nsubj"/>
                </token>
                <token content="live" id="5-7">
                    <pos type="VBP"/>
                    <lemma type="live"/>
                </token>
                <token content="in" id="5-8"/>
                <token content="an" id="5-9">
                    <pos type="DT"/>
                    <lemma type="a"/>
                </token>
                <token content="Urban" id="5-10">
                    <pos type="NNP"/>
                    <lemma type="Urban"/>
                </token>
                <token content="setting" id="5-11">
                    <pos type="NN"/>
                    <lemma type="setting"/>
                    <dep head="5-7" type="prep"/>
                </token>
                <token content="," id="5-12"/>
                <token content="and" id="5-13"/>
                <token content="still" id="5-14">
                    <pos type="RB"/>
                    <lemma type="still"/>
                </token>
                <token content="pretty" id="5-15">
                    <pos type="RB"/>
                    <lemma type="pretty"/>
                </token>
                <token content="simple" id="5-16">
                    <pos type="JJ"/>
                    <lemma type="simple"/>
                    <dep head="5-7" type="conj"/>
                </token>
                <token content="in" id="5-17"/>
                <token content="the" id="5-18">
                    <pos type="DT"/>
                    <lemma type="the"/>
                </token>
                <token content="suburbs" id="5-19">
                    <pos type="NNS"/>
                    <lemma type="suburb"/>
                </token>
                <token content="." id="5-20"/>
            </sentence>
            <sentence id="6">
                <token content="A" id="6-1">
                    <pos type="DT"/>
                    <lemma type="a"/>
                </token>
                <token content="good" id="6-2">
                    <pos type="JJ"/>
                    <lemma type="good"/>
                </token>
                <token content="resource" id="6-3">
                    <pos type="NN"/>
                    <lemma type="resource"/>
                    <dep head="6-5" type="nsubj"/>
                </token>
                <token content="first" id="6-4">
                    <pos type="RB"/>
                    <lemma type="first"/>
                    <dep head="6-5" type="advmod"/>
                </token>
                <token content="is" id="6-5">
                    <pos type="VBZ"/>
                    <lemma type="be"/>
                </token>
                <token content="to" id="6-6">
                    <pos type="TO"/>
                    <lemma type="to"/>
                    <dep head="6-7" type="aux"/>
                </token>
                <token content="look" id="6-7">
                    <pos type="VB"/>
                    <lemma type="look"/>
                    <dep head="6-5" type="xcomp"/>
                </token>
                <token content="up" id="6-8">
                    <pos type="RP"/>
                    <lemma type="up"/>
                    <dep head="6-7" type="prt"/>
                </token>
                <token content="a" id="6-9">
                    <pos type="DT"/>
                    <lemma type="a"/>
                </token>
                <token content="bus" id="6-10">
                    <pos type="NN"/>
                    <lemma type="bus"/>
                </token>
                <token content="schedule" id="6-11">
                    <pos type="NN"/>
                    <lemma type="schedule"/>
                    <dep head="6-7" type="dobj"/>
                </token>
                <token content="on" id="6-12"/>
                <token content="the" id="6-13">
                    <pos type="DT"/>
                    <lemma type="the"/>
                </token>
                <token content="internet" id="6-14">
                    <pos type="NN"/>
                    <lemma type="internet"/>
                </token>
                <token content="." id="6-15"/>
            </sentence>
            <sentence id="7">
                <token content="Additionally" id="7-1">
                    <pos type="RB"/>
                    <lemma type="additionally"/>
                    <dep head="7-5" type="advmod"/>
                </token>
                <token content="," id="7-2"/>
                <token content="you" id="7-3">
                    <pos type="PRP"/>
                    <lemma type="you"/>
                    <dep head="7-5" type="nsubj"/>
                </token>
                <token content="could" id="7-4">
                    <pos type="MD"/>
                    <lemma type="could"/>
                    <dep head="7-5" type="aux"/>
                </token>
                <token content="search" id="7-5">
                    <pos type="VB"/>
                    <lemma type="search"/>
                </token>
                <token content="the" id="7-6">
                    <pos type="DT"/>
                    <lemma type="the"/>
                </token>
                <token content="sidewalks" id="7-7">
                    <pos type="NNS"/>
                    <lemma type="sidewalk"/>
                    <dep head="7-5" type="dobj"/>
                </token>
                <token content="for" id="7-8"/>
                <token content="prominent" id="7-9">
                    <pos type="JJ"/>
                    <lemma type="prominent"/>
                </token>
                <token content="signage" id="7-10">
                    <pos type="NN"/>
                    <lemma type="signage"/>
                    <dep head="7-5" type="prep"/>
                </token>
                <token content="that" id="7-11">
                    <pos type="WDT"/>
                    <lemma type="that"/>
                    <dep head="7-12" type="nsubj"/>
                </token>
                <token content="indicates" id="7-12">
                    <pos type="VBZ"/>
                    <lemma type="indicate"/>
                </token>
                <token content="a" id="7-13">
                    <pos type="DT"/>
                    <lemma type="a"/>
                </token>
                <token content="bus" id="7-14">
                    <pos type="NN"/>
                    <lemma type="bus"/>
                    <dep head="7-16" type="nsubj"/>
                </token>
                <token content="will" id="7-15">
                    <pos type="MD"/>
                    <lemma type="will"/>
                    <dep head="7-16" type="aux"/>
                </token>
                <token content="stop" id="7-16">
                    <pos type="VB"/>
                    <lemma type="stop"/>
                    <dep head="7-12" type="ccomp"/>
                </token>
                <token content="in" id="7-17"/>
                <token content="your" id="7-18">
                    <pos type="PRP$"/>
                    <lemma type="you"/>
                </token>
                <token content="area" id="7-19">
                    <pos type="NN"/>
                    <lemma type="area"/>
                    <dep head="7-16" type="prep"/>
                </token>
                <token content="." id="7-20"/>
            </sentence>
            <sentence id="8">
                <token content="Once" id="8-1">
                    <pos type="IN"/>
                    <lemma type="once"/>
                    <dep head="8-3" type="mark"/>
                </token>
                <token content="you" id="8-2">
                    <pos type="PRP"/>
                    <lemma type="you"/>
                    <dep head="8-3" type="nsubj"/>
                </token>
                <token content="decide" id="8-3">
                    <pos type="VBP"/>
                    <lemma type="decide"/>
                    <dep head="8-21" type="advcl"/>
                </token>
                <token content="on" id="8-4"/>
                <token content="where" id="8-5">
                    <pos type="WRB"/>
                    <lemma type="where"/>
                    <dep head="8-7" type="advmod"/>
                </token>
                <token content="you" id="8-6">
                    <pos type="PRP"/>
                    <lemma type="you"/>
                    <dep head="8-7" type="nsubj"/>
                </token>
                <token content="want" id="8-7">
                    <pos type="VBP"/>
                    <lemma type="want"/>
                    <dep head="8-3" type="prepc"/>
                </token>
                <token content="to" id="8-8">
                    <pos type="TO"/>
                    <lemma type="to"/>
                    <dep head="8-9" type="aux"/>
                </token>
                <token content="go" id="8-9">
                    <pos type="VB"/>
                    <lemma type="go"/>
                    <dep head="8-7" type="xcomp"/>
                </token>
                <token content="," id="8-10"/>
                <token content="and" id="8-11"/>
                <token content="the" id="8-12">
                    <pos type="DT"/>
                    <lemma type="the"/>
                </token>
                <token content="time" id="8-13">
                    <pos type="NN"/>
                    <lemma type="time"/>
                    <dep head="8-9" type="conj"/>
                </token>
                <token content="at" id="8-14"/>
                <token content="which" id="8-15">
                    <pos type="WDT"/>
                    <lemma type="which"/>
                    <dep head="8-18" type="prep"/>
                </token>
                <token content="the" id="8-16">
                    <pos type="DT"/>
                    <lemma type="the"/>
                </token>
                <token content="bus" id="8-17">
                    <pos type="NN"/>
                    <lemma type="bus"/>
                    <dep head="8-18" type="nsubj"/>
                </token>
                <token content="comes" id="8-18">
                    <pos type="VBZ"/>
                    <lemma type="come"/>
                </token>
                <token content="," id="8-19"/>
                <token content="just" id="8-20">
                    <pos type="RB"/>
                    <lemma type="just"/>
                    <dep head="8-21" type="advmod"/>
                </token>
                <token content="head" id="8-21">
                    <pos type="VB"/>
                    <lemma type="head"/>
                </token>
                <token content="out" id="8-22">
                    <pos type="RP"/>
                    <lemma type="out"/>
                    <dep head="8-21" type="prt"/>
                </token>
                <token content="to" id="8-23"/>
                <token content="this" id="8-24">
                    <pos type="DT"/>
                    <lemma type="this"/>
                </token>
                <token content="stop" id="8-25">
                    <pos type="NN"/>
                    <lemma type="stop"/>
                    <dep head="8-21" type="prep"/>
                </token>
                <token content="and" id="8-26"/>
                <token content="simply" id="8-27">
                    <pos type="RB"/>
                    <lemma type="simply"/>
                    <dep head="8-28" type="advmod"/>
                </token>
                <token content="wait" id="8-28">
                    <pos type="VB"/>
                    <lemma type="wait"/>
                    <dep head="8-21" type="conj"/>
                </token>
                <token content="." id="8-29"/>
            </sentence>
            <sentence id="9">
                <token content="A" id="9-1">
                    <pos type="DT"/>
                    <lemma type="a"/>
                </token>
                <token content="bus" id="9-2">
                    <pos type="NN"/>
                    <lemma type="bus"/>
                    <dep head="9-5" type="nsubj"/>
                </token>
                <token content="will" id="9-3">
                    <pos type="MD"/>
                    <lemma type="will"/>
                    <dep head="9-5" type="aux"/>
                </token>
                <token content="eventually" id="9-4">
                    <pos type="RB"/>
                    <lemma type="eventually"/>
                    <dep head="9-5" type="advmod"/>
                </token>
                <token content="show" id="9-5">
                    <pos type="VB"/>
                    <lemma type="show"/>
                </token>
                <token content="up" id="9-6">
                    <pos type="RP"/>
                    <lemma type="up"/>
                    <dep head="9-5" type="prt"/>
                </token>
                <token content="where" id="9-7">
                    <pos type="WRB"/>
                    <lemma type="where"/>
                    <dep head="9-10" type="advmod"/>
                </token>
                <token content="you" id="9-8">
                    <pos type="PRP"/>
                    <lemma type="you"/>
                    <dep head="9-10" type="nsubj"/>
                </token>
                <token content="can" id="9-9">
                    <pos type="MD"/>
                    <lemma type="can"/>
                    <dep head="9-10" type="aux"/>
                </token>
                <token content="board" id="9-10">
                    <pos type="VB"/>
                    <lemma type="board"/>
                    <dep head="9-5" type="advcl"/>
                </token>
                <token content="and" id="9-11"/>
                <token content="pay" id="9-12">
                    <pos type="VB"/>
                    <lemma type="pay"/>
                    <dep head="9-10" type="conj"/>
                </token>
                <token content="directly" id="9-13">
                    <pos type="RB"/>
                    <lemma type="directly"/>
                    <dep head="9-12" type="advmod"/>
                </token>
                <token content="to" id="9-14"/>
                <token content="the" id="9-15">
                    <pos type="DT"/>
                    <lemma type="the"/>
                </token>
                <token content="bus" id="9-16">
                    <pos type="NN"/>
                    <lemma type="bus"/>
                </token>
                <token content="driver" id="9-17">
                    <pos type="NN"/>
                    <lemma type="driver"/>
                    <dep head="9-12" type="prep"/>
                </token>
                <token content="." id="9-18"/>
            </sentence>
            <sentence id="10">
                <token content="Once" id="10-1">
                    <pos type="IN"/>
                    <lemma type="once"/>
                    <dep head="10-2" type="mark"/>
                </token>
                <token content="paid" id="10-2">
                    <pos type="VBD"/>
                    <lemma type="pay"/>
                    <dep head="10-5" type="advcl"/>
                </token>
                <token content="," id="10-3"/>
                <token content="simply" id="10-4">
                    <pos type="RB"/>
                    <lemma type="simply"/>
                    <dep head="10-5" type="advmod"/>
                </token>
                <token content="find" id="10-5">
                    <pos type="VB"/>
                    <lemma type="find"/>
                </token>
                <token content="an" id="10-6">
                    <pos type="DT"/>
                    <lemma type="a"/>
                </token>
                <token content="open" id="10-7">
                    <pos type="JJ"/>
                    <lemma type="open"/>
                </token>
                <token content="seat" id="10-8">
                    <pos type="NN"/>
                    <lemma type="seat"/>
                    <dep head="10-5" type="dobj"/>
                </token>
                <token content="and" id="10-9"/>
                <token content="gaze" id="10-10">
                    <pos type="VB"/>
                    <lemma type="gaze"/>
                    <dep head="10-5" type="conj"/>
                </token>
                <token content="out" id="10-11">
                    <pos type="RP"/>
                    <lemma type="out"/>
                    <dep head="10-10" type="prt"/>
                </token>
                <token content="the" id="10-12">
                    <pos type="DT"/>
                    <lemma type="the"/>
                </token>
                <token content="window" id="10-13">
                    <pos type="NN"/>
                    <lemma type="window"/>
                    <dep head="10-10" type="dobj"/>
                </token>
                <token content="at" id="10-14"/>
                <token content="the" id="10-15">
                    <pos type="DT"/>
                    <lemma type="the"/>
                </token>
                <token content="bustling" id="10-16">
                    <pos type="NN"/>
                    <lemma type="bustling"/>
                </token>
                <token content="of" id="10-17"/>
                <token content="life" id="10-18">
                    <pos type="NN"/>
                    <lemma type="life"/>
                </token>
                <token content="that" id="10-19">
                    <pos type="IN"/>
                    <lemma type="that"/>
                    <dep head="10-22" type="mark"/>
                </token>
                <token content="you" id="10-20">
                    <pos type="PRP"/>
                    <lemma type="you"/>
                    <dep head="10-22" type="nsubj"/>
                </token>
                <token content="are" id="10-21">
                    <pos type="VBP"/>
                    <lemma type="be"/>
                    <dep head="10-22" type="aux"/>
                </token>
                <token content="passing" id="10-22">
                    <pos type="VBG"/>
                    <lemma type="pass"/>
                    <dep head="10-10" type="ccomp"/>
                </token>
                <token content="by" id="10-23">
                    <pos type="IN"/>
                    <lemma type="by"/>
                    <dep head="10-22" type="prep"/>
                </token>
                <token content="." id="10-24"/>
            </sentence>
            <sentence id="11">
                <token content="Eventually" id="11-1">
                    <pos type="RB"/>
                    <lemma type="eventually"/>
                    <dep head="11-4" type="advmod"/>
                </token>
                <token content="you" id="11-2">
                    <pos type="PRP"/>
                    <lemma type="you"/>
                    <dep head="11-4" type="nsubj"/>
                </token>
                <token content="will" id="11-3">
                    <pos type="MD"/>
                    <lemma type="will"/>
                    <dep head="11-4" type="aux"/>
                </token>
                <token content="arrive" id="11-4">
                    <pos type="VB"/>
                    <lemma type="arrive"/>
                </token>
                <token content="at" id="11-5"/>
                <token content="your" id="11-6">
                    <pos type="PRP$"/>
                    <lemma type="you"/>
                </token>
                <token content="destination" id="11-7">
                    <pos type="NN"/>
                    <lemma type="destination"/>
                    <dep head="11-4" type="prep"/>
                </token>
                <token content="and" id="11-8"/>
                <token content="can" id="11-9">
                    <pos type="MD"/>
                    <lemma type="can"/>
                    <dep head="11-10" type="aux"/>
                </token>
                <token content="exit" id="11-10">
                    <pos type="VB"/>
                    <lemma type="exit"/>
                    <dep head="11-4" type="conj"/>
                </token>
                <token content="the" id="11-11">
                    <pos type="DT"/>
                    <lemma type="the"/>
                </token>
                <token content="bus" id="11-12">
                    <pos type="NN"/>
                    <lemma type="bus"/>
                    <dep head="11-10" type="dobj"/>
                </token>
                <token content="." id="11-13"/>
            </sentence>
            <sentence id="12">
                <token content="Once" id="12-1">
                    <pos type="IN"/>
                    <lemma type="once"/>
                    <dep head="12-3" type="mark"/>
                </token>
                <token content="you" id="12-2">
                    <pos type="PRP"/>
                    <lemma type="you"/>
                    <dep head="12-3" type="nsubj"/>
                </token>
                <token content="finish" id="12-3">
                    <pos type="VBP"/>
                    <lemma type="finish"/>
                    <dep head="12-8" type="csubj"/>
                </token>
                <token content="running" id="12-4">
                    <pos type="VBG"/>
                    <lemma type="run"/>
                    <dep head="12-3" type="xcomp"/>
                </token>
                <token content="your" id="12-5">
                    <pos type="PRP$"/>
                    <lemma type="you"/>
                </token>
                <token content="errands" id="12-6">
                    <pos type="NNS"/>
                    <lemma type="errand"/>
                    <dep head="12-4" type="dobj"/>
                </token>
                <token content="simply" id="12-7">
                    <pos type="RB"/>
                    <lemma type="simply"/>
                    <dep head="12-4" type="advmod"/>
                </token>
                <token content="return" id="12-8">
                    <pos type="VB"/>
                    <lemma type="return"/>
                </token>
                <token content="to" id="12-9"/>
                <token content="another" id="12-10">
                    <pos type="DT"/>
                    <lemma type="another"/>
                </token>
                <token content="bus" id="12-11">
                    <pos type="NN"/>
                    <lemma type="bus"/>
                </token>
                <token content="spot" id="12-12">
                    <pos type="NN"/>
                    <lemma type="spot"/>
                    <dep head="12-8" type="prep"/>
                </token>
                <token content="and" id="12-13"/>
                <token content="find" id="12-14">
                    <pos type="VB"/>
                    <lemma type="find"/>
                    <dep head="12-8" type="conj"/>
                </token>
                <token content="a" id="12-15">
                    <pos type="DT"/>
                    <lemma type="a"/>
                </token>
                <token content="ride" id="12-16">
                    <pos type="NN"/>
                    <lemma type="ride"/>
                </token>
                <token content="home" id="12-17">
                    <pos type="NN"/>
                    <lemma type="home"/>
                    <dep head="12-14" type="dobj"/>
                </token>
                <token content="." id="12-18"/>
            </sentence>
        </sentences>
    </text>
    <annotations>
        <participants>
            <label from="1-5" id="0" name="NPart" text="car" type="participant"/>
            <label from="3-2" id="1" name="NPart" text="I" type="participant"/>
            <label from="3-6" id="2" name="NPart" text="solution" type="participant"/>
            <label from="3-8" id="3" name="ScrPart_passenger" text="you" type="participant"/>
            <label from="3-11" id="4" name="NPart" text="it" type="participant"/>
            <label from="3-15" id="5" name="ScrPart_passenger" text="your" type="participant"/>
            <label from="3-16" id="6" name="NPart" text="nose" type="participant"/>
            <label from="4-3" id="7" name="ScrPart_passenger" text="your" type="participant"/>
            <label from="4-5" id="8" name="ScrPart_bus_stop" text="corner bus stop" to="4-7" type="participant"/>
            <label from="4-7" id="9" name="ScrPart_bus_stop" text="stop" type="participant"/>
            <label from="4-12" id="10" name="NPart" text="form" type="participant"/>
            <label from="4-14" id="11" name="NPart" text="transportation" type="participant"/>
            <label from="5-1" id="12" name="No_label" text="It" type="participant"/>
            <label from="5-6" id="13" name="ScrPart_passenger" text="you" type="participant"/>
            <label from="5-10" id="14" name="NPart" text="Urban setting" to="5-11" type="participant"/>
            <label from="5-11" id="15" name="NPart" text="setting" type="participant"/>
            <label from="5-19" id="16" name="NPart" text="suburbs" type="participant"/>
            <label from="6-3" id="17" name="NPart" text="resource" type="participant"/>
            <label from="6-10" id="18" name="ScrPart_time-table" text="bus schedule" to="6-11" type="participant"/>
            <label from="6-11" id="19" name="ScrPart_time-table" text="schedule" type="participant"/>
            <label from="6-14" id="20" name="NPart" text="internet" type="participant"/>
            <label from="7-3" id="21" name="ScrPart_passenger" text="you" type="participant"/>
            <label from="7-7" id="22" name="NPart" text="sidewalks" type="participant"/>
            <label from="7-10" id="23" name="NPart" text="signage" type="participant"/>
            <label from="7-14" id="24" name="ScrPart_bus" text="bus" type="participant"/>
            <label from="7-18" id="25" name="ScrPart_passenger" text="your" type="participant"/>
            <label from="7-19" id="26" name="ScrPart_bus_stop" text="area" type="participant"/>
            <label from="8-2" id="27" name="ScrPart_passenger" text="you" type="participant"/>
            <label from="8-6" id="28" name="ScrPart_passenger" text="you" type="participant"/>
            <label from="8-13" id="29" name="ScrPart_time/date" text="time" type="participant"/>
            <label from="8-17" id="30" name="ScrPart_bus" text="bus" type="participant"/>
            <label from="8-25" id="31" name="ScrPart_bus_stop" text="stop" type="participant"/>
            <label from="9-2" id="32" name="ScrPart_bus" text="bus" type="participant"/>
            <label from="9-8" id="33" name="ScrPart_passenger" text="you" type="participant"/>
            <label from="9-16" id="34" name="ScrPart_bus_staff" text="bus driver" to="9-17" type="participant"/>
            <label from="9-17" id="35" name="ScrPart_bus_staff" text="driver" type="participant"/>
            <label from="10-8" id="36" name="ScrPart_seat_in_bus" text="seat" type="participant"/>
            <label from="10-13" id="37" name="NPart" text="window" type="participant"/>
            <label from="10-16" id="38" name="NPart" text="bustling" type="participant"/>
            <label from="10-18" id="39" name="NPart" text="life" type="participant"/>
            <label from="10-20" id="40" name="ScrPart_passenger" text="you" type="participant"/>
            <label from="11-2" id="41" name="ScrPart_passenger" text="you" type="participant"/>
            <label from="11-6" id="42" name="ScrPart_passenger" text="your" type="participant"/>
            <label from="11-7" id="43" name="ScrPart_destination" text="destination" type="participant"/>
            <label from="11-12" id="44" name="ScrPart_bus" text="bus" type="participant"/>
            <label from="12-2" id="45" name="ScrPart_passenger" text="you" type="participant"/>
            <label from="12-5" id="46" name="ScrPart_passenger" text="your" type="participant"/>
            <label from="12-6" id="47" name="SuppVComp" text="errands" type="participant"/>
            <label from="12-11" id="48" name="ScrPart_bus_stop" text="bus spot" to="12-12" type="participant"/>
            <label from="12-12" id="49" name="ScrPart_bus_stop" text="spot" type="participant"/>
            <label from="12-16" id="50" name="ScrPart_ride" text="ride" type="participant"/>
            <label from="12-17" id="51" name="NPart" text="home" type="participant"/>
        </participants>
        <events>
            <label from="1-3" id="52" name="UnrelEv" text="own" type="event"/>
            <label from="2-3" id="53" name="UnrelEv" text="walking" type="event"/>
            <label from="3-3" id="54" name="UnrelEv" text="have" type="event"/>
            <label from="3-12" id="55" name="UnrelEv" text="'s" type="event"/>
            <label from="4-1" id="56" name="ScrEv_get_bus_stop" text="Head" type="event"/>
            <label from="4-9" id="57" name="RelNScrEv" text="travel" type="event"/>
            <label from="5-2" id="58" name="UnrelEv" text="'s" type="event"/>
            <label from="5-7" id="59" name="UnrelEv" text="live" type="event"/>
            <label from="6-5" id="60" name="UnrelEv" text="is" type="event"/>
            <label from="6-7" id="61" name="ScrEv_check_time-table" text="look up" to="6-8" type="event"/>
            <label from="7-5" id="62" name="ScrEv_find_bus" text="search" type="event"/>
            <label from="7-12" id="63" name="UnrelEv" text="indicates" type="event"/>
            <label from="7-16" id="64" name="ScrEv_bus_stops" text="stop" type="event"/>
            <label from="8-3" id="65" name="UnrelEv" text="decide" type="event"/>
            <label from="8-7" id="66" name="UnrelEv" text="want" type="event"/>
            <label from="8-9" id="67" name="RelNScrEv" text="go" type="event"/>
            <label from="8-18" id="68" name="ScrEv_bus_comes" text="comes" type="event"/>
            <label from="8-21" id="69" name="ScrEv_get_bus_stop" text="head" type="event"/>
            <label from="8-28" id="70" name="ScrEv_wait" text="wait" type="event"/>
            <label from="9-5" id="71" name="ScrEv_bus_comes" text="show up" to="9-6" type="event"/>
            <label from="9-10" id="72" name="ScrEv_board_bus" text="board" type="event"/>
            <label from="9-12" id="73" name="ScrEv_get_ticket" text="pay" type="event"/>
            <label from="10-2" id="74" name="ScrEv_get_ticket" text="paid" type="event"/>
            <label from="10-5" id="75" name="ScrEv_find_place" text="find" type="event"/>
            <label from="10-10" id="76" name="ScrEv_spend_time_bus" text="gaze" type="event"/>
            <label from="10-22" id="77" name="RelNScrEv" text="passing by" to="10-23" type="event"/>
            <label from="11-4" id="78" name="ScrEv_bus_stops" text="arrive" type="event"/>
            <label from="11-10" id="79" name="ScrEv_get_off" text="exit" type="event"/>
            <label from="12-3" id="80" name="UnrelEv" text="finish" type="event"/>
            <label from="12-4" id="81" name="UnrelEv" text="running" type="event"/>
            <label from="12-8" id="82" name="ScrEv_get_bus_stop" text="return" type="event"/>
            <label from="12-14" id="83" name="ScrEv_find_bus" text="find" type="event"/>
        </events>
        <chains>
            <chain elements="3 5 7 13 21 25 27 28 33 40 41 42 45 46"/>
            <chain elements="9 26 31"/>
            <chain elements="24 30 32 44"/>
        </chains>
    </annotations>
</story>
