<?xml version="1.0" encoding="UTF-8" standalone="no"?>
<!DOCTYPE story SYSTEM "../InScript.dtd">
<story id="040" scenario="bus">
    <text>
        <content>Late last week on my way home from work I got into an accident that damaged my car . 
Luckily everyone who was involved came out uninjured but my car was damaged and would have to spend about two weeks in the shop . 
Since my insurance did not cover a rent a car this meant that I had to take public transportation for the next couple of weeks to get to work . 
I was fortunate to have a bus stop only a couple of blocks from my house so I would walk to the bus stop and wait for the bus with the other people . 
Some people talked to one another and others like myself had headphones in , listening to music . 
It is not that I am against talking to people I am just not really a morning person and do not feel like it at 7AM . 
The bus pulled up and we got in line to board and showed him our ticket to ride . 
I then grabbed a seat and gazed out the window until I reached my stop downtown . 
I got up , thanked the bus driver and got off the bus and started walking down the street to work . </content>
        <sentences>
            <sentence id="1">
                <token content="Late" id="1-1">
                    <pos type="RB"/>
                    <lemma type="late"/>
                </token>
                <token content="last" id="1-2">
                    <pos type="JJ"/>
                    <lemma type="last"/>
                </token>
                <token content="week" id="1-3">
                    <pos type="NN"/>
                    <lemma type="week"/>
                    <dep head="1-11" type="npadvmod"/>
                </token>
                <token content="on" id="1-4"/>
                <token content="my" id="1-5">
                    <pos type="PRP$"/>
                    <lemma type="my"/>
                </token>
                <token content="way" id="1-6">
                    <pos type="NN"/>
                    <lemma type="way"/>
                </token>
                <token content="home" id="1-7">
                    <pos type="NN"/>
                    <lemma type="home"/>
                    <dep head="1-11" type="prep"/>
                </token>
                <token content="from" id="1-8"/>
                <token content="work" id="1-9">
                    <pos type="NN"/>
                    <lemma type="work"/>
                </token>
                <token content="I" id="1-10">
                    <pos type="PRP"/>
                    <lemma type="I"/>
                    <dep head="1-11" type="nsubj"/>
                </token>
                <token content="got" id="1-11">
                    <pos type="VBD"/>
                    <lemma type="get"/>
                </token>
                <token content="into" id="1-12"/>
                <token content="an" id="1-13">
                    <pos type="DT"/>
                    <lemma type="a"/>
                </token>
                <token content="accident" id="1-14">
                    <pos type="NN"/>
                    <lemma type="accident"/>
                    <dep head="1-11" type="prep"/>
                </token>
                <token content="that" id="1-15">
                    <pos type="WDT"/>
                    <lemma type="that"/>
                    <dep head="1-16" type="nsubj"/>
                </token>
                <token content="damaged" id="1-16">
                    <pos type="VBD"/>
                    <lemma type="damage"/>
                </token>
                <token content="my" id="1-17">
                    <pos type="PRP$"/>
                    <lemma type="my"/>
                </token>
                <token content="car" id="1-18">
                    <pos type="NN"/>
                    <lemma type="car"/>
                    <dep head="1-16" type="dobj"/>
                </token>
                <token content="." id="1-19"/>
            </sentence>
            <sentence id="2">
                <token content="Luckily" id="2-1">
                    <pos type="JJ"/>
                    <lemma type="luckily"/>
                </token>
                <token content="everyone" id="2-2">
                    <pos type="NN"/>
                    <lemma type="everyone"/>
                    <dep head="2-6" type="nsubj"/>
                </token>
                <token content="who" id="2-3">
                    <pos type="WP"/>
                    <lemma type="who"/>
                    <dep head="2-5" type="nsubjpass"/>
                </token>
                <token content="was" id="2-4">
                    <pos type="VBD"/>
                    <lemma type="be"/>
                    <dep head="2-5" type="auxpass"/>
                </token>
                <token content="involved" id="2-5">
                    <pos type="VBN"/>
                    <lemma type="involve"/>
                </token>
                <token content="came" id="2-6">
                    <pos type="VBD"/>
                    <lemma type="come"/>
                </token>
                <token content="out" id="2-7">
                    <pos type="RP"/>
                    <lemma type="out"/>
                    <dep head="2-6" type="prt"/>
                </token>
                <token content="uninjured" id="2-8">
                    <pos type="RB"/>
                    <lemma type="uninjured"/>
                    <dep head="2-6" type="advmod"/>
                </token>
                <token content="but" id="2-9">
                    <pos type="CC"/>
                    <lemma type="but"/>
                    <dep head="2-13" type="cc"/>
                </token>
                <token content="my" id="2-10">
                    <pos type="PRP$"/>
                    <lemma type="my"/>
                </token>
                <token content="car" id="2-11">
                    <pos type="NN"/>
                    <lemma type="car"/>
                    <dep head="2-13" type="nsubjpass"/>
                </token>
                <token content="was" id="2-12">
                    <pos type="VBD"/>
                    <lemma type="be"/>
                    <dep head="2-13" type="auxpass"/>
                </token>
                <token content="damaged" id="2-13">
                    <pos type="VBN"/>
                    <lemma type="damage"/>
                    <dep head="2-6" type="ccomp"/>
                </token>
                <token content="and" id="2-14"/>
                <token content="would" id="2-15">
                    <pos type="MD"/>
                    <lemma type="would"/>
                    <dep head="2-16" type="aux"/>
                </token>
                <token content="have" id="2-16">
                    <pos type="VB"/>
                    <lemma type="have"/>
                    <dep head="2-6" type="conj"/>
                </token>
                <token content="to" id="2-17">
                    <pos type="TO"/>
                    <lemma type="to"/>
                    <dep head="2-18" type="aux"/>
                </token>
                <token content="spend" id="2-18">
                    <pos type="VB"/>
                    <lemma type="spend"/>
                    <dep head="2-16" type="xcomp"/>
                </token>
                <token content="about" id="2-19">
                    <pos type="RB"/>
                    <lemma type="about"/>
                </token>
                <token content="two" id="2-20">
                    <pos type="CD"/>
                    <lemma type="two"/>
                </token>
                <token content="weeks" id="2-21">
                    <pos type="NNS"/>
                    <lemma type="week"/>
                    <dep head="2-18" type="dobj"/>
                </token>
                <token content="in" id="2-22"/>
                <token content="the" id="2-23">
                    <pos type="DT"/>
                    <lemma type="the"/>
                </token>
                <token content="shop" id="2-24">
                    <pos type="NN"/>
                    <lemma type="shop"/>
                </token>
                <token content="." id="2-25"/>
            </sentence>
            <sentence id="3">
                <token content="Since" id="3-1">
                    <pos type="IN"/>
                    <lemma type="since"/>
                    <dep head="3-6" type="mark"/>
                </token>
                <token content="my" id="3-2">
                    <pos type="PRP$"/>
                    <lemma type="my"/>
                </token>
                <token content="insurance" id="3-3">
                    <pos type="NN"/>
                    <lemma type="insurance"/>
                    <dep head="3-6" type="nsubj"/>
                </token>
                <token content="did" id="3-4">
                    <pos type="VBD"/>
                    <lemma type="do"/>
                    <dep head="3-6" type="aux"/>
                </token>
                <token content="not" id="3-5">
                    <pos type="RB"/>
                    <lemma type="not"/>
                    <dep head="3-6" type="neg"/>
                </token>
                <token content="cover" id="3-6">
                    <pos type="VB"/>
                    <lemma type="cover"/>
                    <dep head="3-12" type="advcl"/>
                </token>
                <token content="a" id="3-7">
                    <pos type="DT"/>
                    <lemma type="a"/>
                </token>
                <token content="rent" id="3-8">
                    <pos type="NN"/>
                    <lemma type="rent"/>
                </token>
                <token content="a" id="3-9">
                    <pos type="DT"/>
                    <lemma type="a"/>
                </token>
                <token content="car" id="3-10">
                    <pos type="NN"/>
                    <lemma type="car"/>
                    <dep head="3-6" type="xcomp"/>
                </token>
                <token content="this" id="3-11">
                    <pos type="DT"/>
                    <lemma type="this"/>
                    <dep head="3-12" type="nsubj"/>
                </token>
                <token content="meant" id="3-12">
                    <pos type="VBD"/>
                    <lemma type="mean"/>
                </token>
                <token content="that" id="3-13">
                    <pos type="IN"/>
                    <lemma type="that"/>
                    <dep head="3-15" type="mark"/>
                </token>
                <token content="I" id="3-14">
                    <pos type="PRP"/>
                    <lemma type="I"/>
                    <dep head="3-15" type="nsubj"/>
                </token>
                <token content="had" id="3-15">
                    <pos type="VBD"/>
                    <lemma type="have"/>
                    <dep head="3-12" type="ccomp"/>
                </token>
                <token content="to" id="3-16">
                    <pos type="TO"/>
                    <lemma type="to"/>
                    <dep head="3-17" type="aux"/>
                </token>
                <token content="take" id="3-17">
                    <pos type="VB"/>
                    <lemma type="take"/>
                    <dep head="3-15" type="xcomp"/>
                </token>
                <token content="public" id="3-18">
                    <pos type="JJ"/>
                    <lemma type="public"/>
                </token>
                <token content="transportation" id="3-19">
                    <pos type="NN"/>
                    <lemma type="transportation"/>
                    <dep head="3-17" type="dobj"/>
                </token>
                <token content="for" id="3-20"/>
                <token content="the" id="3-21">
                    <pos type="DT"/>
                    <lemma type="the"/>
                </token>
                <token content="next" id="3-22">
                    <pos type="JJ"/>
                    <lemma type="next"/>
                </token>
                <token content="couple" id="3-23">
                    <pos type="NN"/>
                    <lemma type="couple"/>
                    <dep head="3-17" type="prep"/>
                </token>
                <token content="of" id="3-24"/>
                <token content="weeks" id="3-25">
                    <pos type="NNS"/>
                    <lemma type="week"/>
                </token>
                <token content="to" id="3-26">
                    <pos type="TO"/>
                    <lemma type="to"/>
                    <dep head="3-27" type="aux"/>
                </token>
                <token content="get" id="3-27">
                    <pos type="VB"/>
                    <lemma type="get"/>
                    <dep head="3-15" type="xcomp"/>
                </token>
                <token content="to" id="3-28">
                    <pos type="TO"/>
                    <lemma type="to"/>
                    <dep head="3-29" type="aux"/>
                </token>
                <token content="work" id="3-29">
                    <pos type="VB"/>
                    <lemma type="work"/>
                    <dep head="3-27" type="xcomp"/>
                </token>
                <token content="." id="3-30"/>
            </sentence>
            <sentence id="4">
                <token content="I" id="4-1">
                    <pos type="PRP"/>
                    <lemma type="I"/>
                </token>
                <token content="was" id="4-2">
                    <pos type="VBD"/>
                    <lemma type="be"/>
                </token>
                <token content="fortunate" id="4-3">
                    <pos type="JJ"/>
                    <lemma type="fortunate"/>
                </token>
                <token content="to" id="4-4">
                    <pos type="TO"/>
                    <lemma type="to"/>
                    <dep head="4-5" type="aux"/>
                </token>
                <token content="have" id="4-5">
                    <pos type="VB"/>
                    <lemma type="have"/>
                </token>
                <token content="a" id="4-6">
                    <pos type="DT"/>
                    <lemma type="a"/>
                </token>
                <token content="bus" id="4-7">
                    <pos type="NN"/>
                    <lemma type="bus"/>
                    <dep head="4-8" type="nsubj"/>
                </token>
                <token content="stop" id="4-8">
                    <pos type="VB"/>
                    <lemma type="stop"/>
                    <dep head="4-5" type="ccomp"/>
                </token>
                <token content="only" id="4-9">
                    <pos type="RB"/>
                    <lemma type="only"/>
                </token>
                <token content="a" id="4-10">
                    <pos type="DT"/>
                    <lemma type="a"/>
                </token>
                <token content="couple" id="4-11">
                    <pos type="NN"/>
                    <lemma type="couple"/>
                    <dep head="4-8" type="dobj"/>
                </token>
                <token content="of" id="4-12"/>
                <token content="blocks" id="4-13">
                    <pos type="NNS"/>
                    <lemma type="block"/>
                </token>
                <token content="from" id="4-14"/>
                <token content="my" id="4-15">
                    <pos type="PRP$"/>
                    <lemma type="my"/>
                </token>
                <token content="house" id="4-16">
                    <pos type="NN"/>
                    <lemma type="house"/>
                    <dep head="4-8" type="prep"/>
                </token>
                <token content="so" id="4-17">
                    <pos type="IN"/>
                    <lemma type="so"/>
                    <dep head="4-20" type="mark"/>
                </token>
                <token content="I" id="4-18">
                    <pos type="PRP"/>
                    <lemma type="I"/>
                    <dep head="4-20" type="nsubj"/>
                </token>
                <token content="would" id="4-19">
                    <pos type="MD"/>
                    <lemma type="would"/>
                    <dep head="4-20" type="aux"/>
                </token>
                <token content="walk" id="4-20">
                    <pos type="VB"/>
                    <lemma type="walk"/>
                    <dep head="4-8" type="advcl"/>
                </token>
                <token content="to" id="4-21"/>
                <token content="the" id="4-22">
                    <pos type="DT"/>
                    <lemma type="the"/>
                </token>
                <token content="bus" id="4-23">
                    <pos type="NN"/>
                    <lemma type="bus"/>
                </token>
                <token content="stop" id="4-24">
                    <pos type="NN"/>
                    <lemma type="stop"/>
                    <dep head="4-20" type="prep"/>
                </token>
                <token content="and" id="4-25"/>
                <token content="wait" id="4-26">
                    <pos type="VB"/>
                    <lemma type="wait"/>
                    <dep head="4-8" type="conj"/>
                </token>
                <token content="for" id="4-27"/>
                <token content="the" id="4-28">
                    <pos type="DT"/>
                    <lemma type="the"/>
                </token>
                <token content="bus" id="4-29">
                    <pos type="NN"/>
                    <lemma type="bus"/>
                    <dep head="4-26" type="prep"/>
                </token>
                <token content="with" id="4-30"/>
                <token content="the" id="4-31">
                    <pos type="DT"/>
                    <lemma type="the"/>
                </token>
                <token content="other" id="4-32">
                    <pos type="JJ"/>
                    <lemma type="other"/>
                </token>
                <token content="people" id="4-33">
                    <pos type="NNS"/>
                    <lemma type="people"/>
                </token>
                <token content="." id="4-34"/>
            </sentence>
            <sentence id="5">
                <token content="Some" id="5-1">
                    <pos type="DT"/>
                    <lemma type="some"/>
                </token>
                <token content="people" id="5-2">
                    <pos type="NNS"/>
                    <lemma type="people"/>
                    <dep head="5-3" type="nsubj"/>
                </token>
                <token content="talked" id="5-3">
                    <pos type="VBD"/>
                    <lemma type="talk"/>
                </token>
                <token content="to" id="5-4"/>
                <token content="one" id="5-5">
                    <pos type="CD"/>
                    <lemma type="one"/>
                </token>
                <token content="another" id="5-6">
                    <pos type="DT"/>
                    <lemma type="another"/>
                    <dep head="5-3" type="prep"/>
                </token>
                <token content="and" id="5-7"/>
                <token content="others" id="5-8">
                    <pos type="NNS"/>
                    <lemma type="other"/>
                </token>
                <token content="like" id="5-9">
                    <pos type="IN"/>
                    <lemma type="like"/>
                    <dep head="5-12" type="mark"/>
                </token>
                <token content="myself" id="5-10">
                    <pos type="PRP"/>
                    <lemma type="myself"/>
                    <dep head="5-12" type="nsubj"/>
                </token>
                <token content="had" id="5-11">
                    <pos type="VBD"/>
                    <lemma type="have"/>
                    <dep head="5-12" type="aux"/>
                </token>
                <token content="headphones" id="5-12">
                    <pos type="VBN"/>
                    <lemma type="headphone"/>
                    <dep head="5-3" type="advcl"/>
                </token>
                <token content="in" id="5-13">
                    <pos type="IN"/>
                    <lemma type="in"/>
                    <dep head="5-12" type="prep"/>
                </token>
                <token content="," id="5-14"/>
                <token content="listening" id="5-15">
                    <pos type="VBG"/>
                    <lemma type="listen"/>
                    <dep head="5-3" type="xcomp"/>
                </token>
                <token content="to" id="5-16"/>
                <token content="music" id="5-17">
                    <pos type="NN"/>
                    <lemma type="music"/>
                    <dep head="5-15" type="prep"/>
                </token>
                <token content="." id="5-18"/>
            </sentence>
            <sentence id="6">
                <token content="It" id="6-1">
                    <pos type="PRP"/>
                    <lemma type="it"/>
                    <dep head="6-2" type="nsubj"/>
                </token>
                <token content="is" id="6-2">
                    <pos type="VBZ"/>
                    <lemma type="be"/>
                </token>
                <token content="not" id="6-3">
                    <pos type="RB"/>
                    <lemma type="not"/>
                    <dep head="6-2" type="neg"/>
                </token>
                <token content="that" id="6-4">
                    <pos type="IN"/>
                    <lemma type="that"/>
                    <dep head="6-6" type="mark"/>
                </token>
                <token content="I" id="6-5">
                    <pos type="PRP"/>
                    <lemma type="I"/>
                    <dep head="6-6" type="nsubj"/>
                </token>
                <token content="am" id="6-6">
                    <pos type="VBP"/>
                    <lemma type="be"/>
                    <dep head="6-2" type="ccomp"/>
                </token>
                <token content="against" id="6-7"/>
                <token content="talking" id="6-8">
                    <pos type="VBG"/>
                    <lemma type="talk"/>
                    <dep head="6-6" type="prepc"/>
                </token>
                <token content="to" id="6-9"/>
                <token content="people" id="6-10">
                    <pos type="NNS"/>
                    <lemma type="people"/>
                    <dep head="6-8" type="prep"/>
                </token>
                <token content="I" id="6-11">
                    <pos type="PRP"/>
                    <lemma type="I"/>
                </token>
                <token content="am" id="6-12">
                    <pos type="VBP"/>
                    <lemma type="be"/>
                </token>
                <token content="just" id="6-13">
                    <pos type="RB"/>
                    <lemma type="just"/>
                </token>
                <token content="not" id="6-14">
                    <pos type="RB"/>
                    <lemma type="not"/>
                </token>
                <token content="really" id="6-15">
                    <pos type="RB"/>
                    <lemma type="really"/>
                </token>
                <token content="a" id="6-16">
                    <pos type="DT"/>
                    <lemma type="a"/>
                </token>
                <token content="morning" id="6-17">
                    <pos type="NN"/>
                    <lemma type="morning"/>
                </token>
                <token content="person" id="6-18">
                    <pos type="NN"/>
                    <lemma type="person"/>
                </token>
                <token content="and" id="6-19"/>
                <token content="do" id="6-20">
                    <pos type="VBP"/>
                    <lemma type="do"/>
                    <dep head="6-22" type="aux"/>
                </token>
                <token content="not" id="6-21">
                    <pos type="RB"/>
                    <lemma type="not"/>
                    <dep head="6-22" type="neg"/>
                </token>
                <token content="feel" id="6-22">
                    <pos type="VB"/>
                    <lemma type="feel"/>
                    <dep head="6-6" type="conj"/>
                </token>
                <token content="like" id="6-23"/>
                <token content="it" id="6-24">
                    <pos type="PRP"/>
                    <lemma type="it"/>
                    <dep head="6-22" type="prep"/>
                </token>
                <token content="at" id="6-25"/>
                <token content="7AM" id="6-26">
                    <pos type="CD"/>
                    <lemma type="7am"/>
                    <dep head="6-22" type="prep"/>
                </token>
                <token content="." id="6-27"/>
            </sentence>
            <sentence id="7">
                <token content="The" id="7-1">
                    <pos type="DT"/>
                    <lemma type="the"/>
                </token>
                <token content="bus" id="7-2">
                    <pos type="NN"/>
                    <lemma type="bus"/>
                    <dep head="7-3" type="nsubj"/>
                </token>
                <token content="pulled" id="7-3">
                    <pos type="VBD"/>
                    <lemma type="pull"/>
                </token>
                <token content="up" id="7-4">
                    <pos type="RP"/>
                    <lemma type="up"/>
                    <dep head="7-3" type="prt"/>
                </token>
                <token content="and" id="7-5"/>
                <token content="we" id="7-6">
                    <pos type="PRP"/>
                    <lemma type="we"/>
                    <dep head="7-7" type="nsubj"/>
                </token>
                <token content="got" id="7-7">
                    <pos type="VBD"/>
                    <lemma type="get"/>
                    <dep head="7-3" type="conj"/>
                </token>
                <token content="in" id="7-8"/>
                <token content="line" id="7-9">
                    <pos type="NN"/>
                    <lemma type="line"/>
                    <dep head="7-7" type="prep"/>
                </token>
                <token content="to" id="7-10"/>
                <token content="board" id="7-11">
                    <pos type="NN"/>
                    <lemma type="board"/>
                    <dep head="7-7" type="prep"/>
                </token>
                <token content="and" id="7-12"/>
                <token content="showed" id="7-13">
                    <pos type="VBD"/>
                    <lemma type="show"/>
                    <dep head="7-7" type="conj"/>
                </token>
                <token content="him" id="7-14">
                    <pos type="PRP"/>
                    <lemma type="he"/>
                    <dep head="7-13" type="iobj"/>
                </token>
                <token content="our" id="7-15">
                    <pos type="PRP$"/>
                    <lemma type="we"/>
                </token>
                <token content="ticket" id="7-16">
                    <pos type="NN"/>
                    <lemma type="ticket"/>
                    <dep head="7-13" type="dobj"/>
                </token>
                <token content="to" id="7-17">
                    <pos type="TO"/>
                    <lemma type="to"/>
                    <dep head="7-18" type="aux"/>
                </token>
                <token content="ride" id="7-18">
                    <pos type="VB"/>
                    <lemma type="ride"/>
                    <dep head="7-13" type="vmod"/>
                </token>
                <token content="." id="7-19"/>
            </sentence>
            <sentence id="8">
                <token content="I" id="8-1">
                    <pos type="PRP"/>
                    <lemma type="I"/>
                    <dep head="8-3" type="nsubj"/>
                </token>
                <token content="then" id="8-2">
                    <pos type="RB"/>
                    <lemma type="then"/>
                    <dep head="8-3" type="advmod"/>
                </token>
                <token content="grabbed" id="8-3">
                    <pos type="VBD"/>
                    <lemma type="grab"/>
                </token>
                <token content="a" id="8-4">
                    <pos type="DT"/>
                    <lemma type="a"/>
                </token>
                <token content="seat" id="8-5">
                    <pos type="NN"/>
                    <lemma type="seat"/>
                    <dep head="8-3" type="dobj"/>
                </token>
                <token content="and" id="8-6"/>
                <token content="gazed" id="8-7">
                    <pos type="VBD"/>
                    <lemma type="gaze"/>
                    <dep head="8-3" type="conj"/>
                </token>
                <token content="out" id="8-8">
                    <pos type="RP"/>
                    <lemma type="out"/>
                    <dep head="8-7" type="prt"/>
                </token>
                <token content="the" id="8-9">
                    <pos type="DT"/>
                    <lemma type="the"/>
                </token>
                <token content="window" id="8-10">
                    <pos type="NN"/>
                    <lemma type="window"/>
                    <dep head="8-7" type="dobj"/>
                </token>
                <token content="until" id="8-11">
                    <pos type="IN"/>
                    <lemma type="until"/>
                    <dep head="8-13" type="mark"/>
                </token>
                <token content="I" id="8-12">
                    <pos type="PRP"/>
                    <lemma type="I"/>
                    <dep head="8-13" type="nsubj"/>
                </token>
                <token content="reached" id="8-13">
                    <pos type="VBD"/>
                    <lemma type="reach"/>
                    <dep head="8-3" type="advcl"/>
                </token>
                <token content="my" id="8-14">
                    <pos type="PRP$"/>
                    <lemma type="my"/>
                </token>
                <token content="stop" id="8-15">
                    <pos type="NN"/>
                    <lemma type="stop"/>
                </token>
                <token content="downtown" id="8-16">
                    <pos type="NN"/>
                    <lemma type="downtown"/>
                    <dep head="8-13" type="dobj"/>
                </token>
                <token content="." id="8-17"/>
            </sentence>
            <sentence id="9">
                <token content="I" id="9-1">
                    <pos type="PRP"/>
                    <lemma type="I"/>
                    <dep head="9-2" type="nsubj"/>
                </token>
                <token content="got" id="9-2">
                    <pos type="VBD"/>
                    <lemma type="get"/>
                </token>
                <token content="up" id="9-3">
                    <pos type="RP"/>
                    <lemma type="up"/>
                    <dep head="9-2" type="prt"/>
                </token>
                <token content="," id="9-4"/>
                <token content="thanked" id="9-5">
                    <pos type="VBD"/>
                    <lemma type="thank"/>
                    <dep head="9-2" type="conj"/>
                </token>
                <token content="the" id="9-6">
                    <pos type="DT"/>
                    <lemma type="the"/>
                </token>
                <token content="bus" id="9-7">
                    <pos type="NN"/>
                    <lemma type="bus"/>
                </token>
                <token content="driver" id="9-8">
                    <pos type="NN"/>
                    <lemma type="driver"/>
                    <dep head="9-5" type="dobj"/>
                </token>
                <token content="and" id="9-9"/>
                <token content="got" id="9-10">
                    <pos type="VBD"/>
                    <lemma type="get"/>
                    <dep head="9-2" type="conj"/>
                </token>
                <token content="off" id="9-11">
                    <pos type="RP"/>
                    <lemma type="off"/>
                    <dep head="9-10" type="prt"/>
                </token>
                <token content="the" id="9-12">
                    <pos type="DT"/>
                    <lemma type="the"/>
                </token>
                <token content="bus" id="9-13">
                    <pos type="NN"/>
                    <lemma type="bus"/>
                    <dep head="9-10" type="dobj"/>
                </token>
                <token content="and" id="9-14"/>
                <token content="started" id="9-15">
                    <pos type="VBD"/>
                    <lemma type="start"/>
                    <dep head="9-10" type="conj"/>
                </token>
                <token content="walking" id="9-16">
                    <pos type="VBG"/>
                    <lemma type="walk"/>
                    <dep head="9-15" type="xcomp"/>
                </token>
                <token content="down" id="9-17">
                    <pos type="RP"/>
                    <lemma type="down"/>
                    <dep head="9-16" type="prt"/>
                </token>
                <token content="the" id="9-18">
                    <pos type="DT"/>
                    <lemma type="the"/>
                </token>
                <token content="street" id="9-19">
                    <pos type="NN"/>
                    <lemma type="street"/>
                    <dep head="9-16" type="dobj"/>
                </token>
                <token content="to" id="9-20">
                    <pos type="TO"/>
                    <lemma type="to"/>
                    <dep head="9-21" type="aux"/>
                </token>
                <token content="work" id="9-21">
                    <pos type="VB"/>
                    <lemma type="work"/>
                </token>
                <token content="." id="9-22"/>
            </sentence>
        </sentences>
    </text>
    <annotations>
        <participants>
            <label from="1-3" id="0" name="NPart" text="week" type="participant"/>
            <label from="1-5" id="1" name="ScrPart_passenger" text="my" type="participant"/>
            <label from="1-6" id="2" name="NPart" text="way" type="participant"/>
            <label from="1-9" id="3" name="NPart" text="work" type="participant"/>
            <label from="1-10" id="4" name="ScrPart_passenger" text="I" type="participant"/>
            <label from="1-14" id="5" name="NPart" text="accident" type="participant"/>
            <label from="1-17" id="6" name="ScrPart_passenger" text="my" type="participant"/>
            <label from="1-18" id="7" name="NPart" text="car" type="participant"/>
            <label from="2-2" id="8" name="NPart" text="everyone" type="participant"/>
            <label from="2-10" id="9" name="ScrPart_passenger" text="my" type="participant"/>
            <label from="2-11" id="10" name="NPart" text="car" type="participant"/>
            <label from="2-21" id="11" name="NPart" text="weeks" type="participant"/>
            <label from="2-24" id="12" name="NPart" text="shop" type="participant"/>
            <label from="3-2" id="13" name="ScrPart_passenger" text="my" type="participant"/>
            <label from="3-3" id="14" name="NPart" text="insurance" type="participant"/>
            <label from="3-10" id="15" name="NPart" text="car" type="participant"/>
            <label from="3-14" id="16" name="ScrPart_passenger" text="I" type="participant"/>
            <label from="3-18" id="17" name="ScrPart_bus" text="public transportation" to="3-19" type="participant"/>
            <label from="3-19" id="18" name="ScrPart_bus" text="transportation" type="participant"/>
            <label from="3-23" id="19" name="Head_of_Partitive" text="couple" type="participant"/>
            <label from="3-25" id="20" name="NPart" text="weeks" type="participant"/>
            <label from="4-1" id="21" name="ScrPart_passenger" text="I" type="participant"/>
            <label from="4-7" id="22" name="ScrPart_bus_stop" text="bus stop" to="4-8" type="participant"/>
            <label from="4-8" id="23" name="ScrPart_bus_stop" text="stop" type="participant"/>
            <label from="4-11" id="24" name="Head_of_Partitive" text="couple" type="participant"/>
            <label from="4-13" id="25" name="NPart" text="blocks" type="participant"/>
            <label from="4-15" id="26" name="ScrPart_passenger" text="my" type="participant"/>
            <label from="4-16" id="27" name="NPart" text="house" type="participant"/>
            <label from="4-18" id="28" name="ScrPart_passenger" text="I" type="participant"/>
            <label from="4-23" id="29" name="ScrPart_bus_stop" text="bus stop" to="4-24" type="participant"/>
            <label from="4-24" id="30" name="ScrPart_bus_stop" text="stop" type="participant"/>
            <label from="4-29" id="31" name="ScrPart_bus" text="bus" type="participant"/>
            <label from="4-33" id="32" name="ScrPart_passenger" text="people" type="participant"/>
            <label from="5-2" id="33" name="ScrPart_passenger" text="people" type="participant"/>
            <label from="5-6" id="34" name="ScrPart_passenger" text="another" type="participant"/>
            <label from="5-8" id="35" name="ScrPart_passenger" text="others" type="participant"/>
            <label from="5-10" id="36" name="ScrPart_passenger" text="myself" type="participant"/>
            <label from="5-12" id="37" name="NPart" text="headphones" type="participant"/>
            <label from="5-17" id="38" name="NPart" text="music" type="participant"/>
            <label from="6-1" id="39" name="No_label" text="It" type="participant"/>
            <label from="6-5" id="40" name="ScrPart_passenger" text="I" type="participant"/>
            <label from="6-10" id="41" name="NPart" text="people" type="participant"/>
            <label from="6-11" id="42" name="ScrPart_passenger" text="I" type="participant"/>
            <label from="6-17" id="43" name="NPart" text="morning person" to="6-18" type="participant"/>
            <label from="6-18" id="44" name="NPart" text="person" type="participant"/>
            <label from="6-24" id="45" name="No_label" text="it" type="participant"/>
            <label from="6-26" id="46" name="ScrPart_time/date" text="7AM" type="participant"/>
            <label from="7-2" id="47" name="ScrPart_bus" text="bus" type="participant"/>
            <label from="7-6" id="48" name="ScrPart_passenger" text="we" type="participant"/>
            <label from="7-9" id="49" name="No_label" text="line" type="participant"/>
            <label from="7-14" id="50" name="ScrPart_bus_staff" text="him" type="participant"/>
            <label from="7-15" id="51" name="ScrPart_passenger" text="our" type="participant"/>
            <label from="7-16" id="52" name="ScrPart_card/ticket" text="ticket" type="participant"/>
            <label from="8-1" id="53" name="ScrPart_passenger" text="I" type="participant"/>
            <label from="8-5" id="54" name="ScrPart_seat_in_bus" text="seat" type="participant"/>
            <label from="8-10" id="55" name="ScrPart_in-bus_entertainment" text="window" type="participant"/>
            <label from="8-12" id="56" name="ScrPart_passenger" text="I" type="participant"/>
            <label from="8-14" id="57" name="ScrPart_passenger" text="my" type="participant"/>
            <label from="8-15" id="58" name="ScrPart_destination" text="stop" type="participant"/>
            <label from="8-16" id="59" name="NPart" text="downtown" type="participant"/>
            <label from="9-1" id="60" name="ScrPart_passenger" text="I" type="participant"/>
            <label from="9-7" id="61" name="ScrPart_bus_staff" text="bus driver" to="9-8" type="participant"/>
            <label from="9-8" id="62" name="ScrPart_bus_staff" text="driver" type="participant"/>
            <label from="9-13" id="63" name="ScrPart_bus" text="bus" type="participant"/>
            <label from="9-19" id="64" name="NPart" text="street" type="participant"/>
        </participants>
        <events>
            <label from="1-11" id="65" name="UnrelEv" text="got" type="event"/>
            <label from="1-16" id="66" name="UnrelEv" text="damaged" type="event"/>
            <label from="2-5" id="67" name="UnrelEv" text="involved" type="event"/>
            <label from="2-6" id="68" name="UnrelEv" text="came out" to="2-7" type="event"/>
            <label from="2-8" id="69" name="UnrelEv" text="uninjured" type="event"/>
            <label from="2-13" id="70" name="UnrelEv" text="damaged" type="event"/>
            <label from="2-18" id="71" name="UnrelEv" text="spend" type="event"/>
            <label from="3-6" id="72" name="UnrelEv" text="cover" type="event"/>
            <label from="3-8" id="73" name="UnrelEv" text="rent" type="event"/>
            <label from="3-12" id="74" name="UnrelEv" text="meant" type="event"/>
            <label from="3-17" id="75" name="Evoking" text="take public transportation" to="3-19" type="event"/>
            <label from="3-27" id="76" name="UnrelEv" text="get" type="event"/>
            <label from="4-2" id="77" name="UnrelEv" text="was" type="event"/>
            <label from="4-5" id="78" name="UnrelEv" text="have" type="event"/>
            <label from="4-20" id="79" name="ScrEv_get_bus_stop" text="walk" type="event"/>
            <label from="4-26" id="80" name="ScrEv_wait" text="wait" type="event"/>
            <label from="5-3" id="81" name="RelNScrEv" text="talked" type="event"/>
            <label from="5-11" id="82" name="RelNScrEv" text="had" type="event"/>
            <label from="5-15" id="83" name="RelNScrEv" text="listening to" to="5-16" type="event"/>
            <label from="6-2" id="84" name="UnrelEv" text="is" type="event"/>
            <label from="6-6" id="85" name="UnrelEv" text="am" type="event"/>
            <label from="6-8" id="86" name="RelNScrEv" text="talking" type="event"/>
            <label from="6-12" id="87" name="UnrelEv" text="am" type="event"/>
            <label from="6-22" id="88" name="UnrelEv" text="feel" type="event"/>
            <label from="7-3" id="89" name="ScrEv_bus_comes" text="pulled up" to="7-4" type="event"/>
            <label from="7-7" id="90" name="RelNScrEv" text="got" type="event"/>
            <label from="7-11" id="91" name="ScrEv_board_bus" text="board" type="event"/>
            <label from="7-13" id="92" name="ScrEv_get_ticket" text="showed" type="event"/>
            <label from="7-18" id="93" name="ScrEv_ride" text="ride" type="event"/>
            <label from="8-3" id="94" name="ScrEv_find_place" text="grabbed" type="event"/>
            <label from="8-7" id="95" name="ScrEv_spend_time_bus" text="gazed out" to="8-8" type="event"/>
            <label from="8-13" id="96" name="ScrEv_bus_stops" text="reached" type="event"/>
            <label from="9-2" id="97" name="ScrEv_go_exit" text="got up" to="9-3" type="event"/>
            <label from="9-5" id="98" name="RelNScrEv" text="thanked" type="event"/>
            <label from="9-10" id="99" name="ScrEv_get_off" text="got off" to="9-11" type="event"/>
            <label from="9-15" id="100" name="UnrelEv" text="started" type="event"/>
            <label from="9-16" id="101" name="UnrelEv" text="walking" type="event"/>
        </events>
        <chains>
            <chain elements="4 1 6 9 13 16 21 26 28 36 40 42 53 56 57 60"/>
            <chain elements="31 18 47 63"/>
            <chain elements="30 23"/>
            <chain elements="33 32 34 35"/>
            <chain elements="48 35 42 51" name="coref3_group_I_people"/>
            <chain elements="62 50"/>
        </chains>
    </annotations>
</story>
