<?xml version="1.0" encoding="UTF-8" standalone="no"?>
<!DOCTYPE story SYSTEM "../InScript.dtd">
<story id="077" scenario="bus">
    <text>
        <content>Yesterday , I stood at the bus stop for over twenty minutes waiting for VTA bus 323 to show up at my stop at my community college . 
After the bus arrived at the stop , I scanned my Clipper Card , which gives me unlimited VTA bus rides as long as I pay my school fee of $ 5 at the start of the quarter . 
I walked past several people sitting in the first front rows and decided upon a window-seat near the middle of the bus . 
I pulled out my headphones and started listening to my own music from my phone in order to pass the time . 
We took off five minutes later and arrived at the first stop in about five minutes . 
This is an express bus , meaning it takes limited stops . 
Another five minutes later we arrived at the second stop , which was mine to get off at . 
Before arriving at the stop , I pulled the cord to initiate the voice recording which states '' `` Stop Requested '' '' . 
The bus driver pulled to the side , I grabbed my backpack and all my other belongings and headed off the bus . </content>
        <sentences>
            <sentence id="1">
                <token content="Yesterday" id="1-1">
                    <pos type="NN"/>
                    <lemma type="yesterday"/>
                    <dep head="1-4" type="tmod"/>
                </token>
                <token content="," id="1-2"/>
                <token content="I" id="1-3">
                    <pos type="PRP"/>
                    <lemma type="I"/>
                    <dep head="1-4" type="nsubj"/>
                </token>
                <token content="stood" id="1-4">
                    <pos type="VBD"/>
                    <lemma type="stand"/>
                </token>
                <token content="at" id="1-5"/>
                <token content="the" id="1-6">
                    <pos type="DT"/>
                    <lemma type="the"/>
                </token>
                <token content="bus" id="1-7">
                    <pos type="NN"/>
                    <lemma type="bus"/>
                </token>
                <token content="stop" id="1-8">
                    <pos type="NN"/>
                    <lemma type="stop"/>
                    <dep head="1-4" type="prep"/>
                </token>
                <token content="for" id="1-9">
                    <pos type="IN"/>
                    <lemma type="for"/>
                    <dep head="1-4" type="dep"/>
                </token>
                <token content="over" id="1-10"/>
                <token content="twenty" id="1-11">
                    <pos type="CD"/>
                    <lemma type="twenty"/>
                </token>
                <token content="minutes" id="1-12">
                    <pos type="NNS"/>
                    <lemma type="minute"/>
                    <dep head="1-4" type="prep"/>
                </token>
                <token content="waiting" id="1-13">
                    <pos type="VBG"/>
                    <lemma type="wait"/>
                </token>
                <token content="for" id="1-14"/>
                <token content="VTA" id="1-15">
                    <pos type="NNP"/>
                    <lemma type="VTA"/>
                </token>
                <token content="bus" id="1-16">
                    <pos type="NN"/>
                    <lemma type="bus"/>
                </token>
                <token content="323" id="1-17">
                    <pos type="NNS"/>
                    <lemma type="323"/>
                    <dep head="1-13" type="prep"/>
                </token>
                <token content="to" id="1-18">
                    <pos type="TO"/>
                    <lemma type="to"/>
                    <dep head="1-19" type="aux"/>
                </token>
                <token content="show" id="1-19">
                    <pos type="VB"/>
                    <lemma type="show"/>
                    <dep head="1-13" type="xcomp"/>
                </token>
                <token content="up" id="1-20">
                    <pos type="RP"/>
                    <lemma type="up"/>
                    <dep head="1-19" type="prt"/>
                </token>
                <token content="at" id="1-21"/>
                <token content="my" id="1-22">
                    <pos type="PRP$"/>
                    <lemma type="my"/>
                </token>
                <token content="stop" id="1-23">
                    <pos type="NN"/>
                    <lemma type="stop"/>
                    <dep head="1-19" type="prep"/>
                </token>
                <token content="at" id="1-24"/>
                <token content="my" id="1-25">
                    <pos type="PRP$"/>
                    <lemma type="my"/>
                </token>
                <token content="community" id="1-26">
                    <pos type="NN"/>
                    <lemma type="community"/>
                </token>
                <token content="college" id="1-27">
                    <pos type="NN"/>
                    <lemma type="college"/>
                </token>
                <token content="." id="1-28"/>
            </sentence>
            <sentence id="2">
                <token content="After" id="2-1"/>
                <token content="the" id="2-2">
                    <pos type="DT"/>
                    <lemma type="the"/>
                </token>
                <token content="bus" id="2-3">
                    <pos type="NN"/>
                    <lemma type="bus"/>
                    <dep head="2-10" type="prep"/>
                </token>
                <token content="arrived" id="2-4">
                    <pos type="VBN"/>
                    <lemma type="arrive"/>
                </token>
                <token content="at" id="2-5"/>
                <token content="the" id="2-6">
                    <pos type="DT"/>
                    <lemma type="the"/>
                </token>
                <token content="stop" id="2-7">
                    <pos type="NN"/>
                    <lemma type="stop"/>
                    <dep head="2-4" type="prep"/>
                </token>
                <token content="," id="2-8"/>
                <token content="I" id="2-9">
                    <pos type="PRP"/>
                    <lemma type="I"/>
                    <dep head="2-10" type="nsubj"/>
                </token>
                <token content="scanned" id="2-10">
                    <pos type="VBD"/>
                    <lemma type="scan"/>
                </token>
                <token content="my" id="2-11">
                    <pos type="PRP$"/>
                    <lemma type="my"/>
                </token>
                <token content="Clipper" id="2-12">
                    <pos type="NNP"/>
                    <lemma type="Clipper"/>
                </token>
                <token content="Card" id="2-13">
                    <pos type="NN"/>
                    <lemma type="card"/>
                    <dep head="2-10" type="dobj"/>
                </token>
                <token content="," id="2-14"/>
                <token content="which" id="2-15">
                    <pos type="WDT"/>
                    <lemma type="which"/>
                    <dep head="2-16" type="nsubj"/>
                </token>
                <token content="gives" id="2-16">
                    <pos type="VBZ"/>
                    <lemma type="give"/>
                </token>
                <token content="me" id="2-17">
                    <pos type="PRP"/>
                    <lemma type="I"/>
                    <dep head="2-16" type="iobj"/>
                </token>
                <token content="unlimited" id="2-18">
                    <pos type="JJ"/>
                    <lemma type="unlimited"/>
                </token>
                <token content="VTA" id="2-19">
                    <pos type="NNP"/>
                    <lemma type="VTA"/>
                </token>
                <token content="bus" id="2-20">
                    <pos type="NN"/>
                    <lemma type="bus"/>
                </token>
                <token content="rides" id="2-21">
                    <pos type="NNS"/>
                    <lemma type="ride"/>
                    <dep head="2-16" type="dobj"/>
                </token>
                <token content="as" id="2-22">
                    <pos type="RB"/>
                    <lemma type="as"/>
                </token>
                <token content="long" id="2-23">
                    <pos type="RB"/>
                    <lemma type="long"/>
                    <dep head="2-26" type="advmod"/>
                </token>
                <token content="as" id="2-24">
                    <pos type="IN"/>
                    <lemma type="as"/>
                    <dep head="2-26" type="mark"/>
                </token>
                <token content="I" id="2-25">
                    <pos type="PRP"/>
                    <lemma type="I"/>
                    <dep head="2-26" type="nsubj"/>
                </token>
                <token content="pay" id="2-26">
                    <pos type="VBP"/>
                    <lemma type="pay"/>
                    <dep head="2-16" type="advcl"/>
                </token>
                <token content="my" id="2-27">
                    <pos type="PRP$"/>
                    <lemma type="my"/>
                </token>
                <token content="school" id="2-28">
                    <pos type="NN"/>
                    <lemma type="school"/>
                </token>
                <token content="fee" id="2-29">
                    <pos type="NN"/>
                    <lemma type="fee"/>
                    <dep head="2-26" type="dobj"/>
                </token>
                <token content="of" id="2-30"/>
                <token content="$" id="2-31">
                    <pos type="$"/>
                    <lemma type="$"/>
                </token>
                <token content="5" id="2-32">
                    <pos type="CD"/>
                    <lemma type="5"/>
                </token>
                <token content="at" id="2-33"/>
                <token content="the" id="2-34">
                    <pos type="DT"/>
                    <lemma type="the"/>
                </token>
                <token content="start" id="2-35">
                    <pos type="NN"/>
                    <lemma type="start"/>
                </token>
                <token content="of" id="2-36"/>
                <token content="the" id="2-37">
                    <pos type="DT"/>
                    <lemma type="the"/>
                </token>
                <token content="quarter" id="2-38">
                    <pos type="NN"/>
                    <lemma type="quarter"/>
                </token>
                <token content="." id="2-39"/>
            </sentence>
            <sentence id="3">
                <token content="I" id="3-1">
                    <pos type="PRP"/>
                    <lemma type="I"/>
                    <dep head="3-2" type="nsubj"/>
                </token>
                <token content="walked" id="3-2">
                    <pos type="VBD"/>
                    <lemma type="walk"/>
                </token>
                <token content="past" id="3-3">
                    <pos type="JJ"/>
                    <lemma type="past"/>
                </token>
                <token content="several" id="3-4">
                    <pos type="JJ"/>
                    <lemma type="several"/>
                </token>
                <token content="people" id="3-5">
                    <pos type="NNS"/>
                    <lemma type="people"/>
                    <dep head="3-2" type="dobj"/>
                </token>
                <token content="sitting" id="3-6">
                    <pos type="VBG"/>
                    <lemma type="sit"/>
                    <dep head="3-2" type="xcomp"/>
                </token>
                <token content="in" id="3-7"/>
                <token content="the" id="3-8">
                    <pos type="DT"/>
                    <lemma type="the"/>
                </token>
                <token content="first" id="3-9">
                    <pos type="JJ"/>
                    <lemma type="first"/>
                </token>
                <token content="front" id="3-10">
                    <pos type="JJ"/>
                    <lemma type="front"/>
                </token>
                <token content="rows" id="3-11">
                    <pos type="NNS"/>
                    <lemma type="row"/>
                    <dep head="3-6" type="prep"/>
                </token>
                <token content="and" id="3-12"/>
                <token content="decided" id="3-13">
                    <pos type="VBD"/>
                    <lemma type="decide"/>
                    <dep head="3-2" type="conj"/>
                </token>
                <token content="upon" id="3-14"/>
                <token content="a" id="3-15">
                    <pos type="DT"/>
                    <lemma type="a"/>
                </token>
                <token content="window-seat" id="3-16">
                    <pos type="NN"/>
                    <lemma type="window-seat"/>
                    <dep head="3-13" type="prep"/>
                </token>
                <token content="near" id="3-17"/>
                <token content="the" id="3-18">
                    <pos type="DT"/>
                    <lemma type="the"/>
                </token>
                <token content="middle" id="3-19">
                    <pos type="NN"/>
                    <lemma type="middle"/>
                </token>
                <token content="of" id="3-20"/>
                <token content="the" id="3-21">
                    <pos type="DT"/>
                    <lemma type="the"/>
                </token>
                <token content="bus" id="3-22">
                    <pos type="NN"/>
                    <lemma type="bus"/>
                </token>
                <token content="." id="3-23"/>
            </sentence>
            <sentence id="4">
                <token content="I" id="4-1">
                    <pos type="PRP"/>
                    <lemma type="I"/>
                    <dep head="4-2" type="nsubj"/>
                </token>
                <token content="pulled" id="4-2">
                    <pos type="VBD"/>
                    <lemma type="pull"/>
                </token>
                <token content="out" id="4-3">
                    <pos type="RP"/>
                    <lemma type="out"/>
                    <dep head="4-2" type="prt"/>
                </token>
                <token content="my" id="4-4">
                    <pos type="PRP$"/>
                    <lemma type="my"/>
                </token>
                <token content="headphones" id="4-5">
                    <pos type="NNS"/>
                    <lemma type="headphone"/>
                    <dep head="4-2" type="dobj"/>
                </token>
                <token content="and" id="4-6"/>
                <token content="started" id="4-7">
                    <pos type="VBD"/>
                    <lemma type="start"/>
                    <dep head="4-2" type="conj"/>
                </token>
                <token content="listening" id="4-8">
                    <pos type="VBG"/>
                    <lemma type="listen"/>
                    <dep head="4-7" type="xcomp"/>
                </token>
                <token content="to" id="4-9"/>
                <token content="my" id="4-10">
                    <pos type="PRP$"/>
                    <lemma type="my"/>
                </token>
                <token content="own" id="4-11">
                    <pos type="JJ"/>
                    <lemma type="own"/>
                </token>
                <token content="music" id="4-12">
                    <pos type="NN"/>
                    <lemma type="music"/>
                    <dep head="4-8" type="prep"/>
                </token>
                <token content="from" id="4-13"/>
                <token content="my" id="4-14">
                    <pos type="PRP$"/>
                    <lemma type="my"/>
                </token>
                <token content="phone" id="4-15">
                    <pos type="NN"/>
                    <lemma type="phone"/>
                </token>
                <token content="in" id="4-16">
                    <pos type="IN"/>
                    <lemma type="in"/>
                    <dep head="4-19" type="mark"/>
                </token>
                <token content="order" id="4-17">
                    <pos type="NN"/>
                    <lemma type="order"/>
                    <dep head="4-19" type="dep"/>
                </token>
                <token content="to" id="4-18">
                    <pos type="TO"/>
                    <lemma type="to"/>
                    <dep head="4-19" type="aux"/>
                </token>
                <token content="pass" id="4-19">
                    <pos type="VB"/>
                    <lemma type="pass"/>
                    <dep head="4-8" type="advcl"/>
                </token>
                <token content="the" id="4-20">
                    <pos type="DT"/>
                    <lemma type="the"/>
                </token>
                <token content="time" id="4-21">
                    <pos type="NN"/>
                    <lemma type="time"/>
                    <dep head="4-19" type="dobj"/>
                </token>
                <token content="." id="4-22"/>
            </sentence>
            <sentence id="5">
                <token content="We" id="5-1">
                    <pos type="PRP"/>
                    <lemma type="we"/>
                    <dep head="5-2" type="nsubj"/>
                </token>
                <token content="took" id="5-2">
                    <pos type="VBD"/>
                    <lemma type="take"/>
                </token>
                <token content="off" id="5-3">
                    <pos type="RP"/>
                    <lemma type="off"/>
                    <dep head="5-2" type="prt"/>
                </token>
                <token content="five" id="5-4">
                    <pos type="CD"/>
                    <lemma type="five"/>
                </token>
                <token content="minutes" id="5-5">
                    <pos type="NNS"/>
                    <lemma type="minute"/>
                </token>
                <token content="later" id="5-6">
                    <pos type="RB"/>
                    <lemma type="later"/>
                    <dep head="5-2" type="advmod"/>
                </token>
                <token content="and" id="5-7"/>
                <token content="arrived" id="5-8">
                    <pos type="VBD"/>
                    <lemma type="arrive"/>
                    <dep head="5-2" type="conj"/>
                </token>
                <token content="at" id="5-9"/>
                <token content="the" id="5-10">
                    <pos type="DT"/>
                    <lemma type="the"/>
                </token>
                <token content="first" id="5-11">
                    <pos type="JJ"/>
                    <lemma type="first"/>
                </token>
                <token content="stop" id="5-12">
                    <pos type="NN"/>
                    <lemma type="stop"/>
                    <dep head="5-8" type="prep"/>
                </token>
                <token content="in" id="5-13"/>
                <token content="about" id="5-14">
                    <pos type="RB"/>
                    <lemma type="about"/>
                </token>
                <token content="five" id="5-15">
                    <pos type="CD"/>
                    <lemma type="five"/>
                </token>
                <token content="minutes" id="5-16">
                    <pos type="NNS"/>
                    <lemma type="minute"/>
                    <dep head="5-8" type="prep"/>
                </token>
                <token content="." id="5-17"/>
            </sentence>
            <sentence id="6">
                <token content="This" id="6-1">
                    <pos type="DT"/>
                    <lemma type="this"/>
                </token>
                <token content="is" id="6-2">
                    <pos type="VBZ"/>
                    <lemma type="be"/>
                </token>
                <token content="an" id="6-3">
                    <pos type="DT"/>
                    <lemma type="a"/>
                </token>
                <token content="express" id="6-4">
                    <pos type="JJ"/>
                    <lemma type="express"/>
                </token>
                <token content="bus" id="6-5">
                    <pos type="NN"/>
                    <lemma type="bus"/>
                </token>
                <token content="," id="6-6"/>
                <token content="meaning" id="6-7">
                    <pos type="VBG"/>
                    <lemma type="mean"/>
                </token>
                <token content="it" id="6-8">
                    <pos type="PRP"/>
                    <lemma type="it"/>
                    <dep head="6-9" type="nsubj"/>
                </token>
                <token content="takes" id="6-9">
                    <pos type="VBZ"/>
                    <lemma type="take"/>
                    <dep head="6-7" type="ccomp"/>
                </token>
                <token content="limited" id="6-10">
                    <pos type="JJ"/>
                    <lemma type="limited"/>
                </token>
                <token content="stops" id="6-11">
                    <pos type="NNS"/>
                    <lemma type="stop"/>
                    <dep head="6-9" type="dobj"/>
                </token>
                <token content="." id="6-12"/>
            </sentence>
            <sentence id="7">
                <token content="Another" id="7-1">
                    <pos type="DT"/>
                    <lemma type="another"/>
                </token>
                <token content="five" id="7-2">
                    <pos type="CD"/>
                    <lemma type="five"/>
                </token>
                <token content="minutes" id="7-3">
                    <pos type="NNS"/>
                    <lemma type="minute"/>
                </token>
                <token content="later" id="7-4">
                    <pos type="RB"/>
                    <lemma type="later"/>
                    <dep head="7-6" type="advmod"/>
                </token>
                <token content="we" id="7-5">
                    <pos type="PRP"/>
                    <lemma type="we"/>
                    <dep head="7-6" type="nsubj"/>
                </token>
                <token content="arrived" id="7-6">
                    <pos type="VBD"/>
                    <lemma type="arrive"/>
                </token>
                <token content="at" id="7-7"/>
                <token content="the" id="7-8">
                    <pos type="DT"/>
                    <lemma type="the"/>
                </token>
                <token content="second" id="7-9">
                    <pos type="JJ"/>
                    <lemma type="second"/>
                </token>
                <token content="stop" id="7-10">
                    <pos type="NN"/>
                    <lemma type="stop"/>
                    <dep head="7-6" type="prep"/>
                </token>
                <token content="," id="7-11"/>
                <token content="which" id="7-12">
                    <pos type="WDT"/>
                    <lemma type="which"/>
                </token>
                <token content="was" id="7-13">
                    <pos type="VBD"/>
                    <lemma type="be"/>
                </token>
                <token content="mine" id="7-14">
                    <pos type="NN"/>
                    <lemma type="mine"/>
                </token>
                <token content="to" id="7-15">
                    <pos type="TO"/>
                    <lemma type="to"/>
                    <dep head="7-16" type="aux"/>
                </token>
                <token content="get" id="7-16">
                    <pos type="VB"/>
                    <lemma type="get"/>
                </token>
                <token content="off" id="7-17">
                    <pos type="RP"/>
                    <lemma type="off"/>
                    <dep head="7-16" type="prt"/>
                </token>
                <token content="at" id="7-18">
                    <pos type="IN"/>
                    <lemma type="at"/>
                    <dep head="7-16" type="prep"/>
                </token>
                <token content="." id="7-19"/>
            </sentence>
            <sentence id="8">
                <token content="Before" id="8-1"/>
                <token content="arriving" id="8-2">
                    <pos type="VBG"/>
                    <lemma type="arrive"/>
                    <dep head="8-8" type="prepc"/>
                </token>
                <token content="at" id="8-3"/>
                <token content="the" id="8-4">
                    <pos type="DT"/>
                    <lemma type="the"/>
                </token>
                <token content="stop" id="8-5">
                    <pos type="NN"/>
                    <lemma type="stop"/>
                    <dep head="8-2" type="prep"/>
                </token>
                <token content="," id="8-6"/>
                <token content="I" id="8-7">
                    <pos type="PRP"/>
                    <lemma type="I"/>
                    <dep head="8-8" type="nsubj"/>
                </token>
                <token content="pulled" id="8-8">
                    <pos type="VBD"/>
                    <lemma type="pull"/>
                </token>
                <token content="the" id="8-9">
                    <pos type="DT"/>
                    <lemma type="the"/>
                </token>
                <token content="cord" id="8-10">
                    <pos type="NN"/>
                    <lemma type="cord"/>
                    <dep head="8-8" type="dobj"/>
                </token>
                <token content="to" id="8-11">
                    <pos type="TO"/>
                    <lemma type="to"/>
                    <dep head="8-12" type="aux"/>
                </token>
                <token content="initiate" id="8-12">
                    <pos type="VB"/>
                    <lemma type="initiate"/>
                </token>
                <token content="the" id="8-13">
                    <pos type="DT"/>
                    <lemma type="the"/>
                </token>
                <token content="voice" id="8-14">
                    <pos type="NN"/>
                    <lemma type="voice"/>
                </token>
                <token content="recording" id="8-15">
                    <pos type="NN"/>
                    <lemma type="recording"/>
                    <dep head="8-12" type="dobj"/>
                </token>
                <token content="which" id="8-16">
                    <pos type="WDT"/>
                    <lemma type="which"/>
                    <dep head="8-17" type="nsubj"/>
                </token>
                <token content="states" id="8-17">
                    <pos type="VBZ"/>
                    <lemma type="state"/>
                </token>
                <token content="''" id="8-18"/>
                <token content="``" id="8-19"/>
                <token content="Stop" id="8-20">
                    <pos type="VB"/>
                    <lemma type="stop"/>
                    <dep head="8-12" type="dep"/>
                </token>
                <token content="Requested" id="8-21">
                    <pos type="NNP"/>
                    <lemma type="Requested"/>
                    <dep head="8-20" type="dobj"/>
                </token>
                <token content="''" id="8-22"/>
                <token content="''" id="8-23"/>
                <token content="." id="8-24"/>
            </sentence>
            <sentence id="9">
                <token content="The" id="9-1">
                    <pos type="DT"/>
                    <lemma type="the"/>
                </token>
                <token content="bus" id="9-2">
                    <pos type="NN"/>
                    <lemma type="bus"/>
                </token>
                <token content="driver" id="9-3">
                    <pos type="NN"/>
                    <lemma type="driver"/>
                    <dep head="9-4" type="nsubj"/>
                </token>
                <token content="pulled" id="9-4">
                    <pos type="VBD"/>
                    <lemma type="pull"/>
                    <dep head="9-10" type="ccomp"/>
                </token>
                <token content="to" id="9-5"/>
                <token content="the" id="9-6">
                    <pos type="DT"/>
                    <lemma type="the"/>
                </token>
                <token content="side" id="9-7">
                    <pos type="NN"/>
                    <lemma type="side"/>
                    <dep head="9-4" type="prep"/>
                </token>
                <token content="," id="9-8"/>
                <token content="I" id="9-9">
                    <pos type="PRP"/>
                    <lemma type="I"/>
                    <dep head="9-10" type="nsubj"/>
                </token>
                <token content="grabbed" id="9-10">
                    <pos type="VBD"/>
                    <lemma type="grab"/>
                </token>
                <token content="my" id="9-11">
                    <pos type="PRP$"/>
                    <lemma type="my"/>
                </token>
                <token content="backpack" id="9-12">
                    <pos type="NN"/>
                    <lemma type="backpack"/>
                    <dep head="9-10" type="dobj"/>
                </token>
                <token content="and" id="9-13"/>
                <token content="all" id="9-14">
                    <pos type="DT"/>
                    <lemma type="all"/>
                </token>
                <token content="my" id="9-15">
                    <pos type="PRP$"/>
                    <lemma type="my"/>
                </token>
                <token content="other" id="9-16">
                    <pos type="JJ"/>
                    <lemma type="other"/>
                </token>
                <token content="belongings" id="9-17">
                    <pos type="NNS"/>
                    <lemma type="belongings"/>
                </token>
                <token content="and" id="9-18"/>
                <token content="headed" id="9-19">
                    <pos type="VBD"/>
                    <lemma type="head"/>
                    <dep head="9-10" type="conj"/>
                </token>
                <token content="off" id="9-20">
                    <pos type="RP"/>
                    <lemma type="off"/>
                    <dep head="9-19" type="prt"/>
                </token>
                <token content="the" id="9-21">
                    <pos type="DT"/>
                    <lemma type="the"/>
                </token>
                <token content="bus" id="9-22">
                    <pos type="NN"/>
                    <lemma type="bus"/>
                    <dep head="9-19" type="dobj"/>
                </token>
                <token content="." id="9-23"/>
            </sentence>
        </sentences>
    </text>
    <annotations>
        <participants>
            <label from="1-3" id="0" name="ScrPart_passenger" text="I" type="participant"/>
            <label from="1-7" id="1" name="ScrPart_bus_stop" text="bus stop" to="1-8" type="participant"/>
            <label from="1-8" id="2" name="ScrPart_bus_stop" text="stop" type="participant"/>
            <label from="1-12" id="3" name="ScrPart_time/date" text="minutes" type="participant"/>
            <label from="1-15" id="4" name="ScrPart_bus" text="VTA bus" to="1-16" type="participant"/>
            <label from="1-16" id="5" name="ScrPart_bus" text="bus" type="participant"/>
            <label from="1-22" id="6" name="ScrPart_passenger" text="my" type="participant"/>
            <label from="1-23" id="7" name="ScrPart_bus_stop" text="stop" type="participant"/>
            <label from="1-25" id="8" name="ScrPart_passenger" text="my" type="participant"/>
            <label from="1-26" id="9" name="NPart" text="community college" to="1-27" type="participant"/>
            <label from="1-27" id="10" name="NPart" text="college" type="participant"/>
            <label from="2-3" id="11" name="ScrPart_bus" text="bus" type="participant"/>
            <label from="2-7" id="12" name="ScrPart_bus_stop" text="stop" type="participant"/>
            <label from="2-9" id="13" name="ScrPart_passenger" text="I" type="participant"/>
            <label from="2-11" id="14" name="ScrPart_passenger" text="my" type="participant"/>
            <label from="2-12" id="15" name="ScrPart_card/ticket" text="Clipper Card" to="2-13" type="participant"/>
            <label from="2-13" id="16" name="ScrPart_card/ticket" text="Card" type="participant"/>
            <label from="2-17" id="17" name="ScrPart_passenger" text="me" type="participant"/>
            <label from="2-19" id="18" name="ScrPart_ride" text="VTA bus rides" to="2-21" type="participant"/>
            <label from="2-21" id="19" name="ScrPart_ride" text="rides" type="participant"/>
            <label from="2-25" id="20" name="ScrPart_passenger" text="I" type="participant"/>
            <label from="2-27" id="21" name="ScrPart_passenger" text="my" type="participant"/>
            <label from="2-28" id="22" name="ScrPart_money" text="school fee" to="2-29" type="participant"/>
            <label from="2-29" id="23" name="ScrPart_money" text="fee" type="participant"/>
            <label from="2-31" id="24" name="ScrPart_money" text="$ 5" to="2-32" type="participant"/>
            <label from="2-35" id="25" name="NPart" text="start" type="participant"/>
            <label from="2-38" id="26" name="NPart" text="quarter" type="participant"/>
            <label from="3-1" id="27" name="ScrPart_passenger" text="I" type="participant"/>
            <label from="3-5" id="28" name="ScrPart_passenger" text="people" type="participant"/>
            <label from="3-10" id="29" name="ScrPart_seat_in_bus" text="front rows" to="3-11" type="participant"/>
            <label from="3-11" id="30" name="ScrPart_seat_in_bus" text="rows" type="participant"/>
            <label from="3-16" id="31" name="ScrPart_seat_in_bus" text="window-seat" type="participant"/>
            <label from="3-19" id="32" name="NPart" text="middle" type="participant"/>
            <label from="3-22" id="33" name="ScrPart_bus" text="bus" type="participant"/>
            <label from="4-1" id="34" name="ScrPart_passenger" text="I" type="participant"/>
            <label from="4-4" id="35" name="ScrPart_passenger" text="my" type="participant"/>
            <label from="4-5" id="36" name="ScrPart_in-bus_entertainment" text="headphones" type="participant"/>
            <label from="4-10" id="37" name="ScrPart_passenger" text="my" type="participant"/>
            <label from="4-12" id="38" name="ScrPart_in-bus_entertainment" text="music" type="participant"/>
            <label from="4-14" id="39" name="ScrPart_passenger" text="my" type="participant"/>
            <label from="4-15" id="40" name="ScrPart_in-bus_entertainment" text="phone" type="participant"/>
            <label from="4-21" id="41" name="SuppVComp" text="time" type="participant"/>
            <label from="5-1" id="42" name="ScrPart_passenger" text="We" type="participant"/>
            <label from="5-5" id="43" name="ScrPart_time/date" text="minutes" type="participant"/>
            <label from="5-12" id="44" name="ScrPart_bus_stop" text="stop" type="participant"/>
            <label from="5-16" id="45" name="ScrPart_time/date" text="minutes" type="participant"/>
            <label from="6-1" id="46" name="ScrPart_bus" text="This" type="participant"/>
            <label from="6-4" id="47" name="ScrPart_bus" text="express bus" to="6-5" type="participant"/>
            <label from="6-5" id="48" name="ScrPart_bus" text="bus" type="participant"/>
            <label from="6-8" id="49" name="ScrPart_bus" text="it" type="participant"/>
            <label from="6-11" id="50" name="SuppVComp" text="stops" type="participant"/>
            <label from="7-3" id="51" name="ScrPart_time/date" text="minutes" type="participant"/>
            <label from="7-5" id="52" name="ScrPart_passenger" text="we" type="participant"/>
            <label from="7-10" id="53" name="ScrPart_bus_stop" text="stop" type="participant"/>
            <label from="7-14" id="54" name="ScrPart_passenger" text="mine" type="participant"/>
            <label from="8-5" id="55" name="ScrPart_bus_stop" text="stop" type="participant"/>
            <label from="8-7" id="56" name="ScrPart_passenger" text="I" type="participant"/>
            <label from="8-10" id="57" name="ScrPart_stop_button/door_opener" text="cord" type="participant"/>
            <label from="8-14" id="58" name="ScrPart_other" text="voice recording" to="8-15" type="participant"/>
            <label from="8-15" id="59" name="ScrPart_other" text="recording" type="participant"/>
            <label from="8-20" id="60" name="ScrPart_bus_stop" text="Stop" type="participant"/>
            <label from="9-2" id="61" name="ScrPart_bus_staff" text="bus driver" to="9-3" type="participant"/>
            <label from="9-3" id="62" name="ScrPart_bus_staff" text="driver" type="participant"/>
            <label from="9-7" id="63" name="NPart" text="side" type="participant"/>
            <label from="9-9" id="64" name="ScrPart_passenger" text="I" type="participant"/>
            <label from="9-11" id="65" name="ScrPart_passenger" text="my" type="participant"/>
            <label from="9-12" id="66" name="NPart" text="backpack" type="participant"/>
            <label from="9-15" id="67" name="ScrPart_passenger" text="my" type="participant"/>
            <label from="9-17" id="68" name="NPart" text="belongings" type="participant"/>
            <label from="9-22" id="69" name="ScrPart_bus" text="bus" type="participant"/>
        </participants>
        <events>
            <label from="1-4" id="70" name="ScrEv_wait" text="stood" type="event"/>
            <label from="1-13" id="71" name="ScrEv_wait" text="waiting" type="event"/>
            <label from="1-19" id="72" name="ScrEv_bus_comes" text="show up" to="1-20" type="event"/>
            <label from="2-4" id="73" name="ScrEv_bus_comes" text="arrived" type="event"/>
            <label from="2-10" id="74" name="RelNScrEv" text="scanned" type="event"/>
            <label from="2-16" id="75" name="UnrelEv" text="gives" type="event"/>
            <label from="2-26" id="76" name="ScrEv_get_ticket" text="pay" type="event"/>
            <label from="3-2" id="77" name="ScrEv_find_place" text="walked" type="event"/>
            <label from="3-6" id="78" name="ScrEv_spend_time_bus" text="sitting" type="event"/>
            <label from="3-13" id="79" name="ScrEv_find_place" text="decided" type="event"/>
            <label from="4-2" id="80" name="ScrEv_spend_time_bus" text="pulled out" to="4-3" type="event"/>
            <label from="4-7" id="81" name="UnrelEv" text="started" type="event"/>
            <label from="4-8" id="82" name="ScrEv_spend_time_bus" text="listening" type="event"/>
            <label from="4-19" id="83" name="ScrEv_spend_time_bus" text="pass" type="event"/>
            <label from="5-2" id="84" name="ScrEv_bus_leaves" text="took off" to="5-3" type="event"/>
            <label from="5-8" id="85" name="ScrEv_bus_stops" text="arrived" type="event"/>
            <label from="6-2" id="86" name="UnrelEv" text="is" type="event"/>
            <label from="6-9" id="87" name="ScrEv_bus_stops" text="takes" type="event"/>
            <label from="7-6" id="88" name="ScrEv_bus_stops" text="arrived" type="event"/>
            <label from="7-13" id="89" name="UnrelEv" text="was" type="event"/>
            <label from="7-16" id="90" name="ScrEv_get_off" text="get off" to="7-17" type="event"/>
            <label from="8-2" id="91" name="ScrEv_bus_stops" text="arriving" type="event"/>
            <label from="8-8" id="92" name="ScrEv_press_stop_button" text="pulled" type="event"/>
            <label from="8-12" id="93" name="ScrEv_press_stop_button" text="initiate" type="event"/>
            <label from="8-17" id="94" name="RelNScrEv" text="states" type="event"/>
            <label from="8-21" id="95" name="ScrEv_press_stop_button" text="Requested" type="event"/>
            <label from="9-4" id="96" name="ScrEv_bus_stops" text="pulled" type="event"/>
            <label from="9-10" id="97" name="RelNScrEv" text="grabbed" type="event"/>
            <label from="9-19" id="98" name="ScrEv_get_off" text="headed off" to="9-20" type="event"/>
        </events>
        <chains>
            <chain elements="0 6 8 13 14 17 20 21 27 34 35 37 39 54 56 64 65 67"/>
            <chain elements="2 7 12"/>
            <chain elements="5 11 33 46 48 49 69"/>
            <chain elements="23 24"/>
            <chain elements="42 39" name="group_I_passengers"/>
            <chain elements="42 52"/>
            <chain elements="53 55 60"/>
        </chains>
    </annotations>
</story>
