<?xml version="1.0" encoding="UTF-8" standalone="no"?>
<!DOCTYPE story SYSTEM "../InScript.dtd">
<story id="057" scenario="bus">
    <text>
        <content>Today I rode the public bus to work as I usually do . 
Because I ride several busses daily , I had previously purchased a bus pass that allows unlimited use for the month . 
By having this pass I did n't need to worry about having proper change or tokens for the bus . 
I checked the schedule for my bus by using '' `` Google Maps '' '' and determined that my regular bus was on schedule . 
I walked to the bus stop and saw that my bus was several blocks away . 
When the bus arrived I boarded it after several other passengers , and then slid my pass through the card reader . 
There were several seats available and I selected the first one I came to . 
The bus continued on schedule along the route with passengers departing and boarding . 
When I arrived at work I gathered all of my personal belongings and disembarked . </content>
        <sentences>
            <sentence id="1">
                <token content="Today" id="1-1">
                    <pos type="NN"/>
                    <lemma type="today"/>
                    <dep head="1-3" type="tmod"/>
                </token>
                <token content="I" id="1-2">
                    <pos type="PRP"/>
                    <lemma type="I"/>
                    <dep head="1-3" type="nsubj"/>
                </token>
                <token content="rode" id="1-3">
                    <pos type="VBD"/>
                    <lemma type="ride"/>
                </token>
                <token content="the" id="1-4">
                    <pos type="DT"/>
                    <lemma type="the"/>
                </token>
                <token content="public" id="1-5">
                    <pos type="JJ"/>
                    <lemma type="public"/>
                </token>
                <token content="bus" id="1-6">
                    <pos type="NN"/>
                    <lemma type="bus"/>
                    <dep head="1-3" type="dobj"/>
                </token>
                <token content="to" id="1-7">
                    <pos type="TO"/>
                    <lemma type="to"/>
                    <dep head="1-8" type="aux"/>
                </token>
                <token content="work" id="1-8">
                    <pos type="VB"/>
                    <lemma type="work"/>
                    <dep head="1-3" type="vmod"/>
                </token>
                <token content="as" id="1-9">
                    <pos type="IN"/>
                    <lemma type="as"/>
                    <dep head="1-12" type="mark"/>
                </token>
                <token content="I" id="1-10">
                    <pos type="PRP"/>
                    <lemma type="I"/>
                    <dep head="1-12" type="nsubj"/>
                </token>
                <token content="usually" id="1-11">
                    <pos type="RB"/>
                    <lemma type="usually"/>
                    <dep head="1-12" type="advmod"/>
                </token>
                <token content="do" id="1-12">
                    <pos type="VBP"/>
                    <lemma type="do"/>
                    <dep head="1-8" type="advcl"/>
                </token>
                <token content="." id="1-13"/>
            </sentence>
            <sentence id="2">
                <token content="Because" id="2-1">
                    <pos type="IN"/>
                    <lemma type="because"/>
                    <dep head="2-3" type="mark"/>
                </token>
                <token content="I" id="2-2">
                    <pos type="PRP"/>
                    <lemma type="I"/>
                    <dep head="2-3" type="nsubj"/>
                </token>
                <token content="ride" id="2-3">
                    <pos type="VBP"/>
                    <lemma type="ride"/>
                    <dep head="2-11" type="advcl"/>
                </token>
                <token content="several" id="2-4">
                    <pos type="JJ"/>
                    <lemma type="several"/>
                </token>
                <token content="busses" id="2-5">
                    <pos type="NNS"/>
                    <lemma type="bus"/>
                    <dep head="2-3" type="dobj"/>
                </token>
                <token content="daily" id="2-6">
                    <pos type="RB"/>
                    <lemma type="daily"/>
                    <dep head="2-3" type="advmod"/>
                </token>
                <token content="," id="2-7"/>
                <token content="I" id="2-8">
                    <pos type="PRP"/>
                    <lemma type="I"/>
                    <dep head="2-11" type="nsubj"/>
                </token>
                <token content="had" id="2-9">
                    <pos type="VBD"/>
                    <lemma type="have"/>
                    <dep head="2-11" type="aux"/>
                </token>
                <token content="previously" id="2-10">
                    <pos type="RB"/>
                    <lemma type="previously"/>
                    <dep head="2-11" type="advmod"/>
                </token>
                <token content="purchased" id="2-11">
                    <pos type="VBN"/>
                    <lemma type="purchase"/>
                </token>
                <token content="a" id="2-12">
                    <pos type="DT"/>
                    <lemma type="a"/>
                </token>
                <token content="bus" id="2-13">
                    <pos type="NN"/>
                    <lemma type="bus"/>
                </token>
                <token content="pass" id="2-14">
                    <pos type="NN"/>
                    <lemma type="pass"/>
                    <dep head="2-11" type="dobj"/>
                </token>
                <token content="that" id="2-15">
                    <pos type="WDT"/>
                    <lemma type="that"/>
                    <dep head="2-16" type="nsubj"/>
                </token>
                <token content="allows" id="2-16">
                    <pos type="VBZ"/>
                    <lemma type="allow"/>
                </token>
                <token content="unlimited" id="2-17">
                    <pos type="JJ"/>
                    <lemma type="unlimited"/>
                </token>
                <token content="use" id="2-18">
                    <pos type="NN"/>
                    <lemma type="use"/>
                    <dep head="2-16" type="dobj"/>
                </token>
                <token content="for" id="2-19"/>
                <token content="the" id="2-20">
                    <pos type="DT"/>
                    <lemma type="the"/>
                </token>
                <token content="month" id="2-21">
                    <pos type="NN"/>
                    <lemma type="month"/>
                </token>
                <token content="." id="2-22"/>
            </sentence>
            <sentence id="3">
                <token content="By" id="3-1"/>
                <token content="having" id="3-2">
                    <pos type="VBG"/>
                    <lemma type="have"/>
                    <dep head="3-8" type="prepc"/>
                </token>
                <token content="this" id="3-3">
                    <pos type="DT"/>
                    <lemma type="this"/>
                </token>
                <token content="pass" id="3-4">
                    <pos type="NN"/>
                    <lemma type="pass"/>
                    <dep head="3-2" type="dobj"/>
                </token>
                <token content="I" id="3-5">
                    <pos type="PRP"/>
                    <lemma type="I"/>
                    <dep head="3-8" type="nsubj"/>
                </token>
                <token content="did" id="3-6">
                    <pos type="VBD"/>
                    <lemma type="do"/>
                    <dep head="3-8" type="aux"/>
                </token>
                <token content="n't" id="3-7">
                    <pos type="RB"/>
                    <lemma type="not"/>
                    <dep head="3-8" type="neg"/>
                </token>
                <token content="need" id="3-8">
                    <pos type="VB"/>
                    <lemma type="need"/>
                </token>
                <token content="to" id="3-9">
                    <pos type="TO"/>
                    <lemma type="to"/>
                    <dep head="3-10" type="aux"/>
                </token>
                <token content="worry" id="3-10">
                    <pos type="VB"/>
                    <lemma type="worry"/>
                    <dep head="3-8" type="xcomp"/>
                </token>
                <token content="about" id="3-11"/>
                <token content="having" id="3-12">
                    <pos type="VBG"/>
                    <lemma type="have"/>
                    <dep head="3-10" type="prepc"/>
                </token>
                <token content="proper" id="3-13">
                    <pos type="JJ"/>
                    <lemma type="proper"/>
                </token>
                <token content="change" id="3-14">
                    <pos type="NN"/>
                    <lemma type="change"/>
                    <dep head="3-12" type="dobj"/>
                </token>
                <token content="or" id="3-15"/>
                <token content="tokens" id="3-16">
                    <pos type="NNS"/>
                    <lemma type="token"/>
                </token>
                <token content="for" id="3-17"/>
                <token content="the" id="3-18">
                    <pos type="DT"/>
                    <lemma type="the"/>
                </token>
                <token content="bus" id="3-19">
                    <pos type="NN"/>
                    <lemma type="bus"/>
                </token>
                <token content="." id="3-20"/>
            </sentence>
            <sentence id="4">
                <token content="I" id="4-1">
                    <pos type="PRP"/>
                    <lemma type="I"/>
                    <dep head="4-2" type="nsubj"/>
                </token>
                <token content="checked" id="4-2">
                    <pos type="VBD"/>
                    <lemma type="check"/>
                </token>
                <token content="the" id="4-3">
                    <pos type="DT"/>
                    <lemma type="the"/>
                </token>
                <token content="schedule" id="4-4">
                    <pos type="NN"/>
                    <lemma type="schedule"/>
                    <dep head="4-2" type="dobj"/>
                </token>
                <token content="for" id="4-5"/>
                <token content="my" id="4-6">
                    <pos type="PRP$"/>
                    <lemma type="my"/>
                </token>
                <token content="bus" id="4-7">
                    <pos type="NN"/>
                    <lemma type="bus"/>
                </token>
                <token content="by" id="4-8"/>
                <token content="using" id="4-9">
                    <pos type="VBG"/>
                    <lemma type="use"/>
                    <dep head="4-2" type="prepc"/>
                </token>
                <token content="''" id="4-10"/>
                <token content="``" id="4-11"/>
                <token content="Google" id="4-12">
                    <pos type="JJ"/>
                    <lemma type="google"/>
                </token>
                <token content="Maps" id="4-13">
                    <pos type="NNS"/>
                    <lemma type="map"/>
                    <dep head="4-9" type="dobj"/>
                </token>
                <token content="''" id="4-14"/>
                <token content="''" id="4-15"/>
                <token content="and" id="4-16"/>
                <token content="determined" id="4-17">
                    <pos type="VBD"/>
                    <lemma type="determine"/>
                    <dep head="4-2" type="conj"/>
                </token>
                <token content="that" id="4-18">
                    <pos type="IN"/>
                    <lemma type="that"/>
                    <dep head="4-22" type="mark"/>
                </token>
                <token content="my" id="4-19">
                    <pos type="PRP$"/>
                    <lemma type="my"/>
                </token>
                <token content="regular" id="4-20">
                    <pos type="JJ"/>
                    <lemma type="regular"/>
                </token>
                <token content="bus" id="4-21">
                    <pos type="NN"/>
                    <lemma type="bus"/>
                    <dep head="4-22" type="nsubj"/>
                </token>
                <token content="was" id="4-22">
                    <pos type="VBD"/>
                    <lemma type="be"/>
                    <dep head="4-17" type="ccomp"/>
                </token>
                <token content="on" id="4-23"/>
                <token content="schedule" id="4-24">
                    <pos type="NN"/>
                    <lemma type="schedule"/>
                    <dep head="4-22" type="prep"/>
                </token>
                <token content="." id="4-25"/>
            </sentence>
            <sentence id="5">
                <token content="I" id="5-1">
                    <pos type="PRP"/>
                    <lemma type="I"/>
                    <dep head="5-2" type="nsubj"/>
                </token>
                <token content="walked" id="5-2">
                    <pos type="VBD"/>
                    <lemma type="walk"/>
                </token>
                <token content="to" id="5-3"/>
                <token content="the" id="5-4">
                    <pos type="DT"/>
                    <lemma type="the"/>
                </token>
                <token content="bus" id="5-5">
                    <pos type="NN"/>
                    <lemma type="bus"/>
                </token>
                <token content="stop" id="5-6">
                    <pos type="NN"/>
                    <lemma type="stop"/>
                    <dep head="5-2" type="prep"/>
                </token>
                <token content="and" id="5-7"/>
                <token content="saw" id="5-8">
                    <pos type="VBD"/>
                    <lemma type="see"/>
                    <dep head="5-2" type="conj"/>
                </token>
                <token content="that" id="5-9">
                    <pos type="IN"/>
                    <lemma type="that"/>
                </token>
                <token content="my" id="5-10">
                    <pos type="PRP$"/>
                    <lemma type="my"/>
                </token>
                <token content="bus" id="5-11">
                    <pos type="NN"/>
                    <lemma type="bus"/>
                </token>
                <token content="was" id="5-12">
                    <pos type="VBD"/>
                    <lemma type="be"/>
                </token>
                <token content="several" id="5-13">
                    <pos type="JJ"/>
                    <lemma type="several"/>
                </token>
                <token content="blocks" id="5-14">
                    <pos type="NNS"/>
                    <lemma type="block"/>
                    <dep head="5-8" type="ccomp"/>
                </token>
                <token content="away" id="5-15">
                    <pos type="RB"/>
                    <lemma type="away"/>
                </token>
                <token content="." id="5-16"/>
            </sentence>
            <sentence id="6">
                <token content="When" id="6-1">
                    <pos type="WRB"/>
                    <lemma type="when"/>
                    <dep head="6-4" type="advmod"/>
                </token>
                <token content="the" id="6-2">
                    <pos type="DT"/>
                    <lemma type="the"/>
                </token>
                <token content="bus" id="6-3">
                    <pos type="NN"/>
                    <lemma type="bus"/>
                    <dep head="6-4" type="nsubj"/>
                </token>
                <token content="arrived" id="6-4">
                    <pos type="VBD"/>
                    <lemma type="arrive"/>
                    <dep head="6-6" type="advcl"/>
                </token>
                <token content="I" id="6-5">
                    <pos type="PRP"/>
                    <lemma type="I"/>
                    <dep head="6-6" type="nsubj"/>
                </token>
                <token content="boarded" id="6-6">
                    <pos type="VBD"/>
                    <lemma type="board"/>
                </token>
                <token content="it" id="6-7">
                    <pos type="PRP"/>
                    <lemma type="it"/>
                    <dep head="6-6" type="dobj"/>
                </token>
                <token content="after" id="6-8"/>
                <token content="several" id="6-9">
                    <pos type="JJ"/>
                    <lemma type="several"/>
                </token>
                <token content="other" id="6-10">
                    <pos type="JJ"/>
                    <lemma type="other"/>
                </token>
                <token content="passengers" id="6-11">
                    <pos type="NNS"/>
                    <lemma type="passenger"/>
                    <dep head="6-6" type="prep"/>
                </token>
                <token content="," id="6-12"/>
                <token content="and" id="6-13"/>
                <token content="then" id="6-14">
                    <pos type="RB"/>
                    <lemma type="then"/>
                    <dep head="6-15" type="advmod"/>
                </token>
                <token content="slid" id="6-15">
                    <pos type="VBD"/>
                    <lemma type="slide"/>
                    <dep head="6-6" type="conj"/>
                </token>
                <token content="my" id="6-16">
                    <pos type="PRP$"/>
                    <lemma type="my"/>
                </token>
                <token content="pass" id="6-17">
                    <pos type="NN"/>
                    <lemma type="pass"/>
                    <dep head="6-15" type="dobj"/>
                </token>
                <token content="through" id="6-18"/>
                <token content="the" id="6-19">
                    <pos type="DT"/>
                    <lemma type="the"/>
                </token>
                <token content="card" id="6-20">
                    <pos type="NN"/>
                    <lemma type="card"/>
                </token>
                <token content="reader" id="6-21">
                    <pos type="NN"/>
                    <lemma type="reader"/>
                    <dep head="6-15" type="prep"/>
                </token>
                <token content="." id="6-22"/>
            </sentence>
            <sentence id="7">
                <token content="There" id="7-1">
                    <pos type="EX"/>
                    <lemma type="there"/>
                    <dep head="7-2" type="expl"/>
                </token>
                <token content="were" id="7-2">
                    <pos type="VBD"/>
                    <lemma type="be"/>
                </token>
                <token content="several" id="7-3">
                    <pos type="JJ"/>
                    <lemma type="several"/>
                </token>
                <token content="seats" id="7-4">
                    <pos type="NNS"/>
                    <lemma type="seat"/>
                </token>
                <token content="available" id="7-5">
                    <pos type="JJ"/>
                    <lemma type="available"/>
                    <dep head="7-2" type="acomp"/>
                </token>
                <token content="and" id="7-6"/>
                <token content="I" id="7-7">
                    <pos type="PRP"/>
                    <lemma type="I"/>
                    <dep head="7-8" type="nsubj"/>
                </token>
                <token content="selected" id="7-8">
                    <pos type="VBD"/>
                    <lemma type="select"/>
                    <dep head="7-2" type="conj"/>
                </token>
                <token content="the" id="7-9">
                    <pos type="DT"/>
                    <lemma type="the"/>
                </token>
                <token content="first" id="7-10">
                    <pos type="JJ"/>
                    <lemma type="first"/>
                </token>
                <token content="one" id="7-11">
                    <pos type="NN"/>
                    <lemma type="one"/>
                    <dep head="7-8" type="dobj"/>
                </token>
                <token content="I" id="7-12">
                    <pos type="PRP"/>
                    <lemma type="I"/>
                    <dep head="7-13" type="nsubj"/>
                </token>
                <token content="came" id="7-13">
                    <pos type="VBD"/>
                    <lemma type="come"/>
                </token>
                <token content="to" id="7-14">
                    <pos type="TO"/>
                    <lemma type="to"/>
                    <dep head="7-13" type="prep"/>
                </token>
                <token content="." id="7-15"/>
            </sentence>
            <sentence id="8">
                <token content="The" id="8-1">
                    <pos type="DT"/>
                    <lemma type="the"/>
                </token>
                <token content="bus" id="8-2">
                    <pos type="NN"/>
                    <lemma type="bus"/>
                    <dep head="8-3" type="nsubj"/>
                </token>
                <token content="continued" id="8-3">
                    <pos type="VBD"/>
                    <lemma type="continue"/>
                </token>
                <token content="on" id="8-4"/>
                <token content="schedule" id="8-5">
                    <pos type="NN"/>
                    <lemma type="schedule"/>
                    <dep head="8-3" type="prep"/>
                </token>
                <token content="along" id="8-6"/>
                <token content="the" id="8-7">
                    <pos type="DT"/>
                    <lemma type="the"/>
                </token>
                <token content="route" id="8-8">
                    <pos type="NN"/>
                    <lemma type="route"/>
                    <dep head="8-3" type="prep"/>
                </token>
                <token content="with" id="8-9"/>
                <token content="passengers" id="8-10">
                    <pos type="NNS"/>
                    <lemma type="passenger"/>
                    <dep head="8-3" type="prep"/>
                </token>
                <token content="departing" id="8-11">
                    <pos type="VBG"/>
                    <lemma type="depart"/>
                </token>
                <token content="and" id="8-12"/>
                <token content="boarding" id="8-13">
                    <pos type="VBG"/>
                    <lemma type="board"/>
                </token>
                <token content="." id="8-14"/>
            </sentence>
            <sentence id="9">
                <token content="When" id="9-1">
                    <pos type="WRB"/>
                    <lemma type="when"/>
                    <dep head="9-3" type="advmod"/>
                </token>
                <token content="I" id="9-2">
                    <pos type="PRP"/>
                    <lemma type="I"/>
                    <dep head="9-3" type="nsubj"/>
                </token>
                <token content="arrived" id="9-3">
                    <pos type="VBD"/>
                    <lemma type="arrive"/>
                    <dep head="9-7" type="advcl"/>
                </token>
                <token content="at" id="9-4"/>
                <token content="work" id="9-5">
                    <pos type="NN"/>
                    <lemma type="work"/>
                    <dep head="9-3" type="prep"/>
                </token>
                <token content="I" id="9-6">
                    <pos type="PRP"/>
                    <lemma type="I"/>
                    <dep head="9-7" type="nsubj"/>
                </token>
                <token content="gathered" id="9-7">
                    <pos type="VBD"/>
                    <lemma type="gather"/>
                </token>
                <token content="all" id="9-8">
                    <pos type="DT"/>
                    <lemma type="all"/>
                    <dep head="9-7" type="dobj"/>
                </token>
                <token content="of" id="9-9"/>
                <token content="my" id="9-10">
                    <pos type="PRP$"/>
                    <lemma type="my"/>
                </token>
                <token content="personal" id="9-11">
                    <pos type="JJ"/>
                    <lemma type="personal"/>
                </token>
                <token content="belongings" id="9-12">
                    <pos type="NNS"/>
                    <lemma type="belongings"/>
                </token>
                <token content="and" id="9-13"/>
                <token content="disembarked" id="9-14">
                    <pos type="VBD"/>
                    <lemma type="disembark"/>
                    <dep head="9-7" type="conj"/>
                </token>
                <token content="." id="9-15"/>
            </sentence>
        </sentences>
    </text>
    <annotations>
        <participants>
            <label from="1-2" id="0" name="ScrPart_passenger" text="I" type="participant"/>
            <label from="1-6" id="1" name="ScrPart_bus" text="bus" type="participant"/>
            <label from="1-8" id="2" name="ScrPart_destination" text="work" type="participant"/>
            <label from="1-10" id="3" name="ScrPart_passenger" text="I" type="participant"/>
            <label from="2-2" id="4" name="ScrPart_passenger" text="I" type="participant"/>
            <label from="2-5" id="5" name="ScrPart_bus" text="busses" type="participant"/>
            <label from="2-8" id="6" name="ScrPart_passenger" text="I" type="participant"/>
            <label from="2-13" id="7" name="ScrPart_card/ticket" text="bus pass" to="2-14" type="participant"/>
            <label from="2-14" id="8" name="ScrPart_card/ticket" text="pass" type="participant"/>
            <label from="2-15" id="9" name="ScrPart_card/ticket" text="that" type="participant"/>
            <label from="2-18" id="10" name="NPart" text="use" type="participant"/>
            <label from="2-21" id="11" name="NPart" text="month" type="participant"/>
            <label from="3-4" id="12" name="ScrPart_card/ticket" text="pass" type="participant"/>
            <label from="3-5" id="13" name="ScrPart_passenger" text="I" type="participant"/>
            <label from="3-14" id="14" name="ScrPart_money" text="change" type="participant"/>
            <label from="3-16" id="15" name="ScrPart_money" text="tokens" type="participant"/>
            <label from="3-19" id="16" name="ScrPart_bus" text="bus" type="participant"/>
            <label from="4-1" id="17" name="ScrPart_passenger" text="I" type="participant"/>
            <label from="4-4" id="18" name="ScrPart_time-table" text="schedule" type="participant"/>
            <label from="4-6" id="19" name="ScrPart_passenger" text="my" type="participant"/>
            <label from="4-7" id="20" name="ScrPart_bus" text="bus" type="participant"/>
            <label from="4-12" id="21" name="NPart" text="Google Maps" to="4-13" type="participant"/>
            <label from="4-19" id="22" name="ScrPart_passenger" text="my" type="participant"/>
            <label from="4-21" id="23" name="ScrPart_bus" text="bus" type="participant"/>
            <label from="4-24" id="24" name="ScrPart_time/date" text="schedule" type="participant"/>
            <label from="5-1" id="25" name="ScrPart_passenger" text="I" type="participant"/>
            <label from="5-5" id="26" name="ScrPart_bus_stop" text="bus stop" to="5-6" type="participant"/>
            <label from="5-6" id="27" name="ScrPart_bus_stop" text="stop" type="participant"/>
            <label from="5-10" id="28" name="ScrPart_passenger" text="my" type="participant"/>
            <label from="5-11" id="29" name="ScrPart_bus" text="bus" type="participant"/>
            <label from="5-14" id="30" name="NPart" text="blocks" type="participant"/>
            <label from="6-3" id="31" name="ScrPart_bus" text="bus" type="participant"/>
            <label from="6-5" id="32" name="ScrPart_passenger" text="I" type="participant"/>
            <label from="6-7" id="33" name="ScrPart_bus" text="it" type="participant"/>
            <label from="6-11" id="34" name="ScrPart_passenger" text="passengers" type="participant"/>
            <label from="6-16" id="35" name="ScrPart_passenger" text="my" type="participant"/>
            <label from="6-17" id="36" name="ScrPart_card/ticket" text="pass" type="participant"/>
            <label from="6-20" id="37" name="ScrPart_payment_machine" text="card reader" to="6-21" type="participant"/>
            <label from="6-21" id="38" name="ScrPart_payment_machine" text="reader" type="participant"/>
            <label from="7-4" id="39" name="ScrPart_seat_in_bus" text="seats" type="participant"/>
            <label from="7-7" id="40" name="ScrPart_passenger" text="I" type="participant"/>
            <label from="7-11" id="41" name="ScrPart_seat_in_bus" text="one" type="participant"/>
            <label from="7-12" id="42" name="ScrPart_passenger" text="I" type="participant"/>
            <label from="8-2" id="43" name="ScrPart_bus" text="bus" type="participant"/>
            <label from="8-5" id="44" name="ScrPart_time/date" text="schedule" type="participant"/>
            <label from="8-8" id="45" name="ScrPart_route" text="route" type="participant"/>
            <label from="8-10" id="46" name="ScrPart_passenger" text="passengers" type="participant"/>
            <label from="9-2" id="47" name="ScrPart_passenger" text="I" type="participant"/>
            <label from="9-5" id="48" name="ScrPart_destination" text="work" type="participant"/>
            <label from="9-6" id="49" name="ScrPart_passenger" text="I" type="participant"/>
            <label from="9-10" id="50" name="ScrPart_passenger" text="my" type="participant"/>
            <label from="9-12" id="51" name="NPart" text="belongings" type="participant"/>
        </participants>
        <events>
            <label from="1-3" id="52" name="Evoking" text="rode the public bus" to="1-6" type="event"/>
            <label from="1-12" id="53" name="Evoking" text="do" type="event"/>
            <label from="2-3" id="54" name="Evoking" text="ride several busses" to="2-5" type="event"/>
            <label from="2-11" id="55" name="ScrEv_get_ticket" text="purchased" type="event"/>
            <label from="2-16" id="56" name="UnrelEv" text="allows" type="event"/>
            <label from="2-17" id="57" name="UnrelEv" text="unlimited" type="event"/>
            <label from="3-2" id="58" name="RelNScrEv" text="having" type="event"/>
            <label from="3-10" id="59" name="UnrelEv" text="worry" type="event"/>
            <label from="3-12" id="60" name="UnrelEv" text="having" type="event"/>
            <label from="4-2" id="61" name="ScrEv_check_time-table" text="checked" type="event"/>
            <label from="4-9" id="62" name="UnrelEv" text="using" type="event"/>
            <label from="4-17" id="63" name="ScrEv_check_time-table" text="determined" type="event"/>
            <label from="4-22" id="64" name="RelNScrEv" text="was" type="event"/>
            <label from="5-2" id="65" name="ScrEv_get_bus_stop" text="walked" type="event"/>
            <label from="5-8" id="66" name="UnrelEv" text="saw" type="event"/>
            <label from="5-12" id="67" name="UnrelEv" text="was" type="event"/>
            <label from="6-4" id="68" name="ScrEv_bus_comes" text="arrived" type="event"/>
            <label from="6-6" id="69" name="ScrEv_board_bus" text="boarded" type="event"/>
            <label from="6-15" id="70" name="ScrEv_get_ticket" text="slid" type="event"/>
            <label from="7-2" id="71" name="UnrelEv" text="were" type="event"/>
            <label from="7-8" id="72" name="ScrEv_find_place" text="selected" type="event"/>
            <label from="7-13" id="73" name="UnrelEv" text="came to" to="7-14" type="event"/>
            <label from="8-3" id="74" name="ScrEv_ride" text="continued" type="event"/>
            <label from="8-11" id="75" name="ScrEv_get_off" text="departing" type="event"/>
            <label from="8-13" id="76" name="ScrEv_board_bus" text="boarding" type="event"/>
            <label from="9-3" id="77" name="ScrEv_bus_stops" text="arrived" type="event"/>
            <label from="9-7" id="78" name="RelNScrEv" text="gathered" type="event"/>
            <label from="9-14" id="79" name="ScrEv_get_off" text="disembarked" type="event"/>
        </events>
        <chains>
            <chain elements="3 0 4 6 13 17 19 22 25 28 32 35 40 42 47 49 50"/>
            <chain elements="5 1 16 20 23 29 31 33 43"/>
            <chain elements="48 2"/>
            <chain elements="9 8 12 36"/>
            <chain elements="46 34"/>
            <chain elements="41 39"/>
        </chains>
    </annotations>
</story>
