<?xml version="1.0" encoding="UTF-8" standalone="no"?>
<!DOCTYPE story SYSTEM "../InScript.dtd">
<story id="091" scenario="bus">
    <text>
        <content>I had to ride a public bus one day . 
I was n't sure about the routes or the charge to ride , so I got on the computer and looked it up . 
I was able to enter in where I was starting from and where I wanted to be in order to find an acceptable route . 
I had to catch two different buses , so I had to pay a transfer fee in addition to the regular fee and let the bus driver know as I got on the bus . 
I also looked up a route home with extra times in case I missed a bus . 
I gathered the things I needed for my travels and found a sign with a bus stop symbol on it , and made sure it listed the bus number I needed . 
I told the driver I needed a transfer ticket and paid my extra fee . 
When it was time to get off the bus , I had to pull the cord to let the driver know before we passed my spot . </content>
        <sentences>
            <sentence id="1">
                <token content="I" id="1-1">
                    <pos type="PRP"/>
                    <lemma type="I"/>
                    <dep head="1-2" type="nsubj"/>
                </token>
                <token content="had" id="1-2">
                    <pos type="VBD"/>
                    <lemma type="have"/>
                </token>
                <token content="to" id="1-3">
                    <pos type="TO"/>
                    <lemma type="to"/>
                    <dep head="1-4" type="aux"/>
                </token>
                <token content="ride" id="1-4">
                    <pos type="VB"/>
                    <lemma type="ride"/>
                    <dep head="1-2" type="xcomp"/>
                </token>
                <token content="a" id="1-5">
                    <pos type="DT"/>
                    <lemma type="a"/>
                </token>
                <token content="public" id="1-6">
                    <pos type="JJ"/>
                    <lemma type="public"/>
                </token>
                <token content="bus" id="1-7">
                    <pos type="NN"/>
                    <lemma type="bus"/>
                    <dep head="1-4" type="dobj"/>
                </token>
                <token content="one" id="1-8">
                    <pos type="CD"/>
                    <lemma type="one"/>
                </token>
                <token content="day" id="1-9">
                    <pos type="NN"/>
                    <lemma type="day"/>
                    <dep head="1-4" type="tmod"/>
                </token>
                <token content="." id="1-10"/>
            </sentence>
            <sentence id="2">
                <token content="I" id="2-1">
                    <pos type="PRP"/>
                    <lemma type="I"/>
                </token>
                <token content="was" id="2-2">
                    <pos type="VBD"/>
                    <lemma type="be"/>
                </token>
                <token content="n't" id="2-3">
                    <pos type="RB"/>
                    <lemma type="not"/>
                </token>
                <token content="sure" id="2-4">
                    <pos type="JJ"/>
                    <lemma type="sure"/>
                </token>
                <token content="about" id="2-5"/>
                <token content="the" id="2-6">
                    <pos type="DT"/>
                    <lemma type="the"/>
                </token>
                <token content="routes" id="2-7">
                    <pos type="NNS"/>
                    <lemma type="route"/>
                </token>
                <token content="or" id="2-8"/>
                <token content="the" id="2-9">
                    <pos type="DT"/>
                    <lemma type="the"/>
                </token>
                <token content="charge" id="2-10">
                    <pos type="NN"/>
                    <lemma type="charge"/>
                </token>
                <token content="to" id="2-11">
                    <pos type="TO"/>
                    <lemma type="to"/>
                    <dep head="2-12" type="aux"/>
                </token>
                <token content="ride" id="2-12">
                    <pos type="VB"/>
                    <lemma type="ride"/>
                </token>
                <token content="," id="2-13"/>
                <token content="so" id="2-14">
                    <pos type="IN"/>
                    <lemma type="so"/>
                </token>
                <token content="I" id="2-15">
                    <pos type="PRP"/>
                    <lemma type="I"/>
                    <dep head="2-16" type="nsubj"/>
                </token>
                <token content="got" id="2-16">
                    <pos type="VBD"/>
                    <lemma type="get"/>
                </token>
                <token content="on" id="2-17"/>
                <token content="the" id="2-18">
                    <pos type="DT"/>
                    <lemma type="the"/>
                </token>
                <token content="computer" id="2-19">
                    <pos type="NN"/>
                    <lemma type="computer"/>
                    <dep head="2-16" type="prep"/>
                </token>
                <token content="and" id="2-20"/>
                <token content="looked" id="2-21">
                    <pos type="VBD"/>
                    <lemma type="look"/>
                    <dep head="2-16" type="conj"/>
                </token>
                <token content="it" id="2-22">
                    <pos type="PRP"/>
                    <lemma type="it"/>
                    <dep head="2-21" type="dobj"/>
                </token>
                <token content="up" id="2-23">
                    <pos type="RP"/>
                    <lemma type="up"/>
                    <dep head="2-21" type="prt"/>
                </token>
                <token content="." id="2-24"/>
            </sentence>
            <sentence id="3">
                <token content="I" id="3-1">
                    <pos type="PRP"/>
                    <lemma type="I"/>
                </token>
                <token content="was" id="3-2">
                    <pos type="VBD"/>
                    <lemma type="be"/>
                </token>
                <token content="able" id="3-3">
                    <pos type="JJ"/>
                    <lemma type="able"/>
                </token>
                <token content="to" id="3-4">
                    <pos type="TO"/>
                    <lemma type="to"/>
                    <dep head="3-5" type="aux"/>
                </token>
                <token content="enter" id="3-5">
                    <pos type="VB"/>
                    <lemma type="enter"/>
                </token>
                <token content="in" id="3-6"/>
                <token content="where" id="3-7">
                    <pos type="WRB"/>
                    <lemma type="where"/>
                    <dep head="3-10" type="advmod"/>
                </token>
                <token content="I" id="3-8">
                    <pos type="PRP"/>
                    <lemma type="I"/>
                    <dep head="3-10" type="nsubj"/>
                </token>
                <token content="was" id="3-9">
                    <pos type="VBD"/>
                    <lemma type="be"/>
                    <dep head="3-10" type="aux"/>
                </token>
                <token content="starting" id="3-10">
                    <pos type="VBG"/>
                    <lemma type="start"/>
                    <dep head="3-5" type="prepc"/>
                </token>
                <token content="from" id="3-11">
                    <pos type="IN"/>
                    <lemma type="from"/>
                    <dep head="3-10" type="prep"/>
                </token>
                <token content="and" id="3-12"/>
                <token content="where" id="3-13">
                    <pos type="WRB"/>
                    <lemma type="where"/>
                    <dep head="3-15" type="advmod"/>
                </token>
                <token content="I" id="3-14">
                    <pos type="PRP"/>
                    <lemma type="I"/>
                    <dep head="3-15" type="nsubj"/>
                </token>
                <token content="wanted" id="3-15">
                    <pos type="VBD"/>
                    <lemma type="want"/>
                    <dep head="3-10" type="conj"/>
                </token>
                <token content="to" id="3-16">
                    <pos type="TO"/>
                    <lemma type="to"/>
                    <dep head="3-17" type="aux"/>
                </token>
                <token content="be" id="3-17">
                    <pos type="VB"/>
                    <lemma type="be"/>
                    <dep head="3-15" type="xcomp"/>
                </token>
                <token content="in" id="3-18">
                    <pos type="IN"/>
                    <lemma type="in"/>
                    <dep head="3-21" type="mark"/>
                </token>
                <token content="order" id="3-19">
                    <pos type="NN"/>
                    <lemma type="order"/>
                    <dep head="3-21" type="dep"/>
                </token>
                <token content="to" id="3-20">
                    <pos type="TO"/>
                    <lemma type="to"/>
                    <dep head="3-21" type="aux"/>
                </token>
                <token content="find" id="3-21">
                    <pos type="VB"/>
                    <lemma type="find"/>
                    <dep head="3-17" type="advcl"/>
                </token>
                <token content="an" id="3-22">
                    <pos type="DT"/>
                    <lemma type="a"/>
                </token>
                <token content="acceptable" id="3-23">
                    <pos type="JJ"/>
                    <lemma type="acceptable"/>
                </token>
                <token content="route" id="3-24">
                    <pos type="NN"/>
                    <lemma type="route"/>
                    <dep head="3-21" type="dobj"/>
                </token>
                <token content="." id="3-25"/>
            </sentence>
            <sentence id="4">
                <token content="I" id="4-1">
                    <pos type="PRP"/>
                    <lemma type="I"/>
                    <dep head="4-2" type="nsubj"/>
                </token>
                <token content="had" id="4-2">
                    <pos type="VBD"/>
                    <lemma type="have"/>
                </token>
                <token content="to" id="4-3">
                    <pos type="TO"/>
                    <lemma type="to"/>
                    <dep head="4-4" type="aux"/>
                </token>
                <token content="catch" id="4-4">
                    <pos type="VB"/>
                    <lemma type="catch"/>
                    <dep head="4-2" type="xcomp"/>
                </token>
                <token content="two" id="4-5">
                    <pos type="CD"/>
                    <lemma type="two"/>
                </token>
                <token content="different" id="4-6">
                    <pos type="JJ"/>
                    <lemma type="different"/>
                </token>
                <token content="buses" id="4-7">
                    <pos type="NNS"/>
                    <lemma type="bus"/>
                    <dep head="4-4" type="dobj"/>
                </token>
                <token content="," id="4-8"/>
                <token content="so" id="4-9">
                    <pos type="IN"/>
                    <lemma type="so"/>
                    <dep head="4-2" type="dep"/>
                </token>
                <token content="I" id="4-10">
                    <pos type="PRP"/>
                    <lemma type="I"/>
                    <dep head="4-11" type="nsubj"/>
                </token>
                <token content="had" id="4-11">
                    <pos type="VBD"/>
                    <lemma type="have"/>
                    <dep head="4-2" type="parataxis"/>
                </token>
                <token content="to" id="4-12">
                    <pos type="TO"/>
                    <lemma type="to"/>
                    <dep head="4-13" type="aux"/>
                </token>
                <token content="pay" id="4-13">
                    <pos type="VB"/>
                    <lemma type="pay"/>
                    <dep head="4-11" type="xcomp"/>
                </token>
                <token content="a" id="4-14">
                    <pos type="DT"/>
                    <lemma type="a"/>
                </token>
                <token content="transfer" id="4-15">
                    <pos type="NN"/>
                    <lemma type="transfer"/>
                </token>
                <token content="fee" id="4-16">
                    <pos type="NN"/>
                    <lemma type="fee"/>
                    <dep head="4-13" type="dobj"/>
                </token>
                <token content="in" id="4-17"/>
                <token content="addition" id="4-18">
                    <pos type="NN"/>
                    <lemma type="addition"/>
                </token>
                <token content="to" id="4-19"/>
                <token content="the" id="4-20">
                    <pos type="DT"/>
                    <lemma type="the"/>
                </token>
                <token content="regular" id="4-21">
                    <pos type="JJ"/>
                    <lemma type="regular"/>
                </token>
                <token content="fee" id="4-22">
                    <pos type="NN"/>
                    <lemma type="fee"/>
                    <dep head="4-13" type="prep"/>
                </token>
                <token content="and" id="4-23"/>
                <token content="let" id="4-24">
                    <pos type="VB"/>
                    <lemma type="let"/>
                    <dep head="4-13" type="conj"/>
                </token>
                <token content="the" id="4-25">
                    <pos type="DT"/>
                    <lemma type="the"/>
                </token>
                <token content="bus" id="4-26">
                    <pos type="NN"/>
                    <lemma type="bus"/>
                </token>
                <token content="driver" id="4-27">
                    <pos type="NN"/>
                    <lemma type="driver"/>
                    <dep head="4-28" type="nsubj"/>
                </token>
                <token content="know" id="4-28">
                    <pos type="VB"/>
                    <lemma type="know"/>
                    <dep head="4-24" type="ccomp"/>
                </token>
                <token content="as" id="4-29">
                    <pos type="IN"/>
                    <lemma type="as"/>
                    <dep head="4-31" type="mark"/>
                </token>
                <token content="I" id="4-30">
                    <pos type="PRP"/>
                    <lemma type="I"/>
                    <dep head="4-31" type="nsubj"/>
                </token>
                <token content="got" id="4-31">
                    <pos type="VBD"/>
                    <lemma type="get"/>
                    <dep head="4-28" type="advcl"/>
                </token>
                <token content="on" id="4-32"/>
                <token content="the" id="4-33">
                    <pos type="DT"/>
                    <lemma type="the"/>
                </token>
                <token content="bus" id="4-34">
                    <pos type="NN"/>
                    <lemma type="bus"/>
                    <dep head="4-31" type="prep"/>
                </token>
                <token content="." id="4-35"/>
            </sentence>
            <sentence id="5">
                <token content="I" id="5-1">
                    <pos type="PRP"/>
                    <lemma type="I"/>
                    <dep head="5-3" type="nsubj"/>
                </token>
                <token content="also" id="5-2">
                    <pos type="RB"/>
                    <lemma type="also"/>
                    <dep head="5-3" type="advmod"/>
                </token>
                <token content="looked" id="5-3">
                    <pos type="VBD"/>
                    <lemma type="look"/>
                    <dep head="5-14" type="dep"/>
                </token>
                <token content="up" id="5-4">
                    <pos type="RP"/>
                    <lemma type="up"/>
                    <dep head="5-3" type="prt"/>
                </token>
                <token content="a" id="5-5">
                    <pos type="DT"/>
                    <lemma type="a"/>
                </token>
                <token content="route" id="5-6">
                    <pos type="NN"/>
                    <lemma type="route"/>
                </token>
                <token content="home" id="5-7">
                    <pos type="NN"/>
                    <lemma type="home"/>
                    <dep head="5-3" type="dobj"/>
                </token>
                <token content="with" id="5-8"/>
                <token content="extra" id="5-9">
                    <pos type="JJ"/>
                    <lemma type="extra"/>
                </token>
                <token content="times" id="5-10">
                    <pos type="NNS"/>
                    <lemma type="time"/>
                    <dep head="5-3" type="prep"/>
                </token>
                <token content="in" id="5-11"/>
                <token content="case" id="5-12">
                    <pos type="NN"/>
                    <lemma type="case"/>
                    <dep head="5-3" type="prep"/>
                </token>
                <token content="I" id="5-13">
                    <pos type="PRP"/>
                    <lemma type="I"/>
                    <dep head="5-14" type="nsubj"/>
                </token>
                <token content="missed" id="5-14">
                    <pos type="VBD"/>
                    <lemma type="miss"/>
                </token>
                <token content="a" id="5-15">
                    <pos type="DT"/>
                    <lemma type="a"/>
                </token>
                <token content="bus" id="5-16">
                    <pos type="NN"/>
                    <lemma type="bus"/>
                    <dep head="5-14" type="dobj"/>
                </token>
                <token content="." id="5-17"/>
            </sentence>
            <sentence id="6">
                <token content="I" id="6-1">
                    <pos type="PRP"/>
                    <lemma type="I"/>
                    <dep head="6-2" type="nsubj"/>
                </token>
                <token content="gathered" id="6-2">
                    <pos type="VBD"/>
                    <lemma type="gather"/>
                </token>
                <token content="the" id="6-3">
                    <pos type="DT"/>
                    <lemma type="the"/>
                </token>
                <token content="things" id="6-4">
                    <pos type="NNS"/>
                    <lemma type="thing"/>
                    <dep head="6-2" type="dobj"/>
                </token>
                <token content="I" id="6-5">
                    <pos type="PRP"/>
                    <lemma type="I"/>
                    <dep head="6-6" type="nsubj"/>
                </token>
                <token content="needed" id="6-6">
                    <pos type="VBD"/>
                    <lemma type="need"/>
                </token>
                <token content="for" id="6-7"/>
                <token content="my" id="6-8">
                    <pos type="PRP$"/>
                    <lemma type="my"/>
                </token>
                <token content="travels" id="6-9">
                    <pos type="NNS"/>
                    <lemma type="travels"/>
                    <dep head="6-6" type="prep"/>
                </token>
                <token content="and" id="6-10"/>
                <token content="found" id="6-11">
                    <pos type="VBD"/>
                    <lemma type="find"/>
                    <dep head="6-6" type="conj"/>
                </token>
                <token content="a" id="6-12">
                    <pos type="DT"/>
                    <lemma type="a"/>
                </token>
                <token content="sign" id="6-13">
                    <pos type="NN"/>
                    <lemma type="sign"/>
                    <dep head="6-11" type="dobj"/>
                </token>
                <token content="with" id="6-14"/>
                <token content="a" id="6-15">
                    <pos type="DT"/>
                    <lemma type="a"/>
                </token>
                <token content="bus" id="6-16">
                    <pos type="NN"/>
                    <lemma type="bus"/>
                </token>
                <token content="stop" id="6-17">
                    <pos type="NN"/>
                    <lemma type="stop"/>
                </token>
                <token content="symbol" id="6-18">
                    <pos type="NN"/>
                    <lemma type="symbol"/>
                    <dep head="6-11" type="prep"/>
                </token>
                <token content="on" id="6-19"/>
                <token content="it" id="6-20">
                    <pos type="PRP"/>
                    <lemma type="it"/>
                    <dep head="6-11" type="prep"/>
                </token>
                <token content="," id="6-21"/>
                <token content="and" id="6-22"/>
                <token content="made" id="6-23">
                    <pos type="VBD"/>
                    <lemma type="make"/>
                    <dep head="6-6" type="conj"/>
                </token>
                <token content="sure" id="6-24">
                    <pos type="JJ"/>
                    <lemma type="sure"/>
                    <dep head="6-23" type="acomp"/>
                </token>
                <token content="it" id="6-25">
                    <pos type="PRP"/>
                    <lemma type="it"/>
                    <dep head="6-26" type="nsubj"/>
                </token>
                <token content="listed" id="6-26">
                    <pos type="VBD"/>
                    <lemma type="list"/>
                </token>
                <token content="the" id="6-27">
                    <pos type="DT"/>
                    <lemma type="the"/>
                </token>
                <token content="bus" id="6-28">
                    <pos type="NN"/>
                    <lemma type="bus"/>
                </token>
                <token content="number" id="6-29">
                    <pos type="NN"/>
                    <lemma type="number"/>
                    <dep head="6-26" type="dobj"/>
                </token>
                <token content="I" id="6-30">
                    <pos type="PRP"/>
                    <lemma type="I"/>
                    <dep head="6-31" type="nsubj"/>
                </token>
                <token content="needed" id="6-31">
                    <pos type="VBD"/>
                    <lemma type="need"/>
                </token>
                <token content="." id="6-32"/>
            </sentence>
            <sentence id="7">
                <token content="I" id="7-1">
                    <pos type="PRP"/>
                    <lemma type="I"/>
                    <dep head="7-2" type="nsubj"/>
                </token>
                <token content="told" id="7-2">
                    <pos type="VBD"/>
                    <lemma type="tell"/>
                </token>
                <token content="the" id="7-3">
                    <pos type="DT"/>
                    <lemma type="the"/>
                </token>
                <token content="driver" id="7-4">
                    <pos type="NN"/>
                    <lemma type="driver"/>
                    <dep head="7-2" type="dobj"/>
                </token>
                <token content="I" id="7-5">
                    <pos type="PRP"/>
                    <lemma type="I"/>
                    <dep head="7-6" type="nsubj"/>
                </token>
                <token content="needed" id="7-6">
                    <pos type="VBD"/>
                    <lemma type="need"/>
                </token>
                <token content="a" id="7-7">
                    <pos type="DT"/>
                    <lemma type="a"/>
                </token>
                <token content="transfer" id="7-8">
                    <pos type="NN"/>
                    <lemma type="transfer"/>
                </token>
                <token content="ticket" id="7-9">
                    <pos type="NN"/>
                    <lemma type="ticket"/>
                    <dep head="7-6" type="dobj"/>
                </token>
                <token content="and" id="7-10"/>
                <token content="paid" id="7-11">
                    <pos type="VBD"/>
                    <lemma type="pay"/>
                    <dep head="7-6" type="conj"/>
                </token>
                <token content="my" id="7-12">
                    <pos type="PRP$"/>
                    <lemma type="my"/>
                </token>
                <token content="extra" id="7-13">
                    <pos type="JJ"/>
                    <lemma type="extra"/>
                </token>
                <token content="fee" id="7-14">
                    <pos type="NN"/>
                    <lemma type="fee"/>
                    <dep head="7-11" type="dobj"/>
                </token>
                <token content="." id="7-15"/>
            </sentence>
            <sentence id="8">
                <token content="When" id="8-1">
                    <pos type="WRB"/>
                    <lemma type="when"/>
                </token>
                <token content="it" id="8-2">
                    <pos type="PRP"/>
                    <lemma type="it"/>
                </token>
                <token content="was" id="8-3">
                    <pos type="VBD"/>
                    <lemma type="be"/>
                </token>
                <token content="time" id="8-4">
                    <pos type="NN"/>
                    <lemma type="time"/>
                    <dep head="8-12" type="advcl"/>
                </token>
                <token content="to" id="8-5">
                    <pos type="TO"/>
                    <lemma type="to"/>
                    <dep head="8-6" type="aux"/>
                </token>
                <token content="get" id="8-6">
                    <pos type="VB"/>
                    <lemma type="get"/>
                </token>
                <token content="off" id="8-7">
                    <pos type="RP"/>
                    <lemma type="off"/>
                    <dep head="8-6" type="prt"/>
                </token>
                <token content="the" id="8-8">
                    <pos type="DT"/>
                    <lemma type="the"/>
                </token>
                <token content="bus" id="8-9">
                    <pos type="NN"/>
                    <lemma type="bus"/>
                    <dep head="8-6" type="dobj"/>
                </token>
                <token content="," id="8-10"/>
                <token content="I" id="8-11">
                    <pos type="PRP"/>
                    <lemma type="I"/>
                    <dep head="8-12" type="nsubj"/>
                </token>
                <token content="had" id="8-12">
                    <pos type="VBD"/>
                    <lemma type="have"/>
                </token>
                <token content="to" id="8-13">
                    <pos type="TO"/>
                    <lemma type="to"/>
                    <dep head="8-14" type="aux"/>
                </token>
                <token content="pull" id="8-14">
                    <pos type="VB"/>
                    <lemma type="pull"/>
                    <dep head="8-12" type="xcomp"/>
                </token>
                <token content="the" id="8-15">
                    <pos type="DT"/>
                    <lemma type="the"/>
                </token>
                <token content="cord" id="8-16">
                    <pos type="NN"/>
                    <lemma type="cord"/>
                    <dep head="8-14" type="dobj"/>
                </token>
                <token content="to" id="8-17">
                    <pos type="TO"/>
                    <lemma type="to"/>
                    <dep head="8-18" type="aux"/>
                </token>
                <token content="let" id="8-18">
                    <pos type="VB"/>
                    <lemma type="let"/>
                </token>
                <token content="the" id="8-19">
                    <pos type="DT"/>
                    <lemma type="the"/>
                </token>
                <token content="driver" id="8-20">
                    <pos type="NN"/>
                    <lemma type="driver"/>
                    <dep head="8-21" type="nsubj"/>
                </token>
                <token content="know" id="8-21">
                    <pos type="VB"/>
                    <lemma type="know"/>
                    <dep head="8-18" type="ccomp"/>
                </token>
                <token content="before" id="8-22">
                    <pos type="IN"/>
                    <lemma type="before"/>
                    <dep head="8-24" type="mark"/>
                </token>
                <token content="we" id="8-23">
                    <pos type="PRP"/>
                    <lemma type="we"/>
                    <dep head="8-24" type="nsubj"/>
                </token>
                <token content="passed" id="8-24">
                    <pos type="VBD"/>
                    <lemma type="pass"/>
                    <dep head="8-21" type="advcl"/>
                </token>
                <token content="my" id="8-25">
                    <pos type="PRP$"/>
                    <lemma type="my"/>
                </token>
                <token content="spot" id="8-26">
                    <pos type="NN"/>
                    <lemma type="spot"/>
                    <dep head="8-24" type="dobj"/>
                </token>
                <token content="." id="8-27"/>
            </sentence>
        </sentences>
    </text>
    <annotations>
        <participants>
            <label from="1-1" id="0" name="ScrPart_passenger" text="I" type="participant"/>
            <label from="1-7" id="1" name="ScrPart_bus" text="bus" type="participant"/>
            <label from="1-9" id="2" name="No_label" text="day" type="participant"/>
            <label from="2-1" id="3" name="ScrPart_passenger" text="I" type="participant"/>
            <label from="2-7" id="4" name="ScrPart_route" text="routes" type="participant"/>
            <label from="2-10" id="5" name="ScrPart_money" text="charge" type="participant"/>
            <label from="2-15" id="6" name="ScrPart_passenger" text="I" type="participant"/>
            <label from="2-19" id="7" name="NPart" text="computer" type="participant"/>
            <label from="2-22" id="8" name="No_label" text="it" type="participant"/>
            <label from="3-1" id="9" name="ScrPart_passenger" text="I" type="participant"/>
            <label from="3-8" id="10" name="ScrPart_passenger" text="I" type="participant"/>
            <label from="3-14" id="11" name="ScrPart_passenger" text="I" type="participant"/>
            <label from="3-24" id="12" name="ScrPart_route" text="route" type="participant"/>
            <label from="4-1" id="13" name="ScrPart_passenger" text="I" type="participant"/>
            <label from="4-7" id="14" name="ScrPart_bus" text="buses" type="participant"/>
            <label from="4-10" id="15" name="ScrPart_passenger" text="I" type="participant"/>
            <label from="4-15" id="16" name="ScrPart_money" text="transfer fee" to="4-16" type="participant"/>
            <label from="4-16" id="17" name="ScrPart_money" text="fee" type="participant"/>
            <label from="4-18" id="18" name="No_label" text="addition" type="participant"/>
            <label from="4-22" id="19" name="ScrPart_money" text="fee" type="participant"/>
            <label from="4-26" id="20" name="ScrPart_bus_staff" text="bus driver" to="4-27" type="participant"/>
            <label from="4-27" id="21" name="ScrPart_bus_staff" text="driver" type="participant"/>
            <label from="4-30" id="22" name="ScrPart_passenger" text="I" type="participant"/>
            <label from="4-34" id="23" name="ScrPart_bus" text="bus" type="participant"/>
            <label from="5-1" id="24" name="ScrPart_passenger" text="I" type="participant"/>
            <label from="5-6" id="25" name="ScrPart_route" text="route" type="participant"/>
            <label from="5-7" id="26" name="NPart" text="home" type="participant"/>
            <label from="5-10" id="27" name="NPart" text="times" type="participant"/>
            <label from="5-12" id="28" name="No_label" text="case" type="participant"/>
            <label from="5-13" id="29" name="ScrPart_passenger" text="I" type="participant"/>
            <label from="5-16" id="30" name="ScrPart_bus" text="bus" type="participant"/>
            <label from="6-1" id="31" name="ScrPart_passenger" text="I" type="participant"/>
            <label from="6-4" id="32" name="NPart" text="things" type="participant"/>
            <label from="6-5" id="33" name="ScrPart_passenger" text="I" type="participant"/>
            <label from="6-8" id="34" name="ScrPart_passenger" text="my" type="participant"/>
            <label from="6-9" id="35" name="ScrPart_ride" text="travels" type="participant"/>
            <label from="6-13" id="36" name="NPart" text="sign" type="participant"/>
            <label from="6-16" id="37" name="NPart" text="bus stop symbol" to="6-18" type="participant"/>
            <label from="6-18" id="38" name="NPart" text="symbol" type="participant"/>
            <label from="6-20" id="39" name="NPart" text="it" type="participant"/>
            <label from="6-25" id="40" name="NPart" text="it" type="participant"/>
            <label from="6-28" id="41" name="ScrPart_other" text="bus number" to="6-29" type="participant"/>
            <label from="6-29" id="42" name="ScrPart_other" text="number" type="participant"/>
            <label from="6-30" id="43" name="ScrPart_passenger" text="I" type="participant"/>
            <label from="7-1" id="44" name="ScrPart_passenger" text="I" type="participant"/>
            <label from="7-4" id="45" name="ScrPart_bus_staff" text="driver" type="participant"/>
            <label from="7-5" id="46" name="ScrPart_passenger" text="I" type="participant"/>
            <label from="7-8" id="47" name="ScrPart_card/ticket" text="transfer ticket" to="7-9" type="participant"/>
            <label from="7-9" id="48" name="ScrPart_card/ticket" text="ticket" type="participant"/>
            <label from="7-12" id="49" name="ScrPart_passenger" text="my" type="participant"/>
            <label from="7-14" id="50" name="ScrPart_money" text="fee" type="participant"/>
            <label from="8-2" id="51" name="No_label" text="it" type="participant"/>
            <label from="8-4" id="52" name="No_label" text="time" type="participant"/>
            <label from="8-9" id="53" name="ScrPart_bus" text="bus" type="participant"/>
            <label from="8-11" id="54" name="ScrPart_passenger" text="I" type="participant"/>
            <label from="8-16" id="55" name="ScrPart_stop_button/door_opener" text="cord" type="participant"/>
            <label from="8-20" id="56" name="ScrPart_bus_staff" text="driver" type="participant"/>
            <label from="8-23" id="57" name="ScrPart_passenger" text="we" type="participant"/>
            <label from="8-25" id="58" name="ScrPart_passenger" text="my" type="participant"/>
            <label from="8-26" id="59" name="ScrPart_destination" text="spot" type="participant"/>
        </participants>
        <events>
            <label from="1-4" id="60" name="Evoking" text="ride a public bus" to="1-7" type="event"/>
            <label from="2-2" id="61" name="UnrelEv" text="was" type="event"/>
            <label from="2-12" id="62" name="Evoking" text="ride" type="event"/>
            <label from="2-16" id="63" name="RelNScrEv" text="got" type="event"/>
            <label from="2-21" id="64" name="ScrEv_check_time-table" text="looked" type="event"/>
            <label from="3-5" id="65" name="ScrEv_check_time-table" text="enter in" to="3-6" type="event"/>
            <label from="3-10" id="66" name="RelNScrEv" text="starting" type="event"/>
            <label from="3-15" id="67" name="UnrelEv" text="wanted" type="event"/>
            <label from="3-17" id="68" name="UnrelEv" text="be" type="event"/>
            <label from="3-21" id="69" name="ScrEv_check_time-table" text="find" type="event"/>
            <label from="4-4" id="70" name="RelNScrEv" text="catch" type="event"/>
            <label from="4-13" id="71" name="RelNScrEv" text="pay" type="event"/>
            <label from="4-24" id="72" name="RelNScrEv" text="let" type="event"/>
            <label from="4-28" id="73" name="RelNScrEv" text="know" type="event"/>
            <label from="4-31" id="74" name="ScrEv_board_bus" text="got on" to="4-32" type="event"/>
            <label from="5-3" id="75" name="ScrEv_check_time-table" text="looked up" to="5-4" type="event"/>
            <label from="5-14" id="76" name="RelNScrEv" text="missed" type="event"/>
            <label from="6-2" id="77" name="RelNScrEv" text="gathered" type="event"/>
            <label from="6-6" id="78" name="UnrelEv" text="needed" type="event"/>
            <label from="6-11" id="79" name="ScrEv_find_bus" text="found" type="event"/>
            <label from="6-23" id="80" name="ScrEv_find_bus" text="made sure" to="6-24" type="event"/>
            <label from="6-26" id="81" name="UnrelEv" text="listed" type="event"/>
            <label from="6-31" id="82" name="UnrelEv" text="needed" type="event"/>
            <label from="7-2" id="83" name="RelNScrEv" text="told" type="event"/>
            <label from="7-6" id="84" name="UnrelEv" text="needed" type="event"/>
            <label from="7-11" id="85" name="ScrEv_get_ticket" text="paid" type="event"/>
            <label from="8-3" id="86" name="UnrelEv" text="was" type="event"/>
            <label from="8-6" id="87" name="ScrEv_get_off" text="get off" to="8-7" type="event"/>
            <label from="8-14" id="88" name="ScrEv_press_stop_button" text="pull" type="event"/>
            <label from="8-18" id="89" name="ScrEv_press_stop_button" text="let" type="event"/>
            <label from="8-21" id="90" name="ScrEv_press_stop_button" text="know" type="event"/>
            <label from="8-24" id="91" name="RelNScrEv" text="passed" type="event"/>
        </events>
        <chains>
            <chain elements="0 3 6 9 10 11 13 15 22 24 29 31 33 34 43 44 46 49 54 58"/>
            <chain elements="1 23 30 53"/>
            <chain elements="21 45 56"/>
            <chain elements="17 50"/>
            <chain elements="57 58" name="group_I_passengers"/>
            <chain elements="4 12 25"/>
        </chains>
    </annotations>
</story>
