<?xml version="1.0" encoding="UTF-8" standalone="no"?>
<!DOCTYPE story SYSTEM "../InScript.dtd">
<story id="030" scenario="bus">
    <text>
        <content>I live near the city of Santa Cruz and often take the 17X bus to the nearby city of San Jose . 
It 's possible to get discount fares by paying for multiple rides in advance , but I usually pay cash , five dollars for one-way . 
I get to my small town 's transit center early on weekday mornings , because the bus fills up quickly , and most good seats are already taken by riders who started their trip in downtown Santa Cruz . 
We wait in line in civilized fashion . 
Some people need only show the driver their pass , some shove a five-dollar bill into the fare machine efficiently . 
But some fumble with small coins or ask other riders for change , which makes everyone in line restive . 
Once on , riders can choose seats grouped around small tables , seats facing forward , or seats facing sideways . 
Table seats are premium , since the bus has WiFi and many people bring laptops . 
Others prefer seats in the back where the roughnecks are , just like in high school . 
My little town is the last stop before highway 17 . 
The bus whips along amid the pine trees and the yellow-flowered acacia that blooms this time of year . 
It is pleasant not to have to keep your eyes on the road . 
Unspoken bus etiquette decrees that strangers do n't speak to each other , but of course some people know each other and chat . 
Many tap away on their machines or play video games , others read books or enjoy the ride . 
It ends at San Jose 's train station , where passengers can transfer to the San Francisco train , or take a rattling inferior 1-hour bus ride to Fremont to catch the BART mass transit line to Oakland , Richmond , or distant Pittsburg , where the California Delta begins . </content>
        <sentences>
            <sentence id="1">
                <token content="I" id="1-1">
                    <pos type="PRP"/>
                    <lemma type="I"/>
                    <dep head="1-2" type="nsubj"/>
                </token>
                <token content="live" id="1-2">
                    <pos type="VBP"/>
                    <lemma type="live"/>
                </token>
                <token content="near" id="1-3"/>
                <token content="the" id="1-4">
                    <pos type="DT"/>
                    <lemma type="the"/>
                </token>
                <token content="city" id="1-5">
                    <pos type="NN"/>
                    <lemma type="city"/>
                    <dep head="1-2" type="prep"/>
                </token>
                <token content="of" id="1-6"/>
                <token content="Santa" id="1-7">
                    <pos type="NNP"/>
                    <lemma type="Santa"/>
                </token>
                <token content="Cruz" id="1-8">
                    <pos type="NNP"/>
                    <lemma type="Cruz"/>
                </token>
                <token content="and" id="1-9"/>
                <token content="often" id="1-10">
                    <pos type="RB"/>
                    <lemma type="often"/>
                    <dep head="1-11" type="advmod"/>
                </token>
                <token content="take" id="1-11">
                    <pos type="VB"/>
                    <lemma type="take"/>
                    <dep head="1-2" type="conj"/>
                </token>
                <token content="the" id="1-12">
                    <pos type="DT"/>
                    <lemma type="the"/>
                </token>
                <token content="17X" id="1-13">
                    <pos type="CD"/>
                    <lemma type="17x"/>
                </token>
                <token content="bus" id="1-14">
                    <pos type="NN"/>
                    <lemma type="bus"/>
                    <dep head="1-11" type="dobj"/>
                </token>
                <token content="to" id="1-15"/>
                <token content="the" id="1-16">
                    <pos type="DT"/>
                    <lemma type="the"/>
                </token>
                <token content="nearby" id="1-17">
                    <pos type="JJ"/>
                    <lemma type="nearby"/>
                </token>
                <token content="city" id="1-18">
                    <pos type="NN"/>
                    <lemma type="city"/>
                    <dep head="1-11" type="prep"/>
                </token>
                <token content="of" id="1-19"/>
                <token content="San" id="1-20">
                    <pos type="NNP"/>
                    <lemma type="San"/>
                </token>
                <token content="Jose" id="1-21">
                    <pos type="NNP"/>
                    <lemma type="Jose"/>
                </token>
                <token content="." id="1-22"/>
            </sentence>
            <sentence id="2">
                <token content="It" id="2-1">
                    <pos type="PRP"/>
                    <lemma type="it"/>
                </token>
                <token content="'s" id="2-2">
                    <pos type="VBZ"/>
                    <lemma type="be"/>
                </token>
                <token content="possible" id="2-3">
                    <pos type="JJ"/>
                    <lemma type="possible"/>
                </token>
                <token content="to" id="2-4">
                    <pos type="TO"/>
                    <lemma type="to"/>
                    <dep head="2-5" type="aux"/>
                </token>
                <token content="get" id="2-5">
                    <pos type="VB"/>
                    <lemma type="get"/>
                </token>
                <token content="discount" id="2-6">
                    <pos type="NN"/>
                    <lemma type="discount"/>
                </token>
                <token content="fares" id="2-7">
                    <pos type="NNS"/>
                    <lemma type="fare"/>
                    <dep head="2-5" type="dobj"/>
                </token>
                <token content="by" id="2-8"/>
                <token content="paying" id="2-9">
                    <pos type="VBG"/>
                    <lemma type="pay"/>
                    <dep head="2-5" type="prepc"/>
                </token>
                <token content="for" id="2-10"/>
                <token content="multiple" id="2-11">
                    <pos type="JJ"/>
                    <lemma type="multiple"/>
                </token>
                <token content="rides" id="2-12">
                    <pos type="NNS"/>
                    <lemma type="ride"/>
                    <dep head="2-9" type="prep"/>
                </token>
                <token content="in" id="2-13"/>
                <token content="advance" id="2-14">
                    <pos type="NN"/>
                    <lemma type="advance"/>
                </token>
                <token content="," id="2-15"/>
                <token content="but" id="2-16"/>
                <token content="I" id="2-17">
                    <pos type="PRP"/>
                    <lemma type="I"/>
                    <dep head="2-19" type="nsubj"/>
                </token>
                <token content="usually" id="2-18">
                    <pos type="RB"/>
                    <lemma type="usually"/>
                    <dep head="2-19" type="advmod"/>
                </token>
                <token content="pay" id="2-19">
                    <pos type="VB"/>
                    <lemma type="pay"/>
                </token>
                <token content="cash" id="2-20">
                    <pos type="NN"/>
                    <lemma type="cash"/>
                    <dep head="2-19" type="dobj"/>
                </token>
                <token content="," id="2-21"/>
                <token content="five" id="2-22">
                    <pos type="CD"/>
                    <lemma type="five"/>
                </token>
                <token content="dollars" id="2-23">
                    <pos type="NNS"/>
                    <lemma type="dollar"/>
                    <dep head="2-19" type="dobj"/>
                </token>
                <token content="for" id="2-24"/>
                <token content="one-way" id="2-25">
                    <pos type="NNP"/>
                    <lemma type="one-way"/>
                </token>
                <token content="." id="2-26"/>
            </sentence>
            <sentence id="3">
                <token content="I" id="3-1">
                    <pos type="PRP"/>
                    <lemma type="I"/>
                    <dep head="3-2" type="nsubj"/>
                </token>
                <token content="get" id="3-2">
                    <pos type="VBP"/>
                    <lemma type="get"/>
                </token>
                <token content="to" id="3-3"/>
                <token content="my" id="3-4">
                    <pos type="PRP$"/>
                    <lemma type="my"/>
                </token>
                <token content="small" id="3-5">
                    <pos type="JJ"/>
                    <lemma type="small"/>
                </token>
                <token content="town" id="3-6">
                    <pos type="NN"/>
                    <lemma type="town"/>
                </token>
                <token content="'s" id="3-7"/>
                <token content="transit" id="3-8">
                    <pos type="NN"/>
                    <lemma type="transit"/>
                </token>
                <token content="center" id="3-9">
                    <pos type="NN"/>
                    <lemma type="center"/>
                    <dep head="3-2" type="prep"/>
                </token>
                <token content="early" id="3-10">
                    <pos type="RB"/>
                    <lemma type="early"/>
                    <dep head="3-2" type="advmod"/>
                </token>
                <token content="on" id="3-11"/>
                <token content="weekday" id="3-12">
                    <pos type="NN"/>
                    <lemma type="weekday"/>
                </token>
                <token content="mornings" id="3-13">
                    <pos type="NNS"/>
                    <lemma type="morning"/>
                </token>
                <token content="," id="3-14"/>
                <token content="because" id="3-15">
                    <pos type="IN"/>
                    <lemma type="because"/>
                    <dep head="3-18" type="mark"/>
                </token>
                <token content="the" id="3-16">
                    <pos type="DT"/>
                    <lemma type="the"/>
                </token>
                <token content="bus" id="3-17">
                    <pos type="NN"/>
                    <lemma type="bus"/>
                    <dep head="3-18" type="nsubj"/>
                </token>
                <token content="fills" id="3-18">
                    <pos type="VBZ"/>
                    <lemma type="fill"/>
                    <dep head="3-2" type="advcl"/>
                </token>
                <token content="up" id="3-19">
                    <pos type="RB"/>
                    <lemma type="up"/>
                </token>
                <token content="quickly" id="3-20">
                    <pos type="RB"/>
                    <lemma type="quickly"/>
                    <dep head="3-18" type="advmod"/>
                </token>
                <token content="," id="3-21"/>
                <token content="and" id="3-22"/>
                <token content="most" id="3-23">
                    <pos type="RBS"/>
                    <lemma type="most"/>
                </token>
                <token content="good" id="3-24">
                    <pos type="JJ"/>
                    <lemma type="good"/>
                </token>
                <token content="seats" id="3-25">
                    <pos type="NNS"/>
                    <lemma type="seat"/>
                    <dep head="3-28" type="nsubjpass"/>
                </token>
                <token content="are" id="3-26">
                    <pos type="VBP"/>
                    <lemma type="be"/>
                    <dep head="3-28" type="auxpass"/>
                </token>
                <token content="already" id="3-27">
                    <pos type="RB"/>
                    <lemma type="already"/>
                    <dep head="3-28" type="advmod"/>
                </token>
                <token content="taken" id="3-28">
                    <pos type="VBN"/>
                    <lemma type="take"/>
                    <dep head="3-2" type="conj"/>
                </token>
                <token content="by" id="3-29"/>
                <token content="riders" id="3-30">
                    <pos type="NNS"/>
                    <lemma type="rider"/>
                    <dep head="3-28" type="agent"/>
                </token>
                <token content="who" id="3-31">
                    <pos type="WP"/>
                    <lemma type="who"/>
                    <dep head="3-32" type="nsubj"/>
                </token>
                <token content="started" id="3-32">
                    <pos type="VBD"/>
                    <lemma type="start"/>
                </token>
                <token content="their" id="3-33">
                    <pos type="PRP$"/>
                    <lemma type="they"/>
                </token>
                <token content="trip" id="3-34">
                    <pos type="NN"/>
                    <lemma type="trip"/>
                    <dep head="3-32" type="dobj"/>
                </token>
                <token content="in" id="3-35"/>
                <token content="downtown" id="3-36">
                    <pos type="NN"/>
                    <lemma type="downtown"/>
                </token>
                <token content="Santa" id="3-37">
                    <pos type="NNP"/>
                    <lemma type="Santa"/>
                </token>
                <token content="Cruz" id="3-38">
                    <pos type="NNP"/>
                    <lemma type="Cruz"/>
                    <dep head="3-32" type="prep"/>
                </token>
                <token content="." id="3-39"/>
            </sentence>
            <sentence id="4">
                <token content="We" id="4-1">
                    <pos type="PRP"/>
                    <lemma type="we"/>
                    <dep head="4-2" type="nsubj"/>
                </token>
                <token content="wait" id="4-2">
                    <pos type="VBP"/>
                    <lemma type="wait"/>
                </token>
                <token content="in" id="4-3"/>
                <token content="line" id="4-4">
                    <pos type="NN"/>
                    <lemma type="line"/>
                    <dep head="4-2" type="prep"/>
                </token>
                <token content="in" id="4-5"/>
                <token content="civilized" id="4-6">
                    <pos type="JJ"/>
                    <lemma type="civilized"/>
                </token>
                <token content="fashion" id="4-7">
                    <pos type="NN"/>
                    <lemma type="fashion"/>
                </token>
                <token content="." id="4-8"/>
            </sentence>
            <sentence id="5">
                <token content="Some" id="5-1">
                    <pos type="DT"/>
                    <lemma type="some"/>
                </token>
                <token content="people" id="5-2">
                    <pos type="NNS"/>
                    <lemma type="people"/>
                    <dep head="5-3" type="nsubj"/>
                </token>
                <token content="need" id="5-3">
                    <pos type="VBP"/>
                    <lemma type="need"/>
                    <dep head="5-12" type="ccomp"/>
                </token>
                <token content="only" id="5-4">
                    <pos type="RB"/>
                    <lemma type="only"/>
                    <dep head="5-3" type="advmod"/>
                </token>
                <token content="show" id="5-5">
                    <pos type="VB"/>
                    <lemma type="show"/>
                    <dep head="5-3" type="dep"/>
                </token>
                <token content="the" id="5-6">
                    <pos type="DT"/>
                    <lemma type="the"/>
                </token>
                <token content="driver" id="5-7">
                    <pos type="NN"/>
                    <lemma type="driver"/>
                    <dep head="5-5" type="iobj"/>
                </token>
                <token content="their" id="5-8">
                    <pos type="PRP$"/>
                    <lemma type="they"/>
                </token>
                <token content="pass" id="5-9">
                    <pos type="NN"/>
                    <lemma type="pass"/>
                    <dep head="5-5" type="dobj"/>
                </token>
                <token content="," id="5-10"/>
                <token content="some" id="5-11">
                    <pos type="DT"/>
                    <lemma type="some"/>
                    <dep head="5-12" type="nsubj"/>
                </token>
                <token content="shove" id="5-12">
                    <pos type="VBD"/>
                    <lemma type="shove"/>
                </token>
                <token content="a" id="5-13">
                    <pos type="DT"/>
                    <lemma type="a"/>
                </token>
                <token content="five-dollar" id="5-14">
                    <pos type="JJ"/>
                    <lemma type="five-dollar"/>
                </token>
                <token content="bill" id="5-15">
                    <pos type="NN"/>
                    <lemma type="bill"/>
                    <dep head="5-12" type="dobj"/>
                </token>
                <token content="into" id="5-16">
                    <pos type="IN"/>
                    <lemma type="into"/>
                    <dep head="5-12" type="prep"/>
                </token>
                <token content="the" id="5-17">
                    <pos type="DT"/>
                    <lemma type="the"/>
                </token>
                <token content="fare" id="5-18">
                    <pos type="NN"/>
                    <lemma type="fare"/>
                </token>
                <token content="machine" id="5-19">
                    <pos type="NN"/>
                    <lemma type="machine"/>
                </token>
                <token content="efficiently" id="5-20">
                    <pos type="RB"/>
                    <lemma type="efficiently"/>
                </token>
                <token content="." id="5-21"/>
            </sentence>
            <sentence id="6">
                <token content="But" id="6-1"/>
                <token content="some" id="6-2">
                    <pos type="DT"/>
                    <lemma type="some"/>
                    <dep head="6-3" type="nsubj"/>
                </token>
                <token content="fumble" id="6-3">
                    <pos type="VB"/>
                    <lemma type="fumble"/>
                </token>
                <token content="with" id="6-4"/>
                <token content="small" id="6-5">
                    <pos type="JJ"/>
                    <lemma type="small"/>
                </token>
                <token content="coins" id="6-6">
                    <pos type="NNS"/>
                    <lemma type="coin"/>
                    <dep head="6-3" type="prep"/>
                </token>
                <token content="or" id="6-7"/>
                <token content="ask" id="6-8">
                    <pos type="VB"/>
                    <lemma type="ask"/>
                    <dep head="6-3" type="conj"/>
                </token>
                <token content="other" id="6-9">
                    <pos type="JJ"/>
                    <lemma type="other"/>
                </token>
                <token content="riders" id="6-10">
                    <pos type="NNS"/>
                    <lemma type="rider"/>
                    <dep head="6-8" type="dobj"/>
                </token>
                <token content="for" id="6-11"/>
                <token content="change" id="6-12">
                    <pos type="NN"/>
                    <lemma type="change"/>
                    <dep head="6-8" type="prep"/>
                </token>
                <token content="," id="6-13"/>
                <token content="which" id="6-14">
                    <pos type="WDT"/>
                    <lemma type="which"/>
                    <dep head="6-15" type="nsubj"/>
                </token>
                <token content="makes" id="6-15">
                    <pos type="VBZ"/>
                    <lemma type="make"/>
                </token>
                <token content="everyone" id="6-16">
                    <pos type="NN"/>
                    <lemma type="everyone"/>
                    <dep head="6-15" type="dobj"/>
                </token>
                <token content="in" id="6-17"/>
                <token content="line" id="6-18">
                    <pos type="NN"/>
                    <lemma type="line"/>
                </token>
                <token content="restive" id="6-19">
                    <pos type="NN"/>
                    <lemma type="restive"/>
                </token>
                <token content="." id="6-20"/>
            </sentence>
            <sentence id="7">
                <token content="Once" id="7-1">
                    <pos type="RB"/>
                    <lemma type="once"/>
                </token>
                <token content="on" id="7-2">
                    <pos type="RB"/>
                    <lemma type="on"/>
                    <dep head="7-6" type="advmod"/>
                </token>
                <token content="," id="7-3"/>
                <token content="riders" id="7-4">
                    <pos type="NNS"/>
                    <lemma type="rider"/>
                    <dep head="7-6" type="nsubj"/>
                </token>
                <token content="can" id="7-5">
                    <pos type="MD"/>
                    <lemma type="can"/>
                    <dep head="7-6" type="aux"/>
                </token>
                <token content="choose" id="7-6">
                    <pos type="VB"/>
                    <lemma type="choose"/>
                </token>
                <token content="seats" id="7-7">
                    <pos type="NNS"/>
                    <lemma type="seat"/>
                    <dep head="7-6" type="dobj"/>
                </token>
                <token content="grouped" id="7-8">
                    <pos type="VBN"/>
                    <lemma type="group"/>
                </token>
                <token content="around" id="7-9"/>
                <token content="small" id="7-10">
                    <pos type="JJ"/>
                    <lemma type="small"/>
                </token>
                <token content="tables" id="7-11">
                    <pos type="NNS"/>
                    <lemma type="table"/>
                    <dep head="7-8" type="prep"/>
                </token>
                <token content="," id="7-12"/>
                <token content="seats" id="7-13">
                    <pos type="NNS"/>
                    <lemma type="seat"/>
                </token>
                <token content="facing" id="7-14">
                    <pos type="VBG"/>
                    <lemma type="face"/>
                </token>
                <token content="forward" id="7-15">
                    <pos type="RB"/>
                    <lemma type="forward"/>
                    <dep head="7-14" type="advmod"/>
                </token>
                <token content="," id="7-16"/>
                <token content="or" id="7-17"/>
                <token content="seats" id="7-18">
                    <pos type="NNS"/>
                    <lemma type="seat"/>
                </token>
                <token content="facing" id="7-19">
                    <pos type="VBG"/>
                    <lemma type="face"/>
                </token>
                <token content="sideways" id="7-20">
                    <pos type="RB"/>
                    <lemma type="sideways"/>
                    <dep head="7-19" type="advmod"/>
                </token>
                <token content="." id="7-21"/>
            </sentence>
            <sentence id="8">
                <token content="Table" id="8-1">
                    <pos type="NNP"/>
                    <lemma type="Table"/>
                </token>
                <token content="seats" id="8-2">
                    <pos type="NNS"/>
                    <lemma type="seat"/>
                </token>
                <token content="are" id="8-3">
                    <pos type="VBP"/>
                    <lemma type="be"/>
                </token>
                <token content="premium" id="8-4">
                    <pos type="NN"/>
                    <lemma type="premium"/>
                </token>
                <token content="," id="8-5"/>
                <token content="since" id="8-6">
                    <pos type="IN"/>
                    <lemma type="since"/>
                    <dep head="8-9" type="mark"/>
                </token>
                <token content="the" id="8-7">
                    <pos type="DT"/>
                    <lemma type="the"/>
                </token>
                <token content="bus" id="8-8">
                    <pos type="NN"/>
                    <lemma type="bus"/>
                    <dep head="8-9" type="nsubj"/>
                </token>
                <token content="has" id="8-9">
                    <pos type="VBZ"/>
                    <lemma type="have"/>
                </token>
                <token content="WiFi" id="8-10">
                    <pos type="NNP"/>
                    <lemma type="WiFi"/>
                    <dep head="8-14" type="nsubj"/>
                </token>
                <token content="and" id="8-11"/>
                <token content="many" id="8-12">
                    <pos type="JJ"/>
                    <lemma type="many"/>
                </token>
                <token content="people" id="8-13">
                    <pos type="NNS"/>
                    <lemma type="people"/>
                </token>
                <token content="bring" id="8-14">
                    <pos type="VB"/>
                    <lemma type="bring"/>
                    <dep head="8-9" type="ccomp"/>
                </token>
                <token content="laptops" id="8-15">
                    <pos type="NNS"/>
                    <lemma type="laptop"/>
                    <dep head="8-14" type="dobj"/>
                </token>
                <token content="." id="8-16"/>
            </sentence>
            <sentence id="9">
                <token content="Others" id="9-1">
                    <pos type="NNS"/>
                    <lemma type="other"/>
                    <dep head="9-2" type="nsubj"/>
                </token>
                <token content="prefer" id="9-2">
                    <pos type="VBP"/>
                    <lemma type="prefer"/>
                </token>
                <token content="seats" id="9-3">
                    <pos type="NNS"/>
                    <lemma type="seat"/>
                    <dep head="9-2" type="dobj"/>
                </token>
                <token content="in" id="9-4"/>
                <token content="the" id="9-5">
                    <pos type="DT"/>
                    <lemma type="the"/>
                </token>
                <token content="back" id="9-6">
                    <pos type="NN"/>
                    <lemma type="back"/>
                    <dep head="9-2" type="prep"/>
                </token>
                <token content="where" id="9-7">
                    <pos type="WRB"/>
                    <lemma type="where"/>
                    <dep head="9-10" type="advmod"/>
                </token>
                <token content="the" id="9-8">
                    <pos type="DT"/>
                    <lemma type="the"/>
                </token>
                <token content="roughnecks" id="9-9">
                    <pos type="NNS"/>
                    <lemma type="roughneck"/>
                    <dep head="9-10" type="nsubj"/>
                </token>
                <token content="are" id="9-10">
                    <pos type="VBP"/>
                    <lemma type="be"/>
                    <dep head="9-2" type="advcl"/>
                </token>
                <token content="," id="9-11"/>
                <token content="just" id="9-12">
                    <pos type="RB"/>
                    <lemma type="just"/>
                    <dep head="9-10" type="advmod"/>
                </token>
                <token content="like" id="9-13">
                    <pos type="IN"/>
                    <lemma type="like"/>
                    <dep head="9-10" type="prep"/>
                </token>
                <token content="in" id="9-14">
                    <pos type="IN"/>
                    <lemma type="in"/>
                </token>
                <token content="high" id="9-15">
                    <pos type="JJ"/>
                    <lemma type="high"/>
                </token>
                <token content="school" id="9-16">
                    <pos type="NN"/>
                    <lemma type="school"/>
                </token>
                <token content="." id="9-17"/>
            </sentence>
            <sentence id="10">
                <token content="My" id="10-1">
                    <pos type="PRP$"/>
                    <lemma type="my"/>
                </token>
                <token content="little" id="10-2">
                    <pos type="JJ"/>
                    <lemma type="little"/>
                </token>
                <token content="town" id="10-3">
                    <pos type="NN"/>
                    <lemma type="town"/>
                </token>
                <token content="is" id="10-4">
                    <pos type="VBZ"/>
                    <lemma type="be"/>
                </token>
                <token content="the" id="10-5">
                    <pos type="DT"/>
                    <lemma type="the"/>
                </token>
                <token content="last" id="10-6">
                    <pos type="JJ"/>
                    <lemma type="last"/>
                </token>
                <token content="stop" id="10-7">
                    <pos type="NN"/>
                    <lemma type="stop"/>
                </token>
                <token content="before" id="10-8"/>
                <token content="highway" id="10-9">
                    <pos type="NN"/>
                    <lemma type="highway"/>
                </token>
                <token content="17" id="10-10">
                    <pos type="CD"/>
                    <lemma type="17"/>
                </token>
                <token content="." id="10-11"/>
            </sentence>
            <sentence id="11">
                <token content="The" id="11-1">
                    <pos type="DT"/>
                    <lemma type="the"/>
                </token>
                <token content="bus" id="11-2">
                    <pos type="NN"/>
                    <lemma type="bus"/>
                    <dep head="11-3" type="nsubj"/>
                </token>
                <token content="whips" id="11-3">
                    <pos type="VBZ"/>
                    <lemma type="whip"/>
                </token>
                <token content="along" id="11-4">
                    <pos type="RP"/>
                    <lemma type="along"/>
                    <dep head="11-3" type="prt"/>
                </token>
                <token content="amid" id="11-5"/>
                <token content="the" id="11-6">
                    <pos type="DT"/>
                    <lemma type="the"/>
                </token>
                <token content="pine" id="11-7">
                    <pos type="JJ"/>
                    <lemma type="pine"/>
                </token>
                <token content="trees" id="11-8">
                    <pos type="NNS"/>
                    <lemma type="tree"/>
                    <dep head="11-3" type="prep"/>
                </token>
                <token content="and" id="11-9"/>
                <token content="the" id="11-10">
                    <pos type="DT"/>
                    <lemma type="the"/>
                </token>
                <token content="yellow-flowered" id="11-11">
                    <pos type="JJ"/>
                    <lemma type="yellow-flowered"/>
                </token>
                <token content="acacia" id="11-12">
                    <pos type="NN"/>
                    <lemma type="acacia"/>
                </token>
                <token content="that" id="11-13">
                    <pos type="WDT"/>
                    <lemma type="that"/>
                    <dep head="11-14" type="nsubj"/>
                </token>
                <token content="blooms" id="11-14">
                    <pos type="VBZ"/>
                    <lemma type="bloom"/>
                </token>
                <token content="this" id="11-15">
                    <pos type="DT"/>
                    <lemma type="this"/>
                </token>
                <token content="time" id="11-16">
                    <pos type="NN"/>
                    <lemma type="time"/>
                    <dep head="11-14" type="dobj"/>
                </token>
                <token content="of" id="11-17"/>
                <token content="year" id="11-18">
                    <pos type="NN"/>
                    <lemma type="year"/>
                </token>
                <token content="." id="11-19"/>
            </sentence>
            <sentence id="12">
                <token content="It" id="12-1">
                    <pos type="PRP"/>
                    <lemma type="it"/>
                </token>
                <token content="is" id="12-2">
                    <pos type="VBZ"/>
                    <lemma type="be"/>
                </token>
                <token content="pleasant" id="12-3">
                    <pos type="JJ"/>
                    <lemma type="pleasant"/>
                </token>
                <token content="not" id="12-4">
                    <pos type="RB"/>
                    <lemma type="not"/>
                    <dep head="12-6" type="neg"/>
                </token>
                <token content="to" id="12-5">
                    <pos type="TO"/>
                    <lemma type="to"/>
                    <dep head="12-6" type="aux"/>
                </token>
                <token content="have" id="12-6">
                    <pos type="VB"/>
                    <lemma type="have"/>
                </token>
                <token content="to" id="12-7">
                    <pos type="TO"/>
                    <lemma type="to"/>
                    <dep head="12-8" type="aux"/>
                </token>
                <token content="keep" id="12-8">
                    <pos type="VB"/>
                    <lemma type="keep"/>
                    <dep head="12-6" type="xcomp"/>
                </token>
                <token content="your" id="12-9">
                    <pos type="PRP$"/>
                    <lemma type="you"/>
                </token>
                <token content="eyes" id="12-10">
                    <pos type="NNS"/>
                    <lemma type="eye"/>
                    <dep head="12-8" type="dobj"/>
                </token>
                <token content="on" id="12-11"/>
                <token content="the" id="12-12">
                    <pos type="DT"/>
                    <lemma type="the"/>
                </token>
                <token content="road" id="12-13">
                    <pos type="NN"/>
                    <lemma type="road"/>
                    <dep head="12-8" type="prep"/>
                </token>
                <token content="." id="12-14"/>
            </sentence>
            <sentence id="13">
                <token content="Unspoken" id="13-1">
                    <pos type="NNP"/>
                    <lemma type="Unspoken"/>
                </token>
                <token content="bus" id="13-2">
                    <pos type="NN"/>
                    <lemma type="bus"/>
                </token>
                <token content="etiquette" id="13-3">
                    <pos type="NN"/>
                    <lemma type="etiquette"/>
                    <dep head="13-4" type="nsubj"/>
                </token>
                <token content="decrees" id="13-4">
                    <pos type="VBZ"/>
                    <lemma type="decree"/>
                </token>
                <token content="that" id="13-5">
                    <pos type="IN"/>
                    <lemma type="that"/>
                    <dep head="13-9" type="mark"/>
                </token>
                <token content="strangers" id="13-6">
                    <pos type="NNS"/>
                    <lemma type="stranger"/>
                    <dep head="13-9" type="nsubj"/>
                </token>
                <token content="do" id="13-7">
                    <pos type="VBP"/>
                    <lemma type="do"/>
                    <dep head="13-9" type="aux"/>
                </token>
                <token content="n't" id="13-8">
                    <pos type="RB"/>
                    <lemma type="not"/>
                    <dep head="13-9" type="neg"/>
                </token>
                <token content="speak" id="13-9">
                    <pos type="VB"/>
                    <lemma type="speak"/>
                    <dep head="13-4" type="ccomp"/>
                </token>
                <token content="to" id="13-10"/>
                <token content="each" id="13-11">
                    <pos type="DT"/>
                    <lemma type="each"/>
                </token>
                <token content="other" id="13-12">
                    <pos type="JJ"/>
                    <lemma type="other"/>
                    <dep head="13-9" type="prep"/>
                </token>
                <token content="," id="13-13"/>
                <token content="but" id="13-14"/>
                <token content="of" id="13-15"/>
                <token content="course" id="13-16">
                    <pos type="NN"/>
                    <lemma type="course"/>
                    <dep head="13-19" type="prep"/>
                </token>
                <token content="some" id="13-17">
                    <pos type="DT"/>
                    <lemma type="some"/>
                </token>
                <token content="people" id="13-18">
                    <pos type="NNS"/>
                    <lemma type="people"/>
                    <dep head="13-19" type="nsubj"/>
                </token>
                <token content="know" id="13-19">
                    <pos type="VBP"/>
                    <lemma type="know"/>
                    <dep head="13-4" type="conj"/>
                </token>
                <token content="each" id="13-20">
                    <pos type="DT"/>
                    <lemma type="each"/>
                </token>
                <token content="other" id="13-21">
                    <pos type="JJ"/>
                    <lemma type="other"/>
                    <dep head="13-19" type="xcomp"/>
                </token>
                <token content="and" id="13-22"/>
                <token content="chat" id="13-23">
                    <pos type="NN"/>
                    <lemma type="chat"/>
                </token>
                <token content="." id="13-24"/>
            </sentence>
            <sentence id="14">
                <token content="Many" id="14-1">
                    <pos type="DT"/>
                    <lemma type="many"/>
                    <dep head="14-2" type="nsubj"/>
                </token>
                <token content="tap" id="14-2">
                    <pos type="VB"/>
                    <lemma type="tap"/>
                    <dep head="14-13" type="ccomp"/>
                </token>
                <token content="away" id="14-3">
                    <pos type="RP"/>
                    <lemma type="away"/>
                    <dep head="14-2" type="prt"/>
                </token>
                <token content="on" id="14-4"/>
                <token content="their" id="14-5">
                    <pos type="PRP$"/>
                    <lemma type="they"/>
                </token>
                <token content="machines" id="14-6">
                    <pos type="NNS"/>
                    <lemma type="machine"/>
                    <dep head="14-2" type="prep"/>
                </token>
                <token content="or" id="14-7"/>
                <token content="play" id="14-8">
                    <pos type="VB"/>
                    <lemma type="play"/>
                    <dep head="14-2" type="conj"/>
                </token>
                <token content="video" id="14-9">
                    <pos type="JJ"/>
                    <lemma type="video"/>
                </token>
                <token content="games" id="14-10">
                    <pos type="NNS"/>
                    <lemma type="game"/>
                    <dep head="14-8" type="dobj"/>
                </token>
                <token content="," id="14-11"/>
                <token content="others" id="14-12">
                    <pos type="NNS"/>
                    <lemma type="other"/>
                    <dep head="14-13" type="nsubj"/>
                </token>
                <token content="read" id="14-13">
                    <pos type="VBD"/>
                    <lemma type="read"/>
                </token>
                <token content="books" id="14-14">
                    <pos type="NNS"/>
                    <lemma type="book"/>
                    <dep head="14-13" type="dobj"/>
                </token>
                <token content="or" id="14-15"/>
                <token content="enjoy" id="14-16">
                    <pos type="VBP"/>
                    <lemma type="enjoy"/>
                    <dep head="14-13" type="conj"/>
                </token>
                <token content="the" id="14-17">
                    <pos type="DT"/>
                    <lemma type="the"/>
                </token>
                <token content="ride" id="14-18">
                    <pos type="NN"/>
                    <lemma type="ride"/>
                    <dep head="14-16" type="dobj"/>
                </token>
                <token content="." id="14-19"/>
            </sentence>
            <sentence id="15">
                <token content="It" id="15-1">
                    <pos type="PRP"/>
                    <lemma type="it"/>
                    <dep head="15-2" type="nsubj"/>
                </token>
                <token content="ends" id="15-2">
                    <pos type="VBZ"/>
                    <lemma type="end"/>
                </token>
                <token content="at" id="15-3"/>
                <token content="San" id="15-4">
                    <pos type="NNP"/>
                    <lemma type="San"/>
                </token>
                <token content="Jose" id="15-5">
                    <pos type="NNP"/>
                    <lemma type="Jose"/>
                </token>
                <token content="'s" id="15-6"/>
                <token content="train" id="15-7">
                    <pos type="NN"/>
                    <lemma type="train"/>
                </token>
                <token content="station" id="15-8">
                    <pos type="NN"/>
                    <lemma type="station"/>
                    <dep head="15-2" type="prep"/>
                </token>
                <token content="," id="15-9"/>
                <token content="where" id="15-10">
                    <pos type="WRB"/>
                    <lemma type="where"/>
                    <dep head="15-13" type="advmod"/>
                </token>
                <token content="passengers" id="15-11">
                    <pos type="NNS"/>
                    <lemma type="passenger"/>
                    <dep head="15-13" type="nsubj"/>
                </token>
                <token content="can" id="15-12">
                    <pos type="MD"/>
                    <lemma type="can"/>
                    <dep head="15-13" type="aux"/>
                </token>
                <token content="transfer" id="15-13">
                    <pos type="VB"/>
                    <lemma type="transfer"/>
                </token>
                <token content="to" id="15-14"/>
                <token content="the" id="15-15">
                    <pos type="DT"/>
                    <lemma type="the"/>
                </token>
                <token content="San" id="15-16">
                    <pos type="NNP"/>
                    <lemma type="San"/>
                </token>
                <token content="Francisco" id="15-17">
                    <pos type="NNP"/>
                    <lemma type="Francisco"/>
                </token>
                <token content="train" id="15-18">
                    <pos type="NN"/>
                    <lemma type="train"/>
                    <dep head="15-13" type="prep"/>
                </token>
                <token content="," id="15-19"/>
                <token content="or" id="15-20"/>
                <token content="take" id="15-21">
                    <pos type="VB"/>
                    <lemma type="take"/>
                    <dep head="15-13" type="conj"/>
                </token>
                <token content="a" id="15-22">
                    <pos type="DT"/>
                    <lemma type="a"/>
                </token>
                <token content="rattling" id="15-23">
                    <pos type="RB"/>
                    <lemma type="rattling"/>
                </token>
                <token content="inferior" id="15-24">
                    <pos type="JJ"/>
                    <lemma type="inferior"/>
                </token>
                <token content="1-hour" id="15-25">
                    <pos type="JJ"/>
                    <lemma type="1-hour"/>
                </token>
                <token content="bus" id="15-26">
                    <pos type="NN"/>
                    <lemma type="bus"/>
                </token>
                <token content="ride" id="15-27">
                    <pos type="NN"/>
                    <lemma type="ride"/>
                    <dep head="15-21" type="dobj"/>
                </token>
                <token content="to" id="15-28"/>
                <token content="Fremont" id="15-29">
                    <pos type="NNP"/>
                    <lemma type="Fremont"/>
                    <dep head="15-21" type="prep"/>
                </token>
                <token content="to" id="15-30">
                    <pos type="TO"/>
                    <lemma type="to"/>
                    <dep head="15-31" type="aux"/>
                </token>
                <token content="catch" id="15-31">
                    <pos type="VB"/>
                    <lemma type="catch"/>
                    <dep head="15-21" type="vmod"/>
                </token>
                <token content="the" id="15-32">
                    <pos type="DT"/>
                    <lemma type="the"/>
                </token>
                <token content="BART" id="15-33">
                    <pos type="NNP"/>
                    <lemma type="BART"/>
                </token>
                <token content="mass" id="15-34">
                    <pos type="NN"/>
                    <lemma type="mass"/>
                </token>
                <token content="transit" id="15-35">
                    <pos type="NN"/>
                    <lemma type="transit"/>
                </token>
                <token content="line" id="15-36">
                    <pos type="NN"/>
                    <lemma type="line"/>
                    <dep head="15-31" type="dobj"/>
                </token>
                <token content="to" id="15-37"/>
                <token content="Oakland" id="15-38">
                    <pos type="NNP"/>
                    <lemma type="Oakland"/>
                </token>
                <token content="," id="15-39"/>
                <token content="Richmond" id="15-40">
                    <pos type="NNP"/>
                    <lemma type="Richmond"/>
                    <dep head="15-31" type="prep"/>
                </token>
                <token content="," id="15-41"/>
                <token content="or" id="15-42"/>
                <token content="distant" id="15-43">
                    <pos type="NNP"/>
                    <lemma type="distant"/>
                </token>
                <token content="Pittsburg" id="15-44">
                    <pos type="NNP"/>
                    <lemma type="Pittsburg"/>
                </token>
                <token content="," id="15-45"/>
                <token content="where" id="15-46">
                    <pos type="WRB"/>
                    <lemma type="where"/>
                    <dep head="15-50" type="advmod"/>
                </token>
                <token content="the" id="15-47">
                    <pos type="DT"/>
                    <lemma type="the"/>
                </token>
                <token content="California" id="15-48">
                    <pos type="NNP"/>
                    <lemma type="California"/>
                </token>
                <token content="Delta" id="15-49">
                    <pos type="NNP"/>
                    <lemma type="Delta"/>
                    <dep head="15-50" type="nsubj"/>
                </token>
                <token content="begins" id="15-50">
                    <pos type="VBZ"/>
                    <lemma type="begin"/>
                </token>
                <token content="." id="15-51"/>
            </sentence>
        </sentences>
    </text>
    <annotations>
        <participants>
            <label from="1-1" id="0" name="ScrPart_passenger" text="I" type="participant"/>
            <label from="1-5" id="1" name="NPart" text="city" type="participant"/>
            <label from="1-7" id="2" name="NPart" text="Santa Cruz" to="1-8" type="participant"/>
            <label from="1-14" id="3" name="ScrPart_bus" text="bus" type="participant"/>
            <label from="1-18" id="4" name="ScrPart_destination" text="city of San Jose" to="1-21" type="participant"/>
            <label from="1-18" id="5" name="ScrPart_destination" text="city" type="participant"/>
            <label from="2-1" id="6" name="No_label" text="It" type="participant"/>
            <label from="2-6" id="7" name="ScrPart_other" text="discount fares" to="2-7" type="participant"/>
            <label from="2-7" id="8" name="ScrPart_other" text="fares" type="participant"/>
            <label from="2-12" id="9" name="ScrPart_ride" text="rides" type="participant"/>
            <label from="2-14" id="10" name="NPart" text="advance" type="participant"/>
            <label from="2-17" id="11" name="ScrPart_passenger" text="I" type="participant"/>
            <label from="2-20" id="12" name="ScrPart_money" text="cash" type="participant"/>
            <label from="2-23" id="13" name="ScrPart_money" text="dollars" type="participant"/>
            <label from="3-1" id="14" name="ScrPart_passenger" text="I" type="participant"/>
            <label from="3-4" id="15" name="ScrPart_passenger" text="my" type="participant"/>
            <label from="3-6" id="16" name="NPart" text="town" type="participant"/>
            <label from="3-8" id="17" name="ScrPart_other" text="transit center" to="3-9" type="participant"/>
            <label from="3-9" id="18" name="ScrPart_other" text="center" type="participant"/>
            <label from="3-13" id="19" name="ScrPart_time/date" text="mornings" type="participant"/>
            <label from="3-17" id="20" name="ScrPart_bus" text="bus" type="participant"/>
            <label from="3-25" id="21" name="ScrPart_seat_in_bus" text="seats" type="participant"/>
            <label from="3-30" id="22" name="ScrPart_passenger" text="riders" type="participant"/>
            <label from="3-33" id="23" name="ScrPart_passenger" text="their" type="participant"/>
            <label from="3-34" id="24" name="ScrPart_ride" text="trip" type="participant"/>
            <label from="3-36" id="25" name="NPart" text="downtown" type="participant"/>
            <label from="3-37" id="26" name="NPart" text="Santa Cruz" to="3-38" type="participant"/>
            <label from="4-1" id="27" name="ScrPart_passenger" text="We" type="participant"/>
            <label from="4-4" id="28" name="SuppVComp" text="line" type="participant"/>
            <label from="4-7" id="29" name="NPart" text="fashion" type="participant"/>
            <label from="5-2" id="30" name="ScrPart_passenger" text="people" type="participant"/>
            <label from="5-7" id="31" name="ScrPart_bus_staff" text="driver" type="participant"/>
            <label from="5-8" id="32" name="ScrPart_passenger" text="their" type="participant"/>
            <label from="5-9" id="33" name="ScrPart_card/ticket" text="pass" type="participant"/>
            <label from="5-11" id="34" name="ScrPart_passenger" text="some" type="participant"/>
            <label from="5-15" id="35" name="ScrPart_money" text="bill" type="participant"/>
            <label from="5-18" id="36" name="ScrPart_payment_machine" text="fare machine" to="5-19" type="participant"/>
            <label from="5-19" id="37" name="ScrPart_payment_machine" text="machine" type="participant"/>
            <label from="6-2" id="38" name="ScrPart_passenger" text="some" type="participant"/>
            <label from="6-6" id="39" name="ScrPart_money" text="coins" type="participant"/>
            <label from="6-10" id="40" name="ScrPart_passenger" text="riders" type="participant"/>
            <label from="6-12" id="41" name="ScrPart_money" text="change" type="participant"/>
            <label from="6-16" id="42" name="ScrPart_passenger" text="everyone" type="participant"/>
            <label from="6-18" id="43" name="NPart" text="line" type="participant"/>
            <label from="7-4" id="44" name="ScrPart_passenger" text="riders" type="participant"/>
            <label from="7-7" id="45" name="ScrPart_seat_in_bus" text="seats" type="participant"/>
            <label from="7-11" id="46" name="ScrPart_other" text="tables" type="participant"/>
            <label from="7-13" id="47" name="ScrPart_seat_in_bus" text="seats" type="participant"/>
            <label from="7-18" id="48" name="ScrPart_seat_in_bus" text="seats" type="participant"/>
            <label from="8-1" id="49" name="ScrPart_seat_in_bus" text="Table seats" to="8-2" type="participant"/>
            <label from="8-2" id="50" name="ScrPart_seat_in_bus" text="seats" type="participant"/>
            <label from="8-8" id="51" name="ScrPart_bus" text="bus" type="participant"/>
            <label from="8-10" id="52" name="ScrPart_other" text="WiFi" type="participant"/>
            <label from="8-13" id="53" name="ScrPart_passenger" text="people" type="participant"/>
            <label from="8-15" id="54" name="NPart" text="laptops" type="participant"/>
            <label from="9-1" id="55" name="ScrPart_passenger" text="Others" type="participant"/>
            <label from="9-3" id="56" name="ScrPart_seat_in_bus" text="seats" type="participant"/>
            <label from="9-6" id="57" name="NPart" text="back" type="participant"/>
            <label from="9-9" id="58" name="NPart" text="roughnecks" type="participant"/>
            <label from="9-15" id="59" name="NPart" text="high school" to="9-16" type="participant"/>
            <label from="9-16" id="60" name="NPart" text="school" type="participant"/>
            <label from="10-1" id="61" name="ScrPart_passenger" text="My" type="participant"/>
            <label from="10-3" id="62" name="ScrPart_destination" text="town" type="participant"/>
            <label from="10-7" id="63" name="ScrPart_bus_stop" text="stop" type="participant"/>
            <label from="10-9" id="64" name="NPart" text="highway" type="participant"/>
            <label from="11-2" id="65" name="ScrPart_bus" text="bus" type="participant"/>
            <label from="11-7" id="66" name="NPart" text="pine trees" to="11-8" type="participant"/>
            <label from="11-8" id="67" name="NPart" text="trees" type="participant"/>
            <label from="11-12" id="68" name="NPart" text="acacia" type="participant"/>
            <label from="11-16" id="69" name="No_label" text="time" type="participant"/>
            <label from="11-18" id="70" name="NPart" text="year" type="participant"/>
            <label from="12-1" id="71" name="No_label" text="It" type="participant"/>
            <label from="12-9" id="72" name="ScrPart_passenger" text="your" type="participant"/>
            <label from="12-10" id="73" name="NPart" text="eyes" type="participant"/>
            <label from="12-13" id="74" name="ScrPart_route" text="road" type="participant"/>
            <label from="13-6" id="75" name="NPart" text="strangers" type="participant"/>
            <label from="13-16" id="76" name="No_label" text="course" type="participant"/>
            <label from="13-18" id="77" name="ScrPart_passenger" text="people" type="participant"/>
            <label from="13-20" id="78" name="ScrPart_passenger" text="each other" to="13-21" type="participant"/>
            <label from="14-1" id="79" name="ScrPart_passenger" text="Many" type="participant"/>
            <label from="14-5" id="80" name="ScrPart_passenger" text="their" type="participant"/>
            <label from="14-6" id="81" name="ScrPart_other" text="machines" type="participant"/>
            <label from="14-9" id="82" name="ScrPart_other" text="video games" to="14-10" type="participant"/>
            <label from="14-10" id="83" name="ScrPart_other" text="games" type="participant"/>
            <label from="14-12" id="84" name="ScrPart_passenger" text="others" type="participant"/>
            <label from="14-14" id="85" name="ScrPart_other" text="books" type="participant"/>
            <label from="14-18" id="86" name="ScrPart_ride" text="ride" type="participant"/>
            <label from="15-1" id="87" name="ScrPart_ride" text="It" type="participant"/>
            <label from="15-4" id="88" name="NPart" text="San Jose" to="15-5" type="participant"/>
            <label from="15-7" id="89" name="NPart" text="train station" to="15-8" type="participant"/>
            <label from="15-8" id="90" name="NPart" text="station" type="participant"/>
            <label from="15-11" id="91" name="ScrPart_passenger" text="passengers" type="participant"/>
            <label from="15-16" id="92" name="NPart" text="San Francisco" to="15-17" type="participant"/>
            <label from="15-18" id="93" name="NPart" text="train" type="participant"/>
            <label from="15-26" id="94" name="ScrPart_ride" text="bus ride" to="15-27" type="participant"/>
            <label from="15-27" id="95" name="ScrPart_ride" text="ride" type="participant"/>
            <label from="15-29" id="96" name="ScrPart_destination" text="Fremont" type="participant"/>
            <label from="15-33" id="97" name="ScrPart_other" text="BART mass transit line" to="15-36" type="participant"/>
            <label from="15-36" id="98" name="ScrPart_other" text="line" type="participant"/>
            <label from="15-38" id="99" name="ScrPart_destination" text="Oakland" type="participant"/>
            <label from="15-40" id="100" name="ScrPart_destination" text="Richmond" type="participant"/>
            <label from="15-44" id="101" name="ScrPart_destination" text="Pittsburg" type="participant"/>
            <label from="15-48" id="102" name="ScrPart_other" text="California Delta" to="15-49" type="participant"/>
        </participants>
        <events>
            <label from="1-2" id="103" name="UnrelEv" text="live" type="event"/>
            <label from="1-11" id="104" name="Evoking" text="take the 17X bus" to="1-14" type="event"/>
            <label from="2-2" id="105" name="UnrelEv" text="'s" type="event"/>
            <label from="2-5" id="106" name="RelNScrEv" text="get" type="event"/>
            <label from="2-9" id="107" name="RelNScrEv" text="paying" type="event"/>
            <label from="2-19" id="108" name="RelNScrEv" text="pay" type="event"/>
            <label from="3-2" id="109" name="ScrEv_get_bus_stop" text="get" type="event"/>
            <label from="3-18" id="110" name="RelNScrEv" text="fills up" to="3-19" type="event"/>
            <label from="3-18" id="111" name="RelNScrEv" text="fills" type="event"/>
            <label from="3-28" id="112" name="RelNScrEv" text="taken" type="event"/>
            <label from="3-32" id="113" name="UnrelEv" text="started" type="event"/>
            <label from="4-2" id="114" name="ScrEv_wait" text="wait" type="event"/>
            <label from="5-5" id="115" name="RelNScrEv" text="show" type="event"/>
            <label from="5-12" id="116" name="RelNScrEv" text="shove" type="event"/>
            <label from="6-3" id="117" name="UnrelEv" text="fumble" type="event"/>
            <label from="6-8" id="118" name="RelNScrEv" text="ask" type="event"/>
            <label from="6-15" id="119" name="UnrelEv" text="makes" type="event"/>
            <label from="7-6" id="120" name="ScrEv_find_place" text="choose" type="event"/>
            <label from="7-8" id="121" name="UnrelEv" text="grouped" type="event"/>
            <label from="8-3" id="122" name="UnrelEv" text="are" type="event"/>
            <label from="8-9" id="123" name="RelNScrEv" text="has" type="event"/>
            <label from="8-14" id="124" name="UnrelEv" text="bring" type="event"/>
            <label from="9-2" id="125" name="UnrelEv" text="prefer" type="event"/>
            <label from="9-10" id="126" name="UnrelEv" text="are" type="event"/>
            <label from="10-4" id="127" name="UnrelEv" text="is" type="event"/>
            <label from="11-3" id="128" name="RelNScrEv" text="whips" type="event"/>
            <label from="11-14" id="129" name="UnrelEv" text="blooms" type="event"/>
            <label from="12-2" id="130" name="UnrelEv" text="is" type="event"/>
            <label from="12-8" id="131" name="UnrelEv" text="keep" type="event"/>
            <label from="13-1" id="132" name="UnrelEv" text="Unspoken" type="event"/>
            <label from="13-4" id="133" name="UnrelEv" text="decrees" type="event"/>
            <label from="13-9" id="134" name="UnrelEv" text="speak" type="event"/>
            <label from="13-23" id="135" name="ScrEv_spend_time_bus" text="chat" type="event"/>
            <label from="14-2" id="136" name="ScrEv_spend_time_bus" text="tap away" to="14-3" type="event"/>
            <label from="14-2" id="137" name="ScrEv_spend_time_bus" text="tap" type="event"/>
            <label from="14-8" id="138" name="ScrEv_spend_time_bus" text="play" type="event"/>
            <label from="14-13" id="139" name="ScrEv_spend_time_bus" text="read" type="event"/>
            <label from="14-16" id="140" name="ScrEv_spend_time_bus" text="enjoy" type="event"/>
            <label from="15-2" id="141" name="UnrelEv" text="ends" type="event"/>
            <label from="15-13" id="142" name="ScrEv_change_bus" text="transfer" type="event"/>
            <label from="15-21" id="143" name="RelNScrEv" text="take" type="event"/>
            <label from="15-31" id="144" name="RelNScrEv" text="catch" type="event"/>
            <label from="15-50" id="145" name="UnrelEv" text="begins" type="event"/>
        </events>
        <chains>
            <chain elements="0 11 14 15 61 72"/>
            <chain elements="3 20"/>
            <chain elements="9 24 86 87 95"/>
            <chain elements="45 50"/>
            <chain elements="4 62"/>
            <chain elements="77 78"/>
            <chain elements="79 80"/>
        </chains>
    </annotations>
</story>
