<?xml version="1.0" encoding="UTF-8" standalone="no"?>
<!DOCTYPE story SYSTEM "../InScript.dtd">
<story id="056" scenario="bus">
    <text>
        <content>My car was in the shop , so today I decided to commute to school on a public bus . 
First , I looked up what bus I would need . 
I found I need to take two buses and transfer in the middle . 
I started walking to the first bus stop and arrived ten minutes before the bus was scheduled to arrive . 
It came on time , and the bus driver let off the other passengers . 
I stepped onto the bus and paid the driver the fare . 
Then I found an open seat by a window and sat down . 
The ride was around 15 minutes or so . 
Then the driver announced my stop . 
I headed out the back doors . 
Outside , I found a bench and sat down . 
The next bus came fairly quickly . 
I hopped on and showed the driver my transfer ticket . 
This time , the bus was packed , so I found a pole and hung on . 
The ride was n't too long , however , and soon I was at my final destination . 
I found my way off the bus and walked over to school . </content>
        <sentences>
            <sentence id="1">
                <token content="My" id="1-1">
                    <pos type="PRP$"/>
                    <lemma type="my"/>
                </token>
                <token content="car" id="1-2">
                    <pos type="NN"/>
                    <lemma type="car"/>
                    <dep head="1-3" type="nsubj"/>
                </token>
                <token content="was" id="1-3">
                    <pos type="VBD"/>
                    <lemma type="be"/>
                </token>
                <token content="in" id="1-4"/>
                <token content="the" id="1-5">
                    <pos type="DT"/>
                    <lemma type="the"/>
                </token>
                <token content="shop" id="1-6">
                    <pos type="NN"/>
                    <lemma type="shop"/>
                    <dep head="1-3" type="prep"/>
                </token>
                <token content="," id="1-7"/>
                <token content="so" id="1-8">
                    <pos type="IN"/>
                    <lemma type="so"/>
                    <dep head="1-3" type="dep"/>
                </token>
                <token content="today" id="1-9">
                    <pos type="NN"/>
                    <lemma type="today"/>
                    <dep head="1-11" type="tmod"/>
                </token>
                <token content="I" id="1-10">
                    <pos type="PRP"/>
                    <lemma type="I"/>
                    <dep head="1-11" type="nsubj"/>
                </token>
                <token content="decided" id="1-11">
                    <pos type="VBD"/>
                    <lemma type="decide"/>
                    <dep head="1-3" type="parataxis"/>
                </token>
                <token content="to" id="1-12"/>
                <token content="commute" id="1-13">
                    <pos type="NN"/>
                    <lemma type="commute"/>
                    <dep head="1-11" type="prep"/>
                </token>
                <token content="to" id="1-14"/>
                <token content="school" id="1-15">
                    <pos type="NN"/>
                    <lemma type="school"/>
                    <dep head="1-11" type="prep"/>
                </token>
                <token content="on" id="1-16"/>
                <token content="a" id="1-17">
                    <pos type="DT"/>
                    <lemma type="a"/>
                </token>
                <token content="public" id="1-18">
                    <pos type="JJ"/>
                    <lemma type="public"/>
                </token>
                <token content="bus" id="1-19">
                    <pos type="NN"/>
                    <lemma type="bus"/>
                </token>
                <token content="." id="1-20"/>
            </sentence>
            <sentence id="2">
                <token content="First" id="2-1">
                    <pos type="RB"/>
                    <lemma type="first"/>
                    <dep head="2-4" type="advmod"/>
                </token>
                <token content="," id="2-2"/>
                <token content="I" id="2-3">
                    <pos type="PRP"/>
                    <lemma type="I"/>
                    <dep head="2-4" type="nsubj"/>
                </token>
                <token content="looked" id="2-4">
                    <pos type="VBD"/>
                    <lemma type="look"/>
                </token>
                <token content="up" id="2-5">
                    <pos type="RP"/>
                    <lemma type="up"/>
                    <dep head="2-4" type="prt"/>
                </token>
                <token content="what" id="2-6">
                    <pos type="WP"/>
                    <lemma type="what"/>
                </token>
                <token content="bus" id="2-7">
                    <pos type="NN"/>
                    <lemma type="bus"/>
                    <dep head="2-4" type="dobj"/>
                </token>
                <token content="I" id="2-8">
                    <pos type="PRP"/>
                    <lemma type="I"/>
                    <dep head="2-10" type="nsubj"/>
                </token>
                <token content="would" id="2-9">
                    <pos type="MD"/>
                    <lemma type="would"/>
                    <dep head="2-10" type="aux"/>
                </token>
                <token content="need" id="2-10">
                    <pos type="VB"/>
                    <lemma type="need"/>
                </token>
                <token content="." id="2-11"/>
            </sentence>
            <sentence id="3">
                <token content="I" id="3-1">
                    <pos type="PRP"/>
                    <lemma type="I"/>
                    <dep head="3-2" type="nsubj"/>
                </token>
                <token content="found" id="3-2">
                    <pos type="VBD"/>
                    <lemma type="find"/>
                </token>
                <token content="I" id="3-3">
                    <pos type="PRP"/>
                    <lemma type="I"/>
                    <dep head="3-4" type="nsubj"/>
                </token>
                <token content="need" id="3-4">
                    <pos type="VBP"/>
                    <lemma type="need"/>
                    <dep head="3-2" type="ccomp"/>
                </token>
                <token content="to" id="3-5">
                    <pos type="TO"/>
                    <lemma type="to"/>
                    <dep head="3-6" type="aux"/>
                </token>
                <token content="take" id="3-6">
                    <pos type="VB"/>
                    <lemma type="take"/>
                    <dep head="3-4" type="xcomp"/>
                </token>
                <token content="two" id="3-7">
                    <pos type="CD"/>
                    <lemma type="two"/>
                </token>
                <token content="buses" id="3-8">
                    <pos type="NNS"/>
                    <lemma type="bus"/>
                    <dep head="3-6" type="dobj"/>
                </token>
                <token content="and" id="3-9"/>
                <token content="transfer" id="3-10">
                    <pos type="VB"/>
                    <lemma type="transfer"/>
                    <dep head="3-6" type="conj"/>
                </token>
                <token content="in" id="3-11"/>
                <token content="the" id="3-12">
                    <pos type="DT"/>
                    <lemma type="the"/>
                </token>
                <token content="middle" id="3-13">
                    <pos type="NN"/>
                    <lemma type="middle"/>
                    <dep head="3-10" type="prep"/>
                </token>
                <token content="." id="3-14"/>
            </sentence>
            <sentence id="4">
                <token content="I" id="4-1">
                    <pos type="PRP"/>
                    <lemma type="I"/>
                    <dep head="4-2" type="nsubj"/>
                </token>
                <token content="started" id="4-2">
                    <pos type="VBD"/>
                    <lemma type="start"/>
                </token>
                <token content="walking" id="4-3">
                    <pos type="VBG"/>
                    <lemma type="walk"/>
                    <dep head="4-2" type="xcomp"/>
                </token>
                <token content="to" id="4-4"/>
                <token content="the" id="4-5">
                    <pos type="DT"/>
                    <lemma type="the"/>
                </token>
                <token content="first" id="4-6">
                    <pos type="JJ"/>
                    <lemma type="first"/>
                </token>
                <token content="bus" id="4-7">
                    <pos type="NN"/>
                    <lemma type="bus"/>
                </token>
                <token content="stop" id="4-8">
                    <pos type="NN"/>
                    <lemma type="stop"/>
                    <dep head="4-3" type="prep"/>
                </token>
                <token content="and" id="4-9"/>
                <token content="arrived" id="4-10">
                    <pos type="VBD"/>
                    <lemma type="arrive"/>
                    <dep head="4-2" type="conj"/>
                </token>
                <token content="ten" id="4-11">
                    <pos type="CD"/>
                    <lemma type="ten"/>
                </token>
                <token content="minutes" id="4-12">
                    <pos type="NNS"/>
                    <lemma type="minute"/>
                    <dep head="4-10" type="dobj"/>
                </token>
                <token content="before" id="4-13">
                    <pos type="IN"/>
                    <lemma type="before"/>
                    <dep head="4-17" type="mark"/>
                </token>
                <token content="the" id="4-14">
                    <pos type="DT"/>
                    <lemma type="the"/>
                </token>
                <token content="bus" id="4-15">
                    <pos type="NN"/>
                    <lemma type="bus"/>
                    <dep head="4-17" type="nsubjpass"/>
                </token>
                <token content="was" id="4-16">
                    <pos type="VBD"/>
                    <lemma type="be"/>
                    <dep head="4-17" type="auxpass"/>
                </token>
                <token content="scheduled" id="4-17">
                    <pos type="VBN"/>
                    <lemma type="schedule"/>
                    <dep head="4-10" type="advcl"/>
                </token>
                <token content="to" id="4-18">
                    <pos type="TO"/>
                    <lemma type="to"/>
                    <dep head="4-19" type="aux"/>
                </token>
                <token content="arrive" id="4-19">
                    <pos type="VB"/>
                    <lemma type="arrive"/>
                    <dep head="4-17" type="xcomp"/>
                </token>
                <token content="." id="4-20"/>
            </sentence>
            <sentence id="5">
                <token content="It" id="5-1">
                    <pos type="PRP"/>
                    <lemma type="it"/>
                    <dep head="5-2" type="nsubj"/>
                </token>
                <token content="came" id="5-2">
                    <pos type="VBD"/>
                    <lemma type="come"/>
                </token>
                <token content="on" id="5-3"/>
                <token content="time" id="5-4">
                    <pos type="NN"/>
                    <lemma type="time"/>
                    <dep head="5-2" type="prep"/>
                </token>
                <token content="," id="5-5"/>
                <token content="and" id="5-6"/>
                <token content="the" id="5-7">
                    <pos type="DT"/>
                    <lemma type="the"/>
                </token>
                <token content="bus" id="5-8">
                    <pos type="NN"/>
                    <lemma type="bus"/>
                </token>
                <token content="driver" id="5-9">
                    <pos type="NN"/>
                    <lemma type="driver"/>
                    <dep head="5-10" type="nsubj"/>
                </token>
                <token content="let" id="5-10">
                    <pos type="VBP"/>
                    <lemma type="let"/>
                    <dep head="5-2" type="conj"/>
                </token>
                <token content="off" id="5-11">
                    <pos type="RP"/>
                    <lemma type="off"/>
                    <dep head="5-10" type="prt"/>
                </token>
                <token content="the" id="5-12">
                    <pos type="DT"/>
                    <lemma type="the"/>
                </token>
                <token content="other" id="5-13">
                    <pos type="JJ"/>
                    <lemma type="other"/>
                </token>
                <token content="passengers" id="5-14">
                    <pos type="NNS"/>
                    <lemma type="passenger"/>
                    <dep head="5-10" type="dobj"/>
                </token>
                <token content="." id="5-15"/>
            </sentence>
            <sentence id="6">
                <token content="I" id="6-1">
                    <pos type="PRP"/>
                    <lemma type="I"/>
                    <dep head="6-2" type="nsubj"/>
                </token>
                <token content="stepped" id="6-2">
                    <pos type="VBD"/>
                    <lemma type="step"/>
                </token>
                <token content="onto" id="6-3"/>
                <token content="the" id="6-4">
                    <pos type="DT"/>
                    <lemma type="the"/>
                </token>
                <token content="bus" id="6-5">
                    <pos type="NN"/>
                    <lemma type="bus"/>
                    <dep head="6-2" type="prep"/>
                </token>
                <token content="and" id="6-6"/>
                <token content="paid" id="6-7">
                    <pos type="VBD"/>
                    <lemma type="pay"/>
                    <dep head="6-2" type="conj"/>
                </token>
                <token content="the" id="6-8">
                    <pos type="DT"/>
                    <lemma type="the"/>
                </token>
                <token content="driver" id="6-9">
                    <pos type="NN"/>
                    <lemma type="driver"/>
                    <dep head="6-7" type="iobj"/>
                </token>
                <token content="the" id="6-10">
                    <pos type="DT"/>
                    <lemma type="the"/>
                </token>
                <token content="fare" id="6-11">
                    <pos type="NN"/>
                    <lemma type="fare"/>
                    <dep head="6-7" type="dobj"/>
                </token>
                <token content="." id="6-12"/>
            </sentence>
            <sentence id="7">
                <token content="Then" id="7-1">
                    <pos type="RB"/>
                    <lemma type="then"/>
                    <dep head="7-3" type="advmod"/>
                </token>
                <token content="I" id="7-2">
                    <pos type="PRP"/>
                    <lemma type="I"/>
                    <dep head="7-3" type="nsubj"/>
                </token>
                <token content="found" id="7-3">
                    <pos type="VBD"/>
                    <lemma type="find"/>
                </token>
                <token content="an" id="7-4">
                    <pos type="DT"/>
                    <lemma type="a"/>
                </token>
                <token content="open" id="7-5">
                    <pos type="JJ"/>
                    <lemma type="open"/>
                </token>
                <token content="seat" id="7-6">
                    <pos type="NN"/>
                    <lemma type="seat"/>
                    <dep head="7-3" type="dobj"/>
                </token>
                <token content="by" id="7-7"/>
                <token content="a" id="7-8">
                    <pos type="DT"/>
                    <lemma type="a"/>
                </token>
                <token content="window" id="7-9">
                    <pos type="NN"/>
                    <lemma type="window"/>
                    <dep head="7-3" type="prep"/>
                </token>
                <token content="and" id="7-10"/>
                <token content="sat" id="7-11">
                    <pos type="VBD"/>
                    <lemma type="sit"/>
                    <dep head="7-3" type="conj"/>
                </token>
                <token content="down" id="7-12">
                    <pos type="RP"/>
                    <lemma type="down"/>
                    <dep head="7-11" type="prt"/>
                </token>
                <token content="." id="7-13"/>
            </sentence>
            <sentence id="8">
                <token content="The" id="8-1">
                    <pos type="DT"/>
                    <lemma type="the"/>
                </token>
                <token content="ride" id="8-2">
                    <pos type="NN"/>
                    <lemma type="ride"/>
                    <dep head="8-3" type="nsubj"/>
                </token>
                <token content="was" id="8-3">
                    <pos type="VBD"/>
                    <lemma type="be"/>
                </token>
                <token content="around" id="8-4">
                    <pos type="IN"/>
                    <lemma type="around"/>
                    <dep head="8-3" type="dep"/>
                </token>
                <token content="15" id="8-5">
                    <pos type="CD"/>
                    <lemma type="15"/>
                </token>
                <token content="minutes" id="8-6">
                    <pos type="NNS"/>
                    <lemma type="minute"/>
                </token>
                <token content="or" id="8-7"/>
                <token content="so" id="8-8">
                    <pos type="RB"/>
                    <lemma type="so"/>
                </token>
                <token content="." id="8-9"/>
            </sentence>
            <sentence id="9">
                <token content="Then" id="9-1">
                    <pos type="RB"/>
                    <lemma type="then"/>
                    <dep head="9-4" type="advmod"/>
                </token>
                <token content="the" id="9-2">
                    <pos type="DT"/>
                    <lemma type="the"/>
                </token>
                <token content="driver" id="9-3">
                    <pos type="NN"/>
                    <lemma type="driver"/>
                    <dep head="9-4" type="nsubj"/>
                </token>
                <token content="announced" id="9-4">
                    <pos type="VBD"/>
                    <lemma type="announce"/>
                </token>
                <token content="my" id="9-5">
                    <pos type="PRP$"/>
                    <lemma type="my"/>
                </token>
                <token content="stop" id="9-6">
                    <pos type="NN"/>
                    <lemma type="stop"/>
                    <dep head="9-4" type="dobj"/>
                </token>
                <token content="." id="9-7"/>
            </sentence>
            <sentence id="10">
                <token content="I" id="10-1">
                    <pos type="PRP"/>
                    <lemma type="I"/>
                    <dep head="10-2" type="nsubj"/>
                </token>
                <token content="headed" id="10-2">
                    <pos type="VBD"/>
                    <lemma type="head"/>
                </token>
                <token content="out" id="10-3">
                    <pos type="RP"/>
                    <lemma type="out"/>
                    <dep head="10-2" type="prt"/>
                </token>
                <token content="the" id="10-4">
                    <pos type="DT"/>
                    <lemma type="the"/>
                </token>
                <token content="back" id="10-5">
                    <pos type="JJ"/>
                    <lemma type="back"/>
                </token>
                <token content="doors" id="10-6">
                    <pos type="NNS"/>
                    <lemma type="door"/>
                    <dep head="10-2" type="dobj"/>
                </token>
                <token content="." id="10-7"/>
            </sentence>
            <sentence id="11">
                <token content="Outside" id="11-1">
                    <pos type="JJ"/>
                    <lemma type="outside"/>
                    <dep head="11-4" type="advmod"/>
                </token>
                <token content="," id="11-2"/>
                <token content="I" id="11-3">
                    <pos type="PRP"/>
                    <lemma type="I"/>
                    <dep head="11-4" type="nsubj"/>
                </token>
                <token content="found" id="11-4">
                    <pos type="VBD"/>
                    <lemma type="find"/>
                </token>
                <token content="a" id="11-5">
                    <pos type="DT"/>
                    <lemma type="a"/>
                </token>
                <token content="bench" id="11-6">
                    <pos type="NN"/>
                    <lemma type="bench"/>
                    <dep head="11-4" type="dobj"/>
                </token>
                <token content="and" id="11-7"/>
                <token content="sat" id="11-8">
                    <pos type="VBD"/>
                    <lemma type="sit"/>
                    <dep head="11-4" type="conj"/>
                </token>
                <token content="down" id="11-9">
                    <pos type="RP"/>
                    <lemma type="down"/>
                    <dep head="11-8" type="prt"/>
                </token>
                <token content="." id="11-10"/>
            </sentence>
            <sentence id="12">
                <token content="The" id="12-1">
                    <pos type="DT"/>
                    <lemma type="the"/>
                </token>
                <token content="next" id="12-2">
                    <pos type="JJ"/>
                    <lemma type="next"/>
                </token>
                <token content="bus" id="12-3">
                    <pos type="NN"/>
                    <lemma type="bus"/>
                    <dep head="12-4" type="nsubj"/>
                </token>
                <token content="came" id="12-4">
                    <pos type="VBD"/>
                    <lemma type="come"/>
                </token>
                <token content="fairly" id="12-5">
                    <pos type="RB"/>
                    <lemma type="fairly"/>
                </token>
                <token content="quickly" id="12-6">
                    <pos type="RB"/>
                    <lemma type="quickly"/>
                    <dep head="12-4" type="advmod"/>
                </token>
                <token content="." id="12-7"/>
            </sentence>
            <sentence id="13">
                <token content="I" id="13-1">
                    <pos type="PRP"/>
                    <lemma type="I"/>
                    <dep head="13-2" type="nsubj"/>
                </token>
                <token content="hopped" id="13-2">
                    <pos type="VBD"/>
                    <lemma type="hop"/>
                </token>
                <token content="on" id="13-3">
                    <pos type="RP"/>
                    <lemma type="on"/>
                    <dep head="13-2" type="prt"/>
                </token>
                <token content="and" id="13-4"/>
                <token content="showed" id="13-5">
                    <pos type="VBD"/>
                    <lemma type="show"/>
                    <dep head="13-2" type="conj"/>
                </token>
                <token content="the" id="13-6">
                    <pos type="DT"/>
                    <lemma type="the"/>
                </token>
                <token content="driver" id="13-7">
                    <pos type="NN"/>
                    <lemma type="driver"/>
                    <dep head="13-5" type="iobj"/>
                </token>
                <token content="my" id="13-8">
                    <pos type="PRP$"/>
                    <lemma type="my"/>
                </token>
                <token content="transfer" id="13-9">
                    <pos type="NN"/>
                    <lemma type="transfer"/>
                </token>
                <token content="ticket" id="13-10">
                    <pos type="NN"/>
                    <lemma type="ticket"/>
                    <dep head="13-5" type="dobj"/>
                </token>
                <token content="." id="13-11"/>
            </sentence>
            <sentence id="14">
                <token content="This" id="14-1">
                    <pos type="DT"/>
                    <lemma type="this"/>
                </token>
                <token content="time" id="14-2">
                    <pos type="NN"/>
                    <lemma type="time"/>
                    <dep head="14-7" type="nsubjpass"/>
                </token>
                <token content="," id="14-3"/>
                <token content="the" id="14-4">
                    <pos type="DT"/>
                    <lemma type="the"/>
                </token>
                <token content="bus" id="14-5">
                    <pos type="NN"/>
                    <lemma type="bus"/>
                    <dep head="14-7" type="nsubjpass"/>
                </token>
                <token content="was" id="14-6">
                    <pos type="VBD"/>
                    <lemma type="be"/>
                    <dep head="14-7" type="auxpass"/>
                </token>
                <token content="packed" id="14-7">
                    <pos type="VBN"/>
                    <lemma type="pack"/>
                </token>
                <token content="," id="14-8"/>
                <token content="so" id="14-9">
                    <pos type="IN"/>
                    <lemma type="so"/>
                    <dep head="14-7" type="dep"/>
                </token>
                <token content="I" id="14-10">
                    <pos type="PRP"/>
                    <lemma type="I"/>
                    <dep head="14-11" type="nsubj"/>
                </token>
                <token content="found" id="14-11">
                    <pos type="VBD"/>
                    <lemma type="find"/>
                    <dep head="14-7" type="parataxis"/>
                </token>
                <token content="a" id="14-12">
                    <pos type="DT"/>
                    <lemma type="a"/>
                </token>
                <token content="pole" id="14-13">
                    <pos type="NN"/>
                    <lemma type="pole"/>
                    <dep head="14-11" type="dobj"/>
                </token>
                <token content="and" id="14-14"/>
                <token content="hung" id="14-15">
                    <pos type="VBD"/>
                    <lemma type="hang"/>
                    <dep head="14-11" type="conj"/>
                </token>
                <token content="on" id="14-16">
                    <pos type="RP"/>
                    <lemma type="on"/>
                    <dep head="14-15" type="prt"/>
                </token>
                <token content="." id="14-17"/>
            </sentence>
            <sentence id="15">
                <token content="The" id="15-1">
                    <pos type="DT"/>
                    <lemma type="the"/>
                </token>
                <token content="ride" id="15-2">
                    <pos type="NN"/>
                    <lemma type="ride"/>
                </token>
                <token content="was" id="15-3">
                    <pos type="VBD"/>
                    <lemma type="be"/>
                </token>
                <token content="n't" id="15-4">
                    <pos type="RB"/>
                    <lemma type="not"/>
                </token>
                <token content="too" id="15-5">
                    <pos type="RB"/>
                    <lemma type="too"/>
                </token>
                <token content="long" id="15-6">
                    <pos type="JJ"/>
                    <lemma type="long"/>
                </token>
                <token content="," id="15-7"/>
                <token content="however" id="15-8">
                    <pos type="RB"/>
                    <lemma type="however"/>
                </token>
                <token content="," id="15-9"/>
                <token content="and" id="15-10"/>
                <token content="soon" id="15-11">
                    <pos type="RB"/>
                    <lemma type="soon"/>
                    <dep head="15-13" type="advmod"/>
                </token>
                <token content="I" id="15-12">
                    <pos type="PRP"/>
                    <lemma type="I"/>
                    <dep head="15-13" type="nsubj"/>
                </token>
                <token content="was" id="15-13">
                    <pos type="VBD"/>
                    <lemma type="be"/>
                </token>
                <token content="at" id="15-14"/>
                <token content="my" id="15-15">
                    <pos type="PRP$"/>
                    <lemma type="my"/>
                </token>
                <token content="final" id="15-16">
                    <pos type="JJ"/>
                    <lemma type="final"/>
                </token>
                <token content="destination" id="15-17">
                    <pos type="NN"/>
                    <lemma type="destination"/>
                    <dep head="15-13" type="prep"/>
                </token>
                <token content="." id="15-18"/>
            </sentence>
            <sentence id="16">
                <token content="I" id="16-1">
                    <pos type="PRP"/>
                    <lemma type="I"/>
                    <dep head="16-2" type="nsubj"/>
                </token>
                <token content="found" id="16-2">
                    <pos type="VBD"/>
                    <lemma type="find"/>
                </token>
                <token content="my" id="16-3">
                    <pos type="PRP$"/>
                    <lemma type="my"/>
                </token>
                <token content="way" id="16-4">
                    <pos type="NN"/>
                    <lemma type="way"/>
                    <dep head="16-2" type="dobj"/>
                </token>
                <token content="off" id="16-5"/>
                <token content="the" id="16-6">
                    <pos type="DT"/>
                    <lemma type="the"/>
                </token>
                <token content="bus" id="16-7">
                    <pos type="NN"/>
                    <lemma type="bus"/>
                    <dep head="16-2" type="prep"/>
                </token>
                <token content="and" id="16-8"/>
                <token content="walked" id="16-9">
                    <pos type="VBD"/>
                    <lemma type="walk"/>
                    <dep head="16-2" type="conj"/>
                </token>
                <token content="over" id="16-10">
                    <pos type="RP"/>
                    <lemma type="over"/>
                    <dep head="16-9" type="prt"/>
                </token>
                <token content="to" id="16-11"/>
                <token content="school" id="16-12">
                    <pos type="NN"/>
                    <lemma type="school"/>
                    <dep head="16-9" type="prep"/>
                </token>
                <token content="." id="16-13"/>
            </sentence>
        </sentences>
    </text>
    <annotations>
        <participants>
            <label from="1-1" id="0" name="ScrPart_passenger" text="My" type="participant"/>
            <label from="1-2" id="1" name="NPart" text="car" type="participant"/>
            <label from="1-6" id="2" name="NPart" text="shop" type="participant"/>
            <label from="1-10" id="3" name="ScrPart_passenger" text="I" type="participant"/>
            <label from="1-15" id="4" name="NPart" text="school" type="participant"/>
            <label from="1-19" id="5" name="ScrPart_bus" text="bus" type="participant"/>
            <label from="2-3" id="6" name="ScrPart_passenger" text="I" type="participant"/>
            <label from="2-7" id="7" name="ScrPart_bus" text="bus" type="participant"/>
            <label from="2-8" id="8" name="ScrPart_passenger" text="I" type="participant"/>
            <label from="3-1" id="9" name="ScrPart_passenger" text="I" type="participant"/>
            <label from="3-3" id="10" name="ScrPart_passenger" text="I" type="participant"/>
            <label from="3-8" id="11" name="ScrPart_bus" text="buses" type="participant"/>
            <label from="3-13" id="12" name="No_label" text="middle" type="participant"/>
            <label from="4-1" id="13" name="ScrPart_passenger" text="I" type="participant"/>
            <label from="4-7" id="14" name="ScrPart_bus_stop" text="bus stop" to="4-8" type="participant"/>
            <label from="4-8" id="15" name="ScrPart_bus_stop" text="stop" type="participant"/>
            <label from="4-11" id="16" name="ScrPart_time/date" text="ten minutes" to="4-12" type="participant"/>
            <label from="4-15" id="17" name="ScrPart_bus" text="bus" type="participant"/>
            <label from="5-1" id="18" name="ScrPart_bus" text="It" type="participant"/>
            <label from="5-4" id="19" name="ScrPart_time/date" text="time" type="participant"/>
            <label from="5-8" id="20" name="ScrPart_bus_staff" text="bus driver" to="5-9" type="participant"/>
            <label from="5-9" id="21" name="ScrPart_bus_staff" text="driver" type="participant"/>
            <label from="5-14" id="22" name="ScrPart_passenger" text="passengers" type="participant"/>
            <label from="6-1" id="23" name="ScrPart_passenger" text="I" type="participant"/>
            <label from="6-5" id="24" name="ScrPart_bus" text="bus" type="participant"/>
            <label from="6-9" id="25" name="ScrPart_bus_staff" text="driver" type="participant"/>
            <label from="6-11" id="26" name="ScrPart_money" text="fare" type="participant"/>
            <label from="7-2" id="27" name="ScrPart_passenger" text="I" type="participant"/>
            <label from="7-6" id="28" name="ScrPart_seat_in_bus" text="seat" type="participant"/>
            <label from="7-9" id="29" name="ScrPart_in-bus_entertainment" text="window" type="participant"/>
            <label from="8-2" id="30" name="ScrPart_ride" text="ride" type="participant"/>
            <label from="8-5" id="31" name="ScrPart_time/date" text="15 minutes" to="8-6" type="participant"/>
            <label from="9-3" id="32" name="ScrPart_bus_staff" text="driver" type="participant"/>
            <label from="9-5" id="33" name="ScrPart_passenger" text="my" type="participant"/>
            <label from="9-6" id="34" name="ScrPart_bus_stop" text="stop" type="participant"/>
            <label from="10-1" id="35" name="ScrPart_passenger" text="I" type="participant"/>
            <label from="10-6" id="36" name="ScrPart_door" text="doors" type="participant"/>
            <label from="11-3" id="37" name="ScrPart_passenger" text="I" type="participant"/>
            <label from="11-6" id="38" name="NPart" text="bench" type="participant"/>
            <label from="12-3" id="39" name="ScrPart_bus" text="bus" type="participant"/>
            <label from="13-1" id="40" name="ScrPart_passenger" text="I" type="participant"/>
            <label from="13-7" id="41" name="ScrPart_bus_staff" text="driver" type="participant"/>
            <label from="13-8" id="42" name="ScrPart_passenger" text="my" type="participant"/>
            <label from="13-9" id="43" name="ScrPart_card/ticket" text="transfer ticket" to="13-10" type="participant"/>
            <label from="13-10" id="44" name="ScrPart_card/ticket" text="ticket" type="participant"/>
            <label from="14-2" id="45" name="No_label" text="time" type="participant"/>
            <label from="14-5" id="46" name="ScrPart_bus" text="bus" type="participant"/>
            <label from="14-10" id="47" name="ScrPart_passenger" text="I" type="participant"/>
            <label from="14-13" id="48" name="ScrPart_rail" text="pole" type="participant"/>
            <label from="15-2" id="49" name="ScrPart_ride" text="ride" type="participant"/>
            <label from="15-12" id="50" name="ScrPart_passenger" text="I" type="participant"/>
            <label from="15-15" id="51" name="ScrPart_passenger" text="my" type="participant"/>
            <label from="15-17" id="52" name="ScrPart_destination" text="destination" type="participant"/>
            <label from="16-1" id="53" name="ScrPart_passenger" text="I" type="participant"/>
            <label from="16-3" id="54" name="ScrPart_passenger" text="my" type="participant"/>
            <label from="16-4" id="55" name="No_label" text="way" type="participant"/>
            <label from="16-7" id="56" name="ScrPart_bus" text="bus" type="participant"/>
            <label from="16-12" id="57" name="NPart" text="school" type="participant"/>
        </participants>
        <events>
            <label from="1-3" id="58" name="UnrelEv" text="was" type="event"/>
            <label from="1-11" id="59" name="UnrelEv" text="decided" type="event"/>
            <label from="1-13" id="60" name="Evoking" text="commute to school on a public bus" to="1-19" type="event"/>
            <label from="2-4" id="61" name="ScrEv_check_time-table" text="looked up" to="2-5" type="event"/>
            <label from="2-10" id="62" name="UnrelEv" text="need" type="event"/>
            <label from="3-2" id="63" name="UnrelEv" text="found" type="event"/>
            <label from="3-6" id="64" name="Evoking" text="take two buses" to="3-8" type="event"/>
            <label from="3-10" id="65" name="ScrEv_change_bus" text="transfer" type="event"/>
            <label from="4-2" id="66" name="UnrelEv" text="started" type="event"/>
            <label from="4-3" id="67" name="ScrEv_get_bus_stop" text="walking" type="event"/>
            <label from="4-10" id="68" name="ScrEv_get_bus_stop" text="arrived" type="event"/>
            <label from="4-17" id="69" name="ScrEv_check_time-table" text="scheduled" type="event"/>
            <label from="4-19" id="70" name="ScrEv_bus_comes" text="arrive" type="event"/>
            <label from="5-2" id="71" name="ScrEv_bus_comes" text="came" type="event"/>
            <label from="5-10" id="72" name="ScrEv_get_off" text="let off" to="5-11" type="event"/>
            <label from="6-2" id="73" name="ScrEv_board_bus" text="stepped onto" to="6-3" type="event"/>
            <label from="6-7" id="74" name="ScrEv_get_ticket" text="paid" type="event"/>
            <label from="7-3" id="75" name="ScrEv_find_place" text="found" type="event"/>
            <label from="7-11" id="76" name="ScrEv_find_place" text="sat down" to="7-12" type="event"/>
            <label from="8-3" id="77" name="UnrelEv" text="was" type="event"/>
            <label from="9-4" id="78" name="ScrEv_bus_stops" text="announced" type="event"/>
            <label from="10-2" id="79" name="ScrEv_get_off" text="headed out" to="10-3" type="event"/>
            <label from="11-4" id="80" name="UnrelEv" text="found" type="event"/>
            <label from="11-8" id="81" name="ScrEv_wait" text="sat down" to="11-9" type="event"/>
            <label from="12-4" id="82" name="ScrEv_bus_comes" text="came" type="event"/>
            <label from="13-2" id="83" name="ScrEv_board_bus" text="hopped on" to="13-3" type="event"/>
            <label from="13-5" id="84" name="ScrEv_get_ticket" text="showed" type="event"/>
            <label from="14-7" id="85" name="RelNScrEv" text="packed" type="event"/>
            <label from="14-11" id="86" name="ScrEv_find_place" text="found" type="event"/>
            <label from="14-15" id="87" name="ScrEv_find_place" text="hung on" to="14-16" type="event"/>
            <label from="15-3" id="88" name="UnrelEv" text="was" type="event"/>
            <label from="15-13" id="89" name="ScrEv_bus_stops" text="was at" to="15-14" type="event"/>
            <label from="16-2" id="90" name="ScrEv_get_off" text="found my way off" to="16-5" type="event"/>
            <label from="16-9" id="91" name="UnrelEv" text="walked over" to="16-10" type="event"/>
        </events>
        <chains>
            <chain elements="3 0 6 8 9 10 13 23 27 33 35 37 40 42 47 50 51 53 54"/>
            <chain elements="7 5 11 17 18 24 39 46 56"/>
            <chain elements="25 21 32"/>
            <chain elements="30 49"/>
        </chains>
    </annotations>
</story>
