<?xml version="1.0" encoding="UTF-8" standalone="no"?>
<!DOCTYPE story SYSTEM "../InScript.dtd">
<story id="014" scenario="bus">
    <text>
        <content>This morning I rode a public bus to college . 
Before I left my house , I checked the bus schedule so I would know what time the bus was meant to arrive . 
I then left my house and walked to the bus stop right outside my house . 
I then sat on the bench next to an old man and waited for the bus to arrive . 
While I waited , I chatted with the old man . 
When the bus arrived , I let the old man get on in front of me . 
I then climbed on board the bus , paid the bus driver the bus fare , and the bus driver said '' `` Good morning '' '' as he handed me my ticket . 
Holding onto my ticket , I took a seat near the front of the bus . 
I stared out the window throughout the bus journey , just enjoying the view . 
When my stop was coming up , I pressed the button to let the bus driver know to stop the bus . 
He stopped at my stop and I stood up and got off the bus , thanking the bus driver before I exited . </content>
        <sentences>
            <sentence id="1">
                <token content="This" id="1-1">
                    <pos type="DT"/>
                    <lemma type="this"/>
                </token>
                <token content="morning" id="1-2">
                    <pos type="NN"/>
                    <lemma type="morning"/>
                    <dep head="1-4" type="tmod"/>
                </token>
                <token content="I" id="1-3">
                    <pos type="PRP"/>
                    <lemma type="I"/>
                    <dep head="1-4" type="nsubj"/>
                </token>
                <token content="rode" id="1-4">
                    <pos type="VBD"/>
                    <lemma type="ride"/>
                </token>
                <token content="a" id="1-5">
                    <pos type="DT"/>
                    <lemma type="a"/>
                </token>
                <token content="public" id="1-6">
                    <pos type="JJ"/>
                    <lemma type="public"/>
                </token>
                <token content="bus" id="1-7">
                    <pos type="NN"/>
                    <lemma type="bus"/>
                    <dep head="1-4" type="dobj"/>
                </token>
                <token content="to" id="1-8"/>
                <token content="college" id="1-9">
                    <pos type="NN"/>
                    <lemma type="college"/>
                    <dep head="1-4" type="prep"/>
                </token>
                <token content="." id="1-10"/>
            </sentence>
            <sentence id="2">
                <token content="Before" id="2-1">
                    <pos type="IN"/>
                    <lemma type="before"/>
                    <dep head="2-3" type="mark"/>
                </token>
                <token content="I" id="2-2">
                    <pos type="PRP"/>
                    <lemma type="I"/>
                    <dep head="2-3" type="nsubj"/>
                </token>
                <token content="left" id="2-3">
                    <pos type="VBD"/>
                    <lemma type="leave"/>
                    <dep head="2-8" type="advcl"/>
                </token>
                <token content="my" id="2-4">
                    <pos type="PRP$"/>
                    <lemma type="my"/>
                </token>
                <token content="house" id="2-5">
                    <pos type="NN"/>
                    <lemma type="house"/>
                    <dep head="2-3" type="dobj"/>
                </token>
                <token content="," id="2-6"/>
                <token content="I" id="2-7">
                    <pos type="PRP"/>
                    <lemma type="I"/>
                    <dep head="2-8" type="nsubj"/>
                </token>
                <token content="checked" id="2-8">
                    <pos type="VBD"/>
                    <lemma type="check"/>
                </token>
                <token content="the" id="2-9">
                    <pos type="DT"/>
                    <lemma type="the"/>
                </token>
                <token content="bus" id="2-10">
                    <pos type="NN"/>
                    <lemma type="bus"/>
                </token>
                <token content="schedule" id="2-11">
                    <pos type="NN"/>
                    <lemma type="schedule"/>
                    <dep head="2-8" type="dobj"/>
                </token>
                <token content="so" id="2-12">
                    <pos type="IN"/>
                    <lemma type="so"/>
                    <dep head="2-15" type="mark"/>
                </token>
                <token content="I" id="2-13">
                    <pos type="PRP"/>
                    <lemma type="I"/>
                    <dep head="2-15" type="nsubj"/>
                </token>
                <token content="would" id="2-14">
                    <pos type="MD"/>
                    <lemma type="would"/>
                    <dep head="2-15" type="aux"/>
                </token>
                <token content="know" id="2-15">
                    <pos type="VB"/>
                    <lemma type="know"/>
                    <dep head="2-8" type="advcl"/>
                </token>
                <token content="what" id="2-16">
                    <pos type="WP"/>
                    <lemma type="what"/>
                </token>
                <token content="time" id="2-17">
                    <pos type="NN"/>
                    <lemma type="time"/>
                    <dep head="2-21" type="dobj"/>
                </token>
                <token content="the" id="2-18">
                    <pos type="DT"/>
                    <lemma type="the"/>
                </token>
                <token content="bus" id="2-19">
                    <pos type="NN"/>
                    <lemma type="bus"/>
                    <dep head="2-21" type="nsubjpass"/>
                </token>
                <token content="was" id="2-20">
                    <pos type="VBD"/>
                    <lemma type="be"/>
                    <dep head="2-21" type="auxpass"/>
                </token>
                <token content="meant" id="2-21">
                    <pos type="VBN"/>
                    <lemma type="mean"/>
                    <dep head="2-15" type="ccomp"/>
                </token>
                <token content="to" id="2-22">
                    <pos type="TO"/>
                    <lemma type="to"/>
                    <dep head="2-23" type="aux"/>
                </token>
                <token content="arrive" id="2-23">
                    <pos type="VB"/>
                    <lemma type="arrive"/>
                    <dep head="2-21" type="xcomp"/>
                </token>
                <token content="." id="2-24"/>
            </sentence>
            <sentence id="3">
                <token content="I" id="3-1">
                    <pos type="PRP"/>
                    <lemma type="I"/>
                    <dep head="3-3" type="nsubj"/>
                </token>
                <token content="then" id="3-2">
                    <pos type="RB"/>
                    <lemma type="then"/>
                    <dep head="3-3" type="advmod"/>
                </token>
                <token content="left" id="3-3">
                    <pos type="VBD"/>
                    <lemma type="leave"/>
                </token>
                <token content="my" id="3-4">
                    <pos type="PRP$"/>
                    <lemma type="my"/>
                </token>
                <token content="house" id="3-5">
                    <pos type="NN"/>
                    <lemma type="house"/>
                    <dep head="3-3" type="dobj"/>
                </token>
                <token content="and" id="3-6"/>
                <token content="walked" id="3-7">
                    <pos type="VBD"/>
                    <lemma type="walk"/>
                    <dep head="3-3" type="conj"/>
                </token>
                <token content="to" id="3-8"/>
                <token content="the" id="3-9">
                    <pos type="DT"/>
                    <lemma type="the"/>
                </token>
                <token content="bus" id="3-10">
                    <pos type="NN"/>
                    <lemma type="bus"/>
                </token>
                <token content="stop" id="3-11">
                    <pos type="NN"/>
                    <lemma type="stop"/>
                </token>
                <token content="right" id="3-12">
                    <pos type="NN"/>
                    <lemma type="right"/>
                    <dep head="3-7" type="prep"/>
                </token>
                <token content="outside" id="3-13"/>
                <token content="my" id="3-14">
                    <pos type="PRP$"/>
                    <lemma type="my"/>
                </token>
                <token content="house" id="3-15">
                    <pos type="NN"/>
                    <lemma type="house"/>
                    <dep head="3-7" type="prep"/>
                </token>
                <token content="." id="3-16"/>
            </sentence>
            <sentence id="4">
                <token content="I" id="4-1">
                    <pos type="PRP"/>
                    <lemma type="I"/>
                    <dep head="4-3" type="nsubj"/>
                </token>
                <token content="then" id="4-2">
                    <pos type="RB"/>
                    <lemma type="then"/>
                    <dep head="4-3" type="advmod"/>
                </token>
                <token content="sat" id="4-3">
                    <pos type="VBD"/>
                    <lemma type="sit"/>
                </token>
                <token content="on" id="4-4"/>
                <token content="the" id="4-5">
                    <pos type="DT"/>
                    <lemma type="the"/>
                </token>
                <token content="bench" id="4-6">
                    <pos type="NN"/>
                    <lemma type="bench"/>
                    <dep head="4-3" type="prep"/>
                </token>
                <token content="next" id="4-7">
                    <pos type="JJ"/>
                    <lemma type="next"/>
                </token>
                <token content="to" id="4-8"/>
                <token content="an" id="4-9">
                    <pos type="DT"/>
                    <lemma type="a"/>
                </token>
                <token content="old" id="4-10">
                    <pos type="JJ"/>
                    <lemma type="old"/>
                </token>
                <token content="man" id="4-11">
                    <pos type="NN"/>
                    <lemma type="man"/>
                    <dep head="4-3" type="prep"/>
                </token>
                <token content="and" id="4-12"/>
                <token content="waited" id="4-13">
                    <pos type="VBD"/>
                    <lemma type="wait"/>
                    <dep head="4-3" type="conj"/>
                </token>
                <token content="for" id="4-14"/>
                <token content="the" id="4-15">
                    <pos type="DT"/>
                    <lemma type="the"/>
                </token>
                <token content="bus" id="4-16">
                    <pos type="NN"/>
                    <lemma type="bus"/>
                    <dep head="4-13" type="prep"/>
                </token>
                <token content="to" id="4-17">
                    <pos type="TO"/>
                    <lemma type="to"/>
                    <dep head="4-18" type="aux"/>
                </token>
                <token content="arrive" id="4-18">
                    <pos type="VB"/>
                    <lemma type="arrive"/>
                    <dep head="4-13" type="xcomp"/>
                </token>
                <token content="." id="4-19"/>
            </sentence>
            <sentence id="5">
                <token content="While" id="5-1">
                    <pos type="IN"/>
                    <lemma type="while"/>
                    <dep head="5-3" type="mark"/>
                </token>
                <token content="I" id="5-2">
                    <pos type="PRP"/>
                    <lemma type="I"/>
                    <dep head="5-3" type="nsubj"/>
                </token>
                <token content="waited" id="5-3">
                    <pos type="VBD"/>
                    <lemma type="wait"/>
                    <dep head="5-6" type="advcl"/>
                </token>
                <token content="," id="5-4"/>
                <token content="I" id="5-5">
                    <pos type="PRP"/>
                    <lemma type="I"/>
                    <dep head="5-6" type="nsubj"/>
                </token>
                <token content="chatted" id="5-6">
                    <pos type="VBD"/>
                    <lemma type="chat"/>
                </token>
                <token content="with" id="5-7"/>
                <token content="the" id="5-8">
                    <pos type="DT"/>
                    <lemma type="the"/>
                </token>
                <token content="old" id="5-9">
                    <pos type="JJ"/>
                    <lemma type="old"/>
                </token>
                <token content="man" id="5-10">
                    <pos type="NN"/>
                    <lemma type="man"/>
                    <dep head="5-6" type="prep"/>
                </token>
                <token content="." id="5-11"/>
            </sentence>
            <sentence id="6">
                <token content="When" id="6-1">
                    <pos type="WRB"/>
                    <lemma type="when"/>
                    <dep head="6-4" type="advmod"/>
                </token>
                <token content="the" id="6-2">
                    <pos type="DT"/>
                    <lemma type="the"/>
                </token>
                <token content="bus" id="6-3">
                    <pos type="NN"/>
                    <lemma type="bus"/>
                    <dep head="6-4" type="nsubj"/>
                </token>
                <token content="arrived" id="6-4">
                    <pos type="VBD"/>
                    <lemma type="arrive"/>
                    <dep head="6-7" type="advcl"/>
                </token>
                <token content="," id="6-5"/>
                <token content="I" id="6-6">
                    <pos type="PRP"/>
                    <lemma type="I"/>
                    <dep head="6-7" type="nsubj"/>
                </token>
                <token content="let" id="6-7">
                    <pos type="VBP"/>
                    <lemma type="let"/>
                </token>
                <token content="the" id="6-8">
                    <pos type="DT"/>
                    <lemma type="the"/>
                </token>
                <token content="old" id="6-9">
                    <pos type="JJ"/>
                    <lemma type="old"/>
                </token>
                <token content="man" id="6-10">
                    <pos type="NN"/>
                    <lemma type="man"/>
                    <dep head="6-11" type="nsubj"/>
                </token>
                <token content="get" id="6-11">
                    <pos type="VB"/>
                    <lemma type="get"/>
                    <dep head="6-7" type="ccomp"/>
                </token>
                <token content="on" id="6-12">
                    <pos type="RP"/>
                    <lemma type="on"/>
                    <dep head="6-11" type="prt"/>
                </token>
                <token content="in" id="6-13"/>
                <token content="front" id="6-14"/>
                <token content="of" id="6-15"/>
                <token content="me" id="6-16">
                    <pos type="PRP"/>
                    <lemma type="I"/>
                    <dep head="6-11" type="prep"/>
                </token>
                <token content="." id="6-17"/>
            </sentence>
            <sentence id="7">
                <token content="I" id="7-1">
                    <pos type="PRP"/>
                    <lemma type="I"/>
                    <dep head="7-3" type="nsubj"/>
                </token>
                <token content="then" id="7-2">
                    <pos type="RB"/>
                    <lemma type="then"/>
                    <dep head="7-3" type="advmod"/>
                </token>
                <token content="climbed" id="7-3">
                    <pos type="VBD"/>
                    <lemma type="climb"/>
                </token>
                <token content="on" id="7-4"/>
                <token content="board" id="7-5">
                    <pos type="NN"/>
                    <lemma type="board"/>
                    <dep head="7-3" type="prep"/>
                </token>
                <token content="the" id="7-6">
                    <pos type="DT"/>
                    <lemma type="the"/>
                </token>
                <token content="bus" id="7-7">
                    <pos type="NN"/>
                    <lemma type="bus"/>
                    <dep head="7-3" type="dobj"/>
                </token>
                <token content="," id="7-8"/>
                <token content="paid" id="7-9">
                    <pos type="VBN"/>
                    <lemma type="pay"/>
                </token>
                <token content="the" id="7-10">
                    <pos type="DT"/>
                    <lemma type="the"/>
                </token>
                <token content="bus" id="7-11">
                    <pos type="NN"/>
                    <lemma type="bus"/>
                </token>
                <token content="driver" id="7-12">
                    <pos type="NN"/>
                    <lemma type="driver"/>
                    <dep head="7-9" type="iobj"/>
                </token>
                <token content="the" id="7-13">
                    <pos type="DT"/>
                    <lemma type="the"/>
                </token>
                <token content="bus" id="7-14">
                    <pos type="NN"/>
                    <lemma type="bus"/>
                </token>
                <token content="fare" id="7-15">
                    <pos type="NN"/>
                    <lemma type="fare"/>
                    <dep head="7-9" type="dobj"/>
                </token>
                <token content="," id="7-16"/>
                <token content="and" id="7-17"/>
                <token content="the" id="7-18">
                    <pos type="DT"/>
                    <lemma type="the"/>
                </token>
                <token content="bus" id="7-19">
                    <pos type="NN"/>
                    <lemma type="bus"/>
                </token>
                <token content="driver" id="7-20">
                    <pos type="NN"/>
                    <lemma type="driver"/>
                    <dep head="7-21" type="nsubj"/>
                </token>
                <token content="said" id="7-21">
                    <pos type="VBD"/>
                    <lemma type="say"/>
                    <dep head="7-3" type="conj"/>
                </token>
                <token content="''" id="7-22"/>
                <token content="``" id="7-23"/>
                <token content="Good" id="7-24">
                    <pos type="JJ"/>
                    <lemma type="good"/>
                </token>
                <token content="morning" id="7-25">
                    <pos type="NNS"/>
                    <lemma type="morning"/>
                    <dep head="7-21" type="tmod"/>
                </token>
                <token content="''" id="7-26"/>
                <token content="''" id="7-27"/>
                <token content="as" id="7-28">
                    <pos type="IN"/>
                    <lemma type="as"/>
                    <dep head="7-30" type="mark"/>
                </token>
                <token content="he" id="7-29">
                    <pos type="PRP"/>
                    <lemma type="he"/>
                    <dep head="7-30" type="nsubj"/>
                </token>
                <token content="handed" id="7-30">
                    <pos type="VBD"/>
                    <lemma type="hand"/>
                    <dep head="7-21" type="advcl"/>
                </token>
                <token content="me" id="7-31">
                    <pos type="PRP"/>
                    <lemma type="I"/>
                    <dep head="7-30" type="iobj"/>
                </token>
                <token content="my" id="7-32">
                    <pos type="PRP$"/>
                    <lemma type="my"/>
                </token>
                <token content="ticket" id="7-33">
                    <pos type="NN"/>
                    <lemma type="ticket"/>
                    <dep head="7-30" type="dobj"/>
                </token>
                <token content="." id="7-34"/>
            </sentence>
            <sentence id="8">
                <token content="Holding" id="8-1">
                    <pos type="VBG"/>
                    <lemma type="hold"/>
                    <dep head="8-7" type="vmod"/>
                </token>
                <token content="onto" id="8-2"/>
                <token content="my" id="8-3">
                    <pos type="PRP$"/>
                    <lemma type="my"/>
                </token>
                <token content="ticket" id="8-4">
                    <pos type="NN"/>
                    <lemma type="ticket"/>
                    <dep head="8-1" type="prep"/>
                </token>
                <token content="," id="8-5"/>
                <token content="I" id="8-6">
                    <pos type="PRP"/>
                    <lemma type="I"/>
                    <dep head="8-7" type="nsubj"/>
                </token>
                <token content="took" id="8-7">
                    <pos type="VBD"/>
                    <lemma type="take"/>
                </token>
                <token content="a" id="8-8">
                    <pos type="DT"/>
                    <lemma type="a"/>
                </token>
                <token content="seat" id="8-9">
                    <pos type="NN"/>
                    <lemma type="seat"/>
                    <dep head="8-7" type="dobj"/>
                </token>
                <token content="near" id="8-10"/>
                <token content="the" id="8-11">
                    <pos type="DT"/>
                    <lemma type="the"/>
                </token>
                <token content="front" id="8-12">
                    <pos type="NN"/>
                    <lemma type="front"/>
                </token>
                <token content="of" id="8-13"/>
                <token content="the" id="8-14">
                    <pos type="DT"/>
                    <lemma type="the"/>
                </token>
                <token content="bus" id="8-15">
                    <pos type="NN"/>
                    <lemma type="bus"/>
                </token>
                <token content="." id="8-16"/>
            </sentence>
            <sentence id="9">
                <token content="I" id="9-1">
                    <pos type="PRP"/>
                    <lemma type="I"/>
                    <dep head="9-2" type="nsubj"/>
                </token>
                <token content="stared" id="9-2">
                    <pos type="VBD"/>
                    <lemma type="stare"/>
                </token>
                <token content="out" id="9-3">
                    <pos type="RP"/>
                    <lemma type="out"/>
                    <dep head="9-2" type="prt"/>
                </token>
                <token content="the" id="9-4">
                    <pos type="DT"/>
                    <lemma type="the"/>
                </token>
                <token content="window" id="9-5">
                    <pos type="NN"/>
                    <lemma type="window"/>
                    <dep head="9-2" type="dobj"/>
                </token>
                <token content="throughout" id="9-6"/>
                <token content="the" id="9-7">
                    <pos type="DT"/>
                    <lemma type="the"/>
                </token>
                <token content="bus" id="9-8">
                    <pos type="NN"/>
                    <lemma type="bus"/>
                </token>
                <token content="journey" id="9-9">
                    <pos type="NN"/>
                    <lemma type="journey"/>
                </token>
                <token content="," id="9-10"/>
                <token content="just" id="9-11">
                    <pos type="RB"/>
                    <lemma type="just"/>
                    <dep head="9-12" type="advmod"/>
                </token>
                <token content="enjoying" id="9-12">
                    <pos type="VBG"/>
                    <lemma type="enjoy"/>
                    <dep head="9-2" type="vmod"/>
                </token>
                <token content="the" id="9-13">
                    <pos type="DT"/>
                    <lemma type="the"/>
                </token>
                <token content="view" id="9-14">
                    <pos type="NN"/>
                    <lemma type="view"/>
                    <dep head="9-12" type="dobj"/>
                </token>
                <token content="." id="9-15"/>
            </sentence>
            <sentence id="10">
                <token content="When" id="10-1">
                    <pos type="WRB"/>
                    <lemma type="when"/>
                    <dep head="10-5" type="advmod"/>
                </token>
                <token content="my" id="10-2">
                    <pos type="PRP$"/>
                    <lemma type="my"/>
                </token>
                <token content="stop" id="10-3">
                    <pos type="NN"/>
                    <lemma type="stop"/>
                    <dep head="10-5" type="nsubj"/>
                </token>
                <token content="was" id="10-4">
                    <pos type="VBD"/>
                    <lemma type="be"/>
                    <dep head="10-5" type="aux"/>
                </token>
                <token content="coming" id="10-5">
                    <pos type="VBG"/>
                    <lemma type="come"/>
                    <dep head="10-9" type="advcl"/>
                </token>
                <token content="up" id="10-6">
                    <pos type="RP"/>
                    <lemma type="up"/>
                    <dep head="10-5" type="prt"/>
                </token>
                <token content="," id="10-7"/>
                <token content="I" id="10-8">
                    <pos type="PRP"/>
                    <lemma type="I"/>
                    <dep head="10-9" type="nsubj"/>
                </token>
                <token content="pressed" id="10-9">
                    <pos type="VBD"/>
                    <lemma type="press"/>
                </token>
                <token content="the" id="10-10">
                    <pos type="DT"/>
                    <lemma type="the"/>
                </token>
                <token content="button" id="10-11">
                    <pos type="NN"/>
                    <lemma type="button"/>
                    <dep head="10-17" type="nsubj"/>
                </token>
                <token content="to" id="10-12">
                    <pos type="TO"/>
                    <lemma type="to"/>
                    <dep head="10-13" type="aux"/>
                </token>
                <token content="let" id="10-13">
                    <pos type="VB"/>
                    <lemma type="let"/>
                </token>
                <token content="the" id="10-14">
                    <pos type="DT"/>
                    <lemma type="the"/>
                </token>
                <token content="bus" id="10-15">
                    <pos type="NN"/>
                    <lemma type="bus"/>
                </token>
                <token content="driver" id="10-16">
                    <pos type="NN"/>
                    <lemma type="driver"/>
                    <dep head="10-13" type="dobj"/>
                </token>
                <token content="know" id="10-17">
                    <pos type="VBP"/>
                    <lemma type="know"/>
                    <dep head="10-9" type="ccomp"/>
                </token>
                <token content="to" id="10-18">
                    <pos type="TO"/>
                    <lemma type="to"/>
                    <dep head="10-19" type="aux"/>
                </token>
                <token content="stop" id="10-19">
                    <pos type="VB"/>
                    <lemma type="stop"/>
                    <dep head="10-17" type="xcomp"/>
                </token>
                <token content="the" id="10-20">
                    <pos type="DT"/>
                    <lemma type="the"/>
                </token>
                <token content="bus" id="10-21">
                    <pos type="NN"/>
                    <lemma type="bus"/>
                    <dep head="10-19" type="dobj"/>
                </token>
                <token content="." id="10-22"/>
            </sentence>
            <sentence id="11">
                <token content="He" id="11-1">
                    <pos type="PRP"/>
                    <lemma type="he"/>
                    <dep head="11-2" type="nsubj"/>
                </token>
                <token content="stopped" id="11-2">
                    <pos type="VBD"/>
                    <lemma type="stop"/>
                </token>
                <token content="at" id="11-3"/>
                <token content="my" id="11-4">
                    <pos type="PRP$"/>
                    <lemma type="my"/>
                </token>
                <token content="stop" id="11-5">
                    <pos type="NN"/>
                    <lemma type="stop"/>
                    <dep head="11-2" type="prep"/>
                </token>
                <token content="and" id="11-6"/>
                <token content="I" id="11-7">
                    <pos type="PRP"/>
                    <lemma type="I"/>
                    <dep head="11-8" type="nsubj"/>
                </token>
                <token content="stood" id="11-8">
                    <pos type="VBD"/>
                    <lemma type="stand"/>
                    <dep head="11-2" type="conj"/>
                </token>
                <token content="up" id="11-9">
                    <pos type="RP"/>
                    <lemma type="up"/>
                    <dep head="11-8" type="prt"/>
                </token>
                <token content="and" id="11-10"/>
                <token content="got" id="11-11">
                    <pos type="VBD"/>
                    <lemma type="get"/>
                    <dep head="11-8" type="conj"/>
                </token>
                <token content="off" id="11-12">
                    <pos type="RP"/>
                    <lemma type="off"/>
                    <dep head="11-11" type="prt"/>
                </token>
                <token content="the" id="11-13">
                    <pos type="DT"/>
                    <lemma type="the"/>
                </token>
                <token content="bus" id="11-14">
                    <pos type="NN"/>
                    <lemma type="bus"/>
                    <dep head="11-11" type="dobj"/>
                </token>
                <token content="," id="11-15"/>
                <token content="thanking" id="11-16">
                    <pos type="VBG"/>
                    <lemma type="thank"/>
                    <dep head="11-8" type="vmod"/>
                </token>
                <token content="the" id="11-17">
                    <pos type="DT"/>
                    <lemma type="the"/>
                </token>
                <token content="bus" id="11-18">
                    <pos type="NN"/>
                    <lemma type="bus"/>
                </token>
                <token content="driver" id="11-19">
                    <pos type="NN"/>
                    <lemma type="driver"/>
                    <dep head="11-16" type="dobj"/>
                </token>
                <token content="before" id="11-20">
                    <pos type="IN"/>
                    <lemma type="before"/>
                    <dep head="11-22" type="mark"/>
                </token>
                <token content="I" id="11-21">
                    <pos type="PRP"/>
                    <lemma type="I"/>
                    <dep head="11-22" type="nsubj"/>
                </token>
                <token content="exited" id="11-22">
                    <pos type="VBD"/>
                    <lemma type="exit"/>
                    <dep head="11-16" type="advcl"/>
                </token>
                <token content="." id="11-23"/>
            </sentence>
        </sentences>
    </text>
    <annotations>
        <participants>
            <label from="1-2" id="0" name="ScrPart_time/date" text="morning" type="participant"/>
            <label from="1-3" id="1" name="ScrPart_passenger" text="I" type="participant"/>
            <label from="1-7" id="2" name="ScrPart_bus" text="bus" type="participant"/>
            <label from="1-9" id="3" name="ScrPart_destination" text="college" type="participant"/>
            <label from="2-2" id="4" name="ScrPart_passenger" text="I" type="participant"/>
            <label from="2-4" id="5" name="ScrPart_passenger" text="my" type="participant"/>
            <label from="2-5" id="6" name="NPart" text="house" type="participant"/>
            <label from="2-7" id="7" name="ScrPart_passenger" text="I" type="participant"/>
            <label from="2-10" id="8" name="ScrPart_time-table" text="bus schedule" to="2-11" type="participant"/>
            <label from="2-11" id="9" name="ScrPart_time-table" text="schedule" type="participant"/>
            <label from="2-13" id="10" name="ScrPart_passenger" text="I" type="participant"/>
            <label from="2-17" id="11" name="ScrPart_time/date" text="time" type="participant"/>
            <label from="2-19" id="12" name="ScrPart_bus" text="bus" type="participant"/>
            <label from="3-1" id="13" name="ScrPart_passenger" text="I" type="participant"/>
            <label from="3-4" id="14" name="ScrPart_passenger" text="my" type="participant"/>
            <label from="3-5" id="15" name="NPart" text="house" type="participant"/>
            <label from="3-10" id="16" name="ScrPart_bus_stop" text="bus stop" to="3-11" type="participant"/>
            <label from="3-11" id="17" name="ScrPart_bus_stop" text="stop" type="participant"/>
            <label from="3-14" id="18" name="ScrPart_passenger" text="my" type="participant"/>
            <label from="3-15" id="19" name="NPart" text="house" type="participant"/>
            <label from="4-1" id="20" name="ScrPart_passenger" text="I" type="participant"/>
            <label from="4-6" id="21" name="NPart" text="bench" type="participant"/>
            <label from="4-11" id="22" name="ScrPart_passenger" text="man" type="participant"/>
            <label from="4-16" id="23" name="ScrPart_bus" text="bus" type="participant"/>
            <label from="5-2" id="24" name="ScrPart_passenger" text="I" type="participant"/>
            <label from="5-5" id="25" name="ScrPart_passenger" text="I" type="participant"/>
            <label from="5-10" id="26" name="ScrPart_passenger" text="man" type="participant"/>
            <label from="6-3" id="27" name="ScrPart_bus" text="bus" type="participant"/>
            <label from="6-6" id="28" name="ScrPart_passenger" text="I" type="participant"/>
            <label from="6-10" id="29" name="ScrPart_passenger" text="man" type="participant"/>
            <label from="6-14" id="30" name="NPart" text="front" type="participant"/>
            <label from="6-16" id="31" name="ScrPart_passenger" text="me" type="participant"/>
            <label from="7-1" id="32" name="ScrPart_passenger" text="I" type="participant"/>
            <label from="7-5" id="33" name="NPart" text="board" type="participant"/>
            <label from="7-7" id="34" name="ScrPart_bus" text="bus" type="participant"/>
            <label from="7-11" id="35" name="ScrPart_bus_staff" text="bus driver" to="7-12" type="participant"/>
            <label from="7-12" id="36" name="ScrPart_bus_staff" text="driver" type="participant"/>
            <label from="7-14" id="37" name="ScrPart_other" text="bus fare" to="7-15" type="participant"/>
            <label from="7-15" id="38" name="ScrPart_other" text="fare" type="participant"/>
            <label from="7-19" id="39" name="ScrPart_bus_staff" text="bus driver" to="7-20" type="participant"/>
            <label from="7-20" id="40" name="ScrPart_bus_staff" text="driver" type="participant"/>
            <label from="7-25" id="41" name="NPart" text="morning" type="participant"/>
            <label from="7-29" id="42" name="ScrPart_bus_staff" text="he" type="participant"/>
            <label from="7-31" id="43" name="ScrPart_passenger" text="me" type="participant"/>
            <label from="7-32" id="44" name="ScrPart_passenger" text="my" type="participant"/>
            <label from="7-33" id="45" name="ScrPart_card/ticket" text="ticket" type="participant"/>
            <label from="8-3" id="46" name="ScrPart_passenger" text="my" type="participant"/>
            <label from="8-4" id="47" name="ScrPart_card/ticket" text="ticket" type="participant"/>
            <label from="8-6" id="48" name="ScrPart_passenger" text="I" type="participant"/>
            <label from="8-9" id="49" name="ScrPart_seat_in_bus" text="seat" type="participant"/>
            <label from="8-12" id="50" name="NPart" text="front" type="participant"/>
            <label from="8-15" id="51" name="ScrPart_bus" text="bus" type="participant"/>
            <label from="9-1" id="52" name="ScrPart_passenger" text="I" type="participant"/>
            <label from="9-5" id="53" name="ScrPart_other" text="window" type="participant"/>
            <label from="9-8" id="54" name="ScrPart_other" text="bus journey" to="9-9" type="participant"/>
            <label from="9-9" id="55" name="ScrPart_other" text="journey" type="participant"/>
            <label from="9-14" id="56" name="NPart" text="view" type="participant"/>
            <label from="10-2" id="57" name="ScrPart_passenger" text="my" type="participant"/>
            <label from="10-3" id="58" name="ScrPart_bus_stop" text="stop" type="participant"/>
            <label from="10-8" id="59" name="ScrPart_passenger" text="I" type="participant"/>
            <label from="10-11" id="60" name="ScrPart_stop_button/door_opener" text="button" type="participant"/>
            <label from="10-15" id="61" name="ScrPart_bus_staff" text="bus driver" to="10-16" type="participant"/>
            <label from="10-16" id="62" name="ScrPart_bus_staff" text="driver" type="participant"/>
            <label from="10-21" id="63" name="ScrPart_bus" text="bus" type="participant"/>
            <label from="11-1" id="64" name="ScrPart_bus_staff" text="He" type="participant"/>
            <label from="11-4" id="65" name="ScrPart_passenger" text="my" type="participant"/>
            <label from="11-5" id="66" name="ScrPart_passenger" text="stop" type="participant"/>
            <label from="11-7" id="67" name="ScrPart_passenger" text="I" type="participant"/>
            <label from="11-14" id="68" name="ScrPart_bus" text="bus" type="participant"/>
            <label from="11-18" id="69" name="ScrPart_bus_staff" text="bus driver" to="11-19" type="participant"/>
            <label from="11-19" id="70" name="ScrPart_bus_staff" text="driver" type="participant"/>
            <label from="11-21" id="71" name="ScrPart_passenger" text="I" type="participant"/>
        </participants>
        <events>
            <label from="1-4" id="72" name="Evoking" text="rode a public bus" to="1-7" type="event"/>
            <label from="2-3" id="73" name="UnrelEv" text="left" type="event"/>
            <label from="2-8" id="74" name="ScrEv_other" text="checked" type="event"/>
            <label from="2-15" id="75" name="UnrelEv" text="know" type="event"/>
            <label from="2-21" id="76" name="UnrelEv" text="meant to" to="2-22" type="event"/>
            <label from="2-21" id="77" name="UnrelEv" text="meant" type="event"/>
            <label from="2-23" id="78" name="ScrEv_bus_comes" text="arrive" type="event"/>
            <label from="3-3" id="79" name="UnrelEv" text="left" type="event"/>
            <label from="3-7" id="80" name="ScrEv_get_bus_stop" text="walked to" to="3-8" type="event"/>
            <label from="3-7" id="81" name="ScrEv_get_bus_stop" text="walked" type="event"/>
            <label from="4-3" id="82" name="UnrelEv" text="sat" type="event"/>
            <label from="4-13" id="83" name="ScrEv_wait" text="waited" type="event"/>
            <label from="4-18" id="84" name="ScrEv_bus_comes" text="arrive" type="event"/>
            <label from="5-3" id="85" name="ScrEv_wait" text="waited" type="event"/>
            <label from="5-6" id="86" name="UnrelEv" text="chatted" type="event"/>
            <label from="6-4" id="87" name="ScrEv_bus_comes" text="arrived" type="event"/>
            <label from="6-7" id="88" name="UnrelEv" text="let" type="event"/>
            <label from="6-11" id="89" name="ScrEv_board_bus" text="get on" to="6-12" type="event"/>
            <label from="6-11" id="90" name="ScrEv_board_bus" text="get" type="event"/>
            <label from="7-3" id="91" name="ScrEv_board_bus" text="climbed" type="event"/>
            <label from="7-9" id="92" name="ScrEv_get_ticket" text="paid" type="event"/>
            <label from="7-21" id="93" name="RelNScrEv" text="said" type="event"/>
            <label from="7-30" id="94" name="ScrEv_other" text="handed" type="event"/>
            <label from="8-1" id="95" name="UnrelEv" text="Holding onto" to="8-2" type="event"/>
            <label from="8-1" id="96" name="UnrelEv" text="Holding" type="event"/>
            <label from="8-7" id="97" name="ScrEv_find_place" text="took" type="event"/>
            <label from="9-2" id="98" name="ScrEv_spend_time_bus" text="stared out" to="9-3" type="event"/>
            <label from="9-2" id="99" name="ScrEv_spend_time_bus" text="stared" type="event"/>
            <label from="9-12" id="100" name="ScrEv_spend_time_bus" text="enjoying" type="event"/>
            <label from="10-5" id="101" name="ScrEv_other" text="coming up" to="10-6" type="event"/>
            <label from="10-5" id="102" name="ScrEv_other" text="coming" type="event"/>
            <label from="10-9" id="103" name="ScrEv_press_stop_button" text="pressed" type="event"/>
            <label from="10-13" id="104" name="UnrelEv" text="let" type="event"/>
            <label from="10-17" id="105" name="UnrelEv" text="know" type="event"/>
            <label from="10-19" id="106" name="ScrEv_bus_stops" text="stop" type="event"/>
            <label from="11-2" id="107" name="ScrEv_bus_stops" text="stopped" type="event"/>
            <label from="11-8" id="108" name="ScrEv_other" text="stood up" to="11-9" type="event"/>
            <label from="11-8" id="109" name="ScrEv_other" text="stood" type="event"/>
            <label from="11-11" id="110" name="ScrEv_get_off" text="got off" to="11-12" type="event"/>
            <label from="11-11" id="111" name="ScrEv_get_off" text="got" type="event"/>
            <label from="11-16" id="112" name="RelNScrEv" text="thanking" type="event"/>
            <label from="11-22" id="113" name="ScrEv_get_off" text="exited" type="event"/>
        </events>
        <chains>
            <chain elements="1 4 5 7 10 13 14 18 20 24 25 28 31 32 43 44 46 48 52 57 59 65 67 71"/>
            <chain elements="2 12 23 27 34 51 63 68"/>
            <chain elements="22 26 29"/>
            <chain elements="36 40 62 64 70"/>
            <chain elements="45 47"/>
            <chain elements="58 66"/>
        </chains>
    </annotations>
</story>
