<?xml version="1.0" encoding="UTF-8" standalone="no"?>
<!DOCTYPE story SYSTEM "../InScript.dtd">
<story id="093" scenario="train">
    <text>
        <content>I had decided that I wanted to visit my friend Paul whom lives quite a distance away . 
With this and my fear of air travel in mind I decided to take a train . 
After researching and finding one online I was well on my way to going to see my friend Paul . 
I drive to the station and decide that I am going to purchase a round trip ticket as this would be cheaper than just buying both tickets separately . 
I purchase my ticket and then go to sit down and wait for my train . 
Whenever my train arrives I have to get in line as they process our tickets . 
After all this is done I decide to take a seat by the window . 
I sit and fall asleep a bit as I ride on the train for hours . 
After a couple hours we finally reach the destination and I get off the train , excited to see my friend . </content>
        <sentences>
            <sentence id="1">
                <token content="I" id="1-1">
                    <pos type="PRP"/>
                    <lemma type="I"/>
                    <dep head="1-3" type="nsubj"/>
                </token>
                <token content="had" id="1-2">
                    <pos type="VBD"/>
                    <lemma type="have"/>
                    <dep head="1-3" type="aux"/>
                </token>
                <token content="decided" id="1-3">
                    <pos type="VBN"/>
                    <lemma type="decide"/>
                </token>
                <token content="that" id="1-4">
                    <pos type="IN"/>
                    <lemma type="that"/>
                    <dep head="1-6" type="mark"/>
                </token>
                <token content="I" id="1-5">
                    <pos type="PRP"/>
                    <lemma type="I"/>
                    <dep head="1-6" type="nsubj"/>
                </token>
                <token content="wanted" id="1-6">
                    <pos type="VBD"/>
                    <lemma type="want"/>
                    <dep head="1-3" type="ccomp"/>
                </token>
                <token content="to" id="1-7">
                    <pos type="TO"/>
                    <lemma type="to"/>
                    <dep head="1-8" type="aux"/>
                </token>
                <token content="visit" id="1-8">
                    <pos type="VB"/>
                    <lemma type="visit"/>
                    <dep head="1-6" type="xcomp"/>
                </token>
                <token content="my" id="1-9">
                    <pos type="PRP$"/>
                    <lemma type="my"/>
                </token>
                <token content="friend" id="1-10">
                    <pos type="NN"/>
                    <lemma type="friend"/>
                </token>
                <token content="Paul" id="1-11">
                    <pos type="NNP"/>
                    <lemma type="Paul"/>
                    <dep head="1-8" type="dobj"/>
                </token>
                <token content="whom" id="1-12">
                    <pos type="WP"/>
                    <lemma type="whom"/>
                    <dep head="1-13" type="nsubj"/>
                </token>
                <token content="lives" id="1-13">
                    <pos type="VBZ"/>
                    <lemma type="live"/>
                </token>
                <token content="quite" id="1-14">
                    <pos type="PDT"/>
                    <lemma type="quite"/>
                </token>
                <token content="a" id="1-15">
                    <pos type="DT"/>
                    <lemma type="a"/>
                </token>
                <token content="distance" id="1-16">
                    <pos type="NN"/>
                    <lemma type="distance"/>
                    <dep head="1-13" type="dobj"/>
                </token>
                <token content="away" id="1-17">
                    <pos type="RB"/>
                    <lemma type="away"/>
                    <dep head="1-13" type="advmod"/>
                </token>
                <token content="." id="1-18"/>
            </sentence>
            <sentence id="2">
                <token content="With" id="2-1"/>
                <token content="this" id="2-2">
                    <pos type="DT"/>
                    <lemma type="this"/>
                    <dep head="2-12" type="prep"/>
                </token>
                <token content="and" id="2-3"/>
                <token content="my" id="2-4">
                    <pos type="PRP$"/>
                    <lemma type="my"/>
                </token>
                <token content="fear" id="2-5">
                    <pos type="NN"/>
                    <lemma type="fear"/>
                </token>
                <token content="of" id="2-6"/>
                <token content="air" id="2-7">
                    <pos type="NN"/>
                    <lemma type="air"/>
                </token>
                <token content="travel" id="2-8">
                    <pos type="NN"/>
                    <lemma type="travel"/>
                </token>
                <token content="in" id="2-9"/>
                <token content="mind" id="2-10">
                    <pos type="NN"/>
                    <lemma type="mind"/>
                </token>
                <token content="I" id="2-11">
                    <pos type="PRP"/>
                    <lemma type="I"/>
                    <dep head="2-12" type="nsubj"/>
                </token>
                <token content="decided" id="2-12">
                    <pos type="VBD"/>
                    <lemma type="decide"/>
                </token>
                <token content="to" id="2-13">
                    <pos type="TO"/>
                    <lemma type="to"/>
                    <dep head="2-14" type="aux"/>
                </token>
                <token content="take" id="2-14">
                    <pos type="VB"/>
                    <lemma type="take"/>
                    <dep head="2-12" type="xcomp"/>
                </token>
                <token content="a" id="2-15">
                    <pos type="DT"/>
                    <lemma type="a"/>
                </token>
                <token content="train" id="2-16">
                    <pos type="NN"/>
                    <lemma type="train"/>
                    <dep head="2-14" type="dobj"/>
                </token>
                <token content="." id="2-17"/>
            </sentence>
            <sentence id="3">
                <token content="After" id="3-1"/>
                <token content="researching" id="3-2">
                    <pos type="VBG"/>
                    <lemma type="research"/>
                    <dep head="3-14" type="prepc"/>
                </token>
                <token content="and" id="3-3"/>
                <token content="finding" id="3-4">
                    <pos type="VBG"/>
                    <lemma type="find"/>
                    <dep head="3-2" type="conj"/>
                </token>
                <token content="one" id="3-5">
                    <pos type="CD"/>
                    <lemma type="one"/>
                </token>
                <token content="online" id="3-6">
                    <pos type="NNS"/>
                    <lemma type="online"/>
                    <dep head="3-2" type="dobj"/>
                </token>
                <token content="I" id="3-7">
                    <pos type="PRP"/>
                    <lemma type="I"/>
                    <dep head="3-14" type="nsubj"/>
                </token>
                <token content="was" id="3-8">
                    <pos type="VBD"/>
                    <lemma type="be"/>
                    <dep head="3-14" type="aux"/>
                </token>
                <token content="well" id="3-9">
                    <pos type="RB"/>
                    <lemma type="well"/>
                    <dep head="3-14" type="advmod"/>
                </token>
                <token content="on" id="3-10"/>
                <token content="my" id="3-11">
                    <pos type="PRP$"/>
                    <lemma type="my"/>
                </token>
                <token content="way" id="3-12">
                    <pos type="NN"/>
                    <lemma type="way"/>
                </token>
                <token content="to" id="3-13">
                    <pos type="TO"/>
                    <lemma type="to"/>
                </token>
                <token content="going" id="3-14">
                    <pos type="VBG"/>
                    <lemma type="go"/>
                </token>
                <token content="to" id="3-15">
                    <pos type="TO"/>
                    <lemma type="to"/>
                    <dep head="3-16" type="aux"/>
                </token>
                <token content="see" id="3-16">
                    <pos type="VB"/>
                    <lemma type="see"/>
                    <dep head="3-14" type="xcomp"/>
                </token>
                <token content="my" id="3-17">
                    <pos type="PRP$"/>
                    <lemma type="my"/>
                </token>
                <token content="friend" id="3-18">
                    <pos type="NN"/>
                    <lemma type="friend"/>
                </token>
                <token content="Paul" id="3-19">
                    <pos type="NNP"/>
                    <lemma type="Paul"/>
                    <dep head="3-16" type="dobj"/>
                </token>
                <token content="." id="3-20"/>
            </sentence>
            <sentence id="4">
                <token content="I" id="4-1">
                    <pos type="PRP"/>
                    <lemma type="I"/>
                    <dep head="4-2" type="nsubj"/>
                </token>
                <token content="drive" id="4-2">
                    <pos type="VBP"/>
                    <lemma type="drive"/>
                </token>
                <token content="to" id="4-3"/>
                <token content="the" id="4-4">
                    <pos type="DT"/>
                    <lemma type="the"/>
                </token>
                <token content="station" id="4-5">
                    <pos type="NN"/>
                    <lemma type="station"/>
                    <dep head="4-2" type="prep"/>
                </token>
                <token content="and" id="4-6"/>
                <token content="decide" id="4-7">
                    <pos type="VBP"/>
                    <lemma type="decide"/>
                    <dep head="4-2" type="conj"/>
                </token>
                <token content="that" id="4-8">
                    <pos type="IN"/>
                    <lemma type="that"/>
                    <dep head="4-11" type="mark"/>
                </token>
                <token content="I" id="4-9">
                    <pos type="PRP"/>
                    <lemma type="I"/>
                    <dep head="4-11" type="nsubj"/>
                </token>
                <token content="am" id="4-10">
                    <pos type="VBP"/>
                    <lemma type="be"/>
                    <dep head="4-11" type="aux"/>
                </token>
                <token content="going" id="4-11">
                    <pos type="VBG"/>
                    <lemma type="go"/>
                    <dep head="4-7" type="ccomp"/>
                </token>
                <token content="to" id="4-12">
                    <pos type="TO"/>
                    <lemma type="to"/>
                    <dep head="4-13" type="aux"/>
                </token>
                <token content="purchase" id="4-13">
                    <pos type="VB"/>
                    <lemma type="purchase"/>
                    <dep head="4-11" type="xcomp"/>
                </token>
                <token content="a" id="4-14">
                    <pos type="DT"/>
                    <lemma type="a"/>
                </token>
                <token content="round" id="4-15">
                    <pos type="NN"/>
                    <lemma type="round"/>
                </token>
                <token content="trip" id="4-16">
                    <pos type="NN"/>
                    <lemma type="trip"/>
                </token>
                <token content="ticket" id="4-17">
                    <pos type="NN"/>
                    <lemma type="ticket"/>
                    <dep head="4-13" type="dobj"/>
                </token>
                <token content="as" id="4-18">
                    <pos type="IN"/>
                    <lemma type="as"/>
                </token>
                <token content="this" id="4-19">
                    <pos type="DT"/>
                    <lemma type="this"/>
                </token>
                <token content="would" id="4-20">
                    <pos type="MD"/>
                    <lemma type="would"/>
                </token>
                <token content="be" id="4-21">
                    <pos type="VB"/>
                    <lemma type="be"/>
                </token>
                <token content="cheaper" id="4-22">
                    <pos type="JJR"/>
                    <lemma type="cheaper"/>
                    <dep head="4-13" type="advcl"/>
                </token>
                <token content="than" id="4-23"/>
                <token content="just" id="4-24">
                    <pos type="RB"/>
                    <lemma type="just"/>
                    <dep head="4-25" type="advmod"/>
                </token>
                <token content="buying" id="4-25">
                    <pos type="VBG"/>
                    <lemma type="buy"/>
                </token>
                <token content="both" id="4-26">
                    <pos type="DT"/>
                    <lemma type="both"/>
                </token>
                <token content="tickets" id="4-27">
                    <pos type="NNS"/>
                    <lemma type="ticket"/>
                    <dep head="4-25" type="dobj"/>
                </token>
                <token content="separately" id="4-28">
                    <pos type="RB"/>
                    <lemma type="separately"/>
                    <dep head="4-25" type="advmod"/>
                </token>
                <token content="." id="4-29"/>
            </sentence>
            <sentence id="5">
                <token content="I" id="5-1">
                    <pos type="PRP"/>
                    <lemma type="I"/>
                    <dep head="5-2" type="nsubj"/>
                </token>
                <token content="purchase" id="5-2">
                    <pos type="VBP"/>
                    <lemma type="purchase"/>
                </token>
                <token content="my" id="5-3">
                    <pos type="PRP$"/>
                    <lemma type="my"/>
                </token>
                <token content="ticket" id="5-4">
                    <pos type="NN"/>
                    <lemma type="ticket"/>
                    <dep head="5-2" type="dobj"/>
                </token>
                <token content="and" id="5-5"/>
                <token content="then" id="5-6">
                    <pos type="RB"/>
                    <lemma type="then"/>
                    <dep head="5-7" type="advmod"/>
                </token>
                <token content="go" id="5-7">
                    <pos type="VBP"/>
                    <lemma type="go"/>
                    <dep head="5-2" type="conj"/>
                </token>
                <token content="to" id="5-8">
                    <pos type="TO"/>
                    <lemma type="to"/>
                    <dep head="5-9" type="aux"/>
                </token>
                <token content="sit" id="5-9">
                    <pos type="VB"/>
                    <lemma type="sit"/>
                    <dep head="5-7" type="xcomp"/>
                </token>
                <token content="down" id="5-10">
                    <pos type="RP"/>
                    <lemma type="down"/>
                    <dep head="5-9" type="prt"/>
                </token>
                <token content="and" id="5-11"/>
                <token content="wait" id="5-12">
                    <pos type="VB"/>
                    <lemma type="wait"/>
                    <dep head="5-9" type="conj"/>
                </token>
                <token content="for" id="5-13"/>
                <token content="my" id="5-14">
                    <pos type="PRP$"/>
                    <lemma type="my"/>
                </token>
                <token content="train" id="5-15">
                    <pos type="NN"/>
                    <lemma type="train"/>
                    <dep head="5-12" type="prep"/>
                </token>
                <token content="." id="5-16"/>
            </sentence>
            <sentence id="6">
                <token content="Whenever" id="6-1">
                    <pos type="WRB"/>
                    <lemma type="whenever"/>
                    <dep head="6-4" type="advmod"/>
                </token>
                <token content="my" id="6-2">
                    <pos type="PRP$"/>
                    <lemma type="my"/>
                </token>
                <token content="train" id="6-3">
                    <pos type="NN"/>
                    <lemma type="train"/>
                    <dep head="6-4" type="nsubj"/>
                </token>
                <token content="arrives" id="6-4">
                    <pos type="VBZ"/>
                    <lemma type="arrive"/>
                    <dep head="6-6" type="advcl"/>
                </token>
                <token content="I" id="6-5">
                    <pos type="PRP"/>
                    <lemma type="I"/>
                    <dep head="6-6" type="nsubj"/>
                </token>
                <token content="have" id="6-6">
                    <pos type="VBP"/>
                    <lemma type="have"/>
                </token>
                <token content="to" id="6-7">
                    <pos type="TO"/>
                    <lemma type="to"/>
                    <dep head="6-8" type="aux"/>
                </token>
                <token content="get" id="6-8">
                    <pos type="VB"/>
                    <lemma type="get"/>
                    <dep head="6-6" type="xcomp"/>
                </token>
                <token content="in" id="6-9"/>
                <token content="line" id="6-10">
                    <pos type="NN"/>
                    <lemma type="line"/>
                    <dep head="6-8" type="prep"/>
                </token>
                <token content="as" id="6-11">
                    <pos type="IN"/>
                    <lemma type="as"/>
                    <dep head="6-13" type="mark"/>
                </token>
                <token content="they" id="6-12">
                    <pos type="PRP"/>
                    <lemma type="they"/>
                    <dep head="6-13" type="nsubj"/>
                </token>
                <token content="process" id="6-13">
                    <pos type="VBP"/>
                    <lemma type="process"/>
                    <dep head="6-8" type="advcl"/>
                </token>
                <token content="our" id="6-14">
                    <pos type="PRP$"/>
                    <lemma type="we"/>
                </token>
                <token content="tickets" id="6-15">
                    <pos type="NNS"/>
                    <lemma type="ticket"/>
                    <dep head="6-13" type="dobj"/>
                </token>
                <token content="." id="6-16"/>
            </sentence>
            <sentence id="7">
                <token content="After" id="7-1">
                    <pos type="IN"/>
                    <lemma type="after"/>
                    <dep head="7-5" type="mark"/>
                </token>
                <token content="all" id="7-2">
                    <pos type="PDT"/>
                    <lemma type="all"/>
                </token>
                <token content="this" id="7-3">
                    <pos type="DT"/>
                    <lemma type="this"/>
                    <dep head="7-5" type="nsubjpass"/>
                </token>
                <token content="is" id="7-4">
                    <pos type="VBZ"/>
                    <lemma type="be"/>
                    <dep head="7-5" type="auxpass"/>
                </token>
                <token content="done" id="7-5">
                    <pos type="VBN"/>
                    <lemma type="do"/>
                    <dep head="7-7" type="advcl"/>
                </token>
                <token content="I" id="7-6">
                    <pos type="PRP"/>
                    <lemma type="I"/>
                    <dep head="7-7" type="nsubj"/>
                </token>
                <token content="decide" id="7-7">
                    <pos type="VBP"/>
                    <lemma type="decide"/>
                </token>
                <token content="to" id="7-8">
                    <pos type="TO"/>
                    <lemma type="to"/>
                    <dep head="7-9" type="aux"/>
                </token>
                <token content="take" id="7-9">
                    <pos type="VB"/>
                    <lemma type="take"/>
                    <dep head="7-7" type="xcomp"/>
                </token>
                <token content="a" id="7-10">
                    <pos type="DT"/>
                    <lemma type="a"/>
                </token>
                <token content="seat" id="7-11">
                    <pos type="NN"/>
                    <lemma type="seat"/>
                    <dep head="7-9" type="dobj"/>
                </token>
                <token content="by" id="7-12"/>
                <token content="the" id="7-13">
                    <pos type="DT"/>
                    <lemma type="the"/>
                </token>
                <token content="window" id="7-14">
                    <pos type="NN"/>
                    <lemma type="window"/>
                    <dep head="7-9" type="prep"/>
                </token>
                <token content="." id="7-15"/>
            </sentence>
            <sentence id="8">
                <token content="I" id="8-1">
                    <pos type="PRP"/>
                    <lemma type="I"/>
                    <dep head="8-2" type="nsubj"/>
                </token>
                <token content="sit" id="8-2">
                    <pos type="VBP"/>
                    <lemma type="sit"/>
                </token>
                <token content="and" id="8-3"/>
                <token content="fall" id="8-4">
                    <pos type="NN"/>
                    <lemma type="fall"/>
                </token>
                <token content="asleep" id="8-5">
                    <pos type="RB"/>
                    <lemma type="asleep"/>
                    <dep head="8-2" type="conj"/>
                </token>
                <token content="a" id="8-6">
                    <pos type="DT"/>
                    <lemma type="a"/>
                </token>
                <token content="bit" id="8-7">
                    <pos type="NN"/>
                    <lemma type="bit"/>
                    <dep head="8-10" type="dep"/>
                </token>
                <token content="as" id="8-8">
                    <pos type="IN"/>
                    <lemma type="as"/>
                    <dep head="8-10" type="mark"/>
                </token>
                <token content="I" id="8-9">
                    <pos type="PRP"/>
                    <lemma type="I"/>
                    <dep head="8-10" type="nsubj"/>
                </token>
                <token content="ride" id="8-10">
                    <pos type="VBP"/>
                    <lemma type="ride"/>
                    <dep head="8-2" type="dep"/>
                </token>
                <token content="on" id="8-11"/>
                <token content="the" id="8-12">
                    <pos type="DT"/>
                    <lemma type="the"/>
                </token>
                <token content="train" id="8-13">
                    <pos type="NN"/>
                    <lemma type="train"/>
                    <dep head="8-10" type="prep"/>
                </token>
                <token content="for" id="8-14"/>
                <token content="hours" id="8-15">
                    <pos type="NNS"/>
                    <lemma type="hour"/>
                </token>
                <token content="." id="8-16"/>
            </sentence>
            <sentence id="9">
                <token content="After" id="9-1"/>
                <token content="a" id="9-2">
                    <pos type="DT"/>
                    <lemma type="a"/>
                </token>
                <token content="couple" id="9-3">
                    <pos type="NN"/>
                    <lemma type="couple"/>
                </token>
                <token content="hours" id="9-4">
                    <pos type="NNS"/>
                    <lemma type="hour"/>
                    <dep head="9-7" type="prep"/>
                </token>
                <token content="we" id="9-5">
                    <pos type="PRP"/>
                    <lemma type="we"/>
                    <dep head="9-7" type="nsubj"/>
                </token>
                <token content="finally" id="9-6">
                    <pos type="RB"/>
                    <lemma type="finally"/>
                    <dep head="9-7" type="advmod"/>
                </token>
                <token content="reach" id="9-7">
                    <pos type="VB"/>
                    <lemma type="reach"/>
                </token>
                <token content="the" id="9-8">
                    <pos type="DT"/>
                    <lemma type="the"/>
                </token>
                <token content="destination" id="9-9">
                    <pos type="NN"/>
                    <lemma type="destination"/>
                    <dep head="9-7" type="dobj"/>
                </token>
                <token content="and" id="9-10"/>
                <token content="I" id="9-11">
                    <pos type="PRP"/>
                    <lemma type="I"/>
                </token>
                <token content="get" id="9-12">
                    <pos type="VBP"/>
                    <lemma type="get"/>
                </token>
                <token content="off" id="9-13">
                    <pos type="RP"/>
                    <lemma type="off"/>
                </token>
                <token content="the" id="9-14">
                    <pos type="DT"/>
                    <lemma type="the"/>
                </token>
                <token content="train" id="9-15">
                    <pos type="NN"/>
                    <lemma type="train"/>
                </token>
                <token content="," id="9-16"/>
                <token content="excited" id="9-17">
                    <pos type="JJ"/>
                    <lemma type="excited"/>
                    <dep head="9-7" type="conj"/>
                </token>
                <token content="to" id="9-18">
                    <pos type="TO"/>
                    <lemma type="to"/>
                    <dep head="9-19" type="aux"/>
                </token>
                <token content="see" id="9-19">
                    <pos type="VB"/>
                    <lemma type="see"/>
                </token>
                <token content="my" id="9-20">
                    <pos type="PRP$"/>
                    <lemma type="my"/>
                </token>
                <token content="friend" id="9-21">
                    <pos type="NN"/>
                    <lemma type="friend"/>
                    <dep head="9-19" type="dobj"/>
                </token>
                <token content="." id="9-22"/>
            </sentence>
        </sentences>
    </text>
    <annotations>
        <participants>
            <label from="1-1" id="0" name="ScrPart_passenger" text="I" type="participant"/>
            <label from="1-5" id="1" name="ScrPart_passenger" text="I" type="participant"/>
            <label from="1-9" id="2" name="ScrPart_passenger" text="my" type="participant"/>
            <label from="1-10" id="3" name="NPart" text="friend Paul" to="1-11" type="participant"/>
            <label from="1-11" id="4" name="NPart" text="Paul" type="participant"/>
            <label from="1-16" id="5" name="No_label" text="distance" type="participant"/>
            <label from="2-4" id="6" name="ScrPart_passenger" text="my" type="participant"/>
            <label from="2-5" id="7" name="NPart" text="fear" type="participant"/>
            <label from="2-7" id="8" name="NPart" text="air travel" to="2-8" type="participant"/>
            <label from="2-8" id="9" name="NPart" text="travel" type="participant"/>
            <label from="2-10" id="10" name="No_label" text="mind" type="participant"/>
            <label from="2-11" id="11" name="ScrPart_passenger" text="I" type="participant"/>
            <label from="2-16" id="12" name="ScrPart_train" text="train" type="participant"/>
            <label from="3-5" id="13" name="ScrPart_train" text="one" type="participant"/>
            <label from="3-6" id="14" name="Unclear" text="online" type="participant"/>
            <label from="3-7" id="15" name="ScrPart_passenger" text="I" type="participant"/>
            <label from="3-11" id="16" name="ScrPart_passenger" text="my" type="participant"/>
            <label from="3-12" id="17" name="No_label" text="way" type="participant"/>
            <label from="3-17" id="18" name="ScrPart_passenger" text="my" type="participant"/>
            <label from="3-18" id="19" name="NPart" text="friend Paul" to="3-19" type="participant"/>
            <label from="3-19" id="20" name="NPart" text="Paul" type="participant"/>
            <label from="4-1" id="21" name="ScrPart_passenger" text="I" type="participant"/>
            <label from="4-5" id="22" name="ScrPart_train_station" text="station" type="participant"/>
            <label from="4-9" id="23" name="ScrPart_passenger" text="I" type="participant"/>
            <label from="4-15" id="24" name="ScrPart_card/ticket" text="round trip ticket" to="4-17" type="participant"/>
            <label from="4-15" id="25" name="ScrPart_trip" text="round trip" to="4-16" type="participant"/>
            <label from="4-16" id="26" name="ScrPart_trip" text="trip" type="participant"/>
            <label from="4-17" id="27" name="ScrPart_card/ticket" text="ticket" type="participant"/>
            <label from="4-27" id="28" name="ScrPart_card/ticket" text="tickets" type="participant"/>
            <label from="5-1" id="29" name="ScrPart_passenger" text="I" type="participant"/>
            <label from="5-3" id="30" name="ScrPart_passenger" text="my" type="participant"/>
            <label from="5-4" id="31" name="ScrPart_card/ticket" text="ticket" type="participant"/>
            <label from="5-14" id="32" name="ScrPart_passenger" text="my" type="participant"/>
            <label from="5-15" id="33" name="ScrPart_train" text="train" type="participant"/>
            <label from="6-1" id="34" name="No_label" text="Whenever" type="participant"/>
            <label from="6-2" id="35" name="ScrPart_passenger" text="my" type="participant"/>
            <label from="6-3" id="36" name="ScrPart_train" text="train" type="participant"/>
            <label from="6-5" id="37" name="ScrPart_passenger" text="I" type="participant"/>
            <label from="6-10" id="38" name="ScrPart_line" text="line" type="participant"/>
            <label from="6-12" id="39" name="ScrPart_train_staff" text="they" type="participant"/>
            <label from="6-14" id="40" name="ScrPart_passenger" text="our" type="participant"/>
            <label from="6-15" id="41" name="ScrPart_card/ticket" text="tickets" type="participant"/>
            <label from="7-6" id="42" name="ScrPart_passenger" text="I" type="participant"/>
            <label from="7-11" id="43" name="ScrPart_seat" text="seat" type="participant"/>
            <label from="7-14" id="44" name="ScrPart_location_train" text="window" type="participant"/>
            <label from="8-1" id="45" name="ScrPart_passenger" text="I" type="participant"/>
            <label from="8-7" id="46" name="No_label" text="bit" type="participant"/>
            <label from="8-9" id="47" name="ScrPart_passenger" text="I" type="participant"/>
            <label from="8-13" id="48" name="ScrPart_train" text="train" type="participant"/>
            <label from="8-15" id="49" name="ScrPart_time_date" text="hours" type="participant"/>
            <label from="9-3" id="50" name="Head_of_Partitive" text="couple" type="participant"/>
            <label from="9-4" id="51" name="ScrPart_time_date" text="hours" type="participant"/>
            <label from="9-5" id="52" name="ScrPart_train" text="we" type="participant"/>
            <label from="9-9" id="53" name="ScrPart_destination" text="destination" type="participant"/>
            <label from="9-11" id="54" name="ScrPart_passenger" text="I" type="participant"/>
            <label from="9-15" id="55" name="ScrPart_train" text="train" type="participant"/>
            <label from="9-20" id="56" name="ScrPart_passenger" text="my" type="participant"/>
            <label from="9-21" id="57" name="NPart" text="friend" type="participant"/>
        </participants>
        <events>
            <label from="1-3" id="58" name="UnrelEv" text="decided" type="event"/>
            <label from="1-6" id="59" name="UnrelEv" text="wanted" type="event"/>
            <label from="1-8" id="60" name="UnrelEv" text="visit" type="event"/>
            <label from="1-13" id="61" name="UnrelEv" text="lives" type="event"/>
            <label from="2-12" id="62" name="UnrelEv" text="decided" type="event"/>
            <label from="2-14" id="63" name="Evoking" text="take a train" to="2-16" type="event"/>
            <label from="3-2" id="64" name="RelNScrEv" text="researching" type="event"/>
            <label from="3-4" id="65" name="ScrEv_check_time-table" text="finding" type="event"/>
            <label from="3-8" id="66" name="UnrelEv" text="was" type="event"/>
            <label from="3-14" id="67" name="UnrelEv" text="going" type="event"/>
            <label from="3-16" id="68" name="UnrelEv" text="see" type="event"/>
            <label from="4-2" id="69" name="ScrEv_get_train_station" text="drive" type="event"/>
            <label from="4-7" id="70" name="UnrelEv" text="decide" type="event"/>
            <label from="4-13" id="71" name="ScrEv_get_tickets" text="purchase" type="event"/>
            <label from="4-21" id="72" name="UnrelEv" text="be" type="event"/>
            <label from="4-25" id="73" name="ScrEv_get_tickets" text="buying" type="event"/>
            <label from="5-2" id="74" name="ScrEv_get_tickets" text="purchase" type="event"/>
            <label from="5-7" id="75" name="UnrelEv" text="go" type="event"/>
            <label from="5-9" id="76" name="RelNScrEv" text="sit down" to="5-10" type="event"/>
            <label from="5-9" id="77" name="RelNScrEv" text="sit" type="event"/>
            <label from="5-12" id="78" name="ScrEv_wait" text="wait" type="event"/>
            <label from="6-4" id="79" name="ScrEv_train_arrives" text="arrives" type="event"/>
            <label from="6-8" id="80" name="ScrEv_wait" text="get" type="event"/>
            <label from="6-13" id="81" name="ScrEv_conductor_checks" text="process" type="event"/>
            <label from="7-5" id="82" name="UnrelEv" text="done" type="event"/>
            <label from="7-7" id="83" name="UnrelEv" text="decide" type="event"/>
            <label from="7-9" id="84" name="ScrEv_find_place" text="take" type="event"/>
            <label from="8-2" id="85" name="ScrEv_find_place" text="sit" type="event"/>
            <label from="8-4" id="86" name="ScrEv_spend_time_train" text="fall asleep" to="8-5" type="event"/>
            <label from="8-4" id="87" name="ScrEv_spend_time_train" text="fall" type="event"/>
            <label from="8-10" id="88" name="Evoking" text="ride on the train" to="8-13" type="event"/>
            <label from="9-7" id="89" name="ScrEv_train_arrives" text="reach" type="event"/>
            <label from="9-12" id="90" name="ScrEv_get_off" text="get off" to="9-13" type="event"/>
            <label from="9-12" id="91" name="ScrEv_get_off" text="get" type="event"/>
            <label from="9-17" id="92" name="UnrelEv" text="excited" type="event"/>
            <label from="9-19" id="93" name="UnrelEv" text="see" type="event"/>
        </events>
        <chains>
            <chain elements="0 1 2 6 11 15 16 18 21 23 29 30 32 35 37 42 45 47 54 56"/>
            <chain elements="12 13 33 36 48 52 55"/>
            <chain elements="27 31"/>
            <chain elements="4 20 57"/>
        </chains>
    </annotations>
</story>
