<?xml version="1.0" encoding="UTF-8" standalone="no"?>
<!DOCTYPE story SYSTEM "../InScript.dtd">
<story id="097" scenario="train">
    <text>
        <content>I stood at the train station with my luggage bags waiting to take the train to the nearest airport . 
I took the train solely due to convenience of not having to drive my car and leave it at the airport . 
Once the train arrived at the destination , I picked up my bags and headed in to take my seat . 
I took a compartment all to myself as there were not many other people on the same train . 
As a result , I got to relax and have a compartment with complete silence , where I then took a nap . 
Moments later , an attendant came by to check everyone 's tickets . 
I showed him my ticket , to which he tore off the perforated bottom portion and handed the ticket back to me . 
Once the train arrived at the airport about 45 minutes later , I grabbed my luggage and headed out of the compartment to the front of the train . 
I exited the train and went to my flight . </content>
        <sentences>
            <sentence id="1">
                <token content="I" id="1-1">
                    <pos type="PRP"/>
                    <lemma type="I"/>
                    <dep head="1-2" type="nsubj"/>
                </token>
                <token content="stood" id="1-2">
                    <pos type="VBD"/>
                    <lemma type="stand"/>
                </token>
                <token content="at" id="1-3"/>
                <token content="the" id="1-4">
                    <pos type="DT"/>
                    <lemma type="the"/>
                </token>
                <token content="train" id="1-5">
                    <pos type="NN"/>
                    <lemma type="train"/>
                </token>
                <token content="station" id="1-6">
                    <pos type="NN"/>
                    <lemma type="station"/>
                    <dep head="1-2" type="prep"/>
                </token>
                <token content="with" id="1-7"/>
                <token content="my" id="1-8">
                    <pos type="PRP$"/>
                    <lemma type="my"/>
                </token>
                <token content="luggage" id="1-9">
                    <pos type="JJ"/>
                    <lemma type="luggage"/>
                </token>
                <token content="bags" id="1-10">
                    <pos type="NNS"/>
                    <lemma type="bag"/>
                    <dep head="1-2" type="prep"/>
                </token>
                <token content="waiting" id="1-11">
                    <pos type="VBG"/>
                    <lemma type="wait"/>
                </token>
                <token content="to" id="1-12">
                    <pos type="TO"/>
                    <lemma type="to"/>
                    <dep head="1-13" type="aux"/>
                </token>
                <token content="take" id="1-13">
                    <pos type="VB"/>
                    <lemma type="take"/>
                    <dep head="1-11" type="xcomp"/>
                </token>
                <token content="the" id="1-14">
                    <pos type="DT"/>
                    <lemma type="the"/>
                </token>
                <token content="train" id="1-15">
                    <pos type="NN"/>
                    <lemma type="train"/>
                    <dep head="1-13" type="dobj"/>
                </token>
                <token content="to" id="1-16"/>
                <token content="the" id="1-17">
                    <pos type="DT"/>
                    <lemma type="the"/>
                </token>
                <token content="nearest" id="1-18">
                    <pos type="JJS"/>
                    <lemma type="nearest"/>
                </token>
                <token content="airport" id="1-19">
                    <pos type="NN"/>
                    <lemma type="airport"/>
                    <dep head="1-13" type="prep"/>
                </token>
                <token content="." id="1-20"/>
            </sentence>
            <sentence id="2">
                <token content="I" id="2-1">
                    <pos type="PRP"/>
                    <lemma type="I"/>
                    <dep head="2-2" type="nsubj"/>
                </token>
                <token content="took" id="2-2">
                    <pos type="VBD"/>
                    <lemma type="take"/>
                </token>
                <token content="the" id="2-3">
                    <pos type="DT"/>
                    <lemma type="the"/>
                </token>
                <token content="train" id="2-4">
                    <pos type="NN"/>
                    <lemma type="train"/>
                </token>
                <token content="solely" id="2-5">
                    <pos type="RB"/>
                    <lemma type="solely"/>
                </token>
                <token content="due" id="2-6">
                    <pos type="JJ"/>
                    <lemma type="due"/>
                    <dep head="2-2" type="xcomp"/>
                </token>
                <token content="to" id="2-7"/>
                <token content="convenience" id="2-8">
                    <pos type="NN"/>
                    <lemma type="convenience"/>
                </token>
                <token content="of" id="2-9"/>
                <token content="not" id="2-10">
                    <pos type="RB"/>
                    <lemma type="not"/>
                    <dep head="2-11" type="neg"/>
                </token>
                <token content="having" id="2-11">
                    <pos type="VBG"/>
                    <lemma type="have"/>
                </token>
                <token content="to" id="2-12">
                    <pos type="TO"/>
                    <lemma type="to"/>
                    <dep head="2-13" type="aux"/>
                </token>
                <token content="drive" id="2-13">
                    <pos type="VB"/>
                    <lemma type="drive"/>
                    <dep head="2-11" type="xcomp"/>
                </token>
                <token content="my" id="2-14">
                    <pos type="PRP$"/>
                    <lemma type="my"/>
                </token>
                <token content="car" id="2-15">
                    <pos type="NN"/>
                    <lemma type="car"/>
                    <dep head="2-13" type="dobj"/>
                </token>
                <token content="and" id="2-16"/>
                <token content="leave" id="2-17">
                    <pos type="VB"/>
                    <lemma type="leave"/>
                    <dep head="2-13" type="conj"/>
                </token>
                <token content="it" id="2-18">
                    <pos type="PRP"/>
                    <lemma type="it"/>
                    <dep head="2-17" type="dobj"/>
                </token>
                <token content="at" id="2-19"/>
                <token content="the" id="2-20">
                    <pos type="DT"/>
                    <lemma type="the"/>
                </token>
                <token content="airport" id="2-21">
                    <pos type="NN"/>
                    <lemma type="airport"/>
                    <dep head="2-17" type="prep"/>
                </token>
                <token content="." id="2-22"/>
            </sentence>
            <sentence id="3">
                <token content="Once" id="3-1">
                    <pos type="IN"/>
                    <lemma type="once"/>
                    <dep head="3-4" type="mark"/>
                </token>
                <token content="the" id="3-2">
                    <pos type="DT"/>
                    <lemma type="the"/>
                </token>
                <token content="train" id="3-3">
                    <pos type="NN"/>
                    <lemma type="train"/>
                    <dep head="3-4" type="nsubj"/>
                </token>
                <token content="arrived" id="3-4">
                    <pos type="VBD"/>
                    <lemma type="arrive"/>
                    <dep head="3-10" type="advcl"/>
                </token>
                <token content="at" id="3-5"/>
                <token content="the" id="3-6">
                    <pos type="DT"/>
                    <lemma type="the"/>
                </token>
                <token content="destination" id="3-7">
                    <pos type="NN"/>
                    <lemma type="destination"/>
                    <dep head="3-4" type="prep"/>
                </token>
                <token content="," id="3-8"/>
                <token content="I" id="3-9">
                    <pos type="PRP"/>
                    <lemma type="I"/>
                    <dep head="3-10" type="nsubj"/>
                </token>
                <token content="picked" id="3-10">
                    <pos type="VBD"/>
                    <lemma type="pick"/>
                </token>
                <token content="up" id="3-11">
                    <pos type="RP"/>
                    <lemma type="up"/>
                    <dep head="3-10" type="prt"/>
                </token>
                <token content="my" id="3-12">
                    <pos type="PRP$"/>
                    <lemma type="my"/>
                </token>
                <token content="bags" id="3-13">
                    <pos type="NNS"/>
                    <lemma type="bag"/>
                    <dep head="3-10" type="dobj"/>
                </token>
                <token content="and" id="3-14"/>
                <token content="headed" id="3-15">
                    <pos type="VBD"/>
                    <lemma type="head"/>
                    <dep head="3-10" type="conj"/>
                </token>
                <token content="in" id="3-16">
                    <pos type="RP"/>
                    <lemma type="in"/>
                    <dep head="3-15" type="prt"/>
                </token>
                <token content="to" id="3-17">
                    <pos type="TO"/>
                    <lemma type="to"/>
                    <dep head="3-18" type="aux"/>
                </token>
                <token content="take" id="3-18">
                    <pos type="VB"/>
                    <lemma type="take"/>
                    <dep head="3-15" type="xcomp"/>
                </token>
                <token content="my" id="3-19">
                    <pos type="PRP$"/>
                    <lemma type="my"/>
                </token>
                <token content="seat" id="3-20">
                    <pos type="NN"/>
                    <lemma type="seat"/>
                    <dep head="3-18" type="dobj"/>
                </token>
                <token content="." id="3-21"/>
            </sentence>
            <sentence id="4">
                <token content="I" id="4-1">
                    <pos type="PRP"/>
                    <lemma type="I"/>
                    <dep head="4-2" type="nsubj"/>
                </token>
                <token content="took" id="4-2">
                    <pos type="VBD"/>
                    <lemma type="take"/>
                </token>
                <token content="a" id="4-3">
                    <pos type="DT"/>
                    <lemma type="a"/>
                </token>
                <token content="compartment" id="4-4">
                    <pos type="NN"/>
                    <lemma type="compartment"/>
                </token>
                <token content="all" id="4-5">
                    <pos type="RB"/>
                    <lemma type="all"/>
                    <dep head="4-2" type="advmod"/>
                </token>
                <token content="to" id="4-6"/>
                <token content="myself" id="4-7">
                    <pos type="PRP"/>
                    <lemma type="myself"/>
                    <dep head="4-2" type="prep"/>
                </token>
                <token content="as" id="4-8">
                    <pos type="IN"/>
                    <lemma type="as"/>
                    <dep head="4-10" type="mark"/>
                </token>
                <token content="there" id="4-9">
                    <pos type="EX"/>
                    <lemma type="there"/>
                    <dep head="4-10" type="expl"/>
                </token>
                <token content="were" id="4-10">
                    <pos type="VBD"/>
                    <lemma type="be"/>
                    <dep head="4-2" type="advcl"/>
                </token>
                <token content="not" id="4-11">
                    <pos type="RB"/>
                    <lemma type="not"/>
                    <dep head="4-10" type="neg"/>
                </token>
                <token content="many" id="4-12">
                    <pos type="JJ"/>
                    <lemma type="many"/>
                </token>
                <token content="other" id="4-13">
                    <pos type="JJ"/>
                    <lemma type="other"/>
                </token>
                <token content="people" id="4-14">
                    <pos type="NNS"/>
                    <lemma type="people"/>
                    <dep head="4-10" type="nsubj"/>
                </token>
                <token content="on" id="4-15"/>
                <token content="the" id="4-16">
                    <pos type="DT"/>
                    <lemma type="the"/>
                </token>
                <token content="same" id="4-17">
                    <pos type="JJ"/>
                    <lemma type="same"/>
                </token>
                <token content="train" id="4-18">
                    <pos type="NN"/>
                    <lemma type="train"/>
                    <dep head="4-10" type="prep"/>
                </token>
                <token content="." id="4-19"/>
            </sentence>
            <sentence id="5">
                <token content="As" id="5-1"/>
                <token content="a" id="5-2">
                    <pos type="DT"/>
                    <lemma type="a"/>
                </token>
                <token content="result" id="5-3">
                    <pos type="NN"/>
                    <lemma type="result"/>
                    <dep head="5-6" type="prep"/>
                </token>
                <token content="," id="5-4"/>
                <token content="I" id="5-5">
                    <pos type="PRP"/>
                    <lemma type="I"/>
                    <dep head="5-6" type="nsubj"/>
                </token>
                <token content="got" id="5-6">
                    <pos type="VBD"/>
                    <lemma type="get"/>
                </token>
                <token content="to" id="5-7">
                    <pos type="TO"/>
                    <lemma type="to"/>
                    <dep head="5-8" type="aux"/>
                </token>
                <token content="relax" id="5-8">
                    <pos type="VB"/>
                    <lemma type="relax"/>
                    <dep head="5-6" type="xcomp"/>
                </token>
                <token content="and" id="5-9"/>
                <token content="have" id="5-10">
                    <pos type="VB"/>
                    <lemma type="have"/>
                    <dep head="5-8" type="conj"/>
                </token>
                <token content="a" id="5-11">
                    <pos type="DT"/>
                    <lemma type="a"/>
                </token>
                <token content="compartment" id="5-12">
                    <pos type="NN"/>
                    <lemma type="compartment"/>
                    <dep head="5-10" type="dobj"/>
                </token>
                <token content="with" id="5-13"/>
                <token content="complete" id="5-14">
                    <pos type="JJ"/>
                    <lemma type="complete"/>
                </token>
                <token content="silence" id="5-15">
                    <pos type="NN"/>
                    <lemma type="silence"/>
                </token>
                <token content="," id="5-16"/>
                <token content="where" id="5-17">
                    <pos type="WRB"/>
                    <lemma type="where"/>
                    <dep head="5-20" type="advmod"/>
                </token>
                <token content="I" id="5-18">
                    <pos type="PRP"/>
                    <lemma type="I"/>
                    <dep head="5-20" type="nsubj"/>
                </token>
                <token content="then" id="5-19">
                    <pos type="RB"/>
                    <lemma type="then"/>
                    <dep head="5-20" type="advmod"/>
                </token>
                <token content="took" id="5-20">
                    <pos type="VBD"/>
                    <lemma type="take"/>
                </token>
                <token content="a" id="5-21">
                    <pos type="DT"/>
                    <lemma type="a"/>
                </token>
                <token content="nap" id="5-22">
                    <pos type="NN"/>
                    <lemma type="nap"/>
                    <dep head="5-20" type="dobj"/>
                </token>
                <token content="." id="5-23"/>
            </sentence>
            <sentence id="6">
                <token content="Moments" id="6-1">
                    <pos type="NNS"/>
                    <lemma type="moment"/>
                </token>
                <token content="later" id="6-2">
                    <pos type="RB"/>
                    <lemma type="later"/>
                    <dep head="6-6" type="advmod"/>
                </token>
                <token content="," id="6-3"/>
                <token content="an" id="6-4">
                    <pos type="DT"/>
                    <lemma type="a"/>
                </token>
                <token content="attendant" id="6-5">
                    <pos type="NN"/>
                    <lemma type="attendant"/>
                    <dep head="6-6" type="nsubj"/>
                </token>
                <token content="came" id="6-6">
                    <pos type="VBD"/>
                    <lemma type="come"/>
                </token>
                <token content="by" id="6-7">
                    <pos type="RP"/>
                    <lemma type="by"/>
                    <dep head="6-6" type="prt"/>
                </token>
                <token content="to" id="6-8">
                    <pos type="TO"/>
                    <lemma type="to"/>
                    <dep head="6-9" type="aux"/>
                </token>
                <token content="check" id="6-9">
                    <pos type="VB"/>
                    <lemma type="check"/>
                    <dep head="6-6" type="xcomp"/>
                </token>
                <token content="everyone" id="6-10">
                    <pos type="NN"/>
                    <lemma type="everyone"/>
                </token>
                <token content="'s" id="6-11"/>
                <token content="tickets" id="6-12">
                    <pos type="NNS"/>
                    <lemma type="ticket"/>
                    <dep head="6-9" type="dobj"/>
                </token>
                <token content="." id="6-13"/>
            </sentence>
            <sentence id="7">
                <token content="I" id="7-1">
                    <pos type="PRP"/>
                    <lemma type="I"/>
                    <dep head="7-2" type="nsubj"/>
                </token>
                <token content="showed" id="7-2">
                    <pos type="VBD"/>
                    <lemma type="show"/>
                </token>
                <token content="him" id="7-3">
                    <pos type="PRP"/>
                    <lemma type="he"/>
                    <dep head="7-2" type="iobj"/>
                </token>
                <token content="my" id="7-4">
                    <pos type="PRP$"/>
                    <lemma type="my"/>
                </token>
                <token content="ticket" id="7-5">
                    <pos type="NN"/>
                    <lemma type="ticket"/>
                    <dep head="7-2" type="dobj"/>
                </token>
                <token content="," id="7-6"/>
                <token content="to" id="7-7"/>
                <token content="which" id="7-8">
                    <pos type="WDT"/>
                    <lemma type="which"/>
                    <dep head="7-10" type="prep"/>
                </token>
                <token content="he" id="7-9">
                    <pos type="PRP"/>
                    <lemma type="he"/>
                    <dep head="7-10" type="nsubj"/>
                </token>
                <token content="tore" id="7-10">
                    <pos type="VBD"/>
                    <lemma type="tear"/>
                </token>
                <token content="off" id="7-11">
                    <pos type="RP"/>
                    <lemma type="off"/>
                    <dep head="7-10" type="prt"/>
                </token>
                <token content="the" id="7-12">
                    <pos type="DT"/>
                    <lemma type="the"/>
                </token>
                <token content="perforated" id="7-13">
                    <pos type="JJ"/>
                    <lemma type="perforated"/>
                </token>
                <token content="bottom" id="7-14">
                    <pos type="NN"/>
                    <lemma type="bottom"/>
                </token>
                <token content="portion" id="7-15">
                    <pos type="NN"/>
                    <lemma type="portion"/>
                    <dep head="7-10" type="dobj"/>
                </token>
                <token content="and" id="7-16"/>
                <token content="handed" id="7-17">
                    <pos type="VBD"/>
                    <lemma type="hand"/>
                    <dep head="7-10" type="conj"/>
                </token>
                <token content="the" id="7-18">
                    <pos type="DT"/>
                    <lemma type="the"/>
                </token>
                <token content="ticket" id="7-19">
                    <pos type="NN"/>
                    <lemma type="ticket"/>
                    <dep head="7-17" type="dobj"/>
                </token>
                <token content="back" id="7-20">
                    <pos type="RP"/>
                    <lemma type="back"/>
                    <dep head="7-17" type="prt"/>
                </token>
                <token content="to" id="7-21"/>
                <token content="me" id="7-22">
                    <pos type="PRP"/>
                    <lemma type="I"/>
                    <dep head="7-17" type="prep"/>
                </token>
                <token content="." id="7-23"/>
            </sentence>
            <sentence id="8">
                <token content="Once" id="8-1">
                    <pos type="IN"/>
                    <lemma type="once"/>
                    <dep head="8-4" type="mark"/>
                </token>
                <token content="the" id="8-2">
                    <pos type="DT"/>
                    <lemma type="the"/>
                </token>
                <token content="train" id="8-3">
                    <pos type="NN"/>
                    <lemma type="train"/>
                    <dep head="8-4" type="nsubj"/>
                </token>
                <token content="arrived" id="8-4">
                    <pos type="VBD"/>
                    <lemma type="arrive"/>
                    <dep head="8-14" type="advcl"/>
                </token>
                <token content="at" id="8-5"/>
                <token content="the" id="8-6">
                    <pos type="DT"/>
                    <lemma type="the"/>
                </token>
                <token content="airport" id="8-7">
                    <pos type="NN"/>
                    <lemma type="airport"/>
                    <dep head="8-4" type="prep"/>
                </token>
                <token content="about" id="8-8">
                    <pos type="RB"/>
                    <lemma type="about"/>
                </token>
                <token content="45" id="8-9">
                    <pos type="CD"/>
                    <lemma type="45"/>
                </token>
                <token content="minutes" id="8-10">
                    <pos type="NNS"/>
                    <lemma type="minute"/>
                    <dep head="8-4" type="dobj"/>
                </token>
                <token content="later" id="8-11">
                    <pos type="RB"/>
                    <lemma type="later"/>
                </token>
                <token content="," id="8-12"/>
                <token content="I" id="8-13">
                    <pos type="PRP"/>
                    <lemma type="I"/>
                    <dep head="8-14" type="nsubj"/>
                </token>
                <token content="grabbed" id="8-14">
                    <pos type="VBD"/>
                    <lemma type="grab"/>
                </token>
                <token content="my" id="8-15">
                    <pos type="PRP$"/>
                    <lemma type="my"/>
                </token>
                <token content="luggage" id="8-16">
                    <pos type="NN"/>
                    <lemma type="luggage"/>
                    <dep head="8-14" type="dobj"/>
                </token>
                <token content="and" id="8-17"/>
                <token content="headed" id="8-18">
                    <pos type="VBD"/>
                    <lemma type="head"/>
                    <dep head="8-14" type="conj"/>
                </token>
                <token content="out" id="8-19"/>
                <token content="of" id="8-20"/>
                <token content="the" id="8-21">
                    <pos type="DT"/>
                    <lemma type="the"/>
                </token>
                <token content="compartment" id="8-22">
                    <pos type="NN"/>
                    <lemma type="compartment"/>
                    <dep head="8-18" type="prep"/>
                </token>
                <token content="to" id="8-23"/>
                <token content="the" id="8-24">
                    <pos type="DT"/>
                    <lemma type="the"/>
                </token>
                <token content="front" id="8-25">
                    <pos type="NN"/>
                    <lemma type="front"/>
                    <dep head="8-18" type="prep"/>
                </token>
                <token content="of" id="8-26"/>
                <token content="the" id="8-27">
                    <pos type="DT"/>
                    <lemma type="the"/>
                </token>
                <token content="train" id="8-28">
                    <pos type="NN"/>
                    <lemma type="train"/>
                </token>
                <token content="." id="8-29"/>
            </sentence>
            <sentence id="9">
                <token content="I" id="9-1">
                    <pos type="PRP"/>
                    <lemma type="I"/>
                    <dep head="9-2" type="nsubj"/>
                </token>
                <token content="exited" id="9-2">
                    <pos type="VBD"/>
                    <lemma type="exit"/>
                </token>
                <token content="the" id="9-3">
                    <pos type="DT"/>
                    <lemma type="the"/>
                </token>
                <token content="train" id="9-4">
                    <pos type="NN"/>
                    <lemma type="train"/>
                    <dep head="9-2" type="dobj"/>
                </token>
                <token content="and" id="9-5"/>
                <token content="went" id="9-6">
                    <pos type="VBD"/>
                    <lemma type="go"/>
                    <dep head="9-2" type="conj"/>
                </token>
                <token content="to" id="9-7"/>
                <token content="my" id="9-8">
                    <pos type="PRP$"/>
                    <lemma type="my"/>
                </token>
                <token content="flight" id="9-9">
                    <pos type="NN"/>
                    <lemma type="flight"/>
                    <dep head="9-6" type="prep"/>
                </token>
                <token content="." id="9-10"/>
            </sentence>
        </sentences>
    </text>
    <annotations>
        <participants>
            <label from="1-1" id="0" name="ScrPart_passenger" text="I" type="participant"/>
            <label from="1-5" id="1" name="ScrPart_train_station" text="train station" to="1-6" type="participant"/>
            <label from="1-6" id="2" name="ScrPart_train_station" text="station" type="participant"/>
            <label from="1-8" id="3" name="ScrPart_passenger" text="my" type="participant"/>
            <label from="1-9" id="4" name="ScrPart_luggage" text="luggage bags" to="1-10" type="participant"/>
            <label from="1-10" id="5" name="ScrPart_luggage" text="bags" type="participant"/>
            <label from="1-15" id="6" name="ScrPart_train" text="train" type="participant"/>
            <label from="1-19" id="7" name="ScrPart_destination" text="airport" type="participant"/>
            <label from="2-1" id="8" name="ScrPart_passenger" text="I" type="participant"/>
            <label from="2-4" id="9" name="ScrPart_train" text="train" type="participant"/>
            <label from="2-8" id="10" name="NPart" text="convenience" type="participant"/>
            <label from="2-14" id="11" name="ScrPart_passenger" text="my" type="participant"/>
            <label from="2-15" id="12" name="NPart" text="car" type="participant"/>
            <label from="2-18" id="13" name="NPart" text="it" type="participant"/>
            <label from="2-21" id="14" name="ScrPart_destination" text="airport" type="participant"/>
            <label from="3-3" id="15" name="ScrPart_train" text="train" type="participant"/>
            <label from="3-7" id="16" name="ScrPart_train_station" text="destination" type="participant"/>
            <label from="3-9" id="17" name="ScrPart_passenger" text="I" type="participant"/>
            <label from="3-12" id="18" name="ScrPart_passenger" text="my" type="participant"/>
            <label from="3-13" id="19" name="ScrPart_luggage" text="bags" type="participant"/>
            <label from="3-19" id="20" name="ScrPart_passenger" text="my" type="participant"/>
            <label from="3-20" id="21" name="ScrPart_seat" text="seat" type="participant"/>
            <label from="4-1" id="22" name="ScrPart_passenger" text="I" type="participant"/>
            <label from="4-4" id="23" name="ScrPart_coach" text="compartment" type="participant"/>
            <label from="4-7" id="24" name="ScrPart_passenger" text="myself" type="participant"/>
            <label from="4-14" id="25" name="ScrPart_passenger" text="people" type="participant"/>
            <label from="4-18" id="26" name="ScrPart_train" text="train" type="participant"/>
            <label from="5-3" id="27" name="No_label" text="result" type="participant"/>
            <label from="5-5" id="28" name="ScrPart_passenger" text="I" type="participant"/>
            <label from="5-12" id="29" name="ScrPart_coach" text="compartment" type="participant"/>
            <label from="5-15" id="30" name="NPart" text="silence" type="participant"/>
            <label from="5-18" id="31" name="ScrPart_passenger" text="I" type="participant"/>
            <label from="5-22" id="32" name="SuppVComp" text="nap" type="participant"/>
            <label from="6-1" id="33" name="ScrPart_time_date" text="Moments" type="participant"/>
            <label from="6-5" id="34" name="ScrPart_train_staff" text="attendant" type="participant"/>
            <label from="6-10" id="35" name="ScrPart_passenger" text="everyone" type="participant"/>
            <label from="6-12" id="36" name="ScrPart_card/ticket" text="tickets" type="participant"/>
            <label from="7-1" id="37" name="ScrPart_passenger" text="I" type="participant"/>
            <label from="7-3" id="38" name="ScrPart_train_staff" text="him" type="participant"/>
            <label from="7-4" id="39" name="ScrPart_passenger" text="my" type="participant"/>
            <label from="7-5" id="40" name="ScrPart_card/ticket" text="ticket" type="participant"/>
            <label from="7-8" id="41" name="ScrPart_card/ticket" text="which" type="participant"/>
            <label from="7-9" id="42" name="ScrPart_train_staff" text="he" type="participant"/>
            <label from="7-15" id="43" name="Head_of_Partitive" text="portion" type="participant"/>
            <label from="7-19" id="44" name="ScrPart_card/ticket" text="ticket" type="participant"/>
            <label from="7-22" id="45" name="ScrPart_passenger" text="me" type="participant"/>
            <label from="8-3" id="46" name="ScrPart_train" text="train" type="participant"/>
            <label from="8-7" id="47" name="ScrPart_destination" text="airport" type="participant"/>
            <label from="8-10" id="48" name="ScrPart_time_date" text="minutes" type="participant"/>
            <label from="8-13" id="49" name="ScrPart_passenger" text="I" type="participant"/>
            <label from="8-15" id="50" name="ScrPart_passenger" text="my" type="participant"/>
            <label from="8-16" id="51" name="ScrPart_luggage" text="luggage" type="participant"/>
            <label from="8-22" id="52" name="ScrPart_coach" text="compartment" type="participant"/>
            <label from="8-25" id="53" name="ScrPart_location_train" text="front" type="participant"/>
            <label from="8-28" id="54" name="ScrPart_train" text="train" type="participant"/>
            <label from="9-1" id="55" name="ScrPart_passenger" text="I" type="participant"/>
            <label from="9-4" id="56" name="ScrPart_train" text="train" type="participant"/>
            <label from="9-8" id="57" name="ScrPart_passenger" text="my" type="participant"/>
            <label from="9-9" id="58" name="NPart" text="flight" type="participant"/>
        </participants>
        <events>
            <label from="1-2" id="59" name="ScrEv_wait" text="stood" type="event"/>
            <label from="1-11" id="60" name="ScrEv_wait" text="waiting" type="event"/>
            <label from="1-13" id="61" name="Evoking" text="take the train" to="1-15" type="event"/>
            <label from="2-2" id="62" name="Evoking" text="took the train" to="2-4" type="event"/>
            <label from="2-13" id="63" name="UnrelEv" text="drive" type="event"/>
            <label from="2-17" id="64" name="UnrelEv" text="leave" type="event"/>
            <label from="3-4" id="65" name="ScrEv_train_arrives" text="arrived" type="event"/>
            <label from="3-10" id="66" name="RelNScrEv" text="picked up" to="3-11" type="event"/>
            <label from="3-10" id="67" name="RelNScrEv" text="picked" type="event"/>
            <label from="3-15" id="68" name="ScrEv_get_on" text="headed in" to="3-16" type="event"/>
            <label from="3-15" id="69" name="ScrEv_get_on" text="headed" type="event"/>
            <label from="3-18" id="70" name="ScrEv_find_place" text="take" type="event"/>
            <label from="4-2" id="71" name="ScrEv_find_place" text="took" type="event"/>
            <label from="4-10" id="72" name="UnrelEv" text="were" type="event"/>
            <label from="5-8" id="73" name="ScrEv_spend_time_train" text="relax" type="event"/>
            <label from="5-10" id="74" name="UnrelEv" text="have" type="event"/>
            <label from="5-20" id="75" name="ScrEv_spend_time_train" text="took" type="event"/>
            <label from="6-6" id="76" name="ScrEv_conductor_checks" text="came" type="event"/>
            <label from="6-9" id="77" name="ScrEv_conductor_checks" text="check" type="event"/>
            <label from="7-2" id="78" name="ScrEv_conductor_checks" text="showed" type="event"/>
            <label from="7-10" id="79" name="ScrEv_conductor_checks" text="tore off" to="7-11" type="event"/>
            <label from="7-10" id="80" name="ScrEv_conductor_checks" text="tore" type="event"/>
            <label from="7-13" id="81" name="UnrelEv" text="perforated" type="event"/>
            <label from="7-17" id="82" name="ScrEv_conductor_checks" text="handed" type="event"/>
            <label from="8-4" id="83" name="ScrEv_train_arrives" text="arrived" type="event"/>
            <label from="8-14" id="84" name="RelNScrEv" text="grabbed" type="event"/>
            <label from="8-18" id="85" name="ScrEv_move_exit" text="headed out" to="8-19" type="event"/>
            <label from="9-2" id="86" name="ScrEv_get_off" text="exited" type="event"/>
            <label from="9-6" id="87" name="UnrelEv" text="went" type="event"/>
        </events>
        <chains>
            <chain elements="0 3 8 11 17 18 20 22 24 28 31 37 39 45 49 50 55 57"/>
            <chain elements="7 14 47"/>
            <chain elements="9 15 26 46 54 56 6"/>
            <chain elements="5 19 51"/>
            <chain elements="23 29 52"/>
            <chain elements="34 38 42"/>
            <chain elements="40 41 44"/>
            <chain elements="12 13"/>
        </chains>
    </annotations>
</story>
