<?xml version="1.0" encoding="UTF-8" standalone="no"?>
<!DOCTYPE story SYSTEM "../InScript.dtd">
<story id="086" scenario="train">
    <text>
        <content>Yes going on a train , this is was our ideal weekend activity not too long ago . 
We purchased tickets to travel from Boston to New York City . 
As we entered the platform of the train is was pure steel and looked so solidly strong . 
We walked down the isle and found an comfortable looking seat and decided to sit there . 
Shortly the train horn blasted making me jump of my seat lol . 
Anyway we soon started moving and our train ride was underway . 
The conductor walked the isles and collected our tickets . 
love scenery so I had the window seat watching everything along the way . 
First I saw large suburban areas but as we got into Connecticut many farms were being spotted . 
It was n't very hilly but sure was a country atmosphere . 
Soon we approached NYC and the train came to slow stop , we had arrived at our destination . 
The ride overall was rather smooth and it did n't seem to take all that long . </content>
        <sentences>
            <sentence id="1">
                <token content="Yes" id="1-1">
                    <pos type="RB"/>
                    <lemma type="yes"/>
                </token>
                <token content="going" id="1-2">
                    <pos type="VBG"/>
                    <lemma type="go"/>
                </token>
                <token content="on" id="1-3"/>
                <token content="a" id="1-4">
                    <pos type="DT"/>
                    <lemma type="a"/>
                </token>
                <token content="train" id="1-5">
                    <pos type="NN"/>
                    <lemma type="train"/>
                    <dep head="1-2" type="prep"/>
                </token>
                <token content="," id="1-6"/>
                <token content="this" id="1-7">
                    <pos type="DT"/>
                    <lemma type="this"/>
                </token>
                <token content="is" id="1-8">
                    <pos type="VBZ"/>
                    <lemma type="be"/>
                </token>
                <token content="was" id="1-9">
                    <pos type="VBD"/>
                    <lemma type="be"/>
                </token>
                <token content="our" id="1-10">
                    <pos type="PRP$"/>
                    <lemma type="we"/>
                </token>
                <token content="ideal" id="1-11">
                    <pos type="JJ"/>
                    <lemma type="ideal"/>
                </token>
                <token content="weekend" id="1-12">
                    <pos type="NN"/>
                    <lemma type="weekend"/>
                </token>
                <token content="activity" id="1-13">
                    <pos type="NN"/>
                    <lemma type="activity"/>
                </token>
                <token content="not" id="1-14">
                    <pos type="RB"/>
                    <lemma type="not"/>
                </token>
                <token content="too" id="1-15">
                    <pos type="RB"/>
                    <lemma type="too"/>
                </token>
                <token content="long" id="1-16">
                    <pos type="RB"/>
                    <lemma type="long"/>
                </token>
                <token content="ago" id="1-17">
                    <pos type="RB"/>
                    <lemma type="ago"/>
                </token>
                <token content="." id="1-18"/>
            </sentence>
            <sentence id="2">
                <token content="We" id="2-1">
                    <pos type="PRP"/>
                    <lemma type="we"/>
                    <dep head="2-2" type="nsubj"/>
                </token>
                <token content="purchased" id="2-2">
                    <pos type="VBD"/>
                    <lemma type="purchase"/>
                </token>
                <token content="tickets" id="2-3">
                    <pos type="NNS"/>
                    <lemma type="ticket"/>
                    <dep head="2-2" type="dobj"/>
                </token>
                <token content="to" id="2-4">
                    <pos type="TO"/>
                    <lemma type="to"/>
                    <dep head="2-5" type="aux"/>
                </token>
                <token content="travel" id="2-5">
                    <pos type="VB"/>
                    <lemma type="travel"/>
                    <dep head="2-2" type="vmod"/>
                </token>
                <token content="from" id="2-6"/>
                <token content="Boston" id="2-7">
                    <pos type="NNP"/>
                    <lemma type="Boston"/>
                    <dep head="2-5" type="prep"/>
                </token>
                <token content="to" id="2-8"/>
                <token content="New" id="2-9">
                    <pos type="NNP"/>
                    <lemma type="New"/>
                </token>
                <token content="York" id="2-10">
                    <pos type="NNP"/>
                    <lemma type="York"/>
                </token>
                <token content="City" id="2-11">
                    <pos type="NNP"/>
                    <lemma type="City"/>
                    <dep head="2-5" type="prep"/>
                </token>
                <token content="." id="2-12"/>
            </sentence>
            <sentence id="3">
                <token content="As" id="3-1">
                    <pos type="IN"/>
                    <lemma type="as"/>
                    <dep head="3-3" type="mark"/>
                </token>
                <token content="we" id="3-2">
                    <pos type="PRP"/>
                    <lemma type="we"/>
                    <dep head="3-3" type="nsubj"/>
                </token>
                <token content="entered" id="3-3">
                    <pos type="VBD"/>
                    <lemma type="enter"/>
                </token>
                <token content="the" id="3-4">
                    <pos type="DT"/>
                    <lemma type="the"/>
                </token>
                <token content="platform" id="3-5">
                    <pos type="NN"/>
                    <lemma type="platform"/>
                    <dep head="3-9" type="nsubj"/>
                </token>
                <token content="of" id="3-6"/>
                <token content="the" id="3-7">
                    <pos type="DT"/>
                    <lemma type="the"/>
                </token>
                <token content="train" id="3-8">
                    <pos type="NN"/>
                    <lemma type="train"/>
                </token>
                <token content="is" id="3-9">
                    <pos type="VBZ"/>
                    <lemma type="be"/>
                    <dep head="3-3" type="ccomp"/>
                </token>
                <token content="was" id="3-10">
                    <pos type="VBD"/>
                    <lemma type="be"/>
                </token>
                <token content="pure" id="3-11">
                    <pos type="JJ"/>
                    <lemma type="pure"/>
                </token>
                <token content="steel" id="3-12">
                    <pos type="NN"/>
                    <lemma type="steel"/>
                </token>
                <token content="and" id="3-13"/>
                <token content="looked" id="3-14">
                    <pos type="VBD"/>
                    <lemma type="look"/>
                </token>
                <token content="so" id="3-15">
                    <pos type="RB"/>
                    <lemma type="so"/>
                </token>
                <token content="solidly" id="3-16">
                    <pos type="RB"/>
                    <lemma type="solidly"/>
                </token>
                <token content="strong" id="3-17">
                    <pos type="JJ"/>
                    <lemma type="strong"/>
                    <dep head="3-14" type="acomp"/>
                </token>
                <token content="." id="3-18"/>
            </sentence>
            <sentence id="4">
                <token content="We" id="4-1">
                    <pos type="PRP"/>
                    <lemma type="we"/>
                    <dep head="4-2" type="nsubj"/>
                </token>
                <token content="walked" id="4-2">
                    <pos type="VBD"/>
                    <lemma type="walk"/>
                </token>
                <token content="down" id="4-3">
                    <pos type="RP"/>
                    <lemma type="down"/>
                    <dep head="4-2" type="prt"/>
                </token>
                <token content="the" id="4-4">
                    <pos type="DT"/>
                    <lemma type="the"/>
                </token>
                <token content="isle" id="4-5">
                    <pos type="NN"/>
                    <lemma type="isle"/>
                    <dep head="4-2" type="dobj"/>
                </token>
                <token content="and" id="4-6"/>
                <token content="found" id="4-7">
                    <pos type="VBD"/>
                    <lemma type="find"/>
                    <dep head="4-2" type="conj"/>
                </token>
                <token content="an" id="4-8">
                    <pos type="DT"/>
                    <lemma type="a"/>
                </token>
                <token content="comfortable" id="4-9">
                    <pos type="JJ"/>
                    <lemma type="comfortable"/>
                    <dep head="4-10" type="dep"/>
                </token>
                <token content="looking" id="4-10">
                    <pos type="VBG"/>
                    <lemma type="look"/>
                </token>
                <token content="seat" id="4-11">
                    <pos type="NN"/>
                    <lemma type="seat"/>
                    <dep head="4-7" type="dobj"/>
                </token>
                <token content="and" id="4-12"/>
                <token content="decided" id="4-13">
                    <pos type="VBD"/>
                    <lemma type="decide"/>
                    <dep head="4-7" type="conj"/>
                </token>
                <token content="to" id="4-14">
                    <pos type="TO"/>
                    <lemma type="to"/>
                    <dep head="4-15" type="aux"/>
                </token>
                <token content="sit" id="4-15">
                    <pos type="VB"/>
                    <lemma type="sit"/>
                    <dep head="4-13" type="xcomp"/>
                </token>
                <token content="there" id="4-16">
                    <pos type="RB"/>
                    <lemma type="there"/>
                    <dep head="4-15" type="advmod"/>
                </token>
                <token content="." id="4-17"/>
            </sentence>
            <sentence id="5">
                <token content="Shortly" id="5-1">
                    <pos type="RB"/>
                    <lemma type="shortly"/>
                    <dep head="5-5" type="advmod"/>
                </token>
                <token content="the" id="5-2">
                    <pos type="DT"/>
                    <lemma type="the"/>
                </token>
                <token content="train" id="5-3">
                    <pos type="NN"/>
                    <lemma type="train"/>
                </token>
                <token content="horn" id="5-4">
                    <pos type="NN"/>
                    <lemma type="horn"/>
                    <dep head="5-5" type="nsubj"/>
                </token>
                <token content="blasted" id="5-5">
                    <pos type="VBD"/>
                    <lemma type="blast"/>
                </token>
                <token content="making" id="5-6">
                    <pos type="VBG"/>
                    <lemma type="make"/>
                    <dep head="5-5" type="xcomp"/>
                </token>
                <token content="me" id="5-7">
                    <pos type="PRP"/>
                    <lemma type="I"/>
                    <dep head="5-8" type="nsubj"/>
                </token>
                <token content="jump" id="5-8">
                    <pos type="VB"/>
                    <lemma type="jump"/>
                    <dep head="5-6" type="ccomp"/>
                </token>
                <token content="of" id="5-9"/>
                <token content="my" id="5-10">
                    <pos type="PRP$"/>
                    <lemma type="my"/>
                </token>
                <token content="seat" id="5-11">
                    <pos type="NN"/>
                    <lemma type="seat"/>
                </token>
                <token content="lol" id="5-12">
                    <pos type="NN"/>
                    <lemma type="lol"/>
                    <dep head="5-8" type="prep"/>
                </token>
                <token content="." id="5-13"/>
            </sentence>
            <sentence id="6">
                <token content="Anyway" id="6-1">
                    <pos type="RB"/>
                    <lemma type="anyway"/>
                    <dep head="6-4" type="advmod"/>
                </token>
                <token content="we" id="6-2">
                    <pos type="PRP"/>
                    <lemma type="we"/>
                    <dep head="6-4" type="nsubj"/>
                </token>
                <token content="soon" id="6-3">
                    <pos type="RB"/>
                    <lemma type="soon"/>
                    <dep head="6-4" type="advmod"/>
                </token>
                <token content="started" id="6-4">
                    <pos type="VBD"/>
                    <lemma type="start"/>
                </token>
                <token content="moving" id="6-5">
                    <pos type="VBG"/>
                    <lemma type="move"/>
                    <dep head="6-4" type="xcomp"/>
                </token>
                <token content="and" id="6-6"/>
                <token content="our" id="6-7">
                    <pos type="PRP$"/>
                    <lemma type="we"/>
                </token>
                <token content="train" id="6-8">
                    <pos type="NN"/>
                    <lemma type="train"/>
                </token>
                <token content="ride" id="6-9">
                    <pos type="NN"/>
                    <lemma type="ride"/>
                    <dep head="6-10" type="nsubj"/>
                </token>
                <token content="was" id="6-10">
                    <pos type="VBD"/>
                    <lemma type="be"/>
                    <dep head="6-4" type="conj"/>
                </token>
                <token content="underway" id="6-11">
                    <pos type="RB"/>
                    <lemma type="underway"/>
                    <dep head="6-10" type="advmod"/>
                </token>
                <token content="." id="6-12"/>
            </sentence>
            <sentence id="7">
                <token content="The" id="7-1">
                    <pos type="DT"/>
                    <lemma type="the"/>
                </token>
                <token content="conductor" id="7-2">
                    <pos type="NN"/>
                    <lemma type="conductor"/>
                    <dep head="7-3" type="nsubj"/>
                </token>
                <token content="walked" id="7-3">
                    <pos type="VBD"/>
                    <lemma type="walk"/>
                </token>
                <token content="the" id="7-4">
                    <pos type="DT"/>
                    <lemma type="the"/>
                </token>
                <token content="isles" id="7-5">
                    <pos type="NNS"/>
                    <lemma type="isle"/>
                    <dep head="7-3" type="dobj"/>
                </token>
                <token content="and" id="7-6"/>
                <token content="collected" id="7-7">
                    <pos type="VBD"/>
                    <lemma type="collect"/>
                    <dep head="7-3" type="conj"/>
                </token>
                <token content="our" id="7-8">
                    <pos type="PRP$"/>
                    <lemma type="we"/>
                </token>
                <token content="tickets" id="7-9">
                    <pos type="NNS"/>
                    <lemma type="ticket"/>
                    <dep head="7-7" type="dobj"/>
                </token>
                <token content="." id="7-10"/>
            </sentence>
            <sentence id="8">
                <token content="love" id="8-1">
                    <pos type="VB"/>
                    <lemma type="love"/>
                </token>
                <token content="scenery" id="8-2">
                    <pos type="NN"/>
                    <lemma type="scenery"/>
                    <dep head="8-1" type="dobj"/>
                </token>
                <token content="so" id="8-3">
                    <pos type="IN"/>
                    <lemma type="so"/>
                    <dep head="8-5" type="mark"/>
                </token>
                <token content="I" id="8-4">
                    <pos type="PRP"/>
                    <lemma type="I"/>
                    <dep head="8-5" type="nsubj"/>
                </token>
                <token content="had" id="8-5">
                    <pos type="VBD"/>
                    <lemma type="have"/>
                    <dep head="8-1" type="advcl"/>
                </token>
                <token content="the" id="8-6">
                    <pos type="DT"/>
                    <lemma type="the"/>
                </token>
                <token content="window" id="8-7">
                    <pos type="NN"/>
                    <lemma type="window"/>
                </token>
                <token content="seat" id="8-8">
                    <pos type="NN"/>
                    <lemma type="seat"/>
                    <dep head="8-5" type="dobj"/>
                </token>
                <token content="watching" id="8-9">
                    <pos type="VBG"/>
                    <lemma type="watch"/>
                </token>
                <token content="everything" id="8-10">
                    <pos type="NN"/>
                    <lemma type="everything"/>
                    <dep head="8-9" type="dobj"/>
                </token>
                <token content="along" id="8-11"/>
                <token content="the" id="8-12">
                    <pos type="DT"/>
                    <lemma type="the"/>
                </token>
                <token content="way" id="8-13">
                    <pos type="NN"/>
                    <lemma type="way"/>
                </token>
                <token content="." id="8-14"/>
            </sentence>
            <sentence id="9">
                <token content="First" id="9-1">
                    <pos type="JJ"/>
                    <lemma type="first"/>
                    <dep head="9-3" type="dep"/>
                </token>
                <token content="I" id="9-2">
                    <pos type="PRP"/>
                    <lemma type="I"/>
                    <dep head="9-3" type="nsubj"/>
                </token>
                <token content="saw" id="9-3">
                    <pos type="VBD"/>
                    <lemma type="see"/>
                </token>
                <token content="large" id="9-4">
                    <pos type="JJ"/>
                    <lemma type="large"/>
                </token>
                <token content="suburban" id="9-5">
                    <pos type="JJ"/>
                    <lemma type="suburban"/>
                </token>
                <token content="areas" id="9-6">
                    <pos type="NNS"/>
                    <lemma type="area"/>
                    <dep head="9-3" type="dobj"/>
                </token>
                <token content="but" id="9-7"/>
                <token content="as" id="9-8">
                    <pos type="IN"/>
                    <lemma type="as"/>
                    <dep head="9-10" type="mark"/>
                </token>
                <token content="we" id="9-9">
                    <pos type="PRP"/>
                    <lemma type="we"/>
                    <dep head="9-10" type="nsubj"/>
                </token>
                <token content="got" id="9-10">
                    <pos type="VBD"/>
                    <lemma type="get"/>
                    <dep head="9-17" type="advcl"/>
                </token>
                <token content="into" id="9-11"/>
                <token content="Connecticut" id="9-12">
                    <pos type="NNP"/>
                    <lemma type="Connecticut"/>
                    <dep head="9-10" type="prep"/>
                </token>
                <token content="many" id="9-13">
                    <pos type="JJ"/>
                    <lemma type="many"/>
                </token>
                <token content="farms" id="9-14">
                    <pos type="NNS"/>
                    <lemma type="farm"/>
                    <dep head="9-17" type="nsubjpass"/>
                </token>
                <token content="were" id="9-15">
                    <pos type="VBD"/>
                    <lemma type="be"/>
                    <dep head="9-17" type="aux"/>
                </token>
                <token content="being" id="9-16">
                    <pos type="VBG"/>
                    <lemma type="be"/>
                    <dep head="9-17" type="auxpass"/>
                </token>
                <token content="spotted" id="9-17">
                    <pos type="VBN"/>
                    <lemma type="spot"/>
                    <dep head="9-3" type="conj"/>
                </token>
                <token content="." id="9-18"/>
            </sentence>
            <sentence id="10">
                <token content="It" id="10-1">
                    <pos type="PRP"/>
                    <lemma type="it"/>
                </token>
                <token content="was" id="10-2">
                    <pos type="VBD"/>
                    <lemma type="be"/>
                </token>
                <token content="n't" id="10-3">
                    <pos type="RB"/>
                    <lemma type="not"/>
                </token>
                <token content="very" id="10-4">
                    <pos type="RB"/>
                    <lemma type="very"/>
                </token>
                <token content="hilly" id="10-5">
                    <pos type="JJ"/>
                    <lemma type="hilly"/>
                    <dep head="10-8" type="dep"/>
                </token>
                <token content="but" id="10-6"/>
                <token content="sure" id="10-7">
                    <pos type="JJ"/>
                    <lemma type="sure"/>
                </token>
                <token content="was" id="10-8">
                    <pos type="VBD"/>
                    <lemma type="be"/>
                </token>
                <token content="a" id="10-9">
                    <pos type="DT"/>
                    <lemma type="a"/>
                </token>
                <token content="country" id="10-10">
                    <pos type="NN"/>
                    <lemma type="country"/>
                </token>
                <token content="atmosphere" id="10-11">
                    <pos type="NN"/>
                    <lemma type="atmosphere"/>
                    <dep head="10-8" type="nsubj"/>
                </token>
                <token content="." id="10-12"/>
            </sentence>
            <sentence id="11">
                <token content="Soon" id="11-1">
                    <pos type="RB"/>
                    <lemma type="soon"/>
                    <dep head="11-3" type="advmod"/>
                </token>
                <token content="we" id="11-2">
                    <pos type="PRP"/>
                    <lemma type="we"/>
                    <dep head="11-3" type="nsubj"/>
                </token>
                <token content="approached" id="11-3">
                    <pos type="VBD"/>
                    <lemma type="approach"/>
                    <dep head="11-15" type="ccomp"/>
                </token>
                <token content="NYC" id="11-4">
                    <pos type="NNP"/>
                    <lemma type="NYC"/>
                    <dep head="11-8" type="nsubj"/>
                </token>
                <token content="and" id="11-5"/>
                <token content="the" id="11-6">
                    <pos type="DT"/>
                    <lemma type="the"/>
                </token>
                <token content="train" id="11-7">
                    <pos type="NN"/>
                    <lemma type="train"/>
                </token>
                <token content="came" id="11-8">
                    <pos type="VBD"/>
                    <lemma type="come"/>
                    <dep head="11-3" type="ccomp"/>
                </token>
                <token content="to" id="11-9">
                    <pos type="TO"/>
                    <lemma type="to"/>
                    <dep head="11-10" type="aux"/>
                </token>
                <token content="slow" id="11-10">
                    <pos type="VB"/>
                    <lemma type="slow"/>
                    <dep head="11-8" type="xcomp"/>
                </token>
                <token content="stop" id="11-11">
                    <pos type="NN"/>
                    <lemma type="stop"/>
                    <dep head="11-10" type="dobj"/>
                </token>
                <token content="," id="11-12"/>
                <token content="we" id="11-13">
                    <pos type="PRP"/>
                    <lemma type="we"/>
                    <dep head="11-15" type="nsubj"/>
                </token>
                <token content="had" id="11-14">
                    <pos type="VBD"/>
                    <lemma type="have"/>
                    <dep head="11-15" type="aux"/>
                </token>
                <token content="arrived" id="11-15">
                    <pos type="VBN"/>
                    <lemma type="arrive"/>
                </token>
                <token content="at" id="11-16"/>
                <token content="our" id="11-17">
                    <pos type="PRP$"/>
                    <lemma type="we"/>
                </token>
                <token content="destination" id="11-18">
                    <pos type="NN"/>
                    <lemma type="destination"/>
                    <dep head="11-15" type="prep"/>
                </token>
                <token content="." id="11-19"/>
            </sentence>
            <sentence id="12">
                <token content="The" id="12-1">
                    <pos type="DT"/>
                    <lemma type="the"/>
                </token>
                <token content="ride" id="12-2">
                    <pos type="NN"/>
                    <lemma type="ride"/>
                </token>
                <token content="overall" id="12-3">
                    <pos type="RB"/>
                    <lemma type="overall"/>
                </token>
                <token content="was" id="12-4">
                    <pos type="VBD"/>
                    <lemma type="be"/>
                </token>
                <token content="rather" id="12-5">
                    <pos type="RB"/>
                    <lemma type="rather"/>
                </token>
                <token content="smooth" id="12-6">
                    <pos type="JJ"/>
                    <lemma type="smooth"/>
                </token>
                <token content="and" id="12-7"/>
                <token content="it" id="12-8">
                    <pos type="PRP"/>
                    <lemma type="it"/>
                    <dep head="12-11" type="nsubj"/>
                </token>
                <token content="did" id="12-9">
                    <pos type="VBD"/>
                    <lemma type="do"/>
                    <dep head="12-11" type="aux"/>
                </token>
                <token content="n't" id="12-10">
                    <pos type="RB"/>
                    <lemma type="not"/>
                    <dep head="12-11" type="neg"/>
                </token>
                <token content="seem" id="12-11">
                    <pos type="VB"/>
                    <lemma type="seem"/>
                </token>
                <token content="to" id="12-12">
                    <pos type="TO"/>
                    <lemma type="to"/>
                    <dep head="12-13" type="aux"/>
                </token>
                <token content="take" id="12-13">
                    <pos type="VB"/>
                    <lemma type="take"/>
                    <dep head="12-11" type="xcomp"/>
                </token>
                <token content="all" id="12-14">
                    <pos type="PDT"/>
                    <lemma type="all"/>
                </token>
                <token content="that" id="12-15">
                    <pos type="DT"/>
                    <lemma type="that"/>
                </token>
                <token content="long" id="12-16">
                    <pos type="JJ"/>
                    <lemma type="long"/>
                    <dep head="12-13" type="advmod"/>
                </token>
                <token content="." id="12-17"/>
            </sentence>
        </sentences>
    </text>
    <annotations>
        <participants>
            <label from="1-5" id="0" name="ScrPart_train" text="train" type="participant"/>
            <label from="1-10" id="1" name="ScrPart_passenger" text="our" type="participant"/>
            <label from="1-12" id="2" name="NPart" text="weekend activity" to="1-13" type="participant"/>
            <label from="1-12" id="3" name="ScrPart_time_date" text="weekend" type="participant"/>
            <label from="1-13" id="4" name="NPart" text="activity" type="participant"/>
            <label from="2-1" id="5" name="ScrPart_passenger" text="We" type="participant"/>
            <label from="2-3" id="6" name="ScrPart_card/ticket" text="tickets" type="participant"/>
            <label from="2-7" id="7" name="ScrPart_other" text="Boston" type="participant"/>
            <label from="2-9" id="8" name="ScrPart_destination" text="New York City" to="2-11" type="participant"/>
            <label from="3-2" id="9" name="ScrPart_passenger" text="we" type="participant"/>
            <label from="3-5" id="10" name="ScrPart_platform" text="platform" type="participant"/>
            <label from="3-8" id="11" name="ScrPart_train" text="train" type="participant"/>
            <label from="3-12" id="12" name="NPart" text="steel" type="participant"/>
            <label from="4-1" id="13" name="ScrPart_passenger" text="We" type="participant"/>
            <label from="4-5" id="14" name="ScrPart_location_train" text="isle" type="participant"/>
            <label from="4-11" id="15" name="ScrPart_seat" text="seat" type="participant"/>
            <label from="4-16" id="16" name="ScrPart_location_train" text="there" type="participant"/>
            <label from="5-3" id="17" name="ScrPart_other" text="train horn" to="5-4" type="participant"/>
            <label from="5-4" id="18" name="ScrPart_other" text="horn" type="participant"/>
            <label from="5-7" id="19" name="ScrPart_passenger" text="me" type="participant"/>
            <label from="5-10" id="20" name="ScrPart_passenger" text="my" type="participant"/>
            <label from="5-11" id="21" name="ScrPart_seat" text="seat" type="participant"/>
            <label from="5-12" id="22" name="No_label" text="lol" type="participant"/>
            <label from="6-2" id="23" name="ScrPart_train" text="we" type="participant"/>
            <label from="6-7" id="24" name="ScrPart_passenger" text="our" type="participant"/>
            <label from="6-8" id="25" name="ScrPart_trip" text="train ride" to="6-9" type="participant"/>
            <label from="6-9" id="26" name="ScrPart_trip" text="ride" type="participant"/>
            <label from="7-2" id="27" name="ScrPart_train_staff" text="conductor" type="participant"/>
            <label from="7-5" id="28" name="ScrPart_location_train" text="isles" type="participant"/>
            <label from="7-8" id="29" name="ScrPart_passenger" text="our" type="participant"/>
            <label from="7-9" id="30" name="ScrPart_card/ticket" text="tickets" type="participant"/>
            <label from="8-2" id="31" name="ScrPart_in-train_entertainment" text="scenery" type="participant"/>
            <label from="8-4" id="32" name="ScrPart_passenger" text="I" type="participant"/>
            <label from="8-7" id="33" name="ScrPart_seat" text="window seat" to="8-8" type="participant"/>
            <label from="8-7" id="34" name="ScrPart_location_train" text="window" type="participant"/>
            <label from="8-8" id="35" name="ScrPart_seat" text="seat" type="participant"/>
            <label from="8-10" id="36" name="ScrPart_in-train_entertainment" text="everything" type="participant"/>
            <label from="8-13" id="37" name="NPart" text="way" type="participant"/>
            <label from="9-2" id="38" name="ScrPart_passenger" text="I" type="participant"/>
            <label from="9-6" id="39" name="ScrPart_in-train_entertainment" text="areas" type="participant"/>
            <label from="9-9" id="40" name="ScrPart_train" text="we" type="participant"/>
            <label from="9-12" id="41" name="Unclear" text="Connecticut" type="participant"/>
            <label from="9-14" id="42" name="Unclear" text="farms" type="participant"/>
            <label from="10-1" id="43" name="No_label" text="It" type="participant"/>
            <label from="10-10" id="44" name="NPart" text="country atmosphere" to="10-11" type="participant"/>
            <label from="10-11" id="45" name="NPart" text="atmosphere" type="participant"/>
            <label from="11-2" id="46" name="ScrPart_train" text="we" type="participant"/>
            <label from="11-4" id="47" name="ScrPart_destination" text="NYC" type="participant"/>
            <label from="11-7" id="48" name="ScrPart_train" text="train" type="participant"/>
            <label from="11-11" id="49" name="SuppVComp" text="stop" type="participant"/>
            <label from="11-13" id="50" name="ScrPart_passenger" text="we" type="participant"/>
            <label from="11-17" id="51" name="ScrPart_passenger" text="our" type="participant"/>
            <label from="11-18" id="52" name="ScrPart_destination" text="destination" type="participant"/>
            <label from="12-2" id="53" name="ScrPart_trip" text="ride" type="participant"/>
            <label from="12-8" id="54" name="ScrPart_trip" text="it" type="participant"/>
        </participants>
        <events>
            <label from="1-2" id="55" name="Evoking" text="going on a train" to="1-5" type="event"/>
            <label from="1-9" id="56" name="UnrelEv" text="was" type="event"/>
            <label from="2-2" id="57" name="ScrEv_get_tickets" text="purchased" type="event"/>
            <label from="2-5" id="58" name="RelNScrEv" text="travel" type="event"/>
            <label from="3-3" id="59" name="ScrEv_get_platform" text="entered" type="event"/>
            <label from="3-10" id="60" name="UnrelEv" text="was" type="event"/>
            <label from="3-14" id="61" name="UnrelEv" text="looked" type="event"/>
            <label from="4-2" id="62" name="RelNScrEv" text="walked down" to="4-3" type="event"/>
            <label from="4-2" id="63" name="RelNScrEv" text="walked" type="event"/>
            <label from="4-7" id="64" name="ScrEv_find_place" text="found" type="event"/>
            <label from="4-10" id="65" name="UnrelEv" text="looking" type="event"/>
            <label from="4-13" id="66" name="UnrelEv" text="decided" type="event"/>
            <label from="4-15" id="67" name="ScrEv_find_place" text="sit" type="event"/>
            <label from="5-5" id="68" name="RelNScrEv" text="blasted" type="event"/>
            <label from="5-8" id="69" name="UnrelEv" text="jump" type="event"/>
            <label from="6-4" id="70" name="UnrelEv" text="started" type="event"/>
            <label from="6-5" id="71" name="ScrEv_train_departs" text="moving" type="event"/>
            <label from="6-8" id="72" name="Evoking" text="train ride" to="6-9" type="event"/>
            <label from="6-10" id="73" name="UnrelEv" text="was" type="event"/>
            <label from="7-3" id="74" name="ScrEv_conductor_checks" text="walked" type="event"/>
            <label from="7-7" id="75" name="ScrEv_conductor_checks" text="collected" type="event"/>
            <label from="8-1" id="76" name="UnrelEv" text="love" type="event"/>
            <label from="8-5" id="77" name="UnrelEv" text="had" type="event"/>
            <label from="8-9" id="78" name="ScrEv_spend_time_train" text="watching" type="event"/>
            <label from="9-3" id="79" name="UnrelEv" text="saw" type="event"/>
            <label from="9-10" id="80" name="ScrEv_train_arrives" text="got" type="event"/>
            <label from="9-17" id="81" name="UnrelEv" text="spotted" type="event"/>
            <label from="10-2" id="82" name="UnrelEv" text="was" type="event"/>
            <label from="10-8" id="83" name="UnrelEv" text="was" type="event"/>
            <label from="11-3" id="84" name="ScrEv_arrive_destination" text="approached" type="event"/>
            <label from="11-8" id="85" name="ScrEv_train_arrives" text="came" type="event"/>
            <label from="11-15" id="86" name="ScrEv_arrive_destination" text="arrived" type="event"/>
            <label from="12-4" id="87" name="UnrelEv" text="was" type="event"/>
            <label from="12-11" id="88" name="UnrelEv" text="seem" type="event"/>
            <label from="12-13" id="89" name="RelNScrEv" text="take" type="event"/>
        </events>
        <chains>
            <chain elements="1 5 9 13 29 50 51 24"/>
            <chain elements="19 20 32 38"/>
            <chain elements="15 21 35"/>
            <chain elements="11 23 40 46 48"/>
            <chain elements="6 30"/>
            <chain elements="8 47 52"/>
            <chain elements="26 53 54"/>
        </chains>
    </annotations>
</story>
