<?xml version="1.0" encoding="UTF-8" standalone="no"?>
<!DOCTYPE story SYSTEM "../InScript.dtd">
<story id="073" scenario="train">
    <text>
        <content>Adventures By Train It was a Saturday and I felt like going on an adventure . 
I decided to drive a couple of hours away from home to this place that has an old-fashioned train that people can ride . 
It takes you along a river and into a wooded area where you can scenery and historical markers that you ca n't get to by car . 
I paid the fare and got on the train . 
I sat by a window where I would have a great view of the scenery . 
As the train got moving , I was glad that I had decided to ride this train . 
The scenery was amazing and I saw and learned information about historical markers that I had not known before . 
It was a fun day and I hated to see the train ride end when it did . 
I started out for home but new I would be back again someday to take this train ride again . </content>
        <sentences>
            <sentence id="1">
                <token content="Adventures" id="1-1">
                    <pos type="RB"/>
                    <lemma type="adventures"/>
                </token>
                <token content="By" id="1-2"/>
                <token content="Train" id="1-3">
                    <pos type="NNP"/>
                    <lemma type="Train"/>
                </token>
                <token content="It" id="1-4">
                    <pos type="PRP"/>
                    <lemma type="it"/>
                </token>
                <token content="was" id="1-5">
                    <pos type="VBD"/>
                    <lemma type="be"/>
                </token>
                <token content="a" id="1-6">
                    <pos type="DT"/>
                    <lemma type="a"/>
                </token>
                <token content="Saturday" id="1-7">
                    <pos type="NNP"/>
                    <lemma type="Saturday"/>
                </token>
                <token content="and" id="1-8"/>
                <token content="I" id="1-9">
                    <pos type="PRP"/>
                    <lemma type="I"/>
                    <dep head="1-10" type="nsubj"/>
                </token>
                <token content="felt" id="1-10">
                    <pos type="VBD"/>
                    <lemma type="feel"/>
                </token>
                <token content="like" id="1-11"/>
                <token content="going" id="1-12">
                    <pos type="VBG"/>
                    <lemma type="go"/>
                    <dep head="1-10" type="prepc"/>
                </token>
                <token content="on" id="1-13"/>
                <token content="an" id="1-14">
                    <pos type="DT"/>
                    <lemma type="a"/>
                </token>
                <token content="adventure" id="1-15">
                    <pos type="NN"/>
                    <lemma type="adventure"/>
                    <dep head="1-12" type="prep"/>
                </token>
                <token content="." id="1-16"/>
            </sentence>
            <sentence id="2">
                <token content="I" id="2-1">
                    <pos type="PRP"/>
                    <lemma type="I"/>
                    <dep head="2-2" type="nsubj"/>
                </token>
                <token content="decided" id="2-2">
                    <pos type="VBD"/>
                    <lemma type="decide"/>
                </token>
                <token content="to" id="2-3">
                    <pos type="TO"/>
                    <lemma type="to"/>
                    <dep head="2-4" type="aux"/>
                </token>
                <token content="drive" id="2-4">
                    <pos type="VB"/>
                    <lemma type="drive"/>
                    <dep head="2-2" type="xcomp"/>
                </token>
                <token content="a" id="2-5">
                    <pos type="DT"/>
                    <lemma type="a"/>
                </token>
                <token content="couple" id="2-6">
                    <pos type="NN"/>
                    <lemma type="couple"/>
                    <dep head="2-4" type="dobj"/>
                </token>
                <token content="of" id="2-7"/>
                <token content="hours" id="2-8">
                    <pos type="NNS"/>
                    <lemma type="hour"/>
                </token>
                <token content="away" id="2-9"/>
                <token content="from" id="2-10"/>
                <token content="home" id="2-11">
                    <pos type="NN"/>
                    <lemma type="home"/>
                </token>
                <token content="to" id="2-12"/>
                <token content="this" id="2-13">
                    <pos type="DT"/>
                    <lemma type="this"/>
                </token>
                <token content="place" id="2-14">
                    <pos type="NN"/>
                    <lemma type="place"/>
                    <dep head="2-4" type="prep"/>
                </token>
                <token content="that" id="2-15">
                    <pos type="WDT"/>
                    <lemma type="that"/>
                    <dep head="2-16" type="nsubj"/>
                </token>
                <token content="has" id="2-16">
                    <pos type="VBZ"/>
                    <lemma type="have"/>
                </token>
                <token content="an" id="2-17">
                    <pos type="DT"/>
                    <lemma type="a"/>
                </token>
                <token content="old-fashioned" id="2-18">
                    <pos type="JJ"/>
                    <lemma type="old-fashioned"/>
                </token>
                <token content="train" id="2-19">
                    <pos type="NN"/>
                    <lemma type="train"/>
                    <dep head="2-16" type="dobj"/>
                </token>
                <token content="that" id="2-20">
                    <pos type="IN"/>
                    <lemma type="that"/>
                    <dep head="2-23" type="mark"/>
                </token>
                <token content="people" id="2-21">
                    <pos type="NNS"/>
                    <lemma type="people"/>
                    <dep head="2-23" type="nsubj"/>
                </token>
                <token content="can" id="2-22">
                    <pos type="MD"/>
                    <lemma type="can"/>
                    <dep head="2-23" type="aux"/>
                </token>
                <token content="ride" id="2-23">
                    <pos type="VB"/>
                    <lemma type="ride"/>
                </token>
                <token content="." id="2-24"/>
            </sentence>
            <sentence id="3">
                <token content="It" id="3-1">
                    <pos type="PRP"/>
                    <lemma type="it"/>
                    <dep head="3-2" type="nsubj"/>
                </token>
                <token content="takes" id="3-2">
                    <pos type="VBZ"/>
                    <lemma type="take"/>
                    <dep head="3-2" type="conj"/>
                </token>
                <token content="you" id="3-3">
                    <pos type="PRP"/>
                    <lemma type="you"/>
                    <dep head="3-2" type="dobj"/>
                </token>
                <token content="along" id="3-4"/>
                <token content="a" id="3-5">
                    <pos type="DT"/>
                    <lemma type="a"/>
                </token>
                <token content="river" id="3-6">
                    <pos type="NN"/>
                    <lemma type="river"/>
                    <dep head="3-2" type="prep"/>
                </token>
                <token content="and" id="3-7"/>
                <token content="into" id="3-8"/>
                <token content="a" id="3-9">
                    <pos type="DT"/>
                    <lemma type="a"/>
                </token>
                <token content="wooded" id="3-10">
                    <pos type="JJ"/>
                    <lemma type="wooded"/>
                </token>
                <token content="area" id="3-11">
                    <pos type="NN"/>
                    <lemma type="area"/>
                    <dep head="3-2" type="prep"/>
                </token>
                <token content="where" id="3-12">
                    <pos type="WRB"/>
                    <lemma type="where"/>
                    <dep head="3-15" type="advmod"/>
                </token>
                <token content="you" id="3-13">
                    <pos type="PRP"/>
                    <lemma type="you"/>
                    <dep head="3-15" type="nsubj"/>
                </token>
                <token content="can" id="3-14">
                    <pos type="MD"/>
                    <lemma type="can"/>
                    <dep head="3-15" type="aux"/>
                </token>
                <token content="scenery" id="3-15">
                    <pos type="VB"/>
                    <lemma type="scenery"/>
                </token>
                <token content="and" id="3-16"/>
                <token content="historical" id="3-17">
                    <pos type="JJ"/>
                    <lemma type="historical"/>
                </token>
                <token content="markers" id="3-18">
                    <pos type="NNS"/>
                    <lemma type="marker"/>
                </token>
                <token content="that" id="3-19">
                    <pos type="IN"/>
                    <lemma type="that"/>
                    <dep head="3-23" type="mark"/>
                </token>
                <token content="you" id="3-20">
                    <pos type="PRP"/>
                    <lemma type="you"/>
                    <dep head="3-23" type="nsubj"/>
                </token>
                <token content="ca" id="3-21">
                    <pos type="MD"/>
                    <lemma type="can"/>
                    <dep head="3-23" type="aux"/>
                </token>
                <token content="n't" id="3-22">
                    <pos type="RB"/>
                    <lemma type="not"/>
                    <dep head="3-23" type="neg"/>
                </token>
                <token content="get" id="3-23">
                    <pos type="VB"/>
                    <lemma type="get"/>
                </token>
                <token content="to" id="3-24">
                    <pos type="TO"/>
                    <lemma type="to"/>
                    <dep head="3-23" type="prep"/>
                </token>
                <token content="by" id="3-25"/>
                <token content="car" id="3-26">
                    <pos type="NN"/>
                    <lemma type="car"/>
                    <dep head="3-23" type="prep"/>
                </token>
                <token content="." id="3-27"/>
            </sentence>
            <sentence id="4">
                <token content="I" id="4-1">
                    <pos type="PRP"/>
                    <lemma type="I"/>
                    <dep head="4-2" type="nsubj"/>
                </token>
                <token content="paid" id="4-2">
                    <pos type="VBD"/>
                    <lemma type="pay"/>
                </token>
                <token content="the" id="4-3">
                    <pos type="DT"/>
                    <lemma type="the"/>
                </token>
                <token content="fare" id="4-4">
                    <pos type="NN"/>
                    <lemma type="fare"/>
                    <dep head="4-2" type="dobj"/>
                </token>
                <token content="and" id="4-5"/>
                <token content="got" id="4-6">
                    <pos type="VBD"/>
                    <lemma type="get"/>
                    <dep head="4-2" type="conj"/>
                </token>
                <token content="on" id="4-7"/>
                <token content="the" id="4-8">
                    <pos type="DT"/>
                    <lemma type="the"/>
                </token>
                <token content="train" id="4-9">
                    <pos type="NN"/>
                    <lemma type="train"/>
                    <dep head="4-6" type="prep"/>
                </token>
                <token content="." id="4-10"/>
            </sentence>
            <sentence id="5">
                <token content="I" id="5-1">
                    <pos type="PRP"/>
                    <lemma type="I"/>
                    <dep head="5-2" type="nsubj"/>
                </token>
                <token content="sat" id="5-2">
                    <pos type="VBD"/>
                    <lemma type="sit"/>
                </token>
                <token content="by" id="5-3"/>
                <token content="a" id="5-4">
                    <pos type="DT"/>
                    <lemma type="a"/>
                </token>
                <token content="window" id="5-5">
                    <pos type="NN"/>
                    <lemma type="window"/>
                    <dep head="5-2" type="prep"/>
                </token>
                <token content="where" id="5-6">
                    <pos type="WRB"/>
                    <lemma type="where"/>
                    <dep head="5-9" type="advmod"/>
                </token>
                <token content="I" id="5-7">
                    <pos type="PRP"/>
                    <lemma type="I"/>
                    <dep head="5-9" type="nsubj"/>
                </token>
                <token content="would" id="5-8">
                    <pos type="MD"/>
                    <lemma type="would"/>
                    <dep head="5-9" type="aux"/>
                </token>
                <token content="have" id="5-9">
                    <pos type="VB"/>
                    <lemma type="have"/>
                    <dep head="5-2" type="advcl"/>
                </token>
                <token content="a" id="5-10">
                    <pos type="DT"/>
                    <lemma type="a"/>
                </token>
                <token content="great" id="5-11">
                    <pos type="JJ"/>
                    <lemma type="great"/>
                </token>
                <token content="view" id="5-12">
                    <pos type="NN"/>
                    <lemma type="view"/>
                    <dep head="5-9" type="dobj"/>
                </token>
                <token content="of" id="5-13"/>
                <token content="the" id="5-14">
                    <pos type="DT"/>
                    <lemma type="the"/>
                </token>
                <token content="scenery" id="5-15">
                    <pos type="NN"/>
                    <lemma type="scenery"/>
                </token>
                <token content="." id="5-16"/>
            </sentence>
            <sentence id="6">
                <token content="As" id="6-1">
                    <pos type="IN"/>
                    <lemma type="as"/>
                    <dep head="6-4" type="mark"/>
                </token>
                <token content="the" id="6-2">
                    <pos type="DT"/>
                    <lemma type="the"/>
                </token>
                <token content="train" id="6-3">
                    <pos type="NN"/>
                    <lemma type="train"/>
                    <dep head="6-4" type="nsubj"/>
                </token>
                <token content="got" id="6-4">
                    <pos type="VBD"/>
                    <lemma type="get"/>
                </token>
                <token content="moving" id="6-5">
                    <pos type="VBG"/>
                    <lemma type="move"/>
                    <dep head="6-4" type="xcomp"/>
                </token>
                <token content="," id="6-6"/>
                <token content="I" id="6-7">
                    <pos type="PRP"/>
                    <lemma type="I"/>
                </token>
                <token content="was" id="6-8">
                    <pos type="VBD"/>
                    <lemma type="be"/>
                </token>
                <token content="glad" id="6-9">
                    <pos type="JJ"/>
                    <lemma type="glad"/>
                </token>
                <token content="that" id="6-10">
                    <pos type="IN"/>
                    <lemma type="that"/>
                    <dep head="6-13" type="mark"/>
                </token>
                <token content="I" id="6-11">
                    <pos type="PRP"/>
                    <lemma type="I"/>
                    <dep head="6-13" type="nsubj"/>
                </token>
                <token content="had" id="6-12">
                    <pos type="VBD"/>
                    <lemma type="have"/>
                    <dep head="6-13" type="aux"/>
                </token>
                <token content="decided" id="6-13">
                    <pos type="VBN"/>
                    <lemma type="decide"/>
                </token>
                <token content="to" id="6-14">
                    <pos type="TO"/>
                    <lemma type="to"/>
                    <dep head="6-15" type="aux"/>
                </token>
                <token content="ride" id="6-15">
                    <pos type="VB"/>
                    <lemma type="ride"/>
                    <dep head="6-13" type="xcomp"/>
                </token>
                <token content="this" id="6-16">
                    <pos type="DT"/>
                    <lemma type="this"/>
                </token>
                <token content="train" id="6-17">
                    <pos type="NN"/>
                    <lemma type="train"/>
                    <dep head="6-15" type="dobj"/>
                </token>
                <token content="." id="6-18"/>
            </sentence>
            <sentence id="7">
                <token content="The" id="7-1">
                    <pos type="DT"/>
                    <lemma type="the"/>
                </token>
                <token content="scenery" id="7-2">
                    <pos type="NN"/>
                    <lemma type="scenery"/>
                </token>
                <token content="was" id="7-3">
                    <pos type="VBD"/>
                    <lemma type="be"/>
                </token>
                <token content="amazing" id="7-4">
                    <pos type="JJ"/>
                    <lemma type="amazing"/>
                </token>
                <token content="and" id="7-5"/>
                <token content="I" id="7-6">
                    <pos type="PRP"/>
                    <lemma type="I"/>
                    <dep head="7-7" type="nsubj"/>
                </token>
                <token content="saw" id="7-7">
                    <pos type="VBD"/>
                    <lemma type="see"/>
                </token>
                <token content="and" id="7-8"/>
                <token content="learned" id="7-9">
                    <pos type="VBD"/>
                    <lemma type="learn"/>
                    <dep head="7-7" type="conj"/>
                </token>
                <token content="information" id="7-10">
                    <pos type="NN"/>
                    <lemma type="information"/>
                    <dep head="7-9" type="dobj"/>
                </token>
                <token content="about" id="7-11"/>
                <token content="historical" id="7-12">
                    <pos type="JJ"/>
                    <lemma type="historical"/>
                </token>
                <token content="markers" id="7-13">
                    <pos type="NNS"/>
                    <lemma type="marker"/>
                    <dep head="7-9" type="prep"/>
                </token>
                <token content="that" id="7-14">
                    <pos type="IN"/>
                    <lemma type="that"/>
                    <dep head="7-18" type="mark"/>
                </token>
                <token content="I" id="7-15">
                    <pos type="PRP"/>
                    <lemma type="I"/>
                    <dep head="7-18" type="nsubj"/>
                </token>
                <token content="had" id="7-16">
                    <pos type="VBD"/>
                    <lemma type="have"/>
                    <dep head="7-18" type="aux"/>
                </token>
                <token content="not" id="7-17">
                    <pos type="RB"/>
                    <lemma type="not"/>
                    <dep head="7-18" type="neg"/>
                </token>
                <token content="known" id="7-18">
                    <pos type="VBN"/>
                    <lemma type="know"/>
                    <dep head="7-9" type="ccomp"/>
                </token>
                <token content="before" id="7-19">
                    <pos type="RB"/>
                    <lemma type="before"/>
                    <dep head="7-18" type="advmod"/>
                </token>
                <token content="." id="7-20"/>
            </sentence>
            <sentence id="8">
                <token content="It" id="8-1">
                    <pos type="PRP"/>
                    <lemma type="it"/>
                </token>
                <token content="was" id="8-2">
                    <pos type="VBD"/>
                    <lemma type="be"/>
                </token>
                <token content="a" id="8-3">
                    <pos type="DT"/>
                    <lemma type="a"/>
                </token>
                <token content="fun" id="8-4">
                    <pos type="NN"/>
                    <lemma type="fun"/>
                </token>
                <token content="day" id="8-5">
                    <pos type="NN"/>
                    <lemma type="day"/>
                </token>
                <token content="and" id="8-6"/>
                <token content="I" id="8-7">
                    <pos type="PRP"/>
                    <lemma type="I"/>
                    <dep head="8-8" type="nsubj"/>
                </token>
                <token content="hated" id="8-8">
                    <pos type="VBZ"/>
                    <lemma type="hate"/>
                </token>
                <token content="to" id="8-9">
                    <pos type="TO"/>
                    <lemma type="to"/>
                    <dep head="8-10" type="aux"/>
                </token>
                <token content="see" id="8-10">
                    <pos type="VB"/>
                    <lemma type="see"/>
                    <dep head="8-8" type="xcomp"/>
                </token>
                <token content="the" id="8-11">
                    <pos type="DT"/>
                    <lemma type="the"/>
                </token>
                <token content="train" id="8-12">
                    <pos type="NN"/>
                    <lemma type="train"/>
                </token>
                <token content="ride" id="8-13">
                    <pos type="NN"/>
                    <lemma type="ride"/>
                </token>
                <token content="end" id="8-14">
                    <pos type="NN"/>
                    <lemma type="end"/>
                    <dep head="8-10" type="dobj"/>
                </token>
                <token content="when" id="8-15">
                    <pos type="WRB"/>
                    <lemma type="when"/>
                    <dep head="8-17" type="advmod"/>
                </token>
                <token content="it" id="8-16">
                    <pos type="PRP"/>
                    <lemma type="it"/>
                    <dep head="8-17" type="nsubj"/>
                </token>
                <token content="did" id="8-17">
                    <pos type="VBD"/>
                    <lemma type="do"/>
                    <dep head="8-10" type="advcl"/>
                </token>
                <token content="." id="8-18"/>
            </sentence>
            <sentence id="9">
                <token content="I" id="9-1">
                    <pos type="PRP"/>
                    <lemma type="I"/>
                    <dep head="9-2" type="nsubj"/>
                </token>
                <token content="started" id="9-2">
                    <pos type="VBD"/>
                    <lemma type="start"/>
                </token>
                <token content="out" id="9-3">
                    <pos type="RP"/>
                    <lemma type="out"/>
                    <dep head="9-2" type="prt"/>
                </token>
                <token content="for" id="9-4"/>
                <token content="home" id="9-5">
                    <pos type="NN"/>
                    <lemma type="home"/>
                    <dep head="9-2" type="prep"/>
                </token>
                <token content="but" id="9-6"/>
                <token content="new" id="9-7">
                    <pos type="JJ"/>
                    <lemma type="new"/>
                </token>
                <token content="I" id="9-8">
                    <pos type="NN"/>
                    <lemma type="i"/>
                    <dep head="9-10" type="nsubj"/>
                </token>
                <token content="would" id="9-9">
                    <pos type="MD"/>
                    <lemma type="would"/>
                    <dep head="9-10" type="aux"/>
                </token>
                <token content="be" id="9-10">
                    <pos type="VB"/>
                    <lemma type="be"/>
                    <dep head="9-2" type="conj"/>
                </token>
                <token content="back" id="9-11">
                    <pos type="RB"/>
                    <lemma type="back"/>
                </token>
                <token content="again" id="9-12">
                    <pos type="RB"/>
                    <lemma type="again"/>
                    <dep head="9-10" type="advmod"/>
                </token>
                <token content="someday" id="9-13">
                    <pos type="RB"/>
                    <lemma type="someday"/>
                    <dep head="9-10" type="advmod"/>
                </token>
                <token content="to" id="9-14">
                    <pos type="TO"/>
                    <lemma type="to"/>
                    <dep head="9-15" type="aux"/>
                </token>
                <token content="take" id="9-15">
                    <pos type="VB"/>
                    <lemma type="take"/>
                    <dep head="9-10" type="xcomp"/>
                </token>
                <token content="this" id="9-16">
                    <pos type="DT"/>
                    <lemma type="this"/>
                </token>
                <token content="train" id="9-17">
                    <pos type="NN"/>
                    <lemma type="train"/>
                </token>
                <token content="ride" id="9-18">
                    <pos type="NN"/>
                    <lemma type="ride"/>
                    <dep head="9-15" type="dobj"/>
                </token>
                <token content="again" id="9-19">
                    <pos type="RB"/>
                    <lemma type="again"/>
                    <dep head="9-15" type="advmod"/>
                </token>
                <token content="." id="9-20"/>
            </sentence>
        </sentences>
    </text>
    <annotations>
        <participants>
            <label from="1-1" id="0" name="NPart" text="Adventures" type="participant"/>
            <label from="1-3" id="1" name="ScrPart_train" text="Train" type="participant"/>
            <label from="1-4" id="2" name="No_label" text="It" type="participant"/>
            <label from="1-7" id="3" name="ScrPart_time_date" text="Saturday" type="participant"/>
            <label from="1-9" id="4" name="ScrPart_passenger" text="I" type="participant"/>
            <label from="1-15" id="5" name="NPart" text="adventure" type="participant"/>
            <label from="2-1" id="6" name="ScrPart_passenger" text="I" type="participant"/>
            <label from="2-6" id="7" name="No_label" text="couple" type="participant"/>
            <label from="2-8" id="8" name="No_label" text="hours" type="participant"/>
            <label from="2-11" id="9" name="No_label" text="home" type="participant"/>
            <label from="2-14" id="10" name="NPart" text="place" type="participant"/>
            <label from="2-19" id="11" name="ScrPart_train" text="train" type="participant"/>
            <label from="2-21" id="12" name="ScrPart_passenger" text="people" type="participant"/>
            <label from="3-1" id="13" name="ScrPart_train" text="It" type="participant"/>
            <label from="3-3" id="14" name="ScrPart_passenger" text="you" type="participant"/>
            <label from="3-6" id="15" name="NPart" text="river" type="participant"/>
            <label from="3-11" id="16" name="NPart" text="area" type="participant"/>
            <label from="3-13" id="17" name="ScrPart_passenger" text="you" type="participant"/>
            <label from="3-15" id="18" name="NPart" text="scenery" type="participant"/>
            <label from="3-18" id="19" name="NPart" text="markers" type="participant"/>
            <label from="3-20" id="20" name="ScrPart_passenger" text="you" type="participant"/>
            <label from="3-26" id="21" name="NPart" text="car" type="participant"/>
            <label from="4-1" id="22" name="ScrPart_passenger" text="I" type="participant"/>
            <label from="4-4" id="23" name="ScrPart_other" text="fare" type="participant"/>
            <label from="4-9" id="24" name="ScrPart_train" text="train" type="participant"/>
            <label from="5-1" id="25" name="ScrPart_passenger" text="I" type="participant"/>
            <label from="5-5" id="26" name="ScrPart_in-train_entertainment" text="window" type="participant"/>
            <label from="5-7" id="27" name="ScrPart_passenger" text="I" type="participant"/>
            <label from="5-12" id="28" name="NPart" text="view" type="participant"/>
            <label from="5-15" id="29" name="NPart" text="scenery" type="participant"/>
            <label from="6-3" id="30" name="ScrPart_train" text="train" type="participant"/>
            <label from="6-7" id="31" name="ScrPart_passenger" text="I" type="participant"/>
            <label from="6-11" id="32" name="ScrPart_passenger" text="I" type="participant"/>
            <label from="6-17" id="33" name="ScrPart_train" text="train" type="participant"/>
            <label from="7-2" id="34" name="NPart" text="scenery" type="participant"/>
            <label from="7-6" id="35" name="ScrPart_passenger" text="I" type="participant"/>
            <label from="7-10" id="36" name="NPart" text="information" type="participant"/>
            <label from="7-13" id="37" name="NPart" text="markers" type="participant"/>
            <label from="7-15" id="38" name="ScrPart_passenger" text="I" type="participant"/>
            <label from="8-1" id="39" name="No_label" text="It" type="participant"/>
            <label from="8-5" id="40" name="NPart" text="day" type="participant"/>
            <label from="8-7" id="41" name="ScrPart_passenger" text="I" type="participant"/>
            <label from="8-12" id="42" name="ScrPart_trip" text="train ride" to="8-13" type="participant"/>
            <label from="8-13" id="43" name="ScrPart_trip" text="ride" type="participant"/>
            <label from="8-16" id="44" name="ScrPart_trip" text="it" type="participant"/>
            <label from="9-1" id="45" name="ScrPart_passenger" text="I" type="participant"/>
            <label from="9-5" id="46" name="No_label" text="home" type="participant"/>
            <label from="9-8" id="47" name="ScrPart_passenger" text="I" type="participant"/>
            <label from="9-17" id="48" name="ScrPart_trip" text="train ride" to="9-18" type="participant"/>
            <label from="9-18" id="49" name="ScrPart_trip" text="ride" type="participant"/>
        </participants>
        <events>
            <label from="1-5" id="50" name="UnrelEv" text="was" type="event"/>
            <label from="1-10" id="51" name="UnrelEv" text="felt" type="event"/>
            <label from="1-12" id="52" name="UnrelEv" text="going" type="event"/>
            <label from="2-2" id="53" name="UnrelEv" text="decided" type="event"/>
            <label from="2-4" id="54" name="UnrelEv" text="drive" type="event"/>
            <label from="2-16" id="55" name="UnrelEv" text="has" type="event"/>
            <label from="2-19" id="56" name="Evoking" text="train that people can ride" to="2-23" type="event"/>
            <label from="3-2" id="57" name="UnrelEv" text="takes" type="event"/>
            <label from="3-23" id="58" name="UnrelEv" text="get to" to="3-24" type="event"/>
            <label from="3-23" id="59" name="UnrelEv" text="get" type="event"/>
            <label from="4-2" id="60" name="ScrEv_get_tickets" text="paid" type="event"/>
            <label from="4-6" id="61" name="ScrEv_get_on" text="got on" to="4-7" type="event"/>
            <label from="4-6" id="62" name="ScrEv_get_on" text="got" type="event"/>
            <label from="5-2" id="63" name="ScrEv_find_place" text="sat" type="event"/>
            <label from="5-9" id="64" name="UnrelEv" text="have" type="event"/>
            <label from="6-4" id="65" name="ScrEv_train_departs" text="got" type="event"/>
            <label from="6-5" id="66" name="UnrelEv" text="moving" type="event"/>
            <label from="6-8" id="67" name="UnrelEv" text="was" type="event"/>
            <label from="6-13" id="68" name="UnrelEv" text="decided" type="event"/>
            <label from="6-15" id="69" name="Evoking" text="ride this train" to="6-17" type="event"/>
            <label from="7-3" id="70" name="UnrelEv" text="was" type="event"/>
            <label from="7-4" id="71" name="UnrelEv" text="amazing" type="event"/>
            <label from="7-7" id="72" name="ScrEv_spend_time_train" text="saw" type="event"/>
            <label from="7-9" id="73" name="ScrEv_spend_time_train" text="learned" type="event"/>
            <label from="7-18" id="74" name="UnrelEv" text="known" type="event"/>
            <label from="8-2" id="75" name="UnrelEv" text="was" type="event"/>
            <label from="8-8" id="76" name="UnrelEv" text="hated" type="event"/>
            <label from="8-14" id="77" name="ScrEv_arrive_destination" text="end" type="event"/>
            <label from="8-17" id="78" name="UnrelEv" text="did" type="event"/>
            <label from="9-2" id="79" name="UnrelEv" text="started out" to="9-3" type="event"/>
            <label from="9-2" id="80" name="UnrelEv" text="started" type="event"/>
            <label from="9-7" id="81" name="UnrelEv" text="new" type="event"/>
            <label from="9-10" id="82" name="UnrelEv" text="be" type="event"/>
            <label from="9-15" id="83" name="Evoking" text="take this train ride again" to="9-19" type="event"/>
        </events>
        <chains>
            <chain elements="4 6 14 17 20 22 25 27 31 32 35 38 41 45 47"/>
            <chain elements="1 11 13 24 30 33"/>
            <chain elements="43 44 49"/>
        </chains>
    </annotations>
</story>
