<?xml version="1.0" encoding="UTF-8" standalone="no"?>
<!DOCTYPE story SYSTEM "../InScript.dtd">
<story id="031" scenario="train">
    <text>
        <content>Recently , I was heading to New York for a business trip with a co-worker . 
We prefer to ride on trains because they are cheaper and we can enjoy the scenery along the way . 
We arrive at the train station at 5:30 am , snacks and blankets in tow in our bags . 
We purchased our tickets the other day , so we did n't have to worry about going to a booth to buy any . 
We went up to the attendant who was taking the train tickets to allow people on board , and we handed him ours . 
We hopped onto the train and took our seats towards the back of the train so that we could discuss a lot of what we were going to say and do in the meetings for our trip without being distracted much . 
As we discussed our plans and strategies , we 'd occasionally look out the window and see lush trees and valleys , animals , plains , and all manner of environments as we traveled from state to state . 
We had to switch trains a few times at different stations , but the process was pretty smooth and it is always nice to hear that whistle and the ALL ABOARD ! 
When we arrived at our destination , we got off of the train , exited the train station , and made our way to 52nd Street in our rental car . </content>
        <sentences>
            <sentence id="1">
                <token content="Recently" id="1-1">
                    <pos type="RB"/>
                    <lemma type="recently"/>
                    <dep head="1-5" type="advmod"/>
                </token>
                <token content="," id="1-2"/>
                <token content="I" id="1-3">
                    <pos type="PRP"/>
                    <lemma type="I"/>
                    <dep head="1-5" type="nsubj"/>
                </token>
                <token content="was" id="1-4">
                    <pos type="VBD"/>
                    <lemma type="be"/>
                    <dep head="1-5" type="aux"/>
                </token>
                <token content="heading" id="1-5">
                    <pos type="VBG"/>
                    <lemma type="head"/>
                </token>
                <token content="to" id="1-6"/>
                <token content="New" id="1-7">
                    <pos type="NNP"/>
                    <lemma type="New"/>
                </token>
                <token content="York" id="1-8">
                    <pos type="NNP"/>
                    <lemma type="York"/>
                    <dep head="1-5" type="prep"/>
                </token>
                <token content="for" id="1-9"/>
                <token content="a" id="1-10">
                    <pos type="DT"/>
                    <lemma type="a"/>
                </token>
                <token content="business" id="1-11">
                    <pos type="NN"/>
                    <lemma type="business"/>
                </token>
                <token content="trip" id="1-12">
                    <pos type="NN"/>
                    <lemma type="trip"/>
                </token>
                <token content="with" id="1-13"/>
                <token content="a" id="1-14">
                    <pos type="DT"/>
                    <lemma type="a"/>
                </token>
                <token content="co-worker" id="1-15">
                    <pos type="NN"/>
                    <lemma type="co-worker"/>
                    <dep head="1-5" type="prep"/>
                </token>
                <token content="." id="1-16"/>
            </sentence>
            <sentence id="2">
                <token content="We" id="2-1">
                    <pos type="PRP"/>
                    <lemma type="we"/>
                    <dep head="2-2" type="nsubj"/>
                </token>
                <token content="prefer" id="2-2">
                    <pos type="VBP"/>
                    <lemma type="prefer"/>
                </token>
                <token content="to" id="2-3">
                    <pos type="TO"/>
                    <lemma type="to"/>
                    <dep head="2-4" type="aux"/>
                </token>
                <token content="ride" id="2-4">
                    <pos type="VB"/>
                    <lemma type="ride"/>
                    <dep head="2-2" type="xcomp"/>
                </token>
                <token content="on" id="2-5"/>
                <token content="trains" id="2-6">
                    <pos type="NNS"/>
                    <lemma type="train"/>
                    <dep head="2-4" type="prep"/>
                </token>
                <token content="because" id="2-7">
                    <pos type="IN"/>
                    <lemma type="because"/>
                </token>
                <token content="they" id="2-8">
                    <pos type="PRP"/>
                    <lemma type="they"/>
                </token>
                <token content="are" id="2-9">
                    <pos type="VBP"/>
                    <lemma type="be"/>
                </token>
                <token content="cheaper" id="2-10">
                    <pos type="JJR"/>
                    <lemma type="cheaper"/>
                    <dep head="2-4" type="advcl"/>
                </token>
                <token content="and" id="2-11"/>
                <token content="we" id="2-12">
                    <pos type="PRP"/>
                    <lemma type="we"/>
                    <dep head="2-14" type="nsubj"/>
                </token>
                <token content="can" id="2-13">
                    <pos type="MD"/>
                    <lemma type="can"/>
                    <dep head="2-14" type="aux"/>
                </token>
                <token content="enjoy" id="2-14">
                    <pos type="VB"/>
                    <lemma type="enjoy"/>
                    <dep head="2-2" type="conj"/>
                </token>
                <token content="the" id="2-15">
                    <pos type="DT"/>
                    <lemma type="the"/>
                </token>
                <token content="scenery" id="2-16">
                    <pos type="NN"/>
                    <lemma type="scenery"/>
                    <dep head="2-14" type="dobj"/>
                </token>
                <token content="along" id="2-17"/>
                <token content="the" id="2-18">
                    <pos type="DT"/>
                    <lemma type="the"/>
                </token>
                <token content="way" id="2-19">
                    <pos type="NN"/>
                    <lemma type="way"/>
                </token>
                <token content="." id="2-20"/>
            </sentence>
            <sentence id="3">
                <token content="We" id="3-1">
                    <pos type="PRP"/>
                    <lemma type="we"/>
                    <dep head="3-2" type="nsubj"/>
                </token>
                <token content="arrive" id="3-2">
                    <pos type="VBP"/>
                    <lemma type="arrive"/>
                </token>
                <token content="at" id="3-3"/>
                <token content="the" id="3-4">
                    <pos type="DT"/>
                    <lemma type="the"/>
                </token>
                <token content="train" id="3-5">
                    <pos type="NN"/>
                    <lemma type="train"/>
                </token>
                <token content="station" id="3-6">
                    <pos type="NN"/>
                    <lemma type="station"/>
                    <dep head="3-2" type="prep"/>
                </token>
                <token content="at" id="3-7"/>
                <token content="5:30" id="3-8">
                    <pos type="CD"/>
                    <lemma type="5:30"/>
                </token>
                <token content="am" id="3-9">
                    <pos type="RB"/>
                    <lemma type="am"/>
                </token>
                <token content="," id="3-10"/>
                <token content="snacks" id="3-11">
                    <pos type="NNS"/>
                    <lemma type="snack"/>
                </token>
                <token content="and" id="3-12"/>
                <token content="blankets" id="3-13">
                    <pos type="NNS"/>
                    <lemma type="blanket"/>
                </token>
                <token content="in" id="3-14">
                    <pos type="IN"/>
                    <lemma type="in"/>
                </token>
                <token content="tow" id="3-15">
                    <pos type="RB"/>
                    <lemma type="tow"/>
                </token>
                <token content="in" id="3-16"/>
                <token content="our" id="3-17">
                    <pos type="PRP$"/>
                    <lemma type="we"/>
                </token>
                <token content="bags" id="3-18">
                    <pos type="NNS"/>
                    <lemma type="bag"/>
                    <dep head="3-2" type="prep"/>
                </token>
                <token content="." id="3-19"/>
            </sentence>
            <sentence id="4">
                <token content="We" id="4-1">
                    <pos type="PRP"/>
                    <lemma type="we"/>
                    <dep head="4-2" type="nsubj"/>
                </token>
                <token content="purchased" id="4-2">
                    <pos type="VBD"/>
                    <lemma type="purchase"/>
                </token>
                <token content="our" id="4-3">
                    <pos type="PRP$"/>
                    <lemma type="we"/>
                </token>
                <token content="tickets" id="4-4">
                    <pos type="NNS"/>
                    <lemma type="ticket"/>
                    <dep head="4-2" type="dobj"/>
                </token>
                <token content="the" id="4-5">
                    <pos type="DT"/>
                    <lemma type="the"/>
                </token>
                <token content="other" id="4-6">
                    <pos type="JJ"/>
                    <lemma type="other"/>
                </token>
                <token content="day" id="4-7">
                    <pos type="NN"/>
                    <lemma type="day"/>
                    <dep head="4-2" type="tmod"/>
                </token>
                <token content="," id="4-8"/>
                <token content="so" id="4-9">
                    <pos type="IN"/>
                    <lemma type="so"/>
                    <dep head="4-2" type="dep"/>
                </token>
                <token content="we" id="4-10">
                    <pos type="PRP"/>
                    <lemma type="we"/>
                    <dep head="4-13" type="nsubj"/>
                </token>
                <token content="did" id="4-11">
                    <pos type="VBD"/>
                    <lemma type="do"/>
                    <dep head="4-13" type="aux"/>
                </token>
                <token content="n't" id="4-12">
                    <pos type="RB"/>
                    <lemma type="not"/>
                    <dep head="4-13" type="neg"/>
                </token>
                <token content="have" id="4-13">
                    <pos type="VB"/>
                    <lemma type="have"/>
                    <dep head="4-2" type="parataxis"/>
                </token>
                <token content="to" id="4-14">
                    <pos type="TO"/>
                    <lemma type="to"/>
                    <dep head="4-15" type="aux"/>
                </token>
                <token content="worry" id="4-15">
                    <pos type="VB"/>
                    <lemma type="worry"/>
                    <dep head="4-13" type="xcomp"/>
                </token>
                <token content="about" id="4-16"/>
                <token content="going" id="4-17">
                    <pos type="VBG"/>
                    <lemma type="go"/>
                    <dep head="4-15" type="prepc"/>
                </token>
                <token content="to" id="4-18"/>
                <token content="a" id="4-19">
                    <pos type="DT"/>
                    <lemma type="a"/>
                </token>
                <token content="booth" id="4-20">
                    <pos type="NN"/>
                    <lemma type="booth"/>
                    <dep head="4-17" type="prep"/>
                </token>
                <token content="to" id="4-21">
                    <pos type="TO"/>
                    <lemma type="to"/>
                    <dep head="4-22" type="aux"/>
                </token>
                <token content="buy" id="4-22">
                    <pos type="VB"/>
                    <lemma type="buy"/>
                    <dep head="4-13" type="xcomp"/>
                </token>
                <token content="any" id="4-23">
                    <pos type="DT"/>
                    <lemma type="any"/>
                    <dep head="4-22" type="dobj"/>
                </token>
                <token content="." id="4-24"/>
            </sentence>
            <sentence id="5">
                <token content="We" id="5-1">
                    <pos type="PRP"/>
                    <lemma type="we"/>
                    <dep head="5-2" type="nsubj"/>
                </token>
                <token content="went" id="5-2">
                    <pos type="VBD"/>
                    <lemma type="go"/>
                </token>
                <token content="up" id="5-3">
                    <pos type="RP"/>
                    <lemma type="up"/>
                    <dep head="5-2" type="prt"/>
                </token>
                <token content="to" id="5-4"/>
                <token content="the" id="5-5">
                    <pos type="DT"/>
                    <lemma type="the"/>
                </token>
                <token content="attendant" id="5-6">
                    <pos type="NN"/>
                    <lemma type="attendant"/>
                    <dep head="5-2" type="prep"/>
                </token>
                <token content="who" id="5-7">
                    <pos type="WP"/>
                    <lemma type="who"/>
                    <dep head="5-9" type="nsubj"/>
                </token>
                <token content="was" id="5-8">
                    <pos type="VBD"/>
                    <lemma type="be"/>
                    <dep head="5-9" type="aux"/>
                </token>
                <token content="taking" id="5-9">
                    <pos type="VBG"/>
                    <lemma type="take"/>
                </token>
                <token content="the" id="5-10">
                    <pos type="DT"/>
                    <lemma type="the"/>
                </token>
                <token content="train" id="5-11">
                    <pos type="NN"/>
                    <lemma type="train"/>
                </token>
                <token content="tickets" id="5-12">
                    <pos type="NNS"/>
                    <lemma type="ticket"/>
                    <dep head="5-9" type="dobj"/>
                </token>
                <token content="to" id="5-13">
                    <pos type="TO"/>
                    <lemma type="to"/>
                    <dep head="5-14" type="aux"/>
                </token>
                <token content="allow" id="5-14">
                    <pos type="VB"/>
                    <lemma type="allow"/>
                    <dep head="5-9" type="vmod"/>
                </token>
                <token content="people" id="5-15">
                    <pos type="NNS"/>
                    <lemma type="people"/>
                    <dep head="5-14" type="dobj"/>
                </token>
                <token content="on" id="5-16"/>
                <token content="board" id="5-17">
                    <pos type="NN"/>
                    <lemma type="board"/>
                    <dep head="5-14" type="prep"/>
                </token>
                <token content="," id="5-18"/>
                <token content="and" id="5-19"/>
                <token content="we" id="5-20">
                    <pos type="PRP"/>
                    <lemma type="we"/>
                    <dep head="5-21" type="nsubj"/>
                </token>
                <token content="handed" id="5-21">
                    <pos type="VBD"/>
                    <lemma type="hand"/>
                    <dep head="5-2" type="conj"/>
                </token>
                <token content="him" id="5-22">
                    <pos type="PRP"/>
                    <lemma type="he"/>
                    <dep head="5-21" type="iobj"/>
                </token>
                <token content="ours" id="5-23">
                    <pos type="PRP"/>
                    <lemma type="ours"/>
                    <dep head="5-21" type="dobj"/>
                </token>
                <token content="." id="5-24"/>
            </sentence>
            <sentence id="6">
                <token content="We" id="6-1">
                    <pos type="PRP"/>
                    <lemma type="we"/>
                    <dep head="6-2" type="nsubj"/>
                </token>
                <token content="hopped" id="6-2">
                    <pos type="VBD"/>
                    <lemma type="hop"/>
                </token>
                <token content="onto" id="6-3"/>
                <token content="the" id="6-4">
                    <pos type="DT"/>
                    <lemma type="the"/>
                </token>
                <token content="train" id="6-5">
                    <pos type="NN"/>
                    <lemma type="train"/>
                    <dep head="6-2" type="prep"/>
                </token>
                <token content="and" id="6-6"/>
                <token content="took" id="6-7">
                    <pos type="VBD"/>
                    <lemma type="take"/>
                    <dep head="6-2" type="conj"/>
                </token>
                <token content="our" id="6-8">
                    <pos type="PRP$"/>
                    <lemma type="we"/>
                </token>
                <token content="seats" id="6-9">
                    <pos type="NNS"/>
                    <lemma type="seat"/>
                    <dep head="6-7" type="dobj"/>
                </token>
                <token content="towards" id="6-10"/>
                <token content="the" id="6-11">
                    <pos type="DT"/>
                    <lemma type="the"/>
                </token>
                <token content="back" id="6-12">
                    <pos type="NN"/>
                    <lemma type="back"/>
                    <dep head="6-7" type="prep"/>
                </token>
                <token content="of" id="6-13"/>
                <token content="the" id="6-14">
                    <pos type="DT"/>
                    <lemma type="the"/>
                </token>
                <token content="train" id="6-15">
                    <pos type="NN"/>
                    <lemma type="train"/>
                </token>
                <token content="so" id="6-16">
                    <pos type="RB"/>
                    <lemma type="so"/>
                    <dep head="6-20" type="advmod"/>
                </token>
                <token content="that" id="6-17">
                    <pos type="IN"/>
                    <lemma type="that"/>
                    <dep head="6-20" type="mark"/>
                </token>
                <token content="we" id="6-18">
                    <pos type="PRP"/>
                    <lemma type="we"/>
                    <dep head="6-20" type="nsubj"/>
                </token>
                <token content="could" id="6-19">
                    <pos type="MD"/>
                    <lemma type="could"/>
                    <dep head="6-20" type="aux"/>
                </token>
                <token content="discuss" id="6-20">
                    <pos type="VB"/>
                    <lemma type="discuss"/>
                    <dep head="6-7" type="advcl"/>
                </token>
                <token content="a" id="6-21">
                    <pos type="DT"/>
                    <lemma type="a"/>
                </token>
                <token content="lot" id="6-22">
                    <pos type="NN"/>
                    <lemma type="lot"/>
                    <dep head="6-20" type="dobj"/>
                </token>
                <token content="of" id="6-23"/>
                <token content="what" id="6-24">
                    <pos type="WP"/>
                    <lemma type="what"/>
                    <dep head="6-27" type="dobj"/>
                </token>
                <token content="we" id="6-25">
                    <pos type="PRP"/>
                    <lemma type="we"/>
                    <dep head="6-27" type="nsubj"/>
                </token>
                <token content="were" id="6-26">
                    <pos type="VBD"/>
                    <lemma type="be"/>
                    <dep head="6-27" type="aux"/>
                </token>
                <token content="going" id="6-27">
                    <pos type="VBG"/>
                    <lemma type="go"/>
                </token>
                <token content="to" id="6-28">
                    <pos type="TO"/>
                    <lemma type="to"/>
                    <dep head="6-29" type="aux"/>
                </token>
                <token content="say" id="6-29">
                    <pos type="VB"/>
                    <lemma type="say"/>
                    <dep head="6-27" type="xcomp"/>
                </token>
                <token content="and" id="6-30"/>
                <token content="do" id="6-31">
                    <pos type="VB"/>
                    <lemma type="do"/>
                    <dep head="6-29" type="conj"/>
                </token>
                <token content="in" id="6-32"/>
                <token content="the" id="6-33">
                    <pos type="DT"/>
                    <lemma type="the"/>
                </token>
                <token content="meetings" id="6-34">
                    <pos type="NNS"/>
                    <lemma type="meeting"/>
                    <dep head="6-29" type="prep"/>
                </token>
                <token content="for" id="6-35"/>
                <token content="our" id="6-36">
                    <pos type="PRP$"/>
                    <lemma type="we"/>
                </token>
                <token content="trip" id="6-37">
                    <pos type="NN"/>
                    <lemma type="trip"/>
                </token>
                <token content="without" id="6-38"/>
                <token content="being" id="6-39">
                    <pos type="VBG"/>
                    <lemma type="be"/>
                    <dep head="6-40" type="auxpass"/>
                </token>
                <token content="distracted" id="6-40">
                    <pos type="VBN"/>
                    <lemma type="distract"/>
                    <dep head="6-29" type="prepc"/>
                </token>
                <token content="much" id="6-41">
                    <pos type="RB"/>
                    <lemma type="much"/>
                    <dep head="6-40" type="advmod"/>
                </token>
                <token content="." id="6-42"/>
            </sentence>
            <sentence id="7">
                <token content="As" id="7-1">
                    <pos type="IN"/>
                    <lemma type="as"/>
                    <dep head="7-3" type="mark"/>
                </token>
                <token content="we" id="7-2">
                    <pos type="PRP"/>
                    <lemma type="we"/>
                    <dep head="7-3" type="nsubj"/>
                </token>
                <token content="discussed" id="7-3">
                    <pos type="VBD"/>
                    <lemma type="discuss"/>
                    <dep head="7-12" type="advcl"/>
                </token>
                <token content="our" id="7-4">
                    <pos type="PRP$"/>
                    <lemma type="we"/>
                </token>
                <token content="plans" id="7-5">
                    <pos type="NNS"/>
                    <lemma type="plan"/>
                    <dep head="7-3" type="dobj"/>
                </token>
                <token content="and" id="7-6"/>
                <token content="strategies" id="7-7">
                    <pos type="NNS"/>
                    <lemma type="strategy"/>
                </token>
                <token content="," id="7-8"/>
                <token content="we" id="7-9">
                    <pos type="PRP"/>
                    <lemma type="we"/>
                    <dep head="7-12" type="nsubj"/>
                </token>
                <token content="'d" id="7-10">
                    <pos type="MD"/>
                    <lemma type="would"/>
                    <dep head="7-12" type="aux"/>
                </token>
                <token content="occasionally" id="7-11">
                    <pos type="RB"/>
                    <lemma type="occasionally"/>
                    <dep head="7-12" type="advmod"/>
                </token>
                <token content="look" id="7-12">
                    <pos type="VB"/>
                    <lemma type="look"/>
                </token>
                <token content="out" id="7-13">
                    <pos type="RP"/>
                    <lemma type="out"/>
                    <dep head="7-12" type="prt"/>
                </token>
                <token content="the" id="7-14">
                    <pos type="DT"/>
                    <lemma type="the"/>
                </token>
                <token content="window" id="7-15">
                    <pos type="NN"/>
                    <lemma type="window"/>
                    <dep head="7-12" type="dobj"/>
                </token>
                <token content="and" id="7-16"/>
                <token content="see" id="7-17">
                    <pos type="VB"/>
                    <lemma type="see"/>
                    <dep head="7-12" type="conj"/>
                </token>
                <token content="lush" id="7-18">
                    <pos type="JJ"/>
                    <lemma type="lush"/>
                </token>
                <token content="trees" id="7-19">
                    <pos type="NNS"/>
                    <lemma type="tree"/>
                    <dep head="7-17" type="dobj"/>
                </token>
                <token content="and" id="7-20"/>
                <token content="valleys" id="7-21">
                    <pos type="NNS"/>
                    <lemma type="valley"/>
                </token>
                <token content="," id="7-22"/>
                <token content="animals" id="7-23">
                    <pos type="NNS"/>
                    <lemma type="animal"/>
                </token>
                <token content="," id="7-24"/>
                <token content="plains" id="7-25">
                    <pos type="NNS"/>
                    <lemma type="plain"/>
                </token>
                <token content="," id="7-26"/>
                <token content="and" id="7-27"/>
                <token content="all" id="7-28">
                    <pos type="DT"/>
                    <lemma type="all"/>
                </token>
                <token content="manner" id="7-29">
                    <pos type="NN"/>
                    <lemma type="manner"/>
                </token>
                <token content="of" id="7-30"/>
                <token content="environments" id="7-31">
                    <pos type="NNS"/>
                    <lemma type="environment"/>
                </token>
                <token content="as" id="7-32">
                    <pos type="IN"/>
                    <lemma type="as"/>
                    <dep head="7-34" type="mark"/>
                </token>
                <token content="we" id="7-33">
                    <pos type="PRP"/>
                    <lemma type="we"/>
                    <dep head="7-34" type="nsubj"/>
                </token>
                <token content="traveled" id="7-34">
                    <pos type="VBD"/>
                    <lemma type="travel"/>
                    <dep head="7-17" type="advcl"/>
                </token>
                <token content="from" id="7-35"/>
                <token content="state" id="7-36">
                    <pos type="NN"/>
                    <lemma type="state"/>
                    <dep head="7-34" type="prep"/>
                </token>
                <token content="to" id="7-37"/>
                <token content="state" id="7-38">
                    <pos type="NN"/>
                    <lemma type="state"/>
                    <dep head="7-34" type="prep"/>
                </token>
                <token content="." id="7-39"/>
            </sentence>
            <sentence id="8">
                <token content="We" id="8-1">
                    <pos type="PRP"/>
                    <lemma type="we"/>
                    <dep head="8-2" type="nsubj"/>
                </token>
                <token content="had" id="8-2">
                    <pos type="VBD"/>
                    <lemma type="have"/>
                </token>
                <token content="to" id="8-3">
                    <pos type="TO"/>
                    <lemma type="to"/>
                    <dep head="8-4" type="aux"/>
                </token>
                <token content="switch" id="8-4">
                    <pos type="VB"/>
                    <lemma type="switch"/>
                    <dep head="8-2" type="xcomp"/>
                </token>
                <token content="trains" id="8-5">
                    <pos type="NNS"/>
                    <lemma type="train"/>
                    <dep head="8-4" type="iobj"/>
                </token>
                <token content="a" id="8-6">
                    <pos type="DT"/>
                    <lemma type="a"/>
                </token>
                <token content="few" id="8-7">
                    <pos type="JJ"/>
                    <lemma type="few"/>
                </token>
                <token content="times" id="8-8">
                    <pos type="NNS"/>
                    <lemma type="time"/>
                    <dep head="8-4" type="dobj"/>
                </token>
                <token content="at" id="8-9"/>
                <token content="different" id="8-10">
                    <pos type="JJ"/>
                    <lemma type="different"/>
                </token>
                <token content="stations" id="8-11">
                    <pos type="NNS"/>
                    <lemma type="station"/>
                    <dep head="8-4" type="prep"/>
                </token>
                <token content="," id="8-12"/>
                <token content="but" id="8-13"/>
                <token content="the" id="8-14">
                    <pos type="DT"/>
                    <lemma type="the"/>
                </token>
                <token content="process" id="8-15">
                    <pos type="NN"/>
                    <lemma type="process"/>
                </token>
                <token content="was" id="8-16">
                    <pos type="VBD"/>
                    <lemma type="be"/>
                </token>
                <token content="pretty" id="8-17">
                    <pos type="RB"/>
                    <lemma type="pretty"/>
                </token>
                <token content="smooth" id="8-18">
                    <pos type="JJ"/>
                    <lemma type="smooth"/>
                    <dep head="8-2" type="conj"/>
                </token>
                <token content="and" id="8-19"/>
                <token content="it" id="8-20">
                    <pos type="PRP"/>
                    <lemma type="it"/>
                </token>
                <token content="is" id="8-21">
                    <pos type="VBZ"/>
                    <lemma type="be"/>
                </token>
                <token content="always" id="8-22">
                    <pos type="RB"/>
                    <lemma type="always"/>
                </token>
                <token content="nice" id="8-23">
                    <pos type="JJ"/>
                    <lemma type="nice"/>
                </token>
                <token content="to" id="8-24">
                    <pos type="TO"/>
                    <lemma type="to"/>
                    <dep head="8-25" type="aux"/>
                </token>
                <token content="hear" id="8-25">
                    <pos type="VB"/>
                    <lemma type="hear"/>
                </token>
                <token content="that" id="8-26">
                    <pos type="DT"/>
                    <lemma type="that"/>
                </token>
                <token content="whistle" id="8-27">
                    <pos type="NN"/>
                    <lemma type="whistle"/>
                    <dep head="8-25" type="dobj"/>
                </token>
                <token content="and" id="8-28"/>
                <token content="the" id="8-29">
                    <pos type="DT"/>
                    <lemma type="the"/>
                </token>
                <token content="ALL" id="8-30">
                    <pos type="NNP"/>
                    <lemma type="ALL"/>
                </token>
                <token content="ABOARD" id="8-31">
                    <pos type="NNP"/>
                    <lemma type="ABOARD"/>
                </token>
                <token content="!" id="8-32"/>
            </sentence>
            <sentence id="9">
                <token content="When" id="9-1">
                    <pos type="WRB"/>
                    <lemma type="when"/>
                    <dep head="9-3" type="advmod"/>
                </token>
                <token content="we" id="9-2">
                    <pos type="PRP"/>
                    <lemma type="we"/>
                    <dep head="9-3" type="nsubj"/>
                </token>
                <token content="arrived" id="9-3">
                    <pos type="VBD"/>
                    <lemma type="arrive"/>
                    <dep head="9-9" type="advcl"/>
                </token>
                <token content="at" id="9-4"/>
                <token content="our" id="9-5">
                    <pos type="PRP$"/>
                    <lemma type="we"/>
                </token>
                <token content="destination" id="9-6">
                    <pos type="NN"/>
                    <lemma type="destination"/>
                    <dep head="9-3" type="prep"/>
                </token>
                <token content="," id="9-7"/>
                <token content="we" id="9-8">
                    <pos type="PRP"/>
                    <lemma type="we"/>
                    <dep head="9-9" type="nsubj"/>
                </token>
                <token content="got" id="9-9">
                    <pos type="VBD"/>
                    <lemma type="get"/>
                </token>
                <token content="off" id="9-10"/>
                <token content="of" id="9-11"/>
                <token content="the" id="9-12">
                    <pos type="DT"/>
                    <lemma type="the"/>
                </token>
                <token content="train" id="9-13">
                    <pos type="NN"/>
                    <lemma type="train"/>
                    <dep head="9-9" type="prep"/>
                </token>
                <token content="," id="9-14"/>
                <token content="exited" id="9-15">
                    <pos type="VBD"/>
                    <lemma type="exit"/>
                    <dep head="9-9" type="conj"/>
                </token>
                <token content="the" id="9-16">
                    <pos type="DT"/>
                    <lemma type="the"/>
                </token>
                <token content="train" id="9-17">
                    <pos type="NN"/>
                    <lemma type="train"/>
                </token>
                <token content="station" id="9-18">
                    <pos type="NN"/>
                    <lemma type="station"/>
                    <dep head="9-15" type="dobj"/>
                </token>
                <token content="," id="9-19"/>
                <token content="and" id="9-20"/>
                <token content="made" id="9-21">
                    <pos type="VBD"/>
                    <lemma type="make"/>
                    <dep head="9-9" type="conj"/>
                </token>
                <token content="our" id="9-22">
                    <pos type="PRP$"/>
                    <lemma type="we"/>
                </token>
                <token content="way" id="9-23">
                    <pos type="NN"/>
                    <lemma type="way"/>
                    <dep head="9-21" type="dobj"/>
                </token>
                <token content="to" id="9-24"/>
                <token content="52nd" id="9-25">
                    <pos type="JJ"/>
                    <lemma type="52nd"/>
                </token>
                <token content="Street" id="9-26">
                    <pos type="NNP"/>
                    <lemma type="Street"/>
                    <dep head="9-21" type="prep"/>
                </token>
                <token content="in" id="9-27"/>
                <token content="our" id="9-28">
                    <pos type="PRP$"/>
                    <lemma type="we"/>
                </token>
                <token content="rental" id="9-29">
                    <pos type="JJ"/>
                    <lemma type="rental"/>
                </token>
                <token content="car" id="9-30">
                    <pos type="NN"/>
                    <lemma type="car"/>
                    <dep head="9-21" type="prep"/>
                </token>
                <token content="." id="9-31"/>
            </sentence>
        </sentences>
    </text>
    <annotations>
        <participants>
            <label from="1-3" id="0" name="ScrPart_passenger" text="I" type="participant"/>
            <label from="1-7" id="1" name="ScrPart_destination" text="New York" to="1-8" type="participant"/>
            <label from="1-11" id="2" name="ScrPart_trip" text="business trip" to="1-12" type="participant"/>
            <label from="1-12" id="3" name="ScrPart_trip" text="trip" type="participant"/>
            <label from="1-15" id="4" name="ScrPart_passenger" text="co-worker" type="participant"/>
            <label from="2-1" id="5" name="ScrPart_passenger" text="We" type="participant"/>
            <label from="2-6" id="6" name="ScrPart_train" text="trains" type="participant"/>
            <label from="2-8" id="7" name="ScrPart_train" text="they" type="participant"/>
            <label from="2-12" id="8" name="ScrPart_passenger" text="we" type="participant"/>
            <label from="2-16" id="9" name="ScrPart_location_train" text="scenery" type="participant"/>
            <label from="2-19" id="10" name="NPart" text="way" type="participant"/>
            <label from="3-1" id="11" name="ScrPart_passenger" text="We" type="participant"/>
            <label from="3-5" id="12" name="ScrPart_train_station" text="train station" to="3-6" type="participant"/>
            <label from="3-6" id="13" name="ScrPart_train_station" text="station" type="participant"/>
            <label from="3-8" id="14" name="ScrPart_time_date" text="5:30 am" to="3-9" type="participant"/>
            <label from="3-11" id="15" name="ScrPart_personal_belongings" text="snacks" type="participant"/>
            <label from="3-13" id="16" name="ScrPart_personal_belongings" text="blankets" type="participant"/>
            <label from="3-15" id="17" name="No_label" text="tow" type="participant"/>
            <label from="3-17" id="18" name="ScrPart_passenger" text="our" type="participant"/>
            <label from="3-18" id="19" name="ScrPart_luggage" text="bags" type="participant"/>
            <label from="4-1" id="20" name="ScrPart_passenger" text="We" type="participant"/>
            <label from="4-3" id="21" name="ScrPart_passenger" text="our" type="participant"/>
            <label from="4-4" id="22" name="ScrPart_card/ticket" text="tickets" type="participant"/>
            <label from="4-7" id="23" name="ScrPart_time_date" text="day" type="participant"/>
            <label from="4-10" id="24" name="ScrPart_passenger" text="we" type="participant"/>
            <label from="4-20" id="25" name="ScrPart_ticket_office/website" text="booth" type="participant"/>
            <label from="5-1" id="26" name="ScrPart_passenger" text="We" type="participant"/>
            <label from="5-6" id="27" name="ScrPart_train_staff" text="attendant" type="participant"/>
            <label from="5-7" id="28" name="ScrPart_train_staff" text="who" type="participant"/>
            <label from="5-11" id="29" name="ScrPart_card/ticket" text="train tickets" to="5-12" type="participant"/>
            <label from="5-12" id="30" name="ScrPart_card/ticket" text="tickets" type="participant"/>
            <label from="5-15" id="31" name="ScrPart_passenger" text="people" type="participant"/>
            <label from="5-17" id="32" name="NPart" text="board" type="participant"/>
            <label from="5-20" id="33" name="ScrPart_passenger" text="we" type="participant"/>
            <label from="5-22" id="34" name="ScrPart_train_staff" text="him" type="participant"/>
            <label from="5-23" id="35" name="ScrPart_card/ticket" text="ours" type="participant"/>
            <label from="6-1" id="36" name="ScrPart_passenger" text="We" type="participant"/>
            <label from="6-5" id="37" name="ScrPart_train" text="train" type="participant"/>
            <label from="6-8" id="38" name="ScrPart_passenger" text="our" type="participant"/>
            <label from="6-9" id="39" name="ScrPart_seat" text="seats" type="participant"/>
            <label from="6-12" id="40" name="NPart" text="back" type="participant"/>
            <label from="6-15" id="41" name="ScrPart_train" text="train" type="participant"/>
            <label from="6-18" id="42" name="ScrPart_passenger" text="we" type="participant"/>
            <label from="6-22" id="43" name="Head_of_Partitive" text="lot" type="participant"/>
            <label from="6-24" id="44" name="NPart" text="what" type="participant"/>
            <label from="6-25" id="45" name="ScrPart_passenger" text="we" type="participant"/>
            <label from="6-34" id="46" name="NPart" text="meetings" type="participant"/>
            <label from="6-36" id="47" name="ScrPart_passenger" text="our" type="participant"/>
            <label from="6-37" id="48" name="ScrPart_trip" text="trip" type="participant"/>
            <label from="7-2" id="49" name="ScrPart_passenger" text="we" type="participant"/>
            <label from="7-4" id="50" name="ScrPart_passenger" text="our" type="participant"/>
            <label from="7-5" id="51" name="NPart" text="plans" type="participant"/>
            <label from="7-7" id="52" name="NPart" text="strategies" type="participant"/>
            <label from="7-9" id="53" name="ScrPart_passenger" text="we" type="participant"/>
            <label from="7-15" id="54" name="ScrPart_in-train_entertainment" text="window" type="participant"/>
            <label from="7-19" id="55" name="NPart" text="trees" type="participant"/>
            <label from="7-21" id="56" name="NPart" text="valleys" type="participant"/>
            <label from="7-23" id="57" name="NPart" text="animals" type="participant"/>
            <label from="7-25" id="58" name="NPart" text="plains" type="participant"/>
            <label from="7-29" id="59" name="Head_of_Partitive" text="manner" type="participant"/>
            <label from="7-31" id="60" name="NPart" text="environments" type="participant"/>
            <label from="7-33" id="61" name="ScrPart_passenger" text="we" type="participant"/>
            <label from="7-36" id="62" name="NPart" text="state" type="participant"/>
            <label from="7-38" id="63" name="NPart" text="state" type="participant"/>
            <label from="8-1" id="64" name="ScrPart_passenger" text="We" type="participant"/>
            <label from="8-5" id="65" name="ScrPart_train" text="trains" type="participant"/>
            <label from="8-8" id="66" name="No_label" text="times" type="participant"/>
            <label from="8-11" id="67" name="ScrPart_train_station" text="stations" type="participant"/>
            <label from="8-15" id="68" name="NPart" text="process" type="participant"/>
            <label from="8-20" id="69" name="No_label" text="it" type="participant"/>
            <label from="8-27" id="70" name="NPart" text="whistle" type="participant"/>
            <label from="8-30" id="71" name="NPart" text="ALL ABOARD" to="8-31" type="participant"/>
            <label from="9-2" id="72" name="ScrPart_passenger" text="we" type="participant"/>
            <label from="9-5" id="73" name="ScrPart_passenger" text="our" type="participant"/>
            <label from="9-6" id="74" name="ScrPart_destination" text="destination" type="participant"/>
            <label from="9-8" id="75" name="ScrPart_passenger" text="we" type="participant"/>
            <label from="9-13" id="76" name="ScrPart_train" text="train" type="participant"/>
            <label from="9-17" id="77" name="ScrPart_train_station" text="train station" to="9-18" type="participant"/>
            <label from="9-18" id="78" name="ScrPart_train_station" text="station" type="participant"/>
            <label from="9-22" id="79" name="ScrPart_passenger" text="our" type="participant"/>
            <label from="9-23" id="80" name="No_label" text="way" type="participant"/>
            <label from="9-25" id="81" name="NPart" text="52nd Street" to="9-26" type="participant"/>
            <label from="9-26" id="82" name="NPart" text="Street" type="participant"/>
            <label from="9-28" id="83" name="ScrPart_passenger" text="our" type="participant"/>
            <label from="9-30" id="84" name="NPart" text="car" type="participant"/>
        </participants>
        <events>
            <label from="1-5" id="85" name="RelNScrEv" text="heading" type="event"/>
            <label from="2-2" id="86" name="UnrelEv" text="prefer" type="event"/>
            <label from="2-4" id="87" name="Evoking" text="ride on trains" to="2-6" type="event"/>
            <label from="2-9" id="88" name="UnrelEv" text="are" type="event"/>
            <label from="2-14" id="89" name="ScrEv_spend_time_train" text="enjoy" type="event"/>
            <label from="3-2" id="90" name="ScrEv_get_train_station" text="arrive" type="event"/>
            <label from="4-2" id="91" name="ScrEv_get_tickets" text="purchased" type="event"/>
            <label from="4-15" id="92" name="UnrelEv" text="worry" type="event"/>
            <label from="4-17" id="93" name="RelNScrEv" text="going" type="event"/>
            <label from="4-22" id="94" name="ScrEv_get_tickets" text="buy" type="event"/>
            <label from="5-2" id="95" name="RelNScrEv" text="went" type="event"/>
            <label from="5-9" id="96" name="ScrEv_conductor_checks" text="taking" type="event"/>
            <label from="5-14" id="97" name="RelNScrEv" text="allow" type="event"/>
            <label from="5-21" id="98" name="ScrEv_conductor_checks" text="handed" type="event"/>
            <label from="6-2" id="99" name="ScrEv_get_on" text="hopped" type="event"/>
            <label from="6-7" id="100" name="ScrEv_find_place" text="took" type="event"/>
            <label from="6-20" id="101" name="ScrEv_spend_time_train" text="discuss" type="event"/>
            <label from="6-29" id="102" name="UnrelEv" text="say" type="event"/>
            <label from="6-31" id="103" name="UnrelEv" text="do" type="event"/>
            <label from="6-40" id="104" name="UnrelEv" text="distracted" type="event"/>
            <label from="7-3" id="105" name="ScrEv_spend_time_train" text="discussed" type="event"/>
            <label from="7-12" id="106" name="ScrEv_spend_time_train" text="look" type="event"/>
            <label from="7-17" id="107" name="ScrEv_spend_time_train" text="see" type="event"/>
            <label from="7-34" id="108" name="RelNScrEv" text="traveled" type="event"/>
            <label from="8-4" id="109" name="ScrEv_other" text="switch" type="event"/>
            <label from="8-16" id="110" name="UnrelEv" text="was" type="event"/>
            <label from="8-21" id="111" name="UnrelEv" text="is" type="event"/>
            <label from="8-25" id="112" name="RelNScrEv" text="hear" type="event"/>
            <label from="9-3" id="113" name="ScrEv_arrive_destination" text="arrived" type="event"/>
            <label from="9-9" id="114" name="ScrEv_get_off" text="got off" to="9-10" type="event"/>
            <label from="9-15" id="115" name="RelNScrEv" text="exited" type="event"/>
            <label from="9-21" id="116" name="UnrelEv" text="made" type="event"/>
        </events>
        <chains>
            <chain elements="0 5 4" name="coref_group_I_co-worker"/>
            <chain elements="6 7 37 41 65 76"/>
            <chain elements="5 8 11 18 20 21 24 26 33 36 38 42 45 47 49 50 53 61 64 72 73 75 79 83"/>
            <chain elements="27 28 34"/>
            <chain elements="22 30 35"/>
            <chain elements="26 31" name="coref_group_we_passenger"/>
            <chain elements="13 67 78"/>
            <chain elements="1 74"/>
            <chain elements="3 48"/>
        </chains>
    </annotations>
</story>
