<?xml version="1.0" encoding="UTF-8" standalone="no"?>
<!DOCTYPE story SYSTEM "../InScript.dtd">
<story id="024" scenario="train">
    <text>
        <content>Traveling by train can be very convenient and\/or relaxing . 
Some trains , like commuter trains , can get you into a city without having to rely on cars or walking . 
This is very quick , affordable , and convenient ! 
You simply hop on the train at your stop and hop off when you need to . 
Most commuter trains offer passes that are a great discount for people who ride it often . 
Other trains travel long distances . 
Perhaps you do n't like to fly or do n't want to drive your car a long distance . 
If you ride a train , you can see the beautiful scenery as you travel but you are free to walk around , read , chat , or even grab a bite to eat ! 
Some trains also have sleeper cars so travelers can be well-rested when they arrive at their destination . 
There are many conveniences to going on a train that make it a great option for getting from point A to point B ! </content>
        <sentences>
            <sentence id="1">
                <token content="Traveling" id="1-1">
                    <pos type="VBG"/>
                    <lemma type="travel"/>
                </token>
                <token content="by" id="1-2"/>
                <token content="train" id="1-3">
                    <pos type="NN"/>
                    <lemma type="train"/>
                    <dep head="1-1" type="prep"/>
                </token>
                <token content="can" id="1-4">
                    <pos type="MD"/>
                    <lemma type="can"/>
                </token>
                <token content="be" id="1-5">
                    <pos type="VB"/>
                    <lemma type="be"/>
                </token>
                <token content="very" id="1-6">
                    <pos type="RB"/>
                    <lemma type="very"/>
                </token>
                <token content="convenient" id="1-7">
                    <pos type="JJ"/>
                    <lemma type="convenient"/>
                    <dep head="1-1" type="dep"/>
                </token>
                <token content="and\/or" id="1-8">
                    <pos type="NN"/>
                    <lemma type="and\/or"/>
                    <dep head="1-1" type="nsubj"/>
                </token>
                <token content="relaxing" id="1-9">
                    <pos type="VBG"/>
                    <lemma type="relax"/>
                </token>
                <token content="." id="1-10"/>
            </sentence>
            <sentence id="2">
                <token content="Some" id="2-1">
                    <pos type="DT"/>
                    <lemma type="some"/>
                </token>
                <token content="trains" id="2-2">
                    <pos type="NNS"/>
                    <lemma type="train"/>
                    <dep head="2-9" type="nsubj"/>
                </token>
                <token content="," id="2-3"/>
                <token content="like" id="2-4"/>
                <token content="commuter" id="2-5">
                    <pos type="NN"/>
                    <lemma type="commuter"/>
                </token>
                <token content="trains" id="2-6">
                    <pos type="NNS"/>
                    <lemma type="train"/>
                    <dep head="2-9" type="prep"/>
                </token>
                <token content="," id="2-7"/>
                <token content="can" id="2-8">
                    <pos type="MD"/>
                    <lemma type="can"/>
                    <dep head="2-9" type="aux"/>
                </token>
                <token content="get" id="2-9">
                    <pos type="VB"/>
                    <lemma type="get"/>
                </token>
                <token content="you" id="2-10">
                    <pos type="PRP"/>
                    <lemma type="you"/>
                    <dep head="2-9" type="dobj"/>
                </token>
                <token content="into" id="2-11"/>
                <token content="a" id="2-12">
                    <pos type="DT"/>
                    <lemma type="a"/>
                </token>
                <token content="city" id="2-13">
                    <pos type="NN"/>
                    <lemma type="city"/>
                    <dep head="2-9" type="prep"/>
                </token>
                <token content="without" id="2-14"/>
                <token content="having" id="2-15">
                    <pos type="VBG"/>
                    <lemma type="have"/>
                    <dep head="2-9" type="prepc"/>
                </token>
                <token content="to" id="2-16">
                    <pos type="TO"/>
                    <lemma type="to"/>
                    <dep head="2-17" type="aux"/>
                </token>
                <token content="rely" id="2-17">
                    <pos type="VB"/>
                    <lemma type="rely"/>
                    <dep head="2-15" type="xcomp"/>
                </token>
                <token content="on" id="2-18"/>
                <token content="cars" id="2-19">
                    <pos type="NNS"/>
                    <lemma type="car"/>
                    <dep head="2-17" type="prep"/>
                </token>
                <token content="or" id="2-20"/>
                <token content="walking" id="2-21">
                    <pos type="NN"/>
                    <lemma type="walking"/>
                </token>
                <token content="." id="2-22"/>
            </sentence>
            <sentence id="3">
                <token content="This" id="3-1">
                    <pos type="DT"/>
                    <lemma type="this"/>
                </token>
                <token content="is" id="3-2">
                    <pos type="VBZ"/>
                    <lemma type="be"/>
                </token>
                <token content="very" id="3-3">
                    <pos type="RB"/>
                    <lemma type="very"/>
                </token>
                <token content="quick" id="3-4">
                    <pos type="JJ"/>
                    <lemma type="quick"/>
                </token>
                <token content="," id="3-5"/>
                <token content="affordable" id="3-6">
                    <pos type="JJ"/>
                    <lemma type="affordable"/>
                </token>
                <token content="," id="3-7"/>
                <token content="and" id="3-8"/>
                <token content="convenient" id="3-9">
                    <pos type="JJ"/>
                    <lemma type="convenient"/>
                </token>
                <token content="!" id="3-10"/>
            </sentence>
            <sentence id="4">
                <token content="You" id="4-1">
                    <pos type="PRP"/>
                    <lemma type="you"/>
                    <dep head="4-3" type="nsubj"/>
                </token>
                <token content="simply" id="4-2">
                    <pos type="RB"/>
                    <lemma type="simply"/>
                    <dep head="4-3" type="advmod"/>
                </token>
                <token content="hop" id="4-3">
                    <pos type="VBD"/>
                    <lemma type="hop"/>
                </token>
                <token content="on" id="4-4"/>
                <token content="the" id="4-5">
                    <pos type="DT"/>
                    <lemma type="the"/>
                </token>
                <token content="train" id="4-6">
                    <pos type="NN"/>
                    <lemma type="train"/>
                    <dep head="4-3" type="prep"/>
                </token>
                <token content="at" id="4-7"/>
                <token content="your" id="4-8">
                    <pos type="PRP$"/>
                    <lemma type="you"/>
                </token>
                <token content="stop" id="4-9">
                    <pos type="NN"/>
                    <lemma type="stop"/>
                </token>
                <token content="and" id="4-10"/>
                <token content="hop" id="4-11">
                    <pos type="NN"/>
                    <lemma type="hop"/>
                </token>
                <token content="off" id="4-12"/>
                <token content="when" id="4-13">
                    <pos type="WRB"/>
                    <lemma type="when"/>
                    <dep head="4-15" type="advmod"/>
                </token>
                <token content="you" id="4-14">
                    <pos type="PRP"/>
                    <lemma type="you"/>
                    <dep head="4-15" type="nsubj"/>
                </token>
                <token content="need" id="4-15">
                    <pos type="VBP"/>
                    <lemma type="need"/>
                    <dep head="4-3" type="prepc"/>
                </token>
                <token content="to" id="4-16">
                    <pos type="TO"/>
                    <lemma type="to"/>
                    <dep head="4-15" type="prep"/>
                </token>
                <token content="." id="4-17"/>
            </sentence>
            <sentence id="5">
                <token content="Most" id="5-1">
                    <pos type="JJS"/>
                    <lemma type="most"/>
                </token>
                <token content="commuter" id="5-2">
                    <pos type="NN"/>
                    <lemma type="commuter"/>
                </token>
                <token content="trains" id="5-3">
                    <pos type="NNS"/>
                    <lemma type="train"/>
                    <dep head="5-4" type="nsubj"/>
                </token>
                <token content="offer" id="5-4">
                    <pos type="VBP"/>
                    <lemma type="offer"/>
                </token>
                <token content="passes" id="5-5">
                    <pos type="NNS"/>
                    <lemma type="pass"/>
                    <dep head="5-4" type="dobj"/>
                </token>
                <token content="that" id="5-6">
                    <pos type="WDT"/>
                    <lemma type="that"/>
                </token>
                <token content="are" id="5-7">
                    <pos type="VBP"/>
                    <lemma type="be"/>
                </token>
                <token content="a" id="5-8">
                    <pos type="DT"/>
                    <lemma type="a"/>
                </token>
                <token content="great" id="5-9">
                    <pos type="JJ"/>
                    <lemma type="great"/>
                </token>
                <token content="discount" id="5-10">
                    <pos type="NN"/>
                    <lemma type="discount"/>
                </token>
                <token content="for" id="5-11"/>
                <token content="people" id="5-12">
                    <pos type="NNS"/>
                    <lemma type="people"/>
                </token>
                <token content="who" id="5-13">
                    <pos type="WP"/>
                    <lemma type="who"/>
                    <dep head="5-14" type="nsubj"/>
                </token>
                <token content="ride" id="5-14">
                    <pos type="VBP"/>
                    <lemma type="ride"/>
                </token>
                <token content="it" id="5-15">
                    <pos type="PRP"/>
                    <lemma type="it"/>
                    <dep head="5-14" type="dobj"/>
                </token>
                <token content="often" id="5-16">
                    <pos type="RB"/>
                    <lemma type="often"/>
                    <dep head="5-14" type="advmod"/>
                </token>
                <token content="." id="5-17"/>
            </sentence>
            <sentence id="6">
                <token content="Other" id="6-1">
                    <pos type="JJ"/>
                    <lemma type="other"/>
                </token>
                <token content="trains" id="6-2">
                    <pos type="NNS"/>
                    <lemma type="train"/>
                    <dep head="6-3" type="nsubj"/>
                </token>
                <token content="travel" id="6-3">
                    <pos type="VBP"/>
                    <lemma type="travel"/>
                </token>
                <token content="long" id="6-4">
                    <pos type="JJ"/>
                    <lemma type="long"/>
                </token>
                <token content="distances" id="6-5">
                    <pos type="NNS"/>
                    <lemma type="distance"/>
                    <dep head="6-3" type="dobj"/>
                </token>
                <token content="." id="6-6"/>
            </sentence>
            <sentence id="7">
                <token content="Perhaps" id="7-1">
                    <pos type="RB"/>
                    <lemma type="perhaps"/>
                    <dep head="7-5" type="advmod"/>
                </token>
                <token content="you" id="7-2">
                    <pos type="PRP"/>
                    <lemma type="you"/>
                    <dep head="7-5" type="nsubj"/>
                </token>
                <token content="do" id="7-3">
                    <pos type="VBP"/>
                    <lemma type="do"/>
                    <dep head="7-5" type="aux"/>
                </token>
                <token content="n't" id="7-4">
                    <pos type="RB"/>
                    <lemma type="not"/>
                    <dep head="7-5" type="neg"/>
                </token>
                <token content="like" id="7-5">
                    <pos type="VB"/>
                    <lemma type="like"/>
                </token>
                <token content="to" id="7-6">
                    <pos type="TO"/>
                    <lemma type="to"/>
                    <dep head="7-7" type="aux"/>
                </token>
                <token content="fly" id="7-7">
                    <pos type="VB"/>
                    <lemma type="fly"/>
                    <dep head="7-5" type="xcomp"/>
                </token>
                <token content="or" id="7-8"/>
                <token content="do" id="7-9">
                    <pos type="VBP"/>
                    <lemma type="do"/>
                    <dep head="7-11" type="aux"/>
                </token>
                <token content="n't" id="7-10">
                    <pos type="RB"/>
                    <lemma type="not"/>
                    <dep head="7-11" type="neg"/>
                </token>
                <token content="want" id="7-11">
                    <pos type="VB"/>
                    <lemma type="want"/>
                    <dep head="7-5" type="conj"/>
                </token>
                <token content="to" id="7-12">
                    <pos type="TO"/>
                    <lemma type="to"/>
                    <dep head="7-13" type="aux"/>
                </token>
                <token content="drive" id="7-13">
                    <pos type="VB"/>
                    <lemma type="drive"/>
                    <dep head="7-11" type="xcomp"/>
                </token>
                <token content="your" id="7-14">
                    <pos type="PRP$"/>
                    <lemma type="you"/>
                </token>
                <token content="car" id="7-15">
                    <pos type="NN"/>
                    <lemma type="car"/>
                    <dep head="7-13" type="dobj"/>
                </token>
                <token content="a" id="7-16">
                    <pos type="DT"/>
                    <lemma type="a"/>
                </token>
                <token content="long" id="7-17">
                    <pos type="JJ"/>
                    <lemma type="long"/>
                </token>
                <token content="distance" id="7-18">
                    <pos type="NN"/>
                    <lemma type="distance"/>
                    <dep head="7-5" type="dobj"/>
                </token>
                <token content="." id="7-19"/>
            </sentence>
            <sentence id="8">
                <token content="If" id="8-1">
                    <pos type="IN"/>
                    <lemma type="if"/>
                    <dep head="8-3" type="mark"/>
                </token>
                <token content="you" id="8-2">
                    <pos type="PRP"/>
                    <lemma type="you"/>
                    <dep head="8-3" type="nsubj"/>
                </token>
                <token content="ride" id="8-3">
                    <pos type="VBP"/>
                    <lemma type="ride"/>
                    <dep head="8-9" type="advcl"/>
                </token>
                <token content="a" id="8-4">
                    <pos type="DT"/>
                    <lemma type="a"/>
                </token>
                <token content="train" id="8-5">
                    <pos type="NN"/>
                    <lemma type="train"/>
                    <dep head="8-3" type="dobj"/>
                </token>
                <token content="," id="8-6"/>
                <token content="you" id="8-7">
                    <pos type="PRP"/>
                    <lemma type="you"/>
                    <dep head="8-9" type="nsubj"/>
                </token>
                <token content="can" id="8-8">
                    <pos type="MD"/>
                    <lemma type="can"/>
                    <dep head="8-9" type="aux"/>
                </token>
                <token content="see" id="8-9">
                    <pos type="VB"/>
                    <lemma type="see"/>
                </token>
                <token content="the" id="8-10">
                    <pos type="DT"/>
                    <lemma type="the"/>
                </token>
                <token content="beautiful" id="8-11">
                    <pos type="JJ"/>
                    <lemma type="beautiful"/>
                </token>
                <token content="scenery" id="8-12">
                    <pos type="NN"/>
                    <lemma type="scenery"/>
                    <dep head="8-9" type="dobj"/>
                </token>
                <token content="as" id="8-13">
                    <pos type="IN"/>
                    <lemma type="as"/>
                    <dep head="8-15" type="mark"/>
                </token>
                <token content="you" id="8-14">
                    <pos type="PRP"/>
                    <lemma type="you"/>
                    <dep head="8-15" type="nsubj"/>
                </token>
                <token content="travel" id="8-15">
                    <pos type="VBP"/>
                    <lemma type="travel"/>
                    <dep head="8-9" type="advcl"/>
                </token>
                <token content="but" id="8-16">
                    <pos type="CC"/>
                    <lemma type="but"/>
                </token>
                <token content="you" id="8-17">
                    <pos type="PRP"/>
                    <lemma type="you"/>
                </token>
                <token content="are" id="8-18">
                    <pos type="VBP"/>
                    <lemma type="be"/>
                </token>
                <token content="free" id="8-19">
                    <pos type="JJ"/>
                    <lemma type="free"/>
                    <dep head="8-15" type="ccomp"/>
                </token>
                <token content="to" id="8-20">
                    <pos type="TO"/>
                    <lemma type="to"/>
                    <dep head="8-21" type="aux"/>
                </token>
                <token content="walk" id="8-21">
                    <pos type="VB"/>
                    <lemma type="walk"/>
                </token>
                <token content="around" id="8-22">
                    <pos type="RP"/>
                    <lemma type="around"/>
                    <dep head="8-21" type="prt"/>
                </token>
                <token content="," id="8-23"/>
                <token content="read" id="8-24">
                    <pos type="VB"/>
                    <lemma type="read"/>
                    <dep head="8-21" type="conj"/>
                </token>
                <token content="," id="8-25"/>
                <token content="chat" id="8-26">
                    <pos type="VB"/>
                    <lemma type="chat"/>
                    <dep head="8-21" type="conj"/>
                </token>
                <token content="," id="8-27"/>
                <token content="or" id="8-28"/>
                <token content="even" id="8-29">
                    <pos type="RB"/>
                    <lemma type="even"/>
                    <dep head="8-30" type="advmod"/>
                </token>
                <token content="grab" id="8-30">
                    <pos type="VB"/>
                    <lemma type="grab"/>
                    <dep head="8-21" type="conj"/>
                </token>
                <token content="a" id="8-31">
                    <pos type="DT"/>
                    <lemma type="a"/>
                </token>
                <token content="bite" id="8-32">
                    <pos type="NN"/>
                    <lemma type="bite"/>
                    <dep head="8-30" type="dobj"/>
                </token>
                <token content="to" id="8-33">
                    <pos type="TO"/>
                    <lemma type="to"/>
                    <dep head="8-34" type="aux"/>
                </token>
                <token content="eat" id="8-34">
                    <pos type="VB"/>
                    <lemma type="eat"/>
                </token>
                <token content="!" id="8-35"/>
            </sentence>
            <sentence id="9">
                <token content="Some" id="9-1">
                    <pos type="DT"/>
                    <lemma type="some"/>
                </token>
                <token content="trains" id="9-2">
                    <pos type="NNS"/>
                    <lemma type="train"/>
                    <dep head="9-4" type="nsubj"/>
                </token>
                <token content="also" id="9-3">
                    <pos type="RB"/>
                    <lemma type="also"/>
                    <dep head="9-4" type="advmod"/>
                </token>
                <token content="have" id="9-4">
                    <pos type="VBP"/>
                    <lemma type="have"/>
                </token>
                <token content="sleeper" id="9-5">
                    <pos type="NN"/>
                    <lemma type="sleeper"/>
                </token>
                <token content="cars" id="9-6">
                    <pos type="NNS"/>
                    <lemma type="car"/>
                    <dep head="9-4" type="dobj"/>
                </token>
                <token content="so" id="9-7">
                    <pos type="IN"/>
                    <lemma type="so"/>
                </token>
                <token content="travelers" id="9-8">
                    <pos type="NNS"/>
                    <lemma type="traveler"/>
                </token>
                <token content="can" id="9-9">
                    <pos type="MD"/>
                    <lemma type="can"/>
                </token>
                <token content="be" id="9-10">
                    <pos type="VB"/>
                    <lemma type="be"/>
                </token>
                <token content="well-rested" id="9-11">
                    <pos type="JJ"/>
                    <lemma type="well-rested"/>
                    <dep head="9-4" type="advcl"/>
                </token>
                <token content="when" id="9-12">
                    <pos type="WRB"/>
                    <lemma type="when"/>
                    <dep head="9-14" type="advmod"/>
                </token>
                <token content="they" id="9-13">
                    <pos type="PRP"/>
                    <lemma type="they"/>
                    <dep head="9-14" type="nsubj"/>
                </token>
                <token content="arrive" id="9-14">
                    <pos type="VBP"/>
                    <lemma type="arrive"/>
                </token>
                <token content="at" id="9-15"/>
                <token content="their" id="9-16">
                    <pos type="PRP$"/>
                    <lemma type="they"/>
                </token>
                <token content="destination" id="9-17">
                    <pos type="NN"/>
                    <lemma type="destination"/>
                    <dep head="9-14" type="prep"/>
                </token>
                <token content="." id="9-18"/>
            </sentence>
            <sentence id="10">
                <token content="There" id="10-1">
                    <pos type="EX"/>
                    <lemma type="there"/>
                    <dep head="10-2" type="expl"/>
                </token>
                <token content="are" id="10-2">
                    <pos type="VBP"/>
                    <lemma type="be"/>
                </token>
                <token content="many" id="10-3">
                    <pos type="JJ"/>
                    <lemma type="many"/>
                </token>
                <token content="conveniences" id="10-4">
                    <pos type="NNS"/>
                    <lemma type="convenience"/>
                    <dep head="10-2" type="nsubj"/>
                </token>
                <token content="to" id="10-5"/>
                <token content="going" id="10-6">
                    <pos type="VBG"/>
                    <lemma type="go"/>
                </token>
                <token content="on" id="10-7"/>
                <token content="a" id="10-8">
                    <pos type="DT"/>
                    <lemma type="a"/>
                </token>
                <token content="train" id="10-9">
                    <pos type="NN"/>
                    <lemma type="train"/>
                    <dep head="10-6" type="prep"/>
                </token>
                <token content="that" id="10-10">
                    <pos type="WDT"/>
                    <lemma type="that"/>
                    <dep head="10-11" type="nsubj"/>
                </token>
                <token content="make" id="10-11">
                    <pos type="VBP"/>
                    <lemma type="make"/>
                </token>
                <token content="it" id="10-12">
                    <pos type="PRP"/>
                    <lemma type="it"/>
                </token>
                <token content="a" id="10-13">
                    <pos type="DT"/>
                    <lemma type="a"/>
                </token>
                <token content="great" id="10-14">
                    <pos type="JJ"/>
                    <lemma type="great"/>
                </token>
                <token content="option" id="10-15">
                    <pos type="NN"/>
                    <lemma type="option"/>
                    <dep head="10-11" type="xcomp"/>
                </token>
                <token content="for" id="10-16"/>
                <token content="getting" id="10-17">
                    <pos type="VBG"/>
                    <lemma type="get"/>
                </token>
                <token content="from" id="10-18"/>
                <token content="point" id="10-19">
                    <pos type="NN"/>
                    <lemma type="point"/>
                </token>
                <token content="A" id="10-20">
                    <pos type="NN"/>
                    <lemma type="a"/>
                    <dep head="10-17" type="prep"/>
                </token>
                <token content="to" id="10-21"/>
                <token content="point" id="10-22">
                    <pos type="NN"/>
                    <lemma type="point"/>
                </token>
                <token content="B" id="10-23">
                    <pos type="NN"/>
                    <lemma type="b"/>
                    <dep head="10-17" type="prep"/>
                </token>
                <token content="!" id="10-24"/>
            </sentence>
        </sentences>
    </text>
    <annotations>
        <participants>
            <label from="1-3" id="0" name="ScrPart_train" text="train" type="participant"/>
            <label from="2-2" id="1" name="ScrPart_train" text="trains" type="participant"/>
            <label from="2-5" id="2" name="ScrPart_train" text="commuter trains" to="2-6" type="participant"/>
            <label from="2-6" id="3" name="ScrPart_train" text="trains" type="participant"/>
            <label from="2-10" id="4" name="ScrPart_passenger" text="you" type="participant"/>
            <label from="2-13" id="5" name="ScrPart_destination" text="city" type="participant"/>
            <label from="2-19" id="6" name="NPart" text="cars" type="participant"/>
            <label from="4-1" id="7" name="ScrPart_passenger" text="You" type="participant"/>
            <label from="4-6" id="8" name="ScrPart_train" text="train" type="participant"/>
            <label from="4-8" id="9" name="ScrPart_passenger" text="your" type="participant"/>
            <label from="4-9" id="10" name="ScrPart_train_station" text="stop" type="participant"/>
            <label from="4-14" id="11" name="ScrPart_passenger" text="you" type="participant"/>
            <label from="5-2" id="12" name="ScrPart_train" text="commuter trains" to="5-3" type="participant"/>
            <label from="5-3" id="13" name="ScrPart_train" text="trains" type="participant"/>
            <label from="5-5" id="14" name="ScrPart_card/ticket" text="passes" type="participant"/>
            <label from="5-10" id="15" name="NPart" text="discount" type="participant"/>
            <label from="5-12" id="16" name="ScrPart_passenger" text="people" type="participant"/>
            <label from="5-15" id="17" name="ScrPart_train" text="it" type="participant"/>
            <label from="6-2" id="18" name="ScrPart_train" text="trains" type="participant"/>
            <label from="6-5" id="19" name="NPart" text="distances" type="participant"/>
            <label from="7-2" id="20" name="ScrPart_passenger" text="you" type="participant"/>
            <label from="7-14" id="21" name="ScrPart_passenger" text="your" type="participant"/>
            <label from="7-15" id="22" name="NPart" text="car" type="participant"/>
            <label from="7-18" id="23" name="NPart" text="distance" type="participant"/>
            <label from="8-2" id="24" name="ScrPart_passenger" text="you" type="participant"/>
            <label from="8-5" id="25" name="ScrPart_train" text="train" type="participant"/>
            <label from="8-7" id="26" name="ScrPart_passenger" text="you" type="participant"/>
            <label from="8-12" id="27" name="ScrPart_in-train_entertainment" text="scenery" type="participant"/>
            <label from="8-14" id="28" name="ScrPart_passenger" text="you" type="participant"/>
            <label from="8-17" id="29" name="ScrPart_passenger" text="you" type="participant"/>
            <label from="8-32" id="30" name="ScrPart_in-train_entertainment" text="bite" type="participant"/>
            <label from="9-2" id="31" name="ScrPart_train" text="trains" type="participant"/>
            <label from="9-5" id="32" name="ScrPart_coach" text="sleeper cars" to="9-6" type="participant"/>
            <label from="9-6" id="33" name="ScrPart_coach" text="cars" type="participant"/>
            <label from="9-8" id="34" name="ScrPart_passenger" text="travelers" type="participant"/>
            <label from="9-13" id="35" name="ScrPart_passenger" text="they" type="participant"/>
            <label from="9-16" id="36" name="ScrPart_passenger" text="their" type="participant"/>
            <label from="9-17" id="37" name="ScrPart_destination" text="destination" type="participant"/>
            <label from="10-4" id="38" name="NPart" text="conveniences" type="participant"/>
            <label from="10-9" id="39" name="ScrPart_train" text="train" type="participant"/>
            <label from="10-12" id="40" name="No_label" text="it" type="participant"/>
            <label from="10-15" id="41" name="NPart" text="option" type="participant"/>
            <label from="10-19" id="42" name="NPart" text="point A" to="10-20" type="participant"/>
            <label from="10-22" id="43" name="ScrPart_destination" text="point B" to="10-23" type="participant"/>
        </participants>
        <events>
            <label from="1-1" id="44" name="Evoking" text="Traveling by train" to="1-3" type="event"/>
            <label from="1-5" id="45" name="UnrelEv" text="be" type="event"/>
            <label from="1-9" id="46" name="UnrelEv" text="relaxing" type="event"/>
            <label from="2-9" id="47" name="RelNScrEv" text="get" type="event"/>
            <label from="2-17" id="48" name="UnrelEv" text="rely" type="event"/>
            <label from="2-21" id="49" name="UnrelEv" text="walking" type="event"/>
            <label from="3-2" id="50" name="UnrelEv" text="is" type="event"/>
            <label from="4-3" id="51" name="ScrEv_get_on" text="hop" type="event"/>
            <label from="4-11" id="52" name="ScrEv_get_off" text="hop off" to="4-12" type="event"/>
            <label from="4-15" id="53" name="UnrelEv" text="need" type="event"/>
            <label from="5-4" id="54" name="UnrelEv" text="offer" type="event"/>
            <label from="5-7" id="55" name="UnrelEv" text="are" type="event"/>
            <label from="5-14" id="56" name="Evoking" text="ride it" to="5-15" type="event"/>
            <label from="6-3" id="57" name="RelNScrEv" text="travel" type="event"/>
            <label from="7-5" id="58" name="UnrelEv" text="like" type="event"/>
            <label from="7-7" id="59" name="UnrelEv" text="fly" type="event"/>
            <label from="7-13" id="60" name="UnrelEv" text="drive" type="event"/>
            <label from="8-3" id="61" name="Evoking" text="ride a train" to="8-5" type="event"/>
            <label from="8-9" id="62" name="ScrEv_spend_time_train" text="see" type="event"/>
            <label from="8-15" id="63" name="RelNScrEv" text="travel" type="event"/>
            <label from="8-18" id="64" name="UnrelEv" text="are" type="event"/>
            <label from="8-21" id="65" name="ScrEv_spend_time_train" text="walk around" to="8-22" type="event"/>
            <label from="8-24" id="66" name="ScrEv_spend_time_train" text="read" type="event"/>
            <label from="8-26" id="67" name="ScrEv_spend_time_train" text="chat" type="event"/>
            <label from="8-30" id="68" name="ScrEv_spend_time_train" text="grab" type="event"/>
            <label from="8-34" id="69" name="ScrEv_spend_time_train" text="eat" type="event"/>
            <label from="9-4" id="70" name="UnrelEv" text="have" type="event"/>
            <label from="9-10" id="71" name="UnrelEv" text="be" type="event"/>
            <label from="9-14" id="72" name="ScrEv_arrive_destination" text="arrive" type="event"/>
            <label from="10-2" id="73" name="UnrelEv" text="are" type="event"/>
            <label from="10-6" id="74" name="Evoking" text="going on a train" to="10-9" type="event"/>
            <label from="10-11" id="75" name="UnrelEv" text="make" type="event"/>
            <label from="10-17" id="76" name="RelNScrEv" text="getting" type="event"/>
        </events>
        <chains>
            <chain elements="0 1 3 8 13 17 18 25 31 39"/>
            <chain elements="4 7 9 11 16 20 21 24 26 28 29 34 35 36"/>
            <chain elements="5 37 43"/>
        </chains>
    </annotations>
</story>
