<?xml version="1.0" encoding="UTF-8" standalone="no"?>
<!DOCTYPE story SYSTEM "../InScript.dtd">
<story id="100" scenario="train">
    <text>
        <content>I recently needed to go to a moderately distant city . 
Because it is on the other side of a local mountain range , travel in my car would be very hard on it , and I might get lost . 
Fortunately there is a passenger train that goes between out two cities . 
I had , before this trip , never been on any kind of train bigger than one at the amusement park . 
I was very excited for this opportunity . 
When I arrived at the station I was very pleased to see that the train had large windows . 
While on the trip these proved to be wonderful for all of the gorgeous views provided by nature . 
As my trip was a half day journey . 
I stopped in the dining car for lunch , I found it highly enjoyable to eat on the train , and this also helped to distract me from the time . 
When I arrived in the other city I met a friend who was eager to learn about my trip . </content>
        <sentences>
            <sentence id="1">
                <token content="I" id="1-1">
                    <pos type="PRP"/>
                    <lemma type="I"/>
                    <dep head="1-3" type="nsubj"/>
                </token>
                <token content="recently" id="1-2">
                    <pos type="RB"/>
                    <lemma type="recently"/>
                    <dep head="1-3" type="advmod"/>
                </token>
                <token content="needed" id="1-3">
                    <pos type="VBD"/>
                    <lemma type="need"/>
                </token>
                <token content="to" id="1-4">
                    <pos type="TO"/>
                    <lemma type="to"/>
                    <dep head="1-5" type="aux"/>
                </token>
                <token content="go" id="1-5">
                    <pos type="VB"/>
                    <lemma type="go"/>
                    <dep head="1-3" type="xcomp"/>
                </token>
                <token content="to" id="1-6"/>
                <token content="a" id="1-7">
                    <pos type="DT"/>
                    <lemma type="a"/>
                </token>
                <token content="moderately" id="1-8">
                    <pos type="RB"/>
                    <lemma type="moderately"/>
                </token>
                <token content="distant" id="1-9">
                    <pos type="JJ"/>
                    <lemma type="distant"/>
                </token>
                <token content="city" id="1-10">
                    <pos type="NN"/>
                    <lemma type="city"/>
                    <dep head="1-5" type="prep"/>
                </token>
                <token content="." id="1-11"/>
            </sentence>
            <sentence id="2">
                <token content="Because" id="2-1">
                    <pos type="IN"/>
                    <lemma type="because"/>
                    <dep head="2-3" type="mark"/>
                </token>
                <token content="it" id="2-2">
                    <pos type="PRP"/>
                    <lemma type="it"/>
                    <dep head="2-3" type="nsubj"/>
                </token>
                <token content="is" id="2-3">
                    <pos type="VBZ"/>
                    <lemma type="be"/>
                </token>
                <token content="on" id="2-4"/>
                <token content="the" id="2-5">
                    <pos type="DT"/>
                    <lemma type="the"/>
                </token>
                <token content="other" id="2-6">
                    <pos type="JJ"/>
                    <lemma type="other"/>
                </token>
                <token content="side" id="2-7">
                    <pos type="NN"/>
                    <lemma type="side"/>
                    <dep head="2-3" type="prep"/>
                </token>
                <token content="of" id="2-8"/>
                <token content="a" id="2-9">
                    <pos type="DT"/>
                    <lemma type="a"/>
                </token>
                <token content="local" id="2-10">
                    <pos type="JJ"/>
                    <lemma type="local"/>
                </token>
                <token content="mountain" id="2-11">
                    <pos type="NN"/>
                    <lemma type="mountain"/>
                </token>
                <token content="range" id="2-12">
                    <pos type="NN"/>
                    <lemma type="range"/>
                </token>
                <token content="," id="2-13"/>
                <token content="travel" id="2-14">
                    <pos type="NN"/>
                    <lemma type="travel"/>
                </token>
                <token content="in" id="2-15"/>
                <token content="my" id="2-16">
                    <pos type="PRP$"/>
                    <lemma type="my"/>
                </token>
                <token content="car" id="2-17">
                    <pos type="NN"/>
                    <lemma type="car"/>
                </token>
                <token content="would" id="2-18">
                    <pos type="MD"/>
                    <lemma type="would"/>
                </token>
                <token content="be" id="2-19">
                    <pos type="VB"/>
                    <lemma type="be"/>
                </token>
                <token content="very" id="2-20">
                    <pos type="RB"/>
                    <lemma type="very"/>
                </token>
                <token content="hard" id="2-21">
                    <pos type="JJ"/>
                    <lemma type="hard"/>
                </token>
                <token content="on" id="2-22"/>
                <token content="it" id="2-23">
                    <pos type="PRP"/>
                    <lemma type="it"/>
                </token>
                <token content="," id="2-24"/>
                <token content="and" id="2-25"/>
                <token content="I" id="2-26">
                    <pos type="PRP"/>
                    <lemma type="I"/>
                    <dep head="2-29" type="nsubjpass"/>
                </token>
                <token content="might" id="2-27">
                    <pos type="MD"/>
                    <lemma type="might"/>
                    <dep head="2-29" type="aux"/>
                </token>
                <token content="get" id="2-28">
                    <pos type="VB"/>
                    <lemma type="get"/>
                    <dep head="2-29" type="auxpass"/>
                </token>
                <token content="lost" id="2-29">
                    <pos type="VBN"/>
                    <lemma type="lose"/>
                </token>
                <token content="." id="2-30"/>
            </sentence>
            <sentence id="3">
                <token content="Fortunately" id="3-1">
                    <pos type="RB"/>
                    <lemma type="fortunately"/>
                    <dep head="3-3" type="advmod"/>
                </token>
                <token content="there" id="3-2">
                    <pos type="EX"/>
                    <lemma type="there"/>
                    <dep head="3-3" type="expl"/>
                </token>
                <token content="is" id="3-3">
                    <pos type="VBZ"/>
                    <lemma type="be"/>
                </token>
                <token content="a" id="3-4">
                    <pos type="DT"/>
                    <lemma type="a"/>
                </token>
                <token content="passenger" id="3-5">
                    <pos type="NN"/>
                    <lemma type="passenger"/>
                </token>
                <token content="train" id="3-6">
                    <pos type="NN"/>
                    <lemma type="train"/>
                    <dep head="3-3" type="nsubj"/>
                </token>
                <token content="that" id="3-7">
                    <pos type="WDT"/>
                    <lemma type="that"/>
                    <dep head="3-8" type="nsubj"/>
                </token>
                <token content="goes" id="3-8">
                    <pos type="VBZ"/>
                    <lemma type="go"/>
                </token>
                <token content="between" id="3-9"/>
                <token content="out" id="3-10">
                    <pos type="IN"/>
                    <lemma type="out"/>
                </token>
                <token content="two" id="3-11">
                    <pos type="CD"/>
                    <lemma type="two"/>
                </token>
                <token content="cities" id="3-12">
                    <pos type="NNS"/>
                    <lemma type="city"/>
                    <dep head="3-8" type="prep"/>
                </token>
                <token content="." id="3-13"/>
            </sentence>
            <sentence id="4">
                <token content="I" id="4-1">
                    <pos type="PRP"/>
                    <lemma type="I"/>
                    <dep head="4-9" type="nsubj"/>
                </token>
                <token content="had" id="4-2">
                    <pos type="VBD"/>
                    <lemma type="have"/>
                    <dep head="4-9" type="aux"/>
                </token>
                <token content="," id="4-3"/>
                <token content="before" id="4-4">
                    <pos type="IN"/>
                    <lemma type="before"/>
                    <dep head="4-9" type="advmod"/>
                </token>
                <token content="this" id="4-5">
                    <pos type="DT"/>
                    <lemma type="this"/>
                </token>
                <token content="trip" id="4-6">
                    <pos type="NN"/>
                    <lemma type="trip"/>
                </token>
                <token content="," id="4-7"/>
                <token content="never" id="4-8">
                    <pos type="RB"/>
                    <lemma type="never"/>
                    <dep head="4-9" type="neg"/>
                </token>
                <token content="been" id="4-9">
                    <pos type="VBN"/>
                    <lemma type="be"/>
                </token>
                <token content="on" id="4-10"/>
                <token content="any" id="4-11">
                    <pos type="DT"/>
                    <lemma type="any"/>
                </token>
                <token content="kind" id="4-12">
                    <pos type="NN"/>
                    <lemma type="kind"/>
                    <dep head="4-9" type="prep"/>
                </token>
                <token content="of" id="4-13"/>
                <token content="train" id="4-14">
                    <pos type="NN"/>
                    <lemma type="train"/>
                </token>
                <token content="bigger" id="4-15">
                    <pos type="JJR"/>
                    <lemma type="bigger"/>
                </token>
                <token content="than" id="4-16"/>
                <token content="one" id="4-17">
                    <pos type="CD"/>
                    <lemma type="one"/>
                </token>
                <token content="at" id="4-18"/>
                <token content="the" id="4-19">
                    <pos type="DT"/>
                    <lemma type="the"/>
                </token>
                <token content="amusement" id="4-20">
                    <pos type="NN"/>
                    <lemma type="amusement"/>
                </token>
                <token content="park" id="4-21">
                    <pos type="NN"/>
                    <lemma type="park"/>
                    <dep head="4-9" type="prep"/>
                </token>
                <token content="." id="4-22"/>
            </sentence>
            <sentence id="5">
                <token content="I" id="5-1">
                    <pos type="PRP"/>
                    <lemma type="I"/>
                </token>
                <token content="was" id="5-2">
                    <pos type="VBD"/>
                    <lemma type="be"/>
                </token>
                <token content="very" id="5-3">
                    <pos type="RB"/>
                    <lemma type="very"/>
                </token>
                <token content="excited" id="5-4">
                    <pos type="JJ"/>
                    <lemma type="excited"/>
                </token>
                <token content="for" id="5-5"/>
                <token content="this" id="5-6">
                    <pos type="DT"/>
                    <lemma type="this"/>
                </token>
                <token content="opportunity" id="5-7">
                    <pos type="NN"/>
                    <lemma type="opportunity"/>
                </token>
                <token content="." id="5-8"/>
            </sentence>
            <sentence id="6">
                <token content="When" id="6-1">
                    <pos type="WRB"/>
                    <lemma type="when"/>
                    <dep head="6-3" type="advmod"/>
                </token>
                <token content="I" id="6-2">
                    <pos type="PRP"/>
                    <lemma type="I"/>
                    <dep head="6-3" type="nsubj"/>
                </token>
                <token content="arrived" id="6-3">
                    <pos type="VBD"/>
                    <lemma type="arrive"/>
                </token>
                <token content="at" id="6-4"/>
                <token content="the" id="6-5">
                    <pos type="DT"/>
                    <lemma type="the"/>
                </token>
                <token content="station" id="6-6">
                    <pos type="NN"/>
                    <lemma type="station"/>
                    <dep head="6-3" type="prep"/>
                </token>
                <token content="I" id="6-7">
                    <pos type="PRP"/>
                    <lemma type="I"/>
                </token>
                <token content="was" id="6-8">
                    <pos type="VBD"/>
                    <lemma type="be"/>
                </token>
                <token content="very" id="6-9">
                    <pos type="RB"/>
                    <lemma type="very"/>
                </token>
                <token content="pleased" id="6-10">
                    <pos type="JJ"/>
                    <lemma type="pleased"/>
                </token>
                <token content="to" id="6-11">
                    <pos type="TO"/>
                    <lemma type="to"/>
                    <dep head="6-12" type="aux"/>
                </token>
                <token content="see" id="6-12">
                    <pos type="VB"/>
                    <lemma type="see"/>
                </token>
                <token content="that" id="6-13">
                    <pos type="IN"/>
                    <lemma type="that"/>
                    <dep head="6-16" type="mark"/>
                </token>
                <token content="the" id="6-14">
                    <pos type="DT"/>
                    <lemma type="the"/>
                </token>
                <token content="train" id="6-15">
                    <pos type="NN"/>
                    <lemma type="train"/>
                    <dep head="6-16" type="nsubj"/>
                </token>
                <token content="had" id="6-16">
                    <pos type="VBD"/>
                    <lemma type="have"/>
                    <dep head="6-12" type="ccomp"/>
                </token>
                <token content="large" id="6-17">
                    <pos type="JJ"/>
                    <lemma type="large"/>
                </token>
                <token content="windows" id="6-18">
                    <pos type="NNS"/>
                    <lemma type="window"/>
                    <dep head="6-16" type="dobj"/>
                </token>
                <token content="." id="6-19"/>
            </sentence>
            <sentence id="7">
                <token content="While" id="7-1">
                    <pos type="IN"/>
                    <lemma type="while"/>
                    <dep head="7-6" type="mark"/>
                </token>
                <token content="on" id="7-2"/>
                <token content="the" id="7-3">
                    <pos type="DT"/>
                    <lemma type="the"/>
                </token>
                <token content="trip" id="7-4">
                    <pos type="NN"/>
                    <lemma type="trip"/>
                    <dep head="7-6" type="prep"/>
                </token>
                <token content="these" id="7-5">
                    <pos type="DT"/>
                    <lemma type="these"/>
                    <dep head="7-6" type="nsubj"/>
                </token>
                <token content="proved" id="7-6">
                    <pos type="VBD"/>
                    <lemma type="prove"/>
                    <dep head="7-16" type="csubj"/>
                </token>
                <token content="to" id="7-7">
                    <pos type="TO"/>
                    <lemma type="to"/>
                </token>
                <token content="be" id="7-8">
                    <pos type="VB"/>
                    <lemma type="be"/>
                </token>
                <token content="wonderful" id="7-9">
                    <pos type="JJ"/>
                    <lemma type="wonderful"/>
                    <dep head="7-6" type="xcomp"/>
                </token>
                <token content="for" id="7-10"/>
                <token content="all" id="7-11">
                    <pos type="DT"/>
                    <lemma type="all"/>
                </token>
                <token content="of" id="7-12"/>
                <token content="the" id="7-13">
                    <pos type="DT"/>
                    <lemma type="the"/>
                </token>
                <token content="gorgeous" id="7-14">
                    <pos type="JJ"/>
                    <lemma type="gorgeous"/>
                </token>
                <token content="views" id="7-15">
                    <pos type="NNS"/>
                    <lemma type="view"/>
                </token>
                <token content="provided" id="7-16">
                    <pos type="VBD"/>
                    <lemma type="provide"/>
                </token>
                <token content="by" id="7-17"/>
                <token content="nature" id="7-18">
                    <pos type="NN"/>
                    <lemma type="nature"/>
                    <dep head="7-16" type="prep"/>
                </token>
                <token content="." id="7-19"/>
            </sentence>
            <sentence id="8">
                <token content="As" id="8-1"/>
                <token content="my" id="8-2">
                    <pos type="PRP$"/>
                    <lemma type="my"/>
                </token>
                <token content="trip" id="8-3">
                    <pos type="NN"/>
                    <lemma type="trip"/>
                    <dep head="8-4" type="prep"/>
                </token>
                <token content="was" id="8-4">
                    <pos type="VBD"/>
                    <lemma type="be"/>
                </token>
                <token content="a" id="8-5">
                    <pos type="DT"/>
                    <lemma type="a"/>
                </token>
                <token content="half" id="8-6">
                    <pos type="JJ"/>
                    <lemma type="half"/>
                </token>
                <token content="day" id="8-7">
                    <pos type="NN"/>
                    <lemma type="day"/>
                </token>
                <token content="journey" id="8-8">
                    <pos type="NN"/>
                    <lemma type="journey"/>
                    <dep head="8-4" type="nsubj"/>
                </token>
                <token content="." id="8-9"/>
            </sentence>
            <sentence id="9">
                <token content="I" id="9-1">
                    <pos type="PRP"/>
                    <lemma type="I"/>
                    <dep head="9-2" type="nsubj"/>
                </token>
                <token content="stopped" id="9-2">
                    <pos type="VBD"/>
                    <lemma type="stop"/>
                </token>
                <token content="in" id="9-3"/>
                <token content="the" id="9-4">
                    <pos type="DT"/>
                    <lemma type="the"/>
                </token>
                <token content="dining" id="9-5">
                    <pos type="NN"/>
                    <lemma type="dining"/>
                </token>
                <token content="car" id="9-6">
                    <pos type="NN"/>
                    <lemma type="car"/>
                    <dep head="9-2" type="prep"/>
                </token>
                <token content="for" id="9-7"/>
                <token content="lunch" id="9-8">
                    <pos type="NN"/>
                    <lemma type="lunch"/>
                    <dep head="9-2" type="prep"/>
                </token>
                <token content="," id="9-9"/>
                <token content="I" id="9-10">
                    <pos type="PRP"/>
                    <lemma type="I"/>
                    <dep head="9-11" type="nsubj"/>
                </token>
                <token content="found" id="9-11">
                    <pos type="VBD"/>
                    <lemma type="find"/>
                    <dep head="9-2" type="dep"/>
                </token>
                <token content="it" id="9-12">
                    <pos type="PRP"/>
                    <lemma type="it"/>
                    <dep head="9-16" type="nsubj"/>
                </token>
                <token content="highly" id="9-13">
                    <pos type="RB"/>
                    <lemma type="highly"/>
                </token>
                <token content="enjoyable" id="9-14">
                    <pos type="JJ"/>
                    <lemma type="enjoyable"/>
                    <dep head="9-16" type="dep"/>
                </token>
                <token content="to" id="9-15">
                    <pos type="TO"/>
                    <lemma type="to"/>
                    <dep head="9-16" type="aux"/>
                </token>
                <token content="eat" id="9-16">
                    <pos type="VB"/>
                    <lemma type="eat"/>
                    <dep head="9-11" type="xcomp"/>
                </token>
                <token content="on" id="9-17"/>
                <token content="the" id="9-18">
                    <pos type="DT"/>
                    <lemma type="the"/>
                </token>
                <token content="train" id="9-19">
                    <pos type="NN"/>
                    <lemma type="train"/>
                    <dep head="9-16" type="prep"/>
                </token>
                <token content="," id="9-20"/>
                <token content="and" id="9-21"/>
                <token content="this" id="9-22">
                    <pos type="DT"/>
                    <lemma type="this"/>
                    <dep head="9-24" type="nsubj"/>
                </token>
                <token content="also" id="9-23">
                    <pos type="RB"/>
                    <lemma type="also"/>
                    <dep head="9-24" type="advmod"/>
                </token>
                <token content="helped" id="9-24">
                    <pos type="VBD"/>
                    <lemma type="help"/>
                    <dep head="9-2" type="conj"/>
                </token>
                <token content="to" id="9-25">
                    <pos type="TO"/>
                    <lemma type="to"/>
                    <dep head="9-26" type="aux"/>
                </token>
                <token content="distract" id="9-26">
                    <pos type="VB"/>
                    <lemma type="distract"/>
                    <dep head="9-24" type="xcomp"/>
                </token>
                <token content="me" id="9-27">
                    <pos type="PRP"/>
                    <lemma type="I"/>
                    <dep head="9-26" type="dobj"/>
                </token>
                <token content="from" id="9-28"/>
                <token content="the" id="9-29">
                    <pos type="DT"/>
                    <lemma type="the"/>
                </token>
                <token content="time" id="9-30">
                    <pos type="NN"/>
                    <lemma type="time"/>
                    <dep head="9-26" type="prep"/>
                </token>
                <token content="." id="9-31"/>
            </sentence>
            <sentence id="10">
                <token content="When" id="10-1">
                    <pos type="WRB"/>
                    <lemma type="when"/>
                    <dep head="10-3" type="advmod"/>
                </token>
                <token content="I" id="10-2">
                    <pos type="PRP"/>
                    <lemma type="I"/>
                    <dep head="10-3" type="nsubj"/>
                </token>
                <token content="arrived" id="10-3">
                    <pos type="VBD"/>
                    <lemma type="arrive"/>
                    <dep head="10-9" type="advcl"/>
                </token>
                <token content="in" id="10-4"/>
                <token content="the" id="10-5">
                    <pos type="DT"/>
                    <lemma type="the"/>
                </token>
                <token content="other" id="10-6">
                    <pos type="JJ"/>
                    <lemma type="other"/>
                </token>
                <token content="city" id="10-7">
                    <pos type="NN"/>
                    <lemma type="city"/>
                    <dep head="10-3" type="prep"/>
                </token>
                <token content="I" id="10-8">
                    <pos type="PRP"/>
                    <lemma type="I"/>
                    <dep head="10-9" type="nsubj"/>
                </token>
                <token content="met" id="10-9">
                    <pos type="VBD"/>
                    <lemma type="meet"/>
                </token>
                <token content="a" id="10-10">
                    <pos type="DT"/>
                    <lemma type="a"/>
                </token>
                <token content="friend" id="10-11">
                    <pos type="NN"/>
                    <lemma type="friend"/>
                    <dep head="10-9" type="dobj"/>
                </token>
                <token content="who" id="10-12">
                    <pos type="WP"/>
                    <lemma type="who"/>
                </token>
                <token content="was" id="10-13">
                    <pos type="VBD"/>
                    <lemma type="be"/>
                </token>
                <token content="eager" id="10-14">
                    <pos type="JJ"/>
                    <lemma type="eager"/>
                </token>
                <token content="to" id="10-15">
                    <pos type="TO"/>
                    <lemma type="to"/>
                    <dep head="10-16" type="aux"/>
                </token>
                <token content="learn" id="10-16">
                    <pos type="VB"/>
                    <lemma type="learn"/>
                </token>
                <token content="about" id="10-17"/>
                <token content="my" id="10-18">
                    <pos type="PRP$"/>
                    <lemma type="my"/>
                </token>
                <token content="trip" id="10-19">
                    <pos type="NN"/>
                    <lemma type="trip"/>
                    <dep head="10-16" type="prep"/>
                </token>
                <token content="." id="10-20"/>
            </sentence>
        </sentences>
    </text>
    <annotations>
        <participants>
            <label from="1-1" id="0" name="ScrPart_passenger" text="I" type="participant"/>
            <label from="1-10" id="1" name="ScrPart_destination" text="city" type="participant"/>
            <label from="2-2" id="2" name="ScrPart_destination" text="it" type="participant"/>
            <label from="2-7" id="3" name="Head_of_Partitive" text="side" type="participant"/>
            <label from="2-11" id="4" name="NPart" text="mountain range" to="2-12" type="participant"/>
            <label from="2-12" id="5" name="NPart" text="range" type="participant"/>
            <label from="2-14" id="6" name="ScrPart_trip" text="travel" type="participant"/>
            <label from="2-16" id="7" name="ScrPart_passenger" text="my" type="participant"/>
            <label from="2-17" id="8" name="NPart" text="car" type="participant"/>
            <label from="2-23" id="9" name="NPart" text="it" type="participant"/>
            <label from="2-26" id="10" name="ScrPart_passenger" text="I" type="participant"/>
            <label from="3-5" id="11" name="ScrPart_train" text="passenger train" to="3-6" type="participant"/>
            <label from="3-5" id="12" name="ScrPart_passenger" text="passenger" type="participant"/>
            <label from="3-6" id="13" name="ScrPart_train" text="train" type="participant"/>
            <label from="3-12" id="14" name="Unclear" text="cities" type="participant"/>
            <label from="4-1" id="15" name="ScrPart_passenger" text="I" type="participant"/>
            <label from="4-6" id="16" name="ScrPart_trip" text="trip" type="participant"/>
            <label from="4-12" id="17" name="Head_of_Partitive" text="kind" type="participant"/>
            <label from="4-14" id="18" name="ScrPart_train" text="train" type="participant"/>
            <label from="4-20" id="19" name="NPart" text="amusement park" to="4-21" type="participant"/>
            <label from="4-21" id="20" name="NPart" text="park" type="participant"/>
            <label from="5-1" id="21" name="ScrPart_passenger" text="I" type="participant"/>
            <label from="5-7" id="22" name="NPart" text="opportunity" type="participant"/>
            <label from="6-2" id="23" name="ScrPart_passenger" text="I" type="participant"/>
            <label from="6-6" id="24" name="ScrPart_train_station" text="station" type="participant"/>
            <label from="6-7" id="25" name="ScrPart_passenger" text="I" type="participant"/>
            <label from="6-15" id="26" name="ScrPart_train" text="train" type="participant"/>
            <label from="6-18" id="27" name="ScrPart_location_train" text="windows" type="participant"/>
            <label from="7-4" id="28" name="ScrPart_trip" text="trip" type="participant"/>
            <label from="7-5" id="29" name="ScrPart_location_train" text="these" type="participant"/>
            <label from="7-15" id="30" name="ScrPart_in-train_entertainment" text="views" type="participant"/>
            <label from="7-18" id="31" name="NPart" text="nature" type="participant"/>
            <label from="8-2" id="32" name="ScrPart_passenger" text="my" type="participant"/>
            <label from="8-3" id="33" name="ScrPart_trip" text="trip" type="participant"/>
            <label from="8-7" id="34" name="ScrPart_time_date" text="day" type="participant"/>
            <label from="8-8" id="35" name="ScrPart_trip" text="journey" type="participant"/>
            <label from="9-1" id="36" name="ScrPart_passenger" text="I" type="participant"/>
            <label from="9-5" id="37" name="ScrPart_location_train" text="dining car" to="9-6" type="participant"/>
            <label from="9-6" id="38" name="ScrPart_location_train" text="car" type="participant"/>
            <label from="9-8" id="39" name="ScrPart_in-train_entertainment" text="lunch" type="participant"/>
            <label from="9-10" id="40" name="ScrPart_passenger" text="I" type="participant"/>
            <label from="9-12" id="41" name="No_label" text="it" type="participant"/>
            <label from="9-19" id="42" name="ScrPart_train" text="train" type="participant"/>
            <label from="9-27" id="43" name="ScrPart_passenger" text="me" type="participant"/>
            <label from="9-30" id="44" name="NPart" text="time" type="participant"/>
            <label from="10-2" id="45" name="ScrPart_passenger" text="I" type="participant"/>
            <label from="10-7" id="46" name="ScrPart_destination" text="city" type="participant"/>
            <label from="10-8" id="47" name="ScrPart_passenger" text="I" type="participant"/>
            <label from="10-11" id="48" name="NPart" text="friend" type="participant"/>
            <label from="10-18" id="49" name="ScrPart_passenger" text="my" type="participant"/>
            <label from="10-19" id="50" name="ScrPart_trip" text="trip" type="participant"/>
        </participants>
        <events>
            <label from="1-3" id="51" name="UnrelEv" text="needed" type="event"/>
            <label from="1-5" id="52" name="RelNScrEv" text="go" type="event"/>
            <label from="2-3" id="53" name="UnrelEv" text="is" type="event"/>
            <label from="2-19" id="54" name="UnrelEv" text="be" type="event"/>
            <label from="2-28" id="55" name="UnrelEv" text="get" type="event"/>
            <label from="3-3" id="56" name="UnrelEv" text="is" type="event"/>
            <label from="3-5" id="57" name="Evoking" text="passenger train" to="3-6" type="event"/>
            <label from="3-8" id="58" name="RelNScrEv" text="goes" type="event"/>
            <label from="4-9" id="59" name="UnrelEv" text="been" type="event"/>
            <label from="5-4" id="60" name="UnrelEv" text="excited" type="event"/>
            <label from="6-3" id="61" name="ScrEv_get_train_station" text="arrived" type="event"/>
            <label from="6-10" id="62" name="UnrelEv" text="pleased" type="event"/>
            <label from="6-12" id="63" name="UnrelEv" text="see" type="event"/>
            <label from="6-16" id="64" name="UnrelEv" text="had" type="event"/>
            <label from="7-6" id="65" name="UnrelEv" text="proved" type="event"/>
            <label from="7-16" id="66" name="UnrelEv" text="provided" type="event"/>
            <label from="8-4" id="67" name="UnrelEv" text="was" type="event"/>
            <label from="9-2" id="68" name="RelNScrEv" text="stopped" type="event"/>
            <label from="9-11" id="69" name="UnrelEv" text="found" type="event"/>
            <label from="9-16" id="70" name="ScrEv_spend_time_train" text="eat" type="event"/>
            <label from="9-24" id="71" name="UnrelEv" text="helped" type="event"/>
            <label from="9-26" id="72" name="UnrelEv" text="distract" type="event"/>
            <label from="10-3" id="73" name="ScrEv_train_arrives" text="arrived" type="event"/>
            <label from="10-9" id="74" name="UnrelEv" text="met" type="event"/>
            <label from="10-16" id="75" name="UnrelEv" text="learn" type="event"/>
        </events>
        <chains>
            <chain elements="0 10 15 21 23 25 32 36 40 43 45 47 49 7"/>
            <chain elements="13 26 42"/>
            <chain elements="16 28 33 35 50"/>
            <chain elements="27 29"/>
            <chain elements="1 46 2"/>
            <chain elements="5 9"/>
        </chains>
    </annotations>
</story>
