<?xml version="1.0" encoding="UTF-8" standalone="no"?>
<!DOCTYPE story SYSTEM "../InScript.dtd">
<story id="060" scenario="train">
    <text>
        <content>Yesterday , I decided to visit my sister who lives a few towns away . 
I wanted to take the train because it is cheaper than putting gas in my car . 
So I drove to the train station and parked my car in the parking lot . 
I walked to the cashier 's window and waited in line . 
Once I reached the front of the line , I greeted the cashier and bought a train ticket . 
I walked to the train platform and waited for the train to arrive . 
When the train finally arrived , I got on the train and located my seat , which was printed on my ticket . 
I sat in my seat and took out the magazine that I had brought to read on the ride . 
The train eventually started back up and left the station . 
Before long , a ticket taker came over and asked for my ticket to verify that I had paid for my ride and was in the correct seat . 
I greeted the ticket taker and gave him my ticket . 
When I arrived at my sister 's city , I got off the train and she was there to meet me at the station . 
We had a very nice visit . </content>
        <sentences>
            <sentence id="1">
                <token content="Yesterday" id="1-1">
                    <pos type="NN"/>
                    <lemma type="yesterday"/>
                    <dep head="1-4" type="tmod"/>
                </token>
                <token content="," id="1-2"/>
                <token content="I" id="1-3">
                    <pos type="PRP"/>
                    <lemma type="I"/>
                    <dep head="1-4" type="nsubj"/>
                </token>
                <token content="decided" id="1-4">
                    <pos type="VBD"/>
                    <lemma type="decide"/>
                </token>
                <token content="to" id="1-5">
                    <pos type="TO"/>
                    <lemma type="to"/>
                    <dep head="1-6" type="aux"/>
                </token>
                <token content="visit" id="1-6">
                    <pos type="VB"/>
                    <lemma type="visit"/>
                    <dep head="1-4" type="xcomp"/>
                </token>
                <token content="my" id="1-7">
                    <pos type="PRP$"/>
                    <lemma type="my"/>
                </token>
                <token content="sister" id="1-8">
                    <pos type="NN"/>
                    <lemma type="sister"/>
                    <dep head="1-6" type="dobj"/>
                </token>
                <token content="who" id="1-9">
                    <pos type="WP"/>
                    <lemma type="who"/>
                    <dep head="1-10" type="nsubj"/>
                </token>
                <token content="lives" id="1-10">
                    <pos type="VBZ"/>
                    <lemma type="live"/>
                </token>
                <token content="a" id="1-11">
                    <pos type="DT"/>
                    <lemma type="a"/>
                </token>
                <token content="few" id="1-12">
                    <pos type="JJ"/>
                    <lemma type="few"/>
                </token>
                <token content="towns" id="1-13">
                    <pos type="NNS"/>
                    <lemma type="town"/>
                    <dep head="1-10" type="dobj"/>
                </token>
                <token content="away" id="1-14">
                    <pos type="RB"/>
                    <lemma type="away"/>
                    <dep head="1-10" type="advmod"/>
                </token>
                <token content="." id="1-15"/>
            </sentence>
            <sentence id="2">
                <token content="I" id="2-1">
                    <pos type="PRP"/>
                    <lemma type="I"/>
                    <dep head="2-2" type="nsubj"/>
                </token>
                <token content="wanted" id="2-2">
                    <pos type="VBD"/>
                    <lemma type="want"/>
                </token>
                <token content="to" id="2-3">
                    <pos type="TO"/>
                    <lemma type="to"/>
                    <dep head="2-4" type="aux"/>
                </token>
                <token content="take" id="2-4">
                    <pos type="VB"/>
                    <lemma type="take"/>
                    <dep head="2-2" type="xcomp"/>
                </token>
                <token content="the" id="2-5">
                    <pos type="DT"/>
                    <lemma type="the"/>
                </token>
                <token content="train" id="2-6">
                    <pos type="NN"/>
                    <lemma type="train"/>
                    <dep head="2-4" type="dobj"/>
                </token>
                <token content="because" id="2-7">
                    <pos type="IN"/>
                    <lemma type="because"/>
                </token>
                <token content="it" id="2-8">
                    <pos type="PRP"/>
                    <lemma type="it"/>
                </token>
                <token content="is" id="2-9">
                    <pos type="VBZ"/>
                    <lemma type="be"/>
                </token>
                <token content="cheaper" id="2-10">
                    <pos type="JJR"/>
                    <lemma type="cheaper"/>
                    <dep head="2-4" type="advcl"/>
                </token>
                <token content="than" id="2-11"/>
                <token content="putting" id="2-12">
                    <pos type="VBG"/>
                    <lemma type="put"/>
                </token>
                <token content="gas" id="2-13">
                    <pos type="NN"/>
                    <lemma type="gas"/>
                    <dep head="2-12" type="dobj"/>
                </token>
                <token content="in" id="2-14"/>
                <token content="my" id="2-15">
                    <pos type="PRP$"/>
                    <lemma type="my"/>
                </token>
                <token content="car" id="2-16">
                    <pos type="NN"/>
                    <lemma type="car"/>
                    <dep head="2-12" type="prep"/>
                </token>
                <token content="." id="2-17"/>
            </sentence>
            <sentence id="3">
                <token content="So" id="3-1">
                    <pos type="IN"/>
                    <lemma type="so"/>
                    <dep head="3-3" type="dep"/>
                </token>
                <token content="I" id="3-2">
                    <pos type="PRP"/>
                    <lemma type="I"/>
                    <dep head="3-3" type="nsubj"/>
                </token>
                <token content="drove" id="3-3">
                    <pos type="VBD"/>
                    <lemma type="drive"/>
                </token>
                <token content="to" id="3-4"/>
                <token content="the" id="3-5">
                    <pos type="DT"/>
                    <lemma type="the"/>
                </token>
                <token content="train" id="3-6">
                    <pos type="NN"/>
                    <lemma type="train"/>
                </token>
                <token content="station" id="3-7">
                    <pos type="NN"/>
                    <lemma type="station"/>
                    <dep head="3-3" type="prep"/>
                </token>
                <token content="and" id="3-8"/>
                <token content="parked" id="3-9">
                    <pos type="VBD"/>
                    <lemma type="park"/>
                    <dep head="3-3" type="conj"/>
                </token>
                <token content="my" id="3-10">
                    <pos type="PRP$"/>
                    <lemma type="my"/>
                </token>
                <token content="car" id="3-11">
                    <pos type="NN"/>
                    <lemma type="car"/>
                    <dep head="3-9" type="dobj"/>
                </token>
                <token content="in" id="3-12"/>
                <token content="the" id="3-13">
                    <pos type="DT"/>
                    <lemma type="the"/>
                </token>
                <token content="parking" id="3-14">
                    <pos type="NN"/>
                    <lemma type="parking"/>
                </token>
                <token content="lot" id="3-15">
                    <pos type="NN"/>
                    <lemma type="lot"/>
                    <dep head="3-9" type="prep"/>
                </token>
                <token content="." id="3-16"/>
            </sentence>
            <sentence id="4">
                <token content="I" id="4-1">
                    <pos type="PRP"/>
                    <lemma type="I"/>
                    <dep head="4-2" type="nsubj"/>
                </token>
                <token content="walked" id="4-2">
                    <pos type="VBD"/>
                    <lemma type="walk"/>
                </token>
                <token content="to" id="4-3"/>
                <token content="the" id="4-4">
                    <pos type="DT"/>
                    <lemma type="the"/>
                </token>
                <token content="cashier" id="4-5">
                    <pos type="NN"/>
                    <lemma type="cashier"/>
                </token>
                <token content="'s" id="4-6"/>
                <token content="window" id="4-7">
                    <pos type="NN"/>
                    <lemma type="window"/>
                    <dep head="4-2" type="prep"/>
                </token>
                <token content="and" id="4-8"/>
                <token content="waited" id="4-9">
                    <pos type="VBD"/>
                    <lemma type="wait"/>
                    <dep head="4-2" type="conj"/>
                </token>
                <token content="in" id="4-10"/>
                <token content="line" id="4-11">
                    <pos type="NN"/>
                    <lemma type="line"/>
                    <dep head="4-9" type="prep"/>
                </token>
                <token content="." id="4-12"/>
            </sentence>
            <sentence id="5">
                <token content="Once" id="5-1">
                    <pos type="IN"/>
                    <lemma type="once"/>
                    <dep head="5-3" type="mark"/>
                </token>
                <token content="I" id="5-2">
                    <pos type="PRP"/>
                    <lemma type="I"/>
                    <dep head="5-3" type="nsubj"/>
                </token>
                <token content="reached" id="5-3">
                    <pos type="VBD"/>
                    <lemma type="reach"/>
                    <dep head="5-11" type="advcl"/>
                </token>
                <token content="the" id="5-4">
                    <pos type="DT"/>
                    <lemma type="the"/>
                </token>
                <token content="front" id="5-5">
                    <pos type="NN"/>
                    <lemma type="front"/>
                    <dep head="5-3" type="dobj"/>
                </token>
                <token content="of" id="5-6"/>
                <token content="the" id="5-7">
                    <pos type="DT"/>
                    <lemma type="the"/>
                </token>
                <token content="line" id="5-8">
                    <pos type="NN"/>
                    <lemma type="line"/>
                </token>
                <token content="," id="5-9"/>
                <token content="I" id="5-10">
                    <pos type="PRP"/>
                    <lemma type="I"/>
                    <dep head="5-11" type="nsubj"/>
                </token>
                <token content="greeted" id="5-11">
                    <pos type="VBD"/>
                    <lemma type="greet"/>
                </token>
                <token content="the" id="5-12">
                    <pos type="DT"/>
                    <lemma type="the"/>
                </token>
                <token content="cashier" id="5-13">
                    <pos type="NN"/>
                    <lemma type="cashier"/>
                    <dep head="5-11" type="dobj"/>
                </token>
                <token content="and" id="5-14"/>
                <token content="bought" id="5-15">
                    <pos type="VBD"/>
                    <lemma type="buy"/>
                    <dep head="5-11" type="conj"/>
                </token>
                <token content="a" id="5-16">
                    <pos type="DT"/>
                    <lemma type="a"/>
                </token>
                <token content="train" id="5-17">
                    <pos type="NN"/>
                    <lemma type="train"/>
                </token>
                <token content="ticket" id="5-18">
                    <pos type="NN"/>
                    <lemma type="ticket"/>
                    <dep head="5-15" type="dobj"/>
                </token>
                <token content="." id="5-19"/>
            </sentence>
            <sentence id="6">
                <token content="I" id="6-1">
                    <pos type="PRP"/>
                    <lemma type="I"/>
                    <dep head="6-2" type="nsubj"/>
                </token>
                <token content="walked" id="6-2">
                    <pos type="VBD"/>
                    <lemma type="walk"/>
                </token>
                <token content="to" id="6-3"/>
                <token content="the" id="6-4">
                    <pos type="DT"/>
                    <lemma type="the"/>
                </token>
                <token content="train" id="6-5">
                    <pos type="NN"/>
                    <lemma type="train"/>
                </token>
                <token content="platform" id="6-6">
                    <pos type="NN"/>
                    <lemma type="platform"/>
                    <dep head="6-2" type="prep"/>
                </token>
                <token content="and" id="6-7"/>
                <token content="waited" id="6-8">
                    <pos type="VBD"/>
                    <lemma type="wait"/>
                    <dep head="6-2" type="conj"/>
                </token>
                <token content="for" id="6-9"/>
                <token content="the" id="6-10">
                    <pos type="DT"/>
                    <lemma type="the"/>
                </token>
                <token content="train" id="6-11">
                    <pos type="NN"/>
                    <lemma type="train"/>
                    <dep head="6-8" type="prep"/>
                </token>
                <token content="to" id="6-12">
                    <pos type="TO"/>
                    <lemma type="to"/>
                    <dep head="6-13" type="aux"/>
                </token>
                <token content="arrive" id="6-13">
                    <pos type="VB"/>
                    <lemma type="arrive"/>
                    <dep head="6-8" type="xcomp"/>
                </token>
                <token content="." id="6-14"/>
            </sentence>
            <sentence id="7">
                <token content="When" id="7-1">
                    <pos type="WRB"/>
                    <lemma type="when"/>
                    <dep head="7-5" type="advmod"/>
                </token>
                <token content="the" id="7-2">
                    <pos type="DT"/>
                    <lemma type="the"/>
                </token>
                <token content="train" id="7-3">
                    <pos type="NN"/>
                    <lemma type="train"/>
                    <dep head="7-5" type="nsubj"/>
                </token>
                <token content="finally" id="7-4">
                    <pos type="RB"/>
                    <lemma type="finally"/>
                    <dep head="7-5" type="advmod"/>
                </token>
                <token content="arrived" id="7-5">
                    <pos type="VBD"/>
                    <lemma type="arrive"/>
                    <dep head="7-8" type="advcl"/>
                </token>
                <token content="," id="7-6"/>
                <token content="I" id="7-7">
                    <pos type="PRP"/>
                    <lemma type="I"/>
                    <dep head="7-8" type="nsubj"/>
                </token>
                <token content="got" id="7-8">
                    <pos type="VBD"/>
                    <lemma type="get"/>
                </token>
                <token content="on" id="7-9"/>
                <token content="the" id="7-10">
                    <pos type="DT"/>
                    <lemma type="the"/>
                </token>
                <token content="train" id="7-11">
                    <pos type="NN"/>
                    <lemma type="train"/>
                    <dep head="7-8" type="prep"/>
                </token>
                <token content="and" id="7-12"/>
                <token content="located" id="7-13">
                    <pos type="VBN"/>
                    <lemma type="locate"/>
                    <dep head="7-8" type="conj"/>
                </token>
                <token content="my" id="7-14">
                    <pos type="PRP$"/>
                    <lemma type="my"/>
                </token>
                <token content="seat" id="7-15">
                    <pos type="NN"/>
                    <lemma type="seat"/>
                    <dep head="7-13" type="dobj"/>
                </token>
                <token content="," id="7-16"/>
                <token content="which" id="7-17">
                    <pos type="WDT"/>
                    <lemma type="which"/>
                    <dep head="7-19" type="nsubjpass"/>
                </token>
                <token content="was" id="7-18">
                    <pos type="VBD"/>
                    <lemma type="be"/>
                    <dep head="7-19" type="auxpass"/>
                </token>
                <token content="printed" id="7-19">
                    <pos type="VBN"/>
                    <lemma type="print"/>
                </token>
                <token content="on" id="7-20"/>
                <token content="my" id="7-21">
                    <pos type="PRP$"/>
                    <lemma type="my"/>
                </token>
                <token content="ticket" id="7-22">
                    <pos type="NN"/>
                    <lemma type="ticket"/>
                    <dep head="7-19" type="prep"/>
                </token>
                <token content="." id="7-23"/>
            </sentence>
            <sentence id="8">
                <token content="I" id="8-1">
                    <pos type="PRP"/>
                    <lemma type="I"/>
                    <dep head="8-2" type="nsubj"/>
                </token>
                <token content="sat" id="8-2">
                    <pos type="VBD"/>
                    <lemma type="sit"/>
                </token>
                <token content="in" id="8-3"/>
                <token content="my" id="8-4">
                    <pos type="PRP$"/>
                    <lemma type="my"/>
                </token>
                <token content="seat" id="8-5">
                    <pos type="NN"/>
                    <lemma type="seat"/>
                    <dep head="8-2" type="prep"/>
                </token>
                <token content="and" id="8-6"/>
                <token content="took" id="8-7">
                    <pos type="VBD"/>
                    <lemma type="take"/>
                    <dep head="8-2" type="conj"/>
                </token>
                <token content="out" id="8-8">
                    <pos type="RP"/>
                    <lemma type="out"/>
                    <dep head="8-7" type="prt"/>
                </token>
                <token content="the" id="8-9">
                    <pos type="DT"/>
                    <lemma type="the"/>
                </token>
                <token content="magazine" id="8-10">
                    <pos type="NN"/>
                    <lemma type="magazine"/>
                    <dep head="8-7" type="dobj"/>
                </token>
                <token content="that" id="8-11">
                    <pos type="IN"/>
                    <lemma type="that"/>
                    <dep head="8-14" type="mark"/>
                </token>
                <token content="I" id="8-12">
                    <pos type="PRP"/>
                    <lemma type="I"/>
                    <dep head="8-14" type="nsubj"/>
                </token>
                <token content="had" id="8-13">
                    <pos type="VBD"/>
                    <lemma type="have"/>
                    <dep head="8-14" type="aux"/>
                </token>
                <token content="brought" id="8-14">
                    <pos type="VBN"/>
                    <lemma type="bring"/>
                    <dep head="8-2" type="ccomp"/>
                </token>
                <token content="to" id="8-15">
                    <pos type="TO"/>
                    <lemma type="to"/>
                    <dep head="8-16" type="aux"/>
                </token>
                <token content="read" id="8-16">
                    <pos type="VB"/>
                    <lemma type="read"/>
                    <dep head="8-14" type="xcomp"/>
                </token>
                <token content="on" id="8-17"/>
                <token content="the" id="8-18">
                    <pos type="DT"/>
                    <lemma type="the"/>
                </token>
                <token content="ride" id="8-19">
                    <pos type="NN"/>
                    <lemma type="ride"/>
                    <dep head="8-16" type="prep"/>
                </token>
                <token content="." id="8-20"/>
            </sentence>
            <sentence id="9">
                <token content="The" id="9-1">
                    <pos type="DT"/>
                    <lemma type="the"/>
                </token>
                <token content="train" id="9-2">
                    <pos type="NN"/>
                    <lemma type="train"/>
                    <dep head="9-4" type="nsubj"/>
                </token>
                <token content="eventually" id="9-3">
                    <pos type="RB"/>
                    <lemma type="eventually"/>
                    <dep head="9-4" type="advmod"/>
                </token>
                <token content="started" id="9-4">
                    <pos type="VBD"/>
                    <lemma type="start"/>
                </token>
                <token content="back" id="9-5">
                    <pos type="RP"/>
                    <lemma type="back"/>
                    <dep head="9-4" type="prt"/>
                </token>
                <token content="up" id="9-6">
                    <pos type="RP"/>
                    <lemma type="up"/>
                    <dep head="9-4" type="prt"/>
                </token>
                <token content="and" id="9-7"/>
                <token content="left" id="9-8">
                    <pos type="VBD"/>
                    <lemma type="leave"/>
                    <dep head="9-4" type="conj"/>
                </token>
                <token content="the" id="9-9">
                    <pos type="DT"/>
                    <lemma type="the"/>
                </token>
                <token content="station" id="9-10">
                    <pos type="NN"/>
                    <lemma type="station"/>
                    <dep head="9-8" type="dobj"/>
                </token>
                <token content="." id="9-11"/>
            </sentence>
            <sentence id="10">
                <token content="Before" id="10-1">
                    <pos type="IN"/>
                    <lemma type="before"/>
                    <dep head="10-7" type="advmod"/>
                </token>
                <token content="long" id="10-2">
                    <pos type="RB"/>
                    <lemma type="long"/>
                </token>
                <token content="," id="10-3"/>
                <token content="a" id="10-4">
                    <pos type="DT"/>
                    <lemma type="a"/>
                </token>
                <token content="ticket" id="10-5">
                    <pos type="NN"/>
                    <lemma type="ticket"/>
                </token>
                <token content="taker" id="10-6">
                    <pos type="NN"/>
                    <lemma type="taker"/>
                    <dep head="10-7" type="nsubj"/>
                </token>
                <token content="came" id="10-7">
                    <pos type="VBD"/>
                    <lemma type="come"/>
                </token>
                <token content="over" id="10-8">
                    <pos type="RP"/>
                    <lemma type="over"/>
                    <dep head="10-7" type="prt"/>
                </token>
                <token content="and" id="10-9"/>
                <token content="asked" id="10-10">
                    <pos type="VBD"/>
                    <lemma type="ask"/>
                    <dep head="10-7" type="conj"/>
                </token>
                <token content="for" id="10-11"/>
                <token content="my" id="10-12">
                    <pos type="PRP$"/>
                    <lemma type="my"/>
                </token>
                <token content="ticket" id="10-13">
                    <pos type="NN"/>
                    <lemma type="ticket"/>
                    <dep head="10-10" type="prep"/>
                </token>
                <token content="to" id="10-14">
                    <pos type="TO"/>
                    <lemma type="to"/>
                    <dep head="10-15" type="aux"/>
                </token>
                <token content="verify" id="10-15">
                    <pos type="VB"/>
                    <lemma type="verify"/>
                </token>
                <token content="that" id="10-16">
                    <pos type="IN"/>
                    <lemma type="that"/>
                    <dep head="10-19" type="mark"/>
                </token>
                <token content="I" id="10-17">
                    <pos type="PRP"/>
                    <lemma type="I"/>
                    <dep head="10-19" type="nsubj"/>
                </token>
                <token content="had" id="10-18">
                    <pos type="VBD"/>
                    <lemma type="have"/>
                    <dep head="10-19" type="aux"/>
                </token>
                <token content="paid" id="10-19">
                    <pos type="VBN"/>
                    <lemma type="pay"/>
                    <dep head="10-15" type="ccomp"/>
                </token>
                <token content="for" id="10-20"/>
                <token content="my" id="10-21">
                    <pos type="PRP$"/>
                    <lemma type="my"/>
                </token>
                <token content="ride" id="10-22">
                    <pos type="NN"/>
                    <lemma type="ride"/>
                    <dep head="10-19" type="prep"/>
                </token>
                <token content="and" id="10-23"/>
                <token content="was" id="10-24">
                    <pos type="VBD"/>
                    <lemma type="be"/>
                    <dep head="10-19" type="conj"/>
                </token>
                <token content="in" id="10-25"/>
                <token content="the" id="10-26">
                    <pos type="DT"/>
                    <lemma type="the"/>
                </token>
                <token content="correct" id="10-27">
                    <pos type="JJ"/>
                    <lemma type="correct"/>
                </token>
                <token content="seat" id="10-28">
                    <pos type="NN"/>
                    <lemma type="seat"/>
                    <dep head="10-24" type="prep"/>
                </token>
                <token content="." id="10-29"/>
            </sentence>
            <sentence id="11">
                <token content="I" id="11-1">
                    <pos type="PRP"/>
                    <lemma type="I"/>
                    <dep head="11-2" type="nsubj"/>
                </token>
                <token content="greeted" id="11-2">
                    <pos type="VBD"/>
                    <lemma type="greet"/>
                </token>
                <token content="the" id="11-3">
                    <pos type="DT"/>
                    <lemma type="the"/>
                </token>
                <token content="ticket" id="11-4">
                    <pos type="NN"/>
                    <lemma type="ticket"/>
                </token>
                <token content="taker" id="11-5">
                    <pos type="NN"/>
                    <lemma type="taker"/>
                    <dep head="11-2" type="dobj"/>
                </token>
                <token content="and" id="11-6"/>
                <token content="gave" id="11-7">
                    <pos type="VBD"/>
                    <lemma type="give"/>
                    <dep head="11-2" type="conj"/>
                </token>
                <token content="him" id="11-8">
                    <pos type="PRP"/>
                    <lemma type="he"/>
                    <dep head="11-7" type="iobj"/>
                </token>
                <token content="my" id="11-9">
                    <pos type="PRP$"/>
                    <lemma type="my"/>
                </token>
                <token content="ticket" id="11-10">
                    <pos type="NN"/>
                    <lemma type="ticket"/>
                    <dep head="11-7" type="dobj"/>
                </token>
                <token content="." id="11-11"/>
            </sentence>
            <sentence id="12">
                <token content="When" id="12-1">
                    <pos type="WRB"/>
                    <lemma type="when"/>
                    <dep head="12-3" type="advmod"/>
                </token>
                <token content="I" id="12-2">
                    <pos type="PRP"/>
                    <lemma type="I"/>
                    <dep head="12-3" type="nsubj"/>
                </token>
                <token content="arrived" id="12-3">
                    <pos type="VBD"/>
                    <lemma type="arrive"/>
                    <dep head="12-11" type="advcl"/>
                </token>
                <token content="at" id="12-4"/>
                <token content="my" id="12-5">
                    <pos type="PRP$"/>
                    <lemma type="my"/>
                </token>
                <token content="sister" id="12-6">
                    <pos type="NN"/>
                    <lemma type="sister"/>
                </token>
                <token content="'s" id="12-7"/>
                <token content="city" id="12-8">
                    <pos type="NN"/>
                    <lemma type="city"/>
                    <dep head="12-3" type="prep"/>
                </token>
                <token content="," id="12-9"/>
                <token content="I" id="12-10">
                    <pos type="PRP"/>
                    <lemma type="I"/>
                    <dep head="12-11" type="nsubj"/>
                </token>
                <token content="got" id="12-11">
                    <pos type="VBD"/>
                    <lemma type="get"/>
                </token>
                <token content="off" id="12-12">
                    <pos type="RP"/>
                    <lemma type="off"/>
                    <dep head="12-11" type="prt"/>
                </token>
                <token content="the" id="12-13">
                    <pos type="DT"/>
                    <lemma type="the"/>
                </token>
                <token content="train" id="12-14">
                    <pos type="NN"/>
                    <lemma type="train"/>
                    <dep head="12-11" type="dobj"/>
                </token>
                <token content="and" id="12-15"/>
                <token content="she" id="12-16">
                    <pos type="PRP"/>
                    <lemma type="she"/>
                    <dep head="12-17" type="nsubj"/>
                </token>
                <token content="was" id="12-17">
                    <pos type="VBD"/>
                    <lemma type="be"/>
                    <dep head="12-11" type="conj"/>
                </token>
                <token content="there" id="12-18">
                    <pos type="RB"/>
                    <lemma type="there"/>
                    <dep head="12-17" type="advmod"/>
                </token>
                <token content="to" id="12-19">
                    <pos type="TO"/>
                    <lemma type="to"/>
                    <dep head="12-20" type="aux"/>
                </token>
                <token content="meet" id="12-20">
                    <pos type="VB"/>
                    <lemma type="meet"/>
                    <dep head="12-17" type="xcomp"/>
                </token>
                <token content="me" id="12-21">
                    <pos type="PRP"/>
                    <lemma type="I"/>
                    <dep head="12-20" type="dobj"/>
                </token>
                <token content="at" id="12-22"/>
                <token content="the" id="12-23">
                    <pos type="DT"/>
                    <lemma type="the"/>
                </token>
                <token content="station" id="12-24">
                    <pos type="NN"/>
                    <lemma type="station"/>
                    <dep head="12-20" type="prep"/>
                </token>
                <token content="." id="12-25"/>
            </sentence>
            <sentence id="13">
                <token content="We" id="13-1">
                    <pos type="PRP"/>
                    <lemma type="we"/>
                    <dep head="13-2" type="nsubj"/>
                </token>
                <token content="had" id="13-2">
                    <pos type="VBD"/>
                    <lemma type="have"/>
                </token>
                <token content="a" id="13-3">
                    <pos type="DT"/>
                    <lemma type="a"/>
                </token>
                <token content="very" id="13-4">
                    <pos type="RB"/>
                    <lemma type="very"/>
                </token>
                <token content="nice" id="13-5">
                    <pos type="JJ"/>
                    <lemma type="nice"/>
                </token>
                <token content="visit" id="13-6">
                    <pos type="NN"/>
                    <lemma type="visit"/>
                    <dep head="13-2" type="dobj"/>
                </token>
                <token content="." id="13-7"/>
            </sentence>
        </sentences>
    </text>
    <annotations>
        <participants>
            <label from="1-1" id="0" name="NPart" text="Yesterday" type="participant"/>
            <label from="1-3" id="1" name="ScrPart_passenger" text="I" type="participant"/>
            <label from="1-7" id="2" name="ScrPart_passenger" text="my" type="participant"/>
            <label from="1-8" id="3" name="NPart" text="sister" type="participant"/>
            <label from="1-13" id="4" name="NPart" text="towns" type="participant"/>
            <label from="2-1" id="5" name="ScrPart_passenger" text="I" type="participant"/>
            <label from="2-6" id="6" name="ScrPart_train" text="train" type="participant"/>
            <label from="2-8" id="7" name="ScrPart_train" text="it" type="participant"/>
            <label from="2-13" id="8" name="NPart" text="gas" type="participant"/>
            <label from="2-15" id="9" name="ScrPart_passenger" text="my" type="participant"/>
            <label from="2-16" id="10" name="NPart" text="car" type="participant"/>
            <label from="3-2" id="11" name="ScrPart_passenger" text="I" type="participant"/>
            <label from="3-6" id="12" name="ScrPart_train_station" text="train station" to="3-7" type="participant"/>
            <label from="3-7" id="13" name="ScrPart_train_station" text="station" type="participant"/>
            <label from="3-10" id="14" name="ScrPart_passenger" text="my" type="participant"/>
            <label from="3-11" id="15" name="NPart" text="car" type="participant"/>
            <label from="3-14" id="16" name="NPart" text="parking lot" to="3-15" type="participant"/>
            <label from="4-1" id="17" name="ScrPart_passenger" text="I" type="participant"/>
            <label from="4-5" id="18" name="ScrPart_ticket_office/website" text="cashier 's window" to="4-7" type="participant"/>
            <label from="4-7" id="19" name="ScrPart_ticket_office/website" text="window" type="participant"/>
            <label from="4-11" id="20" name="ScrPart_line" text="line" type="participant"/>
            <label from="5-2" id="21" name="ScrPart_passenger" text="I" type="participant"/>
            <label from="5-5" id="22" name="Head_of_Partitive" text="front" type="participant"/>
            <label from="5-8" id="23" name="ScrPart_line" text="line" type="participant"/>
            <label from="5-10" id="24" name="ScrPart_passenger" text="I" type="participant"/>
            <label from="5-13" id="25" name="ScrPart_train_staff" text="cashier" type="participant"/>
            <label from="5-17" id="26" name="ScrPart_card/ticket" text="train ticket" to="5-18" type="participant"/>
            <label from="5-18" id="27" name="ScrPart_card/ticket" text="ticket" type="participant"/>
            <label from="6-1" id="28" name="ScrPart_passenger" text="I" type="participant"/>
            <label from="6-5" id="29" name="ScrPart_platform" text="train platform" to="6-6" type="participant"/>
            <label from="6-6" id="30" name="ScrPart_platform" text="platform" type="participant"/>
            <label from="6-11" id="31" name="ScrPart_train" text="train" type="participant"/>
            <label from="7-3" id="32" name="ScrPart_train" text="train" type="participant"/>
            <label from="7-7" id="33" name="ScrPart_passenger" text="I" type="participant"/>
            <label from="7-11" id="34" name="ScrPart_train" text="train" type="participant"/>
            <label from="7-14" id="35" name="ScrPart_passenger" text="my" type="participant"/>
            <label from="7-15" id="36" name="ScrPart_seat" text="seat" type="participant"/>
            <label from="7-21" id="37" name="ScrPart_passenger" text="my" type="participant"/>
            <label from="7-22" id="38" name="ScrPart_card/ticket" text="ticket" type="participant"/>
            <label from="8-1" id="39" name="ScrPart_passenger" text="I" type="participant"/>
            <label from="8-4" id="40" name="ScrPart_passenger" text="my" type="participant"/>
            <label from="8-5" id="41" name="ScrPart_seat" text="seat" type="participant"/>
            <label from="8-10" id="42" name="ScrPart_in-train_entertainment" text="magazine" type="participant"/>
            <label from="8-12" id="43" name="ScrPart_passenger" text="I" type="participant"/>
            <label from="8-19" id="44" name="ScrPart_trip" text="ride" type="participant"/>
            <label from="9-2" id="45" name="ScrPart_train" text="train" type="participant"/>
            <label from="9-10" id="46" name="ScrPart_train_station" text="station" type="participant"/>
            <label from="10-5" id="47" name="ScrPart_train_staff" text="ticket taker" to="10-6" type="participant"/>
            <label from="10-6" id="48" name="ScrPart_train_staff" text="taker" type="participant"/>
            <label from="10-12" id="49" name="ScrPart_passenger" text="my" type="participant"/>
            <label from="10-13" id="50" name="ScrPart_card/ticket" text="ticket" type="participant"/>
            <label from="10-17" id="51" name="ScrPart_passenger" text="I" type="participant"/>
            <label from="10-21" id="52" name="ScrPart_passenger" text="my" type="participant"/>
            <label from="10-22" id="53" name="ScrPart_trip" text="ride" type="participant"/>
            <label from="10-28" id="54" name="ScrPart_seat" text="seat" type="participant"/>
            <label from="11-1" id="55" name="ScrPart_passenger" text="I" type="participant"/>
            <label from="11-4" id="56" name="ScrPart_train_staff" text="ticket taker" to="11-5" type="participant"/>
            <label from="11-5" id="57" name="ScrPart_train_staff" text="taker" type="participant"/>
            <label from="11-8" id="58" name="ScrPart_train_staff" text="him" type="participant"/>
            <label from="11-9" id="59" name="ScrPart_passenger" text="my" type="participant"/>
            <label from="11-10" id="60" name="ScrPart_card/ticket" text="ticket" type="participant"/>
            <label from="12-2" id="61" name="ScrPart_passenger" text="I" type="participant"/>
            <label from="12-5" id="62" name="ScrPart_passenger" text="my" type="participant"/>
            <label from="12-6" id="63" name="NPart" text="sister" type="participant"/>
            <label from="12-8" id="64" name="ScrPart_destination" text="city" type="participant"/>
            <label from="12-10" id="65" name="ScrPart_passenger" text="I" type="participant"/>
            <label from="12-14" id="66" name="ScrPart_train" text="train" type="participant"/>
            <label from="12-16" id="67" name="NPart" text="she" type="participant"/>
            <label from="12-21" id="68" name="ScrPart_passenger" text="me" type="participant"/>
            <label from="12-24" id="69" name="ScrPart_train_station" text="station" type="participant"/>
            <label from="13-1" id="70" name="NPart" text="We" type="participant"/>
            <label from="13-6" id="71" name="NPart" text="visit" type="participant"/>
        </participants>
        <events>
            <label from="1-4" id="72" name="UnrelEv" text="decided" type="event"/>
            <label from="1-6" id="73" name="UnrelEv" text="visit" type="event"/>
            <label from="1-10" id="74" name="UnrelEv" text="lives" type="event"/>
            <label from="2-2" id="75" name="UnrelEv" text="wanted" type="event"/>
            <label from="2-4" id="76" name="Evoking" text="take the train" to="2-6" type="event"/>
            <label from="2-9" id="77" name="UnrelEv" text="is" type="event"/>
            <label from="2-12" id="78" name="UnrelEv" text="putting" type="event"/>
            <label from="3-3" id="79" name="ScrEv_get_train_station" text="drove" type="event"/>
            <label from="3-9" id="80" name="UnrelEv" text="parked" type="event"/>
            <label from="4-2" id="81" name="UnrelEv" text="walked" type="event"/>
            <label from="4-9" id="82" name="ScrEv_wait" text="waited" type="event"/>
            <label from="5-3" id="83" name="UnrelEv" text="reached" type="event"/>
            <label from="5-11" id="84" name="UnrelEv" text="greeted" type="event"/>
            <label from="5-15" id="85" name="ScrEv_get_tickets" text="bought" type="event"/>
            <label from="6-2" id="86" name="ScrEv_get_platform" text="walked" type="event"/>
            <label from="6-8" id="87" name="ScrEv_wait" text="waited" type="event"/>
            <label from="6-13" id="88" name="RelNScrEv" text="arrive" type="event"/>
            <label from="7-5" id="89" name="ScrEv_train_arrives" text="arrived" type="event"/>
            <label from="7-8" id="90" name="ScrEv_get_on" text="got on" to="7-9" type="event"/>
            <label from="7-8" id="91" name="ScrEv_get_on" text="got" type="event"/>
            <label from="7-13" id="92" name="ScrEv_find_place" text="located" type="event"/>
            <label from="7-19" id="93" name="UnrelEv" text="printed" type="event"/>
            <label from="8-2" id="94" name="UnrelEv" text="sat" type="event"/>
            <label from="8-7" id="95" name="ScrEv_spend_time_train" text="took out" to="8-8" type="event"/>
            <label from="8-7" id="96" name="ScrEv_spend_time_train" text="took" type="event"/>
            <label from="8-14" id="97" name="UnrelEv" text="brought" type="event"/>
            <label from="8-16" id="98" name="ScrEv_spend_time_train" text="read" type="event"/>
            <label from="9-4" id="99" name="ScrEv_train_departs" text="started" type="event"/>
            <label from="9-8" id="100" name="ScrEv_train_departs" text="left" type="event"/>
            <label from="10-7" id="101" name="ScrEv_conductor_checks" text="came over" to="10-8" type="event"/>
            <label from="10-7" id="102" name="ScrEv_conductor_checks" text="came" type="event"/>
            <label from="10-10" id="103" name="ScrEv_conductor_checks" text="asked" type="event"/>
            <label from="10-15" id="104" name="UnrelEv" text="verify" type="event"/>
            <label from="10-19" id="105" name="RelNScrEv" text="paid" type="event"/>
            <label from="10-24" id="106" name="UnrelEv" text="was" type="event"/>
            <label from="11-2" id="107" name="RelNScrEv" text="greeted" type="event"/>
            <label from="11-7" id="108" name="ScrEv_other" text="gave" type="event"/>
            <label from="12-3" id="109" name="ScrEv_arrive_destination" text="arrived" type="event"/>
            <label from="12-11" id="110" name="ScrEv_get_off" text="got off" to="12-12" type="event"/>
            <label from="12-11" id="111" name="ScrEv_get_off" text="got" type="event"/>
            <label from="12-17" id="112" name="UnrelEv" text="was" type="event"/>
            <label from="12-20" id="113" name="UnrelEv" text="meet" type="event"/>
            <label from="13-2" id="114" name="UnrelEv" text="had" type="event"/>
        </events>
        <chains>
            <chain elements="1 2 5 9 11 14 17 21 24 28 33 35 39 40 43 49 51 52 55 59 61 62 65 68"/>
            <chain elements="6 7 31 32 34 45 66"/>
            <chain elements="20 23"/>
            <chain elements="27 38 50 60"/>
            <chain elements="36 41 54"/>
            <chain elements="13 46 69"/>
            <chain elements="44 53"/>
            <chain elements="48 57 58"/>
        </chains>
    </annotations>
</story>
