<?xml version="1.0" encoding="UTF-8" standalone="no"?>
<!DOCTYPE story SYSTEM "../InScript.dtd">
<story id="045" scenario="train">
    <text>
        <content>Last weekend , I took the train into the city with my younger brother to attend a concert . 
We drove to the train station to catch the 4 PM train . 
It took a while to find parking . 
Once we boarded the train , we took a seat . 
The train conductor came by and we purchased 2 round trip tickets with cash . 
The ride to the city took about an hour . 
Many people got on and off at every stop . 
I enjoyed the people watching . 
There were many different types of people , the business types , students , families , and coeds . 
There were a couple loud babies and annoying blondes as well . 
It was very loud . 
After about an hour , we were almost to our stop . 
Once we arrived , the train pulled into the system and the conductor announced that it was the last stop and that everything had to depart . 
We walked onto the platform and into the train station , then were on our way . </content>
        <sentences>
            <sentence id="1">
                <token content="Last" id="1-1">
                    <pos type="JJ"/>
                    <lemma type="last"/>
                </token>
                <token content="weekend" id="1-2">
                    <pos type="NN"/>
                    <lemma type="weekend"/>
                    <dep head="1-5" type="nsubj"/>
                </token>
                <token content="," id="1-3"/>
                <token content="I" id="1-4">
                    <pos type="PRP"/>
                    <lemma type="I"/>
                    <dep head="1-5" type="nsubj"/>
                </token>
                <token content="took" id="1-5">
                    <pos type="VBD"/>
                    <lemma type="take"/>
                </token>
                <token content="the" id="1-6">
                    <pos type="DT"/>
                    <lemma type="the"/>
                </token>
                <token content="train" id="1-7">
                    <pos type="NN"/>
                    <lemma type="train"/>
                    <dep head="1-5" type="dobj"/>
                </token>
                <token content="into" id="1-8"/>
                <token content="the" id="1-9">
                    <pos type="DT"/>
                    <lemma type="the"/>
                </token>
                <token content="city" id="1-10">
                    <pos type="NN"/>
                    <lemma type="city"/>
                    <dep head="1-5" type="prep"/>
                </token>
                <token content="with" id="1-11"/>
                <token content="my" id="1-12">
                    <pos type="PRP$"/>
                    <lemma type="my"/>
                </token>
                <token content="younger" id="1-13">
                    <pos type="JJR"/>
                    <lemma type="younger"/>
                </token>
                <token content="brother" id="1-14">
                    <pos type="NN"/>
                    <lemma type="brother"/>
                </token>
                <token content="to" id="1-15">
                    <pos type="TO"/>
                    <lemma type="to"/>
                    <dep head="1-16" type="aux"/>
                </token>
                <token content="attend" id="1-16">
                    <pos type="VB"/>
                    <lemma type="attend"/>
                    <dep head="1-5" type="vmod"/>
                </token>
                <token content="a" id="1-17">
                    <pos type="DT"/>
                    <lemma type="a"/>
                </token>
                <token content="concert" id="1-18">
                    <pos type="NN"/>
                    <lemma type="concert"/>
                    <dep head="1-16" type="dobj"/>
                </token>
                <token content="." id="1-19"/>
            </sentence>
            <sentence id="2">
                <token content="We" id="2-1">
                    <pos type="PRP"/>
                    <lemma type="we"/>
                    <dep head="2-2" type="nsubj"/>
                </token>
                <token content="drove" id="2-2">
                    <pos type="VBD"/>
                    <lemma type="drive"/>
                </token>
                <token content="to" id="2-3"/>
                <token content="the" id="2-4">
                    <pos type="DT"/>
                    <lemma type="the"/>
                </token>
                <token content="train" id="2-5">
                    <pos type="NN"/>
                    <lemma type="train"/>
                </token>
                <token content="station" id="2-6">
                    <pos type="NN"/>
                    <lemma type="station"/>
                    <dep head="2-2" type="prep"/>
                </token>
                <token content="to" id="2-7">
                    <pos type="TO"/>
                    <lemma type="to"/>
                    <dep head="2-8" type="aux"/>
                </token>
                <token content="catch" id="2-8">
                    <pos type="VB"/>
                    <lemma type="catch"/>
                    <dep head="2-2" type="xcomp"/>
                </token>
                <token content="the" id="2-9">
                    <pos type="DT"/>
                    <lemma type="the"/>
                </token>
                <token content="4" id="2-10">
                    <pos type="CD"/>
                    <lemma type="4"/>
                </token>
                <token content="PM" id="2-11">
                    <pos type="NNP"/>
                    <lemma type="PM"/>
                </token>
                <token content="train" id="2-12">
                    <pos type="NN"/>
                    <lemma type="train"/>
                    <dep head="2-8" type="dobj"/>
                </token>
                <token content="." id="2-13"/>
            </sentence>
            <sentence id="3">
                <token content="It" id="3-1">
                    <pos type="PRP"/>
                    <lemma type="it"/>
                    <dep head="3-2" type="nsubj"/>
                </token>
                <token content="took" id="3-2">
                    <pos type="VBD"/>
                    <lemma type="take"/>
                </token>
                <token content="a" id="3-3">
                    <pos type="DT"/>
                    <lemma type="a"/>
                </token>
                <token content="while" id="3-4">
                    <pos type="NN"/>
                    <lemma type="while"/>
                    <dep head="3-2" type="dobj"/>
                </token>
                <token content="to" id="3-5">
                    <pos type="TO"/>
                    <lemma type="to"/>
                    <dep head="3-6" type="aux"/>
                </token>
                <token content="find" id="3-6">
                    <pos type="VB"/>
                    <lemma type="find"/>
                </token>
                <token content="parking" id="3-7">
                    <pos type="NN"/>
                    <lemma type="parking"/>
                    <dep head="3-6" type="dobj"/>
                </token>
                <token content="." id="3-8"/>
            </sentence>
            <sentence id="4">
                <token content="Once" id="4-1">
                    <pos type="IN"/>
                    <lemma type="once"/>
                    <dep head="4-3" type="mark"/>
                </token>
                <token content="we" id="4-2">
                    <pos type="PRP"/>
                    <lemma type="we"/>
                    <dep head="4-3" type="nsubj"/>
                </token>
                <token content="boarded" id="4-3">
                    <pos type="VBD"/>
                    <lemma type="board"/>
                    <dep head="4-8" type="advcl"/>
                </token>
                <token content="the" id="4-4">
                    <pos type="DT"/>
                    <lemma type="the"/>
                </token>
                <token content="train" id="4-5">
                    <pos type="NN"/>
                    <lemma type="train"/>
                    <dep head="4-3" type="dobj"/>
                </token>
                <token content="," id="4-6"/>
                <token content="we" id="4-7">
                    <pos type="PRP"/>
                    <lemma type="we"/>
                    <dep head="4-8" type="nsubj"/>
                </token>
                <token content="took" id="4-8">
                    <pos type="VBD"/>
                    <lemma type="take"/>
                </token>
                <token content="a" id="4-9">
                    <pos type="DT"/>
                    <lemma type="a"/>
                </token>
                <token content="seat" id="4-10">
                    <pos type="NN"/>
                    <lemma type="seat"/>
                    <dep head="4-8" type="dobj"/>
                </token>
                <token content="." id="4-11"/>
            </sentence>
            <sentence id="5">
                <token content="The" id="5-1">
                    <pos type="DT"/>
                    <lemma type="the"/>
                </token>
                <token content="train" id="5-2">
                    <pos type="NN"/>
                    <lemma type="train"/>
                </token>
                <token content="conductor" id="5-3">
                    <pos type="NN"/>
                    <lemma type="conductor"/>
                    <dep head="5-4" type="nsubj"/>
                </token>
                <token content="came" id="5-4">
                    <pos type="VBD"/>
                    <lemma type="come"/>
                </token>
                <token content="by" id="5-5">
                    <pos type="IN"/>
                    <lemma type="by"/>
                    <dep head="5-4" type="prep"/>
                </token>
                <token content="and" id="5-6"/>
                <token content="we" id="5-7">
                    <pos type="PRP"/>
                    <lemma type="we"/>
                    <dep head="5-8" type="nsubj"/>
                </token>
                <token content="purchased" id="5-8">
                    <pos type="VBD"/>
                    <lemma type="purchase"/>
                    <dep head="5-4" type="conj"/>
                </token>
                <token content="2" id="5-9">
                    <pos type="CD"/>
                    <lemma type="2"/>
                </token>
                <token content="round" id="5-10">
                    <pos type="NN"/>
                    <lemma type="round"/>
                </token>
                <token content="trip" id="5-11">
                    <pos type="NN"/>
                    <lemma type="trip"/>
                </token>
                <token content="tickets" id="5-12">
                    <pos type="NNS"/>
                    <lemma type="ticket"/>
                    <dep head="5-8" type="dobj"/>
                </token>
                <token content="with" id="5-13"/>
                <token content="cash" id="5-14">
                    <pos type="NN"/>
                    <lemma type="cash"/>
                    <dep head="5-8" type="prep"/>
                </token>
                <token content="." id="5-15"/>
            </sentence>
            <sentence id="6">
                <token content="The" id="6-1">
                    <pos type="DT"/>
                    <lemma type="the"/>
                </token>
                <token content="ride" id="6-2">
                    <pos type="NN"/>
                    <lemma type="ride"/>
                    <dep head="6-6" type="nsubj"/>
                </token>
                <token content="to" id="6-3"/>
                <token content="the" id="6-4">
                    <pos type="DT"/>
                    <lemma type="the"/>
                </token>
                <token content="city" id="6-5">
                    <pos type="NN"/>
                    <lemma type="city"/>
                </token>
                <token content="took" id="6-6">
                    <pos type="VBD"/>
                    <lemma type="take"/>
                </token>
                <token content="about" id="6-7"/>
                <token content="an" id="6-8">
                    <pos type="DT"/>
                    <lemma type="a"/>
                </token>
                <token content="hour" id="6-9">
                    <pos type="NN"/>
                    <lemma type="hour"/>
                    <dep head="6-6" type="prep"/>
                </token>
                <token content="." id="6-10"/>
            </sentence>
            <sentence id="7">
                <token content="Many" id="7-1">
                    <pos type="JJ"/>
                    <lemma type="many"/>
                </token>
                <token content="people" id="7-2">
                    <pos type="NNS"/>
                    <lemma type="people"/>
                    <dep head="7-3" type="nsubj"/>
                </token>
                <token content="got" id="7-3">
                    <pos type="VBD"/>
                    <lemma type="get"/>
                </token>
                <token content="on" id="7-4">
                    <pos type="RP"/>
                    <lemma type="on"/>
                    <dep head="7-3" type="prt"/>
                </token>
                <token content="and" id="7-5">
                    <pos type="CC"/>
                    <lemma type="and"/>
                </token>
                <token content="off" id="7-6">
                    <pos type="RP"/>
                    <lemma type="off"/>
                </token>
                <token content="at" id="7-7"/>
                <token content="every" id="7-8">
                    <pos type="DT"/>
                    <lemma type="every"/>
                </token>
                <token content="stop" id="7-9">
                    <pos type="NN"/>
                    <lemma type="stop"/>
                    <dep head="7-3" type="prep"/>
                </token>
                <token content="." id="7-10"/>
            </sentence>
            <sentence id="8">
                <token content="I" id="8-1">
                    <pos type="PRP"/>
                    <lemma type="I"/>
                    <dep head="8-2" type="nsubj"/>
                </token>
                <token content="enjoyed" id="8-2">
                    <pos type="VBD"/>
                    <lemma type="enjoy"/>
                </token>
                <token content="the" id="8-3">
                    <pos type="DT"/>
                    <lemma type="the"/>
                </token>
                <token content="people" id="8-4">
                    <pos type="NNS"/>
                    <lemma type="people"/>
                    <dep head="8-2" type="dobj"/>
                </token>
                <token content="watching" id="8-5">
                    <pos type="VBG"/>
                    <lemma type="watch"/>
                </token>
                <token content="." id="8-6"/>
            </sentence>
            <sentence id="9">
                <token content="There" id="9-1">
                    <pos type="EX"/>
                    <lemma type="there"/>
                    <dep head="9-2" type="expl"/>
                </token>
                <token content="were" id="9-2">
                    <pos type="VBD"/>
                    <lemma type="be"/>
                </token>
                <token content="many" id="9-3">
                    <pos type="JJ"/>
                    <lemma type="many"/>
                </token>
                <token content="different" id="9-4">
                    <pos type="JJ"/>
                    <lemma type="different"/>
                </token>
                <token content="types" id="9-5">
                    <pos type="NNS"/>
                    <lemma type="type"/>
                    <dep head="9-2" type="nsubj"/>
                </token>
                <token content="of" id="9-6"/>
                <token content="people" id="9-7">
                    <pos type="NNS"/>
                    <lemma type="people"/>
                </token>
                <token content="," id="9-8"/>
                <token content="the" id="9-9">
                    <pos type="DT"/>
                    <lemma type="the"/>
                </token>
                <token content="business" id="9-10">
                    <pos type="NN"/>
                    <lemma type="business"/>
                </token>
                <token content="types" id="9-11">
                    <pos type="NNS"/>
                    <lemma type="type"/>
                </token>
                <token content="," id="9-12"/>
                <token content="students" id="9-13">
                    <pos type="NNS"/>
                    <lemma type="student"/>
                </token>
                <token content="," id="9-14"/>
                <token content="families" id="9-15">
                    <pos type="NNS"/>
                    <lemma type="family"/>
                </token>
                <token content="," id="9-16"/>
                <token content="and" id="9-17"/>
                <token content="coeds" id="9-18">
                    <pos type="NNS"/>
                    <lemma type="coed"/>
                </token>
                <token content="." id="9-19"/>
            </sentence>
            <sentence id="10">
                <token content="There" id="10-1">
                    <pos type="EX"/>
                    <lemma type="there"/>
                    <dep head="10-2" type="expl"/>
                </token>
                <token content="were" id="10-2">
                    <pos type="VBD"/>
                    <lemma type="be"/>
                </token>
                <token content="a" id="10-3">
                    <pos type="DT"/>
                    <lemma type="a"/>
                </token>
                <token content="couple" id="10-4">
                    <pos type="JJ"/>
                    <lemma type="couple"/>
                </token>
                <token content="loud" id="10-5">
                    <pos type="JJ"/>
                    <lemma type="loud"/>
                </token>
                <token content="babies" id="10-6">
                    <pos type="NNS"/>
                    <lemma type="baby"/>
                </token>
                <token content="and" id="10-7"/>
                <token content="annoying" id="10-8">
                    <pos type="JJ"/>
                    <lemma type="annoying"/>
                </token>
                <token content="blondes" id="10-9">
                    <pos type="NNS"/>
                    <lemma type="blonde"/>
                    <dep head="10-2" type="nsubj"/>
                </token>
                <token content="as" id="10-10">
                    <pos type="RB"/>
                    <lemma type="as"/>
                </token>
                <token content="well" id="10-11">
                    <pos type="RB"/>
                    <lemma type="well"/>
                    <dep head="10-2" type="advmod"/>
                </token>
                <token content="." id="10-12"/>
            </sentence>
            <sentence id="11">
                <token content="It" id="11-1">
                    <pos type="PRP"/>
                    <lemma type="it"/>
                </token>
                <token content="was" id="11-2">
                    <pos type="VBD"/>
                    <lemma type="be"/>
                </token>
                <token content="very" id="11-3">
                    <pos type="RB"/>
                    <lemma type="very"/>
                </token>
                <token content="loud" id="11-4">
                    <pos type="JJ"/>
                    <lemma type="loud"/>
                </token>
                <token content="." id="11-5"/>
            </sentence>
            <sentence id="12">
                <token content="After" id="12-1"/>
                <token content="about" id="12-2">
                    <pos type="RB"/>
                    <lemma type="about"/>
                </token>
                <token content="an" id="12-3">
                    <pos type="DT"/>
                    <lemma type="a"/>
                </token>
                <token content="hour" id="12-4">
                    <pos type="NN"/>
                    <lemma type="hour"/>
                    <dep head="12-7" type="prep"/>
                </token>
                <token content="," id="12-5"/>
                <token content="we" id="12-6">
                    <pos type="PRP"/>
                    <lemma type="we"/>
                    <dep head="12-7" type="nsubj"/>
                </token>
                <token content="were" id="12-7">
                    <pos type="VBD"/>
                    <lemma type="be"/>
                </token>
                <token content="almost" id="12-8">
                    <pos type="RB"/>
                    <lemma type="almost"/>
                    <dep head="12-7" type="advmod"/>
                </token>
                <token content="to" id="12-9"/>
                <token content="our" id="12-10">
                    <pos type="PRP$"/>
                    <lemma type="we"/>
                </token>
                <token content="stop" id="12-11">
                    <pos type="NN"/>
                    <lemma type="stop"/>
                    <dep head="12-7" type="prep"/>
                </token>
                <token content="." id="12-12"/>
            </sentence>
            <sentence id="13">
                <token content="Once" id="13-1">
                    <pos type="IN"/>
                    <lemma type="once"/>
                    <dep head="13-3" type="mark"/>
                </token>
                <token content="we" id="13-2">
                    <pos type="PRP"/>
                    <lemma type="we"/>
                    <dep head="13-3" type="nsubj"/>
                </token>
                <token content="arrived" id="13-3">
                    <pos type="VBD"/>
                    <lemma type="arrive"/>
                    <dep head="13-14" type="advcl"/>
                </token>
                <token content="," id="13-4"/>
                <token content="the" id="13-5">
                    <pos type="DT"/>
                    <lemma type="the"/>
                </token>
                <token content="train" id="13-6">
                    <pos type="NN"/>
                    <lemma type="train"/>
                    <dep head="13-14" type="nsubj"/>
                </token>
                <token content="pulled" id="13-7">
                    <pos type="VBN"/>
                    <lemma type="pull"/>
                </token>
                <token content="into" id="13-8"/>
                <token content="the" id="13-9">
                    <pos type="DT"/>
                    <lemma type="the"/>
                </token>
                <token content="system" id="13-10">
                    <pos type="NN"/>
                    <lemma type="system"/>
                    <dep head="13-7" type="prep"/>
                </token>
                <token content="and" id="13-11"/>
                <token content="the" id="13-12">
                    <pos type="DT"/>
                    <lemma type="the"/>
                </token>
                <token content="conductor" id="13-13">
                    <pos type="NN"/>
                    <lemma type="conductor"/>
                </token>
                <token content="announced" id="13-14">
                    <pos type="VBD"/>
                    <lemma type="announce"/>
                </token>
                <token content="that" id="13-15">
                    <pos type="IN"/>
                    <lemma type="that"/>
                </token>
                <token content="it" id="13-16">
                    <pos type="PRP"/>
                    <lemma type="it"/>
                </token>
                <token content="was" id="13-17">
                    <pos type="VBD"/>
                    <lemma type="be"/>
                </token>
                <token content="the" id="13-18">
                    <pos type="DT"/>
                    <lemma type="the"/>
                </token>
                <token content="last" id="13-19">
                    <pos type="JJ"/>
                    <lemma type="last"/>
                </token>
                <token content="stop" id="13-20">
                    <pos type="NN"/>
                    <lemma type="stop"/>
                    <dep head="13-14" type="ccomp"/>
                </token>
                <token content="and" id="13-21"/>
                <token content="that" id="13-22">
                    <pos type="IN"/>
                    <lemma type="that"/>
                    <dep head="13-24" type="mark"/>
                </token>
                <token content="everything" id="13-23">
                    <pos type="NN"/>
                    <lemma type="everything"/>
                    <dep head="13-24" type="nsubj"/>
                </token>
                <token content="had" id="13-24">
                    <pos type="VBD"/>
                    <lemma type="have"/>
                </token>
                <token content="to" id="13-25">
                    <pos type="TO"/>
                    <lemma type="to"/>
                    <dep head="13-26" type="aux"/>
                </token>
                <token content="depart" id="13-26">
                    <pos type="VB"/>
                    <lemma type="depart"/>
                    <dep head="13-24" type="xcomp"/>
                </token>
                <token content="." id="13-27"/>
            </sentence>
            <sentence id="14">
                <token content="We" id="14-1">
                    <pos type="PRP"/>
                    <lemma type="we"/>
                    <dep head="14-2" type="nsubj"/>
                </token>
                <token content="walked" id="14-2">
                    <pos type="VBD"/>
                    <lemma type="walk"/>
                    <dep head="14-13" type="ccomp"/>
                </token>
                <token content="onto" id="14-3"/>
                <token content="the" id="14-4">
                    <pos type="DT"/>
                    <lemma type="the"/>
                </token>
                <token content="platform" id="14-5">
                    <pos type="NN"/>
                    <lemma type="platform"/>
                    <dep head="14-2" type="prep"/>
                </token>
                <token content="and" id="14-6"/>
                <token content="into" id="14-7"/>
                <token content="the" id="14-8">
                    <pos type="DT"/>
                    <lemma type="the"/>
                </token>
                <token content="train" id="14-9">
                    <pos type="NN"/>
                    <lemma type="train"/>
                </token>
                <token content="station" id="14-10">
                    <pos type="NN"/>
                    <lemma type="station"/>
                    <dep head="14-2" type="prep"/>
                </token>
                <token content="," id="14-11"/>
                <token content="then" id="14-12">
                    <pos type="RB"/>
                    <lemma type="then"/>
                    <dep head="14-13" type="nsubj"/>
                </token>
                <token content="were" id="14-13">
                    <pos type="VBD"/>
                    <lemma type="be"/>
                </token>
                <token content="on" id="14-14"/>
                <token content="our" id="14-15">
                    <pos type="PRP$"/>
                    <lemma type="we"/>
                </token>
                <token content="way" id="14-16">
                    <pos type="NN"/>
                    <lemma type="way"/>
                    <dep head="14-13" type="prep"/>
                </token>
                <token content="." id="14-17"/>
            </sentence>
        </sentences>
    </text>
    <annotations>
        <participants>
            <label from="1-2" id="0" name="NPart" text="weekend" type="participant"/>
            <label from="1-4" id="1" name="ScrPart_passenger" text="I" type="participant"/>
            <label from="1-7" id="2" name="ScrPart_train" text="train" type="participant"/>
            <label from="1-10" id="3" name="ScrPart_destination" text="city" type="participant"/>
            <label from="1-12" id="4" name="ScrPart_passenger" text="my" type="participant"/>
            <label from="1-14" id="5" name="ScrPart_passenger" text="brother" type="participant"/>
            <label from="1-18" id="6" name="NPart" text="concert" type="participant"/>
            <label from="2-1" id="7" name="ScrPart_passenger" text="We" type="participant"/>
            <label from="2-5" id="8" name="ScrPart_train_station" text="train station" to="2-6" type="participant"/>
            <label from="2-6" id="9" name="ScrPart_train_station" text="station" type="participant"/>
            <label from="2-10" id="10" name="ScrPart_train" text="4 PM train" to="2-12" type="participant"/>
            <label from="2-12" id="11" name="ScrPart_train" text="train" type="participant"/>
            <label from="3-1" id="12" name="No_label" text="It" type="participant"/>
            <label from="3-4" id="13" name="No_label" text="while" type="participant"/>
            <label from="4-2" id="14" name="ScrPart_passenger" text="we" type="participant"/>
            <label from="4-5" id="15" name="ScrPart_train" text="train" type="participant"/>
            <label from="4-7" id="16" name="ScrPart_passenger" text="we" type="participant"/>
            <label from="4-10" id="17" name="ScrPart_seat" text="seat" type="participant"/>
            <label from="5-2" id="18" name="ScrPart_train_staff" text="train conductor" to="5-3" type="participant"/>
            <label from="5-3" id="19" name="ScrPart_train_staff" text="conductor" type="participant"/>
            <label from="5-7" id="20" name="ScrPart_passenger" text="we" type="participant"/>
            <label from="5-10" id="21" name="ScrPart_card/ticket" text="round trip tickets" to="5-12" type="participant"/>
            <label from="5-12" id="22" name="ScrPart_card/ticket" text="tickets" type="participant"/>
            <label from="5-14" id="23" name="ScrPart_payment_means" text="cash" type="participant"/>
            <label from="6-2" id="24" name="ScrPart_trip" text="ride" type="participant"/>
            <label from="6-5" id="25" name="ScrPart_destination" text="city" type="participant"/>
            <label from="6-9" id="26" name="ScrPart_time_date" text="hour" type="participant"/>
            <label from="7-2" id="27" name="ScrPart_passenger" text="people" type="participant"/>
            <label from="7-9" id="28" name="ScrPart_other" text="stop" type="participant"/>
            <label from="8-1" id="29" name="ScrPart_passenger" text="I" type="participant"/>
            <label from="9-5" id="30" name="Head_of_Partitive" text="types" type="participant"/>
            <label from="9-7" id="31" name="ScrPart_passenger" text="people" type="participant"/>
            <label from="9-10" id="32" name="ScrPart_passenger" text="business types" to="9-11" type="participant"/>
            <label from="9-11" id="33" name="ScrPart_passenger" text="types" type="participant"/>
            <label from="9-13" id="34" name="ScrPart_passenger" text="students" type="participant"/>
            <label from="9-15" id="35" name="ScrPart_passenger" text="families" type="participant"/>
            <label from="9-18" id="36" name="ScrPart_passenger" text="coeds" type="participant"/>
            <label from="10-4" id="37" name="Head_of_Partitive" text="couple" type="participant"/>
            <label from="10-6" id="38" name="ScrPart_passenger" text="babies" type="participant"/>
            <label from="10-9" id="39" name="ScrPart_passenger" text="blondes" type="participant"/>
            <label from="11-1" id="40" name="No_label" text="It" type="participant"/>
            <label from="12-4" id="41" name="NPart" text="hour" type="participant"/>
            <label from="12-6" id="42" name="ScrPart_passenger" text="we" type="participant"/>
            <label from="12-10" id="43" name="ScrPart_passenger" text="our" type="participant"/>
            <label from="12-11" id="44" name="ScrPart_destination" text="stop" type="participant"/>
            <label from="13-2" id="45" name="ScrPart_passenger" text="we" type="participant"/>
            <label from="13-6" id="46" name="ScrPart_train" text="train" type="participant"/>
            <label from="13-10" id="47" name="ScrPart_location_train" text="system" type="participant"/>
            <label from="13-13" id="48" name="ScrPart_train_staff" text="conductor" type="participant"/>
            <label from="13-16" id="49" name="NPart" text="it" type="participant"/>
            <label from="13-20" id="50" name="ScrPart_destination" text="stop" type="participant"/>
            <label from="13-23" id="51" name="ScrPart_passenger" text="everything" type="participant"/>
            <label from="14-1" id="52" name="ScrPart_passenger" text="We" type="participant"/>
            <label from="14-5" id="53" name="ScrPart_platform" text="platform" type="participant"/>
            <label from="14-9" id="54" name="ScrPart_train_station" text="train station" to="14-10" type="participant"/>
            <label from="14-10" id="55" name="ScrPart_train_station" text="station" type="participant"/>
            <label from="14-15" id="56" name="ScrPart_passenger" text="our" type="participant"/>
            <label from="14-16" id="57" name="NPart" text="way" type="participant"/>
        </participants>
        <events>
            <label from="1-5" id="58" name="Evoking" text="took the train" to="1-7" type="event"/>
            <label from="1-16" id="59" name="UnrelEv" text="attend" type="event"/>
            <label from="2-2" id="60" name="ScrEv_get_train_station" text="drove" type="event"/>
            <label from="2-8" id="61" name="ScrEv_get_on" text="catch" type="event"/>
            <label from="3-2" id="62" name="UnrelEv" text="took" type="event"/>
            <label from="3-6" id="63" name="RelNScrEv" text="find" type="event"/>
            <label from="3-7" id="64" name="RelNScrEv" text="parking" type="event"/>
            <label from="4-3" id="65" name="ScrEv_get_on" text="boarded" type="event"/>
            <label from="4-8" id="66" name="ScrEv_find_place" text="took" type="event"/>
            <label from="5-4" id="67" name="RelNScrEv" text="came by" to="5-5" type="event"/>
            <label from="5-8" id="68" name="ScrEv_get_tickets" text="purchased" type="event"/>
            <label from="6-6" id="69" name="RelNScrEv" text="took" type="event"/>
            <label from="7-3" id="70" name="ScrEv_get_on" text="got" type="event"/>
            <label from="8-2" id="71" name="UnrelEv" text="enjoyed" type="event"/>
            <label from="8-4" id="72" name="ScrEv_spend_time_train" text="people watching" to="8-5" type="event"/>
            <label from="9-2" id="73" name="UnrelEv" text="were" type="event"/>
            <label from="10-2" id="74" name="UnrelEv" text="were" type="event"/>
            <label from="10-8" id="75" name="UnrelEv" text="annoying" type="event"/>
            <label from="11-2" id="76" name="UnrelEv" text="was" type="event"/>
            <label from="12-7" id="77" name="UnrelEv" text="were" type="event"/>
            <label from="13-3" id="78" name="ScrEv_arrive_destination" text="arrived" type="event"/>
            <label from="13-7" id="79" name="RelNScrEv" text="pulled" type="event"/>
            <label from="13-14" id="80" name="RelNScrEv" text="announced" type="event"/>
            <label from="13-17" id="81" name="UnrelEv" text="was" type="event"/>
            <label from="13-26" id="82" name="ScrEv_get_off" text="depart" type="event"/>
            <label from="14-2" id="83" name="ScrEv_get_off" text="walked" type="event"/>
            <label from="14-13" id="84" name="UnrelEv" text="were" type="event"/>
        </events>
        <chains>
            <chain elements="1 4 29"/>
            <chain elements="4 7 5" name="coref_group_I_brother"/>
            <chain elements="2 11 15 46"/>
            <chain elements="7 14 16 20 42 43 45 52 56"/>
            <chain elements="3 25 44 50"/>
            <chain elements="27 31"/>
            <chain elements="31 33 34 35 36 38 39" name="coref_other_passenger"/>
            <chain elements="19 48"/>
            <chain elements="31 51 45" name="coref_group_we_passenger"/>
            <chain elements="9 55"/>
        </chains>
    </annotations>
</story>
