<?xml version="1.0" encoding="UTF-8" standalone="no"?>
<!DOCTYPE story SYSTEM "../InScript.dtd">
<story id="069" scenario="train">
    <text>
        <content>Last night we decided to head into New York City . 
Driving in was not a good option , who wants to deal with that kind of traffic ? 
So we decide a better idea was to take the train in . 
We parked our car at the train station in Newark and prepaid for weekend parking . 
I grabbed a small bag and we went to the ticket window to purchase our tickets . 
After that we just had to wait for our train to arrive and begin boarding . 
Once it was at the station we were so excited , we ran out to the platform and boarded one of the cars . 
We found seats quickly , unlike an airplane you just sit where you want . 
And then off we went ! 
The train seemed to stop a lot , there were so many more stations than I realized were out there . 
Eventually though , we heard those magic words . 
Penn Station ! 
We had arrived in New York City ! </content>
        <sentences>
            <sentence id="1">
                <token content="Last" id="1-1">
                    <pos type="JJ"/>
                    <lemma type="last"/>
                </token>
                <token content="night" id="1-2">
                    <pos type="NN"/>
                    <lemma type="night"/>
                    <dep head="1-4" type="tmod"/>
                </token>
                <token content="we" id="1-3">
                    <pos type="PRP"/>
                    <lemma type="we"/>
                    <dep head="1-4" type="nsubj"/>
                </token>
                <token content="decided" id="1-4">
                    <pos type="VBD"/>
                    <lemma type="decide"/>
                </token>
                <token content="to" id="1-5">
                    <pos type="TO"/>
                    <lemma type="to"/>
                    <dep head="1-6" type="aux"/>
                </token>
                <token content="head" id="1-6">
                    <pos type="VB"/>
                    <lemma type="head"/>
                    <dep head="1-4" type="xcomp"/>
                </token>
                <token content="into" id="1-7"/>
                <token content="New" id="1-8">
                    <pos type="NNP"/>
                    <lemma type="New"/>
                </token>
                <token content="York" id="1-9">
                    <pos type="NNP"/>
                    <lemma type="York"/>
                </token>
                <token content="City" id="1-10">
                    <pos type="NNP"/>
                    <lemma type="City"/>
                    <dep head="1-6" type="prep"/>
                </token>
                <token content="." id="1-11"/>
            </sentence>
            <sentence id="2">
                <token content="Driving" id="2-1">
                    <pos type="NNP"/>
                    <lemma type="Driving"/>
                </token>
                <token content="in" id="2-2">
                    <pos type="RB"/>
                    <lemma type="in"/>
                </token>
                <token content="was" id="2-3">
                    <pos type="VBD"/>
                    <lemma type="be"/>
                </token>
                <token content="not" id="2-4">
                    <pos type="RB"/>
                    <lemma type="not"/>
                </token>
                <token content="a" id="2-5">
                    <pos type="DT"/>
                    <lemma type="a"/>
                </token>
                <token content="good" id="2-6">
                    <pos type="JJ"/>
                    <lemma type="good"/>
                </token>
                <token content="option" id="2-7">
                    <pos type="NN"/>
                    <lemma type="option"/>
                </token>
                <token content="," id="2-8"/>
                <token content="who" id="2-9">
                    <pos type="WP"/>
                    <lemma type="who"/>
                    <dep head="2-10" type="nsubj"/>
                </token>
                <token content="wants" id="2-10">
                    <pos type="VBZ"/>
                    <lemma type="want"/>
                </token>
                <token content="to" id="2-11">
                    <pos type="TO"/>
                    <lemma type="to"/>
                    <dep head="2-12" type="aux"/>
                </token>
                <token content="deal" id="2-12">
                    <pos type="VB"/>
                    <lemma type="deal"/>
                    <dep head="2-10" type="xcomp"/>
                </token>
                <token content="with" id="2-13"/>
                <token content="that" id="2-14">
                    <pos type="DT"/>
                    <lemma type="that"/>
                </token>
                <token content="kind" id="2-15">
                    <pos type="NN"/>
                    <lemma type="kind"/>
                    <dep head="2-12" type="prep"/>
                </token>
                <token content="of" id="2-16"/>
                <token content="traffic" id="2-17">
                    <pos type="NN"/>
                    <lemma type="traffic"/>
                </token>
                <token content="?" id="2-18"/>
            </sentence>
            <sentence id="3">
                <token content="So" id="3-1">
                    <pos type="IN"/>
                    <lemma type="so"/>
                    <dep head="3-3" type="dep"/>
                </token>
                <token content="we" id="3-2">
                    <pos type="PRP"/>
                    <lemma type="we"/>
                    <dep head="3-3" type="nsubj"/>
                </token>
                <token content="decide" id="3-3">
                    <pos type="VBP"/>
                    <lemma type="decide"/>
                </token>
                <token content="a" id="3-4">
                    <pos type="DT"/>
                    <lemma type="a"/>
                </token>
                <token content="better" id="3-5">
                    <pos type="JJR"/>
                    <lemma type="better"/>
                </token>
                <token content="idea" id="3-6">
                    <pos type="NN"/>
                    <lemma type="idea"/>
                    <dep head="3-7" type="nsubj"/>
                </token>
                <token content="was" id="3-7">
                    <pos type="VBD"/>
                    <lemma type="be"/>
                    <dep head="3-3" type="ccomp"/>
                </token>
                <token content="to" id="3-8">
                    <pos type="TO"/>
                    <lemma type="to"/>
                    <dep head="3-9" type="aux"/>
                </token>
                <token content="take" id="3-9">
                    <pos type="VB"/>
                    <lemma type="take"/>
                    <dep head="3-7" type="xcomp"/>
                </token>
                <token content="the" id="3-10">
                    <pos type="DT"/>
                    <lemma type="the"/>
                </token>
                <token content="train" id="3-11">
                    <pos type="NN"/>
                    <lemma type="train"/>
                    <dep head="3-9" type="dobj"/>
                </token>
                <token content="in" id="3-12">
                    <pos type="IN"/>
                    <lemma type="in"/>
                    <dep head="3-9" type="prep"/>
                </token>
                <token content="." id="3-13"/>
            </sentence>
            <sentence id="4">
                <token content="We" id="4-1">
                    <pos type="PRP"/>
                    <lemma type="we"/>
                    <dep head="4-2" type="nsubj"/>
                </token>
                <token content="parked" id="4-2">
                    <pos type="VBD"/>
                    <lemma type="park"/>
                </token>
                <token content="our" id="4-3">
                    <pos type="PRP$"/>
                    <lemma type="we"/>
                </token>
                <token content="car" id="4-4">
                    <pos type="NN"/>
                    <lemma type="car"/>
                    <dep head="4-2" type="dobj"/>
                </token>
                <token content="at" id="4-5"/>
                <token content="the" id="4-6">
                    <pos type="DT"/>
                    <lemma type="the"/>
                </token>
                <token content="train" id="4-7">
                    <pos type="NN"/>
                    <lemma type="train"/>
                </token>
                <token content="station" id="4-8">
                    <pos type="NN"/>
                    <lemma type="station"/>
                    <dep head="4-2" type="prep"/>
                </token>
                <token content="in" id="4-9"/>
                <token content="Newark" id="4-10">
                    <pos type="NNP"/>
                    <lemma type="Newark"/>
                </token>
                <token content="and" id="4-11"/>
                <token content="prepaid" id="4-12">
                    <pos type="VBN"/>
                    <lemma type="prepay"/>
                    <dep head="4-2" type="conj"/>
                </token>
                <token content="for" id="4-13"/>
                <token content="weekend" id="4-14">
                    <pos type="NN"/>
                    <lemma type="weekend"/>
                </token>
                <token content="parking" id="4-15">
                    <pos type="NN"/>
                    <lemma type="parking"/>
                    <dep head="4-12" type="prep"/>
                </token>
                <token content="." id="4-16"/>
            </sentence>
            <sentence id="5">
                <token content="I" id="5-1">
                    <pos type="PRP"/>
                    <lemma type="I"/>
                    <dep head="5-2" type="nsubj"/>
                </token>
                <token content="grabbed" id="5-2">
                    <pos type="VBD"/>
                    <lemma type="grab"/>
                </token>
                <token content="a" id="5-3">
                    <pos type="DT"/>
                    <lemma type="a"/>
                </token>
                <token content="small" id="5-4">
                    <pos type="JJ"/>
                    <lemma type="small"/>
                </token>
                <token content="bag" id="5-5">
                    <pos type="NN"/>
                    <lemma type="bag"/>
                    <dep head="5-2" type="dobj"/>
                </token>
                <token content="and" id="5-6"/>
                <token content="we" id="5-7">
                    <pos type="PRP"/>
                    <lemma type="we"/>
                    <dep head="5-8" type="nsubj"/>
                </token>
                <token content="went" id="5-8">
                    <pos type="VBD"/>
                    <lemma type="go"/>
                    <dep head="5-2" type="conj"/>
                </token>
                <token content="to" id="5-9"/>
                <token content="the" id="5-10">
                    <pos type="DT"/>
                    <lemma type="the"/>
                </token>
                <token content="ticket" id="5-11">
                    <pos type="NN"/>
                    <lemma type="ticket"/>
                </token>
                <token content="window" id="5-12">
                    <pos type="NN"/>
                    <lemma type="window"/>
                    <dep head="5-8" type="prep"/>
                </token>
                <token content="to" id="5-13">
                    <pos type="TO"/>
                    <lemma type="to"/>
                    <dep head="5-14" type="aux"/>
                </token>
                <token content="purchase" id="5-14">
                    <pos type="VB"/>
                    <lemma type="purchase"/>
                    <dep head="5-8" type="xcomp"/>
                </token>
                <token content="our" id="5-15">
                    <pos type="PRP$"/>
                    <lemma type="we"/>
                </token>
                <token content="tickets" id="5-16">
                    <pos type="NNS"/>
                    <lemma type="ticket"/>
                    <dep head="5-14" type="dobj"/>
                </token>
                <token content="." id="5-17"/>
            </sentence>
            <sentence id="6">
                <token content="After" id="6-1"/>
                <token content="that" id="6-2">
                    <pos type="DT"/>
                    <lemma type="that"/>
                    <dep head="6-5" type="prep"/>
                </token>
                <token content="we" id="6-3">
                    <pos type="PRP"/>
                    <lemma type="we"/>
                    <dep head="6-5" type="nsubj"/>
                </token>
                <token content="just" id="6-4">
                    <pos type="RB"/>
                    <lemma type="just"/>
                    <dep head="6-5" type="advmod"/>
                </token>
                <token content="had" id="6-5">
                    <pos type="VBD"/>
                    <lemma type="have"/>
                </token>
                <token content="to" id="6-6">
                    <pos type="TO"/>
                    <lemma type="to"/>
                    <dep head="6-7" type="aux"/>
                </token>
                <token content="wait" id="6-7">
                    <pos type="VB"/>
                    <lemma type="wait"/>
                    <dep head="6-5" type="xcomp"/>
                </token>
                <token content="for" id="6-8"/>
                <token content="our" id="6-9">
                    <pos type="PRP$"/>
                    <lemma type="we"/>
                </token>
                <token content="train" id="6-10">
                    <pos type="NN"/>
                    <lemma type="train"/>
                    <dep head="6-7" type="prep"/>
                </token>
                <token content="to" id="6-11">
                    <pos type="TO"/>
                    <lemma type="to"/>
                    <dep head="6-12" type="aux"/>
                </token>
                <token content="arrive" id="6-12">
                    <pos type="VB"/>
                    <lemma type="arrive"/>
                </token>
                <token content="and" id="6-13"/>
                <token content="begin" id="6-14">
                    <pos type="VB"/>
                    <lemma type="begin"/>
                    <dep head="6-12" type="conj"/>
                </token>
                <token content="boarding" id="6-15">
                    <pos type="NN"/>
                    <lemma type="boarding"/>
                    <dep head="6-12" type="dobj"/>
                </token>
                <token content="." id="6-16"/>
            </sentence>
            <sentence id="7">
                <token content="Once" id="7-1">
                    <pos type="IN"/>
                    <lemma type="once"/>
                    <dep head="7-3" type="mark"/>
                </token>
                <token content="it" id="7-2">
                    <pos type="PRP"/>
                    <lemma type="it"/>
                    <dep head="7-3" type="nsubj"/>
                </token>
                <token content="was" id="7-3">
                    <pos type="VBD"/>
                    <lemma type="be"/>
                    <dep head="7-13" type="advcl"/>
                </token>
                <token content="at" id="7-4"/>
                <token content="the" id="7-5">
                    <pos type="DT"/>
                    <lemma type="the"/>
                </token>
                <token content="station" id="7-6">
                    <pos type="NN"/>
                    <lemma type="station"/>
                    <dep head="7-3" type="prep"/>
                </token>
                <token content="we" id="7-7">
                    <pos type="PRP"/>
                    <lemma type="we"/>
                </token>
                <token content="were" id="7-8">
                    <pos type="VBD"/>
                    <lemma type="be"/>
                </token>
                <token content="so" id="7-9">
                    <pos type="RB"/>
                    <lemma type="so"/>
                </token>
                <token content="excited" id="7-10">
                    <pos type="JJ"/>
                    <lemma type="excited"/>
                </token>
                <token content="," id="7-11"/>
                <token content="we" id="7-12">
                    <pos type="PRP"/>
                    <lemma type="we"/>
                    <dep head="7-13" type="nsubj"/>
                </token>
                <token content="ran" id="7-13">
                    <pos type="VBD"/>
                    <lemma type="run"/>
                </token>
                <token content="out" id="7-14">
                    <pos type="RP"/>
                    <lemma type="out"/>
                    <dep head="7-13" type="prt"/>
                </token>
                <token content="to" id="7-15"/>
                <token content="the" id="7-16">
                    <pos type="DT"/>
                    <lemma type="the"/>
                </token>
                <token content="platform" id="7-17">
                    <pos type="NN"/>
                    <lemma type="platform"/>
                    <dep head="7-13" type="prep"/>
                </token>
                <token content="and" id="7-18"/>
                <token content="boarded" id="7-19">
                    <pos type="VBD"/>
                    <lemma type="board"/>
                    <dep head="7-13" type="conj"/>
                </token>
                <token content="one" id="7-20">
                    <pos type="CD"/>
                    <lemma type="one"/>
                    <dep head="7-19" type="dobj"/>
                </token>
                <token content="of" id="7-21"/>
                <token content="the" id="7-22">
                    <pos type="DT"/>
                    <lemma type="the"/>
                </token>
                <token content="cars" id="7-23">
                    <pos type="NNS"/>
                    <lemma type="car"/>
                </token>
                <token content="." id="7-24"/>
            </sentence>
            <sentence id="8">
                <token content="We" id="8-1">
                    <pos type="PRP"/>
                    <lemma type="we"/>
                    <dep head="8-2" type="nsubj"/>
                </token>
                <token content="found" id="8-2">
                    <pos type="VBD"/>
                    <lemma type="find"/>
                </token>
                <token content="seats" id="8-3">
                    <pos type="NNS"/>
                    <lemma type="seat"/>
                    <dep head="8-2" type="dobj"/>
                </token>
                <token content="quickly" id="8-4">
                    <pos type="RB"/>
                    <lemma type="quickly"/>
                    <dep head="8-2" type="advmod"/>
                </token>
                <token content="," id="8-5"/>
                <token content="unlike" id="8-6"/>
                <token content="an" id="8-7">
                    <pos type="DT"/>
                    <lemma type="a"/>
                </token>
                <token content="airplane" id="8-8">
                    <pos type="NN"/>
                    <lemma type="airplane"/>
                    <dep head="8-2" type="prep"/>
                </token>
                <token content="you" id="8-9">
                    <pos type="PRP"/>
                    <lemma type="you"/>
                    <dep head="8-11" type="nsubj"/>
                </token>
                <token content="just" id="8-10">
                    <pos type="RB"/>
                    <lemma type="just"/>
                    <dep head="8-11" type="advmod"/>
                </token>
                <token content="sit" id="8-11">
                    <pos type="VBP"/>
                    <lemma type="sit"/>
                </token>
                <token content="where" id="8-12">
                    <pos type="WRB"/>
                    <lemma type="where"/>
                    <dep head="8-14" type="advmod"/>
                </token>
                <token content="you" id="8-13">
                    <pos type="PRP"/>
                    <lemma type="you"/>
                    <dep head="8-14" type="nsubj"/>
                </token>
                <token content="want" id="8-14">
                    <pos type="VBP"/>
                    <lemma type="want"/>
                    <dep head="8-11" type="advcl"/>
                </token>
                <token content="." id="8-15"/>
            </sentence>
            <sentence id="9">
                <token content="And" id="9-1">
                    <pos type="CC"/>
                    <lemma type="and"/>
                    <dep head="9-5" type="cc"/>
                </token>
                <token content="then" id="9-2">
                    <pos type="RB"/>
                    <lemma type="then"/>
                </token>
                <token content="off" id="9-3">
                    <pos type="RB"/>
                    <lemma type="off"/>
                    <dep head="9-5" type="advmod"/>
                </token>
                <token content="we" id="9-4">
                    <pos type="PRP"/>
                    <lemma type="we"/>
                    <dep head="9-5" type="nsubj"/>
                </token>
                <token content="went" id="9-5">
                    <pos type="VBD"/>
                    <lemma type="go"/>
                </token>
                <token content="!" id="9-6"/>
            </sentence>
            <sentence id="10">
                <token content="The" id="10-1">
                    <pos type="DT"/>
                    <lemma type="the"/>
                </token>
                <token content="train" id="10-2">
                    <pos type="NN"/>
                    <lemma type="train"/>
                    <dep head="10-3" type="nsubj"/>
                </token>
                <token content="seemed" id="10-3">
                    <pos type="VBD"/>
                    <lemma type="seem"/>
                    <dep head="10-10" type="ccomp"/>
                </token>
                <token content="to" id="10-4">
                    <pos type="TO"/>
                    <lemma type="to"/>
                    <dep head="10-5" type="aux"/>
                </token>
                <token content="stop" id="10-5">
                    <pos type="VB"/>
                    <lemma type="stop"/>
                    <dep head="10-3" type="xcomp"/>
                </token>
                <token content="a" id="10-6">
                    <pos type="DT"/>
                    <lemma type="a"/>
                </token>
                <token content="lot" id="10-7">
                    <pos type="NN"/>
                    <lemma type="lot"/>
                    <dep head="10-5" type="dobj"/>
                </token>
                <token content="," id="10-8"/>
                <token content="there" id="10-9">
                    <pos type="EX"/>
                    <lemma type="there"/>
                    <dep head="10-10" type="expl"/>
                </token>
                <token content="were" id="10-10">
                    <pos type="VBD"/>
                    <lemma type="be"/>
                </token>
                <token content="so" id="10-11">
                    <pos type="RB"/>
                    <lemma type="so"/>
                </token>
                <token content="many" id="10-12">
                    <pos type="JJ"/>
                    <lemma type="many"/>
                    <dep head="10-10" type="acomp"/>
                </token>
                <token content="more" id="10-13">
                    <pos type="JJR"/>
                    <lemma type="more"/>
                </token>
                <token content="stations" id="10-14">
                    <pos type="NNS"/>
                    <lemma type="station"/>
                    <dep head="10-17" type="dep"/>
                </token>
                <token content="than" id="10-15">
                    <pos type="IN"/>
                    <lemma type="than"/>
                    <dep head="10-17" type="mark"/>
                </token>
                <token content="I" id="10-16">
                    <pos type="PRP"/>
                    <lemma type="I"/>
                    <dep head="10-17" type="nsubj"/>
                </token>
                <token content="realized" id="10-17">
                    <pos type="VBD"/>
                    <lemma type="realize"/>
                    <dep head="10-10" type="advcl"/>
                </token>
                <token content="were" id="10-18">
                    <pos type="VBD"/>
                    <lemma type="be"/>
                    <dep head="10-17" type="ccomp"/>
                </token>
                <token content="out" id="10-19">
                    <pos type="IN"/>
                    <lemma type="out"/>
                    <dep head="10-18" type="advmod"/>
                </token>
                <token content="there" id="10-20">
                    <pos type="RB"/>
                    <lemma type="there"/>
                </token>
                <token content="." id="10-21"/>
            </sentence>
            <sentence id="11">
                <token content="Eventually" id="11-1">
                    <pos type="RB"/>
                    <lemma type="eventually"/>
                    <dep head="11-5" type="advmod"/>
                </token>
                <token content="though" id="11-2">
                    <pos type="RB"/>
                    <lemma type="though"/>
                    <dep head="11-5" type="advmod"/>
                </token>
                <token content="," id="11-3"/>
                <token content="we" id="11-4">
                    <pos type="PRP"/>
                    <lemma type="we"/>
                    <dep head="11-5" type="nsubj"/>
                </token>
                <token content="heard" id="11-5">
                    <pos type="VBD"/>
                    <lemma type="hear"/>
                </token>
                <token content="those" id="11-6">
                    <pos type="DT"/>
                    <lemma type="those"/>
                </token>
                <token content="magic" id="11-7">
                    <pos type="JJ"/>
                    <lemma type="magic"/>
                </token>
                <token content="words" id="11-8">
                    <pos type="NNS"/>
                    <lemma type="word"/>
                    <dep head="11-5" type="dobj"/>
                </token>
                <token content="." id="11-9"/>
            </sentence>
            <sentence id="12">
                <token content="Penn" id="12-1">
                    <pos type="NNP"/>
                    <lemma type="Penn"/>
                </token>
                <token content="Station" id="12-2">
                    <pos type="NNP"/>
                    <lemma type="Station"/>
                </token>
                <token content="!" id="12-3"/>
            </sentence>
            <sentence id="13">
                <token content="We" id="13-1">
                    <pos type="PRP"/>
                    <lemma type="we"/>
                    <dep head="13-3" type="nsubj"/>
                </token>
                <token content="had" id="13-2">
                    <pos type="VBD"/>
                    <lemma type="have"/>
                    <dep head="13-3" type="aux"/>
                </token>
                <token content="arrived" id="13-3">
                    <pos type="VBN"/>
                    <lemma type="arrive"/>
                </token>
                <token content="in" id="13-4"/>
                <token content="New" id="13-5">
                    <pos type="NNP"/>
                    <lemma type="New"/>
                </token>
                <token content="York" id="13-6">
                    <pos type="NNP"/>
                    <lemma type="York"/>
                </token>
                <token content="City" id="13-7">
                    <pos type="NNP"/>
                    <lemma type="City"/>
                    <dep head="13-3" type="prep"/>
                </token>
                <token content="!" id="13-8"/>
            </sentence>
        </sentences>
    </text>
    <annotations>
        <participants>
            <label from="1-2" id="0" name="NPart" text="night" type="participant"/>
            <label from="1-3" id="1" name="ScrPart_passenger" text="we" type="participant"/>
            <label from="1-8" id="2" name="ScrPart_destination" text="New York City" to="1-10" type="participant"/>
            <label from="2-7" id="3" name="NPart" text="option" type="participant"/>
            <label from="2-15" id="4" name="NPart" text="kind" type="participant"/>
            <label from="2-17" id="5" name="NPart" text="traffic" type="participant"/>
            <label from="3-2" id="6" name="ScrPart_passenger" text="we" type="participant"/>
            <label from="3-6" id="7" name="NPart" text="idea" type="participant"/>
            <label from="3-11" id="8" name="ScrPart_train" text="train" type="participant"/>
            <label from="4-1" id="9" name="ScrPart_passenger" text="We" type="participant"/>
            <label from="4-3" id="10" name="ScrPart_passenger" text="our" type="participant"/>
            <label from="4-4" id="11" name="NPart" text="car" type="participant"/>
            <label from="4-7" id="12" name="ScrPart_train_station" text="train station" to="4-8" type="participant"/>
            <label from="4-8" id="13" name="ScrPart_train_station" text="station" type="participant"/>
            <label from="4-10" id="14" name="NPart" text="Newark" type="participant"/>
            <label from="4-14" id="15" name="NPart" text="weekend" type="participant"/>
            <label from="5-1" id="16" name="ScrPart_passenger" text="I" type="participant"/>
            <label from="5-5" id="17" name="NPart" text="bag" type="participant"/>
            <label from="5-7" id="18" name="ScrPart_passenger" text="we" type="participant"/>
            <label from="5-11" id="19" name="ScrPart_ticket_office/website" text="ticket window" to="5-12" type="participant"/>
            <label from="5-12" id="20" name="ScrPart_ticket_office/website" text="window" type="participant"/>
            <label from="5-15" id="21" name="ScrPart_passenger" text="our" type="participant"/>
            <label from="5-16" id="22" name="ScrPart_card/ticket" text="tickets" type="participant"/>
            <label from="6-3" id="23" name="ScrPart_passenger" text="we" type="participant"/>
            <label from="6-9" id="24" name="ScrPart_passenger" text="our" type="participant"/>
            <label from="6-10" id="25" name="ScrPart_train" text="train" type="participant"/>
            <label from="7-2" id="26" name="ScrPart_train" text="it" type="participant"/>
            <label from="7-6" id="27" name="ScrPart_train_station" text="station" type="participant"/>
            <label from="7-7" id="28" name="NPart" text="we" type="participant"/>
            <label from="7-12" id="29" name="ScrPart_passenger" text="we" type="participant"/>
            <label from="7-17" id="30" name="ScrPart_platform" text="platform" type="participant"/>
            <label from="7-23" id="31" name="ScrPart_coach" text="cars" type="participant"/>
            <label from="8-1" id="32" name="ScrPart_passenger" text="We" type="participant"/>
            <label from="8-3" id="33" name="ScrPart_seat" text="seats" type="participant"/>
            <label from="8-8" id="34" name="NPart" text="airplane" type="participant"/>
            <label from="8-9" id="35" name="ScrPart_passenger" text="you" type="participant"/>
            <label from="8-13" id="36" name="ScrPart_passenger" text="you" type="participant"/>
            <label from="9-4" id="37" name="ScrPart_passenger" text="we" type="participant"/>
            <label from="10-2" id="38" name="ScrPart_train" text="train" type="participant"/>
            <label from="10-7" id="39" name="No_label" text="lot" type="participant"/>
            <label from="10-14" id="40" name="ScrPart_train_station" text="stations" type="participant"/>
            <label from="10-16" id="41" name="ScrPart_passenger" text="I" type="participant"/>
            <label from="11-4" id="42" name="ScrPart_passenger" text="we" type="participant"/>
            <label from="11-8" id="43" name="NPart" text="words" type="participant"/>
            <label from="12-1" id="44" name="ScrPart_train_station" text="Penn Station" to="12-2" type="participant"/>
            <label from="12-2" id="45" name="ScrPart_train_station" text="Station" type="participant"/>
            <label from="13-1" id="46" name="ScrPart_passenger" text="We" type="participant"/>
            <label from="13-5" id="47" name="ScrPart_destination" text="New York City" to="13-7" type="participant"/>
        </participants>
        <events>
            <label from="1-4" id="48" name="UnrelEv" text="decided" type="event"/>
            <label from="1-6" id="49" name="UnrelEv" text="head" type="event"/>
            <label from="2-1" id="50" name="UnrelEv" text="Driving in" to="2-2" type="event"/>
            <label from="2-1" id="51" name="UnrelEv" text="Driving" type="event"/>
            <label from="2-10" id="52" name="UnrelEv" text="wants" type="event"/>
            <label from="2-12" id="53" name="UnrelEv" text="deal with" to="2-13" type="event"/>
            <label from="2-12" id="54" name="UnrelEv" text="deal" type="event"/>
            <label from="3-3" id="55" name="UnrelEv" text="decide" type="event"/>
            <label from="3-7" id="56" name="UnrelEv" text="was" type="event"/>
            <label from="3-9" id="57" name="Evoking" text="take the train in" to="3-12" type="event"/>
            <label from="4-2" id="58" name="UnrelEv" text="parked" type="event"/>
            <label from="4-12" id="59" name="RelNScrEv" text="prepaid" type="event"/>
            <label from="4-15" id="60" name="UnrelEv" text="parking" type="event"/>
            <label from="5-2" id="61" name="UnrelEv" text="grabbed" type="event"/>
            <label from="5-8" id="62" name="ScrEv_other" text="went" type="event"/>
            <label from="5-14" id="63" name="ScrEv_get_tickets" text="purchase" type="event"/>
            <label from="6-7" id="64" name="ScrEv_wait" text="wait" type="event"/>
            <label from="6-12" id="65" name="ScrEv_train_arrives" text="arrive" type="event"/>
            <label from="6-14" id="66" name="UnrelEv" text="begin" type="event"/>
            <label from="6-15" id="67" name="RelNScrEv" text="boarding" type="event"/>
            <label from="7-3" id="68" name="UnrelEv" text="was" type="event"/>
            <label from="7-8" id="69" name="UnrelEv" text="were" type="event"/>
            <label from="7-13" id="70" name="ScrEv_get_platform" text="ran out" to="7-14" type="event"/>
            <label from="7-13" id="71" name="ScrEv_get_platform" text="ran" type="event"/>
            <label from="7-19" id="72" name="ScrEv_get_on" text="boarded" type="event"/>
            <label from="8-2" id="73" name="ScrEv_find_place" text="found" type="event"/>
            <label from="8-11" id="74" name="UnrelEv" text="sit" type="event"/>
            <label from="8-14" id="75" name="UnrelEv" text="want" type="event"/>
            <label from="9-5" id="76" name="ScrEv_train_departs" text="went" type="event"/>
            <label from="10-3" id="77" name="UnrelEv" text="seemed" type="event"/>
            <label from="10-5" id="78" name="ScrEv_other" text="stop" type="event"/>
            <label from="10-10" id="79" name="UnrelEv" text="were" type="event"/>
            <label from="10-17" id="80" name="UnrelEv" text="realized" type="event"/>
            <label from="10-18" id="81" name="UnrelEv" text="were" type="event"/>
            <label from="11-5" id="82" name="UnrelEv" text="heard" type="event"/>
            <label from="13-3" id="83" name="ScrEv_arrive_destination" text="arrived" type="event"/>
        </events>
        <chains>
            <chain elements="1 6 9 10 16 18 23 24 29 32 35 36 37 41 42 46"/>
            <chain elements="8 25 26 38"/>
            <chain elements="13 27"/>
            <chain elements="2 47"/>
        </chains>
    </annotations>
</story>
