<?xml version="1.0" encoding="UTF-8" standalone="no"?>
<!DOCTYPE story SYSTEM "../InScript.dtd">
<story id="082" scenario="train">
    <text>
        <content>Last month I wanted to go visit my parents in Florida , but I hate to fly . 
After thinking about it for a little while , I decided to take the train . 
It 's not as fast as flying but it is a lot faster than driving . 
I got on my computer and pulled up the train schedules to see if there was one that would work to get me where I was going . 
After checking a few , I found one headed the way I needed to go that was also running at the right time . 
I bought a round trip ticket right from the website . 
Since it would only take 10 hours to get there , I did n't bother getting a spot in a sleeper car , just a regular seat . 
I packed up the things I needed and headed to the train station . 
Once I was there I checked in and got on the train . 
About 10 minutes later it was time to go and the train rumbled out of the station . 
I had a window seat , so I could watch the scenery go by as we sped along the tracks . 
After a little while I decided to go up to the food car and get some lunch . 
I sat in the food car , ate and played a game on my tablet . 
After a while I went back to my seat , plugged my headphones into my tablet and just watched the country roll by while I listened to my music . 
We got to Florida on time and I had a great visit with my parents , and best of all , I did n't have to fly ! </content>
        <sentences>
            <sentence id="1">
                <token content="Last" id="1-1">
                    <pos type="JJ"/>
                    <lemma type="last"/>
                </token>
                <token content="month" id="1-2">
                    <pos type="NN"/>
                    <lemma type="month"/>
                    <dep head="1-4" type="tmod"/>
                </token>
                <token content="I" id="1-3">
                    <pos type="PRP"/>
                    <lemma type="I"/>
                    <dep head="1-4" type="nsubj"/>
                </token>
                <token content="wanted" id="1-4">
                    <pos type="VBD"/>
                    <lemma type="want"/>
                </token>
                <token content="to" id="1-5">
                    <pos type="TO"/>
                    <lemma type="to"/>
                    <dep head="1-6" type="aux"/>
                </token>
                <token content="go" id="1-6">
                    <pos type="VB"/>
                    <lemma type="go"/>
                    <dep head="1-4" type="xcomp"/>
                </token>
                <token content="visit" id="1-7">
                    <pos type="VB"/>
                    <lemma type="visit"/>
                    <dep head="1-6" type="xcomp"/>
                </token>
                <token content="my" id="1-8">
                    <pos type="PRP$"/>
                    <lemma type="my"/>
                </token>
                <token content="parents" id="1-9">
                    <pos type="NNS"/>
                    <lemma type="parent"/>
                    <dep head="1-7" type="dobj"/>
                </token>
                <token content="in" id="1-10"/>
                <token content="Florida" id="1-11">
                    <pos type="NNP"/>
                    <lemma type="Florida"/>
                    <dep head="1-7" type="prep"/>
                </token>
                <token content="," id="1-12"/>
                <token content="but" id="1-13"/>
                <token content="I" id="1-14">
                    <pos type="PRP"/>
                    <lemma type="I"/>
                    <dep head="1-15" type="nsubj"/>
                </token>
                <token content="hate" id="1-15">
                    <pos type="VBP"/>
                    <lemma type="hate"/>
                    <dep head="1-4" type="conj"/>
                </token>
                <token content="to" id="1-16">
                    <pos type="TO"/>
                    <lemma type="to"/>
                    <dep head="1-17" type="aux"/>
                </token>
                <token content="fly" id="1-17">
                    <pos type="VB"/>
                    <lemma type="fly"/>
                    <dep head="1-15" type="xcomp"/>
                </token>
                <token content="." id="1-18"/>
            </sentence>
            <sentence id="2">
                <token content="After" id="2-1"/>
                <token content="thinking" id="2-2">
                    <pos type="VBG"/>
                    <lemma type="think"/>
                    <dep head="2-11" type="prepc"/>
                </token>
                <token content="about" id="2-3"/>
                <token content="it" id="2-4">
                    <pos type="PRP"/>
                    <lemma type="it"/>
                    <dep head="2-2" type="prep"/>
                </token>
                <token content="for" id="2-5"/>
                <token content="a" id="2-6">
                    <pos type="DT"/>
                    <lemma type="a"/>
                </token>
                <token content="little" id="2-7">
                    <pos type="JJ"/>
                    <lemma type="little"/>
                </token>
                <token content="while" id="2-8">
                    <pos type="NN"/>
                    <lemma type="while"/>
                    <dep head="2-2" type="prep"/>
                </token>
                <token content="," id="2-9"/>
                <token content="I" id="2-10">
                    <pos type="PRP"/>
                    <lemma type="I"/>
                    <dep head="2-11" type="nsubj"/>
                </token>
                <token content="decided" id="2-11">
                    <pos type="VBD"/>
                    <lemma type="decide"/>
                </token>
                <token content="to" id="2-12">
                    <pos type="TO"/>
                    <lemma type="to"/>
                    <dep head="2-13" type="aux"/>
                </token>
                <token content="take" id="2-13">
                    <pos type="VB"/>
                    <lemma type="take"/>
                    <dep head="2-11" type="xcomp"/>
                </token>
                <token content="the" id="2-14">
                    <pos type="DT"/>
                    <lemma type="the"/>
                </token>
                <token content="train" id="2-15">
                    <pos type="NN"/>
                    <lemma type="train"/>
                    <dep head="2-13" type="dobj"/>
                </token>
                <token content="." id="2-16"/>
            </sentence>
            <sentence id="3">
                <token content="It" id="3-1">
                    <pos type="PRP"/>
                    <lemma type="it"/>
                </token>
                <token content="'s" id="3-2">
                    <pos type="VBZ"/>
                    <lemma type="be"/>
                </token>
                <token content="not" id="3-3">
                    <pos type="RB"/>
                    <lemma type="not"/>
                </token>
                <token content="as" id="3-4">
                    <pos type="RB"/>
                    <lemma type="as"/>
                </token>
                <token content="fast" id="3-5">
                    <pos type="JJ"/>
                    <lemma type="fast"/>
                </token>
                <token content="as" id="3-6"/>
                <token content="flying" id="3-7">
                    <pos type="VBG"/>
                    <lemma type="fly"/>
                </token>
                <token content="but" id="3-8">
                    <pos type="CC"/>
                    <lemma type="but"/>
                </token>
                <token content="it" id="3-9">
                    <pos type="PRP"/>
                    <lemma type="it"/>
                </token>
                <token content="is" id="3-10">
                    <pos type="VBZ"/>
                    <lemma type="be"/>
                </token>
                <token content="a" id="3-11">
                    <pos type="DT"/>
                    <lemma type="a"/>
                </token>
                <token content="lot" id="3-12">
                    <pos type="RB"/>
                    <lemma type="lot"/>
                </token>
                <token content="faster" id="3-13">
                    <pos type="JJR"/>
                    <lemma type="faster"/>
                    <dep head="3-7" type="ccomp"/>
                </token>
                <token content="than" id="3-14"/>
                <token content="driving" id="3-15">
                    <pos type="VBG"/>
                    <lemma type="drive"/>
                </token>
                <token content="." id="3-16"/>
            </sentence>
            <sentence id="4">
                <token content="I" id="4-1">
                    <pos type="PRP"/>
                    <lemma type="I"/>
                    <dep head="4-2" type="nsubj"/>
                </token>
                <token content="got" id="4-2">
                    <pos type="VBD"/>
                    <lemma type="get"/>
                </token>
                <token content="on" id="4-3"/>
                <token content="my" id="4-4">
                    <pos type="PRP$"/>
                    <lemma type="my"/>
                </token>
                <token content="computer" id="4-5">
                    <pos type="NN"/>
                    <lemma type="computer"/>
                    <dep head="4-2" type="prep"/>
                </token>
                <token content="and" id="4-6"/>
                <token content="pulled" id="4-7">
                    <pos type="VBD"/>
                    <lemma type="pull"/>
                    <dep head="4-2" type="conj"/>
                </token>
                <token content="up" id="4-8">
                    <pos type="RP"/>
                    <lemma type="up"/>
                    <dep head="4-7" type="prt"/>
                </token>
                <token content="the" id="4-9">
                    <pos type="DT"/>
                    <lemma type="the"/>
                </token>
                <token content="train" id="4-10">
                    <pos type="NN"/>
                    <lemma type="train"/>
                </token>
                <token content="schedules" id="4-11">
                    <pos type="NNS"/>
                    <lemma type="schedule"/>
                    <dep head="4-7" type="dobj"/>
                </token>
                <token content="to" id="4-12">
                    <pos type="TO"/>
                    <lemma type="to"/>
                    <dep head="4-13" type="aux"/>
                </token>
                <token content="see" id="4-13">
                    <pos type="VB"/>
                    <lemma type="see"/>
                    <dep head="4-2" type="xcomp"/>
                </token>
                <token content="if" id="4-14">
                    <pos type="IN"/>
                    <lemma type="if"/>
                    <dep head="4-16" type="mark"/>
                </token>
                <token content="there" id="4-15">
                    <pos type="EX"/>
                    <lemma type="there"/>
                    <dep head="4-16" type="expl"/>
                </token>
                <token content="was" id="4-16">
                    <pos type="VBD"/>
                    <lemma type="be"/>
                    <dep head="4-13" type="advcl"/>
                </token>
                <token content="one" id="4-17">
                    <pos type="CD"/>
                    <lemma type="one"/>
                    <dep head="4-16" type="nsubj"/>
                </token>
                <token content="that" id="4-18">
                    <pos type="WDT"/>
                    <lemma type="that"/>
                    <dep head="4-20" type="nsubj"/>
                </token>
                <token content="would" id="4-19">
                    <pos type="MD"/>
                    <lemma type="would"/>
                    <dep head="4-20" type="aux"/>
                </token>
                <token content="work" id="4-20">
                    <pos type="VB"/>
                    <lemma type="work"/>
                </token>
                <token content="to" id="4-21">
                    <pos type="TO"/>
                    <lemma type="to"/>
                    <dep head="4-22" type="aux"/>
                </token>
                <token content="get" id="4-22">
                    <pos type="VB"/>
                    <lemma type="get"/>
                    <dep head="4-20" type="xcomp"/>
                </token>
                <token content="me" id="4-23">
                    <pos type="PRP"/>
                    <lemma type="I"/>
                    <dep head="4-22" type="dobj"/>
                </token>
                <token content="where" id="4-24">
                    <pos type="WRB"/>
                    <lemma type="where"/>
                    <dep head="4-27" type="advmod"/>
                </token>
                <token content="I" id="4-25">
                    <pos type="PRP"/>
                    <lemma type="I"/>
                    <dep head="4-27" type="nsubj"/>
                </token>
                <token content="was" id="4-26">
                    <pos type="VBD"/>
                    <lemma type="be"/>
                    <dep head="4-27" type="aux"/>
                </token>
                <token content="going" id="4-27">
                    <pos type="VBG"/>
                    <lemma type="go"/>
                    <dep head="4-22" type="advcl"/>
                </token>
                <token content="." id="4-28"/>
            </sentence>
            <sentence id="5">
                <token content="After" id="5-1"/>
                <token content="checking" id="5-2">
                    <pos type="VBG"/>
                    <lemma type="check"/>
                    <dep head="5-7" type="prepc"/>
                </token>
                <token content="a" id="5-3">
                    <pos type="DT"/>
                    <lemma type="a"/>
                </token>
                <token content="few" id="5-4">
                    <pos type="JJ"/>
                    <lemma type="few"/>
                    <dep head="5-2" type="dobj"/>
                </token>
                <token content="," id="5-5"/>
                <token content="I" id="5-6">
                    <pos type="PRP"/>
                    <lemma type="I"/>
                    <dep head="5-7" type="nsubj"/>
                </token>
                <token content="found" id="5-7">
                    <pos type="VBD"/>
                    <lemma type="find"/>
                </token>
                <token content="one" id="5-8">
                    <pos type="PRP"/>
                    <lemma type="one"/>
                    <dep head="5-9" type="nsubj"/>
                </token>
                <token content="headed" id="5-9">
                    <pos type="VBD"/>
                    <lemma type="head"/>
                    <dep head="5-7" type="ccomp"/>
                </token>
                <token content="the" id="5-10">
                    <pos type="DT"/>
                    <lemma type="the"/>
                </token>
                <token content="way" id="5-11">
                    <pos type="NN"/>
                    <lemma type="way"/>
                    <dep head="5-9" type="dobj"/>
                </token>
                <token content="I" id="5-12">
                    <pos type="PRP"/>
                    <lemma type="I"/>
                    <dep head="5-13" type="nsubj"/>
                </token>
                <token content="needed" id="5-13">
                    <pos type="VBD"/>
                    <lemma type="need"/>
                </token>
                <token content="to" id="5-14">
                    <pos type="TO"/>
                    <lemma type="to"/>
                    <dep head="5-15" type="aux"/>
                </token>
                <token content="go" id="5-15">
                    <pos type="VB"/>
                    <lemma type="go"/>
                    <dep head="5-13" type="xcomp"/>
                </token>
                <token content="that" id="5-16">
                    <pos type="IN"/>
                    <lemma type="that"/>
                    <dep head="5-19" type="mark"/>
                </token>
                <token content="was" id="5-17">
                    <pos type="VBD"/>
                    <lemma type="be"/>
                    <dep head="5-19" type="aux"/>
                </token>
                <token content="also" id="5-18">
                    <pos type="RB"/>
                    <lemma type="also"/>
                    <dep head="5-19" type="advmod"/>
                </token>
                <token content="running" id="5-19">
                    <pos type="VBG"/>
                    <lemma type="run"/>
                    <dep head="5-15" type="ccomp"/>
                </token>
                <token content="at" id="5-20"/>
                <token content="the" id="5-21">
                    <pos type="DT"/>
                    <lemma type="the"/>
                </token>
                <token content="right" id="5-22">
                    <pos type="JJ"/>
                    <lemma type="right"/>
                </token>
                <token content="time" id="5-23">
                    <pos type="NN"/>
                    <lemma type="time"/>
                    <dep head="5-19" type="prep"/>
                </token>
                <token content="." id="5-24"/>
            </sentence>
            <sentence id="6">
                <token content="I" id="6-1">
                    <pos type="PRP"/>
                    <lemma type="I"/>
                    <dep head="6-2" type="nsubj"/>
                </token>
                <token content="bought" id="6-2">
                    <pos type="VBD"/>
                    <lemma type="buy"/>
                </token>
                <token content="a" id="6-3">
                    <pos type="DT"/>
                    <lemma type="a"/>
                </token>
                <token content="round" id="6-4">
                    <pos type="NN"/>
                    <lemma type="round"/>
                </token>
                <token content="trip" id="6-5">
                    <pos type="NN"/>
                    <lemma type="trip"/>
                </token>
                <token content="ticket" id="6-6">
                    <pos type="NN"/>
                    <lemma type="ticket"/>
                </token>
                <token content="right" id="6-7">
                    <pos type="NN"/>
                    <lemma type="right"/>
                    <dep head="6-2" type="dobj"/>
                </token>
                <token content="from" id="6-8"/>
                <token content="the" id="6-9">
                    <pos type="DT"/>
                    <lemma type="the"/>
                </token>
                <token content="website" id="6-10">
                    <pos type="NN"/>
                    <lemma type="website"/>
                    <dep head="6-2" type="prep"/>
                </token>
                <token content="." id="6-11"/>
            </sentence>
            <sentence id="7">
                <token content="Since" id="7-1">
                    <pos type="IN"/>
                    <lemma type="since"/>
                    <dep head="7-5" type="mark"/>
                </token>
                <token content="it" id="7-2">
                    <pos type="PRP"/>
                    <lemma type="it"/>
                    <dep head="7-5" type="nsubj"/>
                </token>
                <token content="would" id="7-3">
                    <pos type="MD"/>
                    <lemma type="would"/>
                    <dep head="7-5" type="aux"/>
                </token>
                <token content="only" id="7-4">
                    <pos type="RB"/>
                    <lemma type="only"/>
                    <dep head="7-5" type="advmod"/>
                </token>
                <token content="take" id="7-5">
                    <pos type="VB"/>
                    <lemma type="take"/>
                    <dep head="7-15" type="advcl"/>
                </token>
                <token content="10" id="7-6">
                    <pos type="CD"/>
                    <lemma type="10"/>
                </token>
                <token content="hours" id="7-7">
                    <pos type="NNS"/>
                    <lemma type="hour"/>
                    <dep head="7-5" type="dobj"/>
                </token>
                <token content="to" id="7-8">
                    <pos type="TO"/>
                    <lemma type="to"/>
                    <dep head="7-9" type="aux"/>
                </token>
                <token content="get" id="7-9">
                    <pos type="VB"/>
                    <lemma type="get"/>
                    <dep head="7-5" type="vmod"/>
                </token>
                <token content="there" id="7-10">
                    <pos type="RB"/>
                    <lemma type="there"/>
                    <dep head="7-9" type="advmod"/>
                </token>
                <token content="," id="7-11"/>
                <token content="I" id="7-12">
                    <pos type="PRP"/>
                    <lemma type="I"/>
                    <dep head="7-15" type="nsubj"/>
                </token>
                <token content="did" id="7-13">
                    <pos type="VBD"/>
                    <lemma type="do"/>
                    <dep head="7-15" type="aux"/>
                </token>
                <token content="n't" id="7-14">
                    <pos type="RB"/>
                    <lemma type="not"/>
                    <dep head="7-15" type="neg"/>
                </token>
                <token content="bother" id="7-15">
                    <pos type="VB"/>
                    <lemma type="bother"/>
                </token>
                <token content="getting" id="7-16">
                    <pos type="VBG"/>
                    <lemma type="get"/>
                    <dep head="7-15" type="xcomp"/>
                </token>
                <token content="a" id="7-17">
                    <pos type="DT"/>
                    <lemma type="a"/>
                </token>
                <token content="spot" id="7-18">
                    <pos type="NN"/>
                    <lemma type="spot"/>
                    <dep head="7-16" type="dobj"/>
                </token>
                <token content="in" id="7-19"/>
                <token content="a" id="7-20">
                    <pos type="DT"/>
                    <lemma type="a"/>
                </token>
                <token content="sleeper" id="7-21">
                    <pos type="NN"/>
                    <lemma type="sleeper"/>
                </token>
                <token content="car" id="7-22">
                    <pos type="NN"/>
                    <lemma type="car"/>
                    <dep head="7-16" type="prep"/>
                </token>
                <token content="," id="7-23"/>
                <token content="just" id="7-24">
                    <pos type="RB"/>
                    <lemma type="just"/>
                </token>
                <token content="a" id="7-25">
                    <pos type="DT"/>
                    <lemma type="a"/>
                </token>
                <token content="regular" id="7-26">
                    <pos type="JJ"/>
                    <lemma type="regular"/>
                </token>
                <token content="seat" id="7-27">
                    <pos type="NN"/>
                    <lemma type="seat"/>
                </token>
                <token content="." id="7-28"/>
            </sentence>
            <sentence id="8">
                <token content="I" id="8-1">
                    <pos type="PRP"/>
                    <lemma type="I"/>
                    <dep head="8-2" type="nsubj"/>
                </token>
                <token content="packed" id="8-2">
                    <pos type="VBD"/>
                    <lemma type="pack"/>
                </token>
                <token content="up" id="8-3">
                    <pos type="RP"/>
                    <lemma type="up"/>
                    <dep head="8-2" type="prt"/>
                </token>
                <token content="the" id="8-4">
                    <pos type="DT"/>
                    <lemma type="the"/>
                </token>
                <token content="things" id="8-5">
                    <pos type="NNS"/>
                    <lemma type="thing"/>
                    <dep head="8-2" type="dobj"/>
                </token>
                <token content="I" id="8-6">
                    <pos type="PRP"/>
                    <lemma type="I"/>
                    <dep head="8-7" type="nsubj"/>
                </token>
                <token content="needed" id="8-7">
                    <pos type="VBN"/>
                    <lemma type="need"/>
                </token>
                <token content="and" id="8-8"/>
                <token content="headed" id="8-9">
                    <pos type="VBN"/>
                    <lemma type="head"/>
                    <dep head="8-7" type="conj"/>
                </token>
                <token content="to" id="8-10"/>
                <token content="the" id="8-11">
                    <pos type="DT"/>
                    <lemma type="the"/>
                </token>
                <token content="train" id="8-12">
                    <pos type="NN"/>
                    <lemma type="train"/>
                </token>
                <token content="station" id="8-13">
                    <pos type="NN"/>
                    <lemma type="station"/>
                    <dep head="8-7" type="prep"/>
                </token>
                <token content="." id="8-14"/>
            </sentence>
            <sentence id="9">
                <token content="Once" id="9-1">
                    <pos type="IN"/>
                    <lemma type="once"/>
                    <dep head="9-3" type="mark"/>
                </token>
                <token content="I" id="9-2">
                    <pos type="PRP"/>
                    <lemma type="I"/>
                    <dep head="9-3" type="nsubj"/>
                </token>
                <token content="was" id="9-3">
                    <pos type="VBD"/>
                    <lemma type="be"/>
                    <dep head="9-6" type="advcl"/>
                </token>
                <token content="there" id="9-4">
                    <pos type="RB"/>
                    <lemma type="there"/>
                    <dep head="9-3" type="advmod"/>
                </token>
                <token content="I" id="9-5">
                    <pos type="PRP"/>
                    <lemma type="I"/>
                    <dep head="9-6" type="nsubj"/>
                </token>
                <token content="checked" id="9-6">
                    <pos type="VBD"/>
                    <lemma type="check"/>
                </token>
                <token content="in" id="9-7">
                    <pos type="RP"/>
                    <lemma type="in"/>
                    <dep head="9-6" type="prt"/>
                </token>
                <token content="and" id="9-8"/>
                <token content="got" id="9-9">
                    <pos type="VBD"/>
                    <lemma type="get"/>
                    <dep head="9-6" type="conj"/>
                </token>
                <token content="on" id="9-10"/>
                <token content="the" id="9-11">
                    <pos type="DT"/>
                    <lemma type="the"/>
                </token>
                <token content="train" id="9-12">
                    <pos type="NN"/>
                    <lemma type="train"/>
                    <dep head="9-9" type="prep"/>
                </token>
                <token content="." id="9-13"/>
            </sentence>
            <sentence id="10">
                <token content="About" id="10-1">
                    <pos type="RB"/>
                    <lemma type="about"/>
                </token>
                <token content="10" id="10-2">
                    <pos type="CD"/>
                    <lemma type="10"/>
                </token>
                <token content="minutes" id="10-3">
                    <pos type="NNS"/>
                    <lemma type="minute"/>
                </token>
                <token content="later" id="10-4">
                    <pos type="RB"/>
                    <lemma type="later"/>
                </token>
                <token content="it" id="10-5">
                    <pos type="PRP"/>
                    <lemma type="it"/>
                </token>
                <token content="was" id="10-6">
                    <pos type="VBD"/>
                    <lemma type="be"/>
                </token>
                <token content="time" id="10-7">
                    <pos type="NN"/>
                    <lemma type="time"/>
                </token>
                <token content="to" id="10-8">
                    <pos type="TO"/>
                    <lemma type="to"/>
                    <dep head="10-9" type="aux"/>
                </token>
                <token content="go" id="10-9">
                    <pos type="VB"/>
                    <lemma type="go"/>
                </token>
                <token content="and" id="10-10"/>
                <token content="the" id="10-11">
                    <pos type="DT"/>
                    <lemma type="the"/>
                </token>
                <token content="train" id="10-12">
                    <pos type="NN"/>
                    <lemma type="train"/>
                    <dep head="10-13" type="nsubj"/>
                </token>
                <token content="rumbled" id="10-13">
                    <pos type="VBD"/>
                    <lemma type="rumble"/>
                </token>
                <token content="out" id="10-14"/>
                <token content="of" id="10-15"/>
                <token content="the" id="10-16">
                    <pos type="DT"/>
                    <lemma type="the"/>
                </token>
                <token content="station" id="10-17">
                    <pos type="NN"/>
                    <lemma type="station"/>
                    <dep head="10-13" type="prep"/>
                </token>
                <token content="." id="10-18"/>
            </sentence>
            <sentence id="11">
                <token content="I" id="11-1">
                    <pos type="PRP"/>
                    <lemma type="I"/>
                    <dep head="11-2" type="nsubj"/>
                </token>
                <token content="had" id="11-2">
                    <pos type="VBD"/>
                    <lemma type="have"/>
                </token>
                <token content="a" id="11-3">
                    <pos type="DT"/>
                    <lemma type="a"/>
                </token>
                <token content="window" id="11-4">
                    <pos type="NN"/>
                    <lemma type="window"/>
                </token>
                <token content="seat" id="11-5">
                    <pos type="NN"/>
                    <lemma type="seat"/>
                    <dep head="11-2" type="dobj"/>
                </token>
                <token content="," id="11-6"/>
                <token content="so" id="11-7">
                    <pos type="IN"/>
                    <lemma type="so"/>
                    <dep head="11-2" type="dep"/>
                </token>
                <token content="I" id="11-8">
                    <pos type="PRP"/>
                    <lemma type="I"/>
                    <dep head="11-10" type="nsubj"/>
                </token>
                <token content="could" id="11-9">
                    <pos type="MD"/>
                    <lemma type="could"/>
                    <dep head="11-10" type="aux"/>
                </token>
                <token content="watch" id="11-10">
                    <pos type="VB"/>
                    <lemma type="watch"/>
                    <dep head="11-2" type="parataxis"/>
                </token>
                <token content="the" id="11-11">
                    <pos type="DT"/>
                    <lemma type="the"/>
                </token>
                <token content="scenery" id="11-12">
                    <pos type="NN"/>
                    <lemma type="scenery"/>
                    <dep head="11-13" type="nsubj"/>
                </token>
                <token content="go" id="11-13">
                    <pos type="VB"/>
                    <lemma type="go"/>
                    <dep head="11-10" type="ccomp"/>
                </token>
                <token content="by" id="11-14">
                    <pos type="RP"/>
                    <lemma type="by"/>
                    <dep head="11-13" type="prt"/>
                </token>
                <token content="as" id="11-15">
                    <pos type="IN"/>
                    <lemma type="as"/>
                    <dep head="11-17" type="mark"/>
                </token>
                <token content="we" id="11-16">
                    <pos type="PRP"/>
                    <lemma type="we"/>
                    <dep head="11-17" type="nsubj"/>
                </token>
                <token content="sped" id="11-17">
                    <pos type="VBD"/>
                    <lemma type="speed"/>
                    <dep head="11-13" type="advcl"/>
                </token>
                <token content="along" id="11-18"/>
                <token content="the" id="11-19">
                    <pos type="DT"/>
                    <lemma type="the"/>
                </token>
                <token content="tracks" id="11-20">
                    <pos type="NNS"/>
                    <lemma type="track"/>
                    <dep head="11-17" type="prep"/>
                </token>
                <token content="." id="11-21"/>
            </sentence>
            <sentence id="12">
                <token content="After" id="12-1"/>
                <token content="a" id="12-2">
                    <pos type="DT"/>
                    <lemma type="a"/>
                </token>
                <token content="little" id="12-3">
                    <pos type="JJ"/>
                    <lemma type="little"/>
                </token>
                <token content="while" id="12-4">
                    <pos type="NN"/>
                    <lemma type="while"/>
                    <dep head="12-6" type="prep"/>
                </token>
                <token content="I" id="12-5">
                    <pos type="PRP"/>
                    <lemma type="I"/>
                    <dep head="12-6" type="nsubj"/>
                </token>
                <token content="decided" id="12-6">
                    <pos type="VBD"/>
                    <lemma type="decide"/>
                </token>
                <token content="to" id="12-7">
                    <pos type="TO"/>
                    <lemma type="to"/>
                    <dep head="12-8" type="aux"/>
                </token>
                <token content="go" id="12-8">
                    <pos type="VB"/>
                    <lemma type="go"/>
                    <dep head="12-6" type="xcomp"/>
                </token>
                <token content="up" id="12-9">
                    <pos type="RP"/>
                    <lemma type="up"/>
                    <dep head="12-8" type="prt"/>
                </token>
                <token content="to" id="12-10"/>
                <token content="the" id="12-11">
                    <pos type="DT"/>
                    <lemma type="the"/>
                </token>
                <token content="food" id="12-12">
                    <pos type="NN"/>
                    <lemma type="food"/>
                </token>
                <token content="car" id="12-13">
                    <pos type="NN"/>
                    <lemma type="car"/>
                    <dep head="12-8" type="prep"/>
                </token>
                <token content="and" id="12-14"/>
                <token content="get" id="12-15">
                    <pos type="VB"/>
                    <lemma type="get"/>
                    <dep head="12-8" type="conj"/>
                </token>
                <token content="some" id="12-16">
                    <pos type="DT"/>
                    <lemma type="some"/>
                </token>
                <token content="lunch" id="12-17">
                    <pos type="NN"/>
                    <lemma type="lunch"/>
                    <dep head="12-15" type="dobj"/>
                </token>
                <token content="." id="12-18"/>
            </sentence>
            <sentence id="13">
                <token content="I" id="13-1">
                    <pos type="PRP"/>
                    <lemma type="I"/>
                    <dep head="13-2" type="nsubj"/>
                </token>
                <token content="sat" id="13-2">
                    <pos type="VBD"/>
                    <lemma type="sit"/>
                </token>
                <token content="in" id="13-3"/>
                <token content="the" id="13-4">
                    <pos type="DT"/>
                    <lemma type="the"/>
                </token>
                <token content="food" id="13-5">
                    <pos type="NN"/>
                    <lemma type="food"/>
                </token>
                <token content="car" id="13-6">
                    <pos type="NN"/>
                    <lemma type="car"/>
                    <dep head="13-2" type="prep"/>
                </token>
                <token content="," id="13-7"/>
                <token content="ate" id="13-8">
                    <pos type="VBD"/>
                    <lemma type="eat"/>
                    <dep head="13-2" type="conj"/>
                </token>
                <token content="and" id="13-9"/>
                <token content="played" id="13-10">
                    <pos type="VBD"/>
                    <lemma type="play"/>
                    <dep head="13-2" type="conj"/>
                </token>
                <token content="a" id="13-11">
                    <pos type="DT"/>
                    <lemma type="a"/>
                </token>
                <token content="game" id="13-12">
                    <pos type="NN"/>
                    <lemma type="game"/>
                    <dep head="13-10" type="dobj"/>
                </token>
                <token content="on" id="13-13"/>
                <token content="my" id="13-14">
                    <pos type="PRP$"/>
                    <lemma type="my"/>
                </token>
                <token content="tablet" id="13-15">
                    <pos type="NN"/>
                    <lemma type="tablet"/>
                    <dep head="13-10" type="prep"/>
                </token>
                <token content="." id="13-16"/>
            </sentence>
            <sentence id="14">
                <token content="After" id="14-1"/>
                <token content="a" id="14-2">
                    <pos type="DT"/>
                    <lemma type="a"/>
                </token>
                <token content="while" id="14-3">
                    <pos type="NN"/>
                    <lemma type="while"/>
                    <dep head="14-5" type="prep"/>
                </token>
                <token content="I" id="14-4">
                    <pos type="PRP"/>
                    <lemma type="I"/>
                    <dep head="14-5" type="nsubj"/>
                </token>
                <token content="went" id="14-5">
                    <pos type="VBD"/>
                    <lemma type="go"/>
                </token>
                <token content="back" id="14-6">
                    <pos type="RP"/>
                    <lemma type="back"/>
                    <dep head="14-5" type="prt"/>
                </token>
                <token content="to" id="14-7"/>
                <token content="my" id="14-8">
                    <pos type="PRP$"/>
                    <lemma type="my"/>
                </token>
                <token content="seat" id="14-9">
                    <pos type="NN"/>
                    <lemma type="seat"/>
                    <dep head="14-5" type="prep"/>
                </token>
                <token content="," id="14-10"/>
                <token content="plugged" id="14-11">
                    <pos type="VBD"/>
                    <lemma type="plug"/>
                    <dep head="14-5" type="conj"/>
                </token>
                <token content="my" id="14-12">
                    <pos type="PRP$"/>
                    <lemma type="my"/>
                </token>
                <token content="headphones" id="14-13">
                    <pos type="NNS"/>
                    <lemma type="headphone"/>
                    <dep head="14-11" type="dobj"/>
                </token>
                <token content="into" id="14-14"/>
                <token content="my" id="14-15">
                    <pos type="PRP$"/>
                    <lemma type="my"/>
                </token>
                <token content="tablet" id="14-16">
                    <pos type="NN"/>
                    <lemma type="tablet"/>
                    <dep head="14-11" type="prep"/>
                </token>
                <token content="and" id="14-17"/>
                <token content="just" id="14-18">
                    <pos type="RB"/>
                    <lemma type="just"/>
                    <dep head="14-19" type="advmod"/>
                </token>
                <token content="watched" id="14-19">
                    <pos type="VBD"/>
                    <lemma type="watch"/>
                    <dep head="14-5" type="conj"/>
                </token>
                <token content="the" id="14-20">
                    <pos type="DT"/>
                    <lemma type="the"/>
                </token>
                <token content="country" id="14-21">
                    <pos type="NN"/>
                    <lemma type="country"/>
                </token>
                <token content="roll" id="14-22">
                    <pos type="NN"/>
                    <lemma type="roll"/>
                    <dep head="14-19" type="dobj"/>
                </token>
                <token content="by" id="14-23"/>
                <token content="while" id="14-24">
                    <pos type="IN"/>
                    <lemma type="while"/>
                    <dep head="14-26" type="mark"/>
                </token>
                <token content="I" id="14-25">
                    <pos type="PRP"/>
                    <lemma type="I"/>
                    <dep head="14-26" type="nsubj"/>
                </token>
                <token content="listened" id="14-26">
                    <pos type="VBD"/>
                    <lemma type="listen"/>
                    <dep head="14-19" type="prepc"/>
                </token>
                <token content="to" id="14-27"/>
                <token content="my" id="14-28">
                    <pos type="PRP$"/>
                    <lemma type="my"/>
                </token>
                <token content="music" id="14-29">
                    <pos type="NN"/>
                    <lemma type="music"/>
                    <dep head="14-26" type="prep"/>
                </token>
                <token content="." id="14-30"/>
            </sentence>
            <sentence id="15">
                <token content="We" id="15-1">
                    <pos type="PRP"/>
                    <lemma type="we"/>
                    <dep head="15-2" type="nsubj"/>
                </token>
                <token content="got" id="15-2">
                    <pos type="VBD"/>
                    <lemma type="get"/>
                    <dep head="15-25" type="ccomp"/>
                </token>
                <token content="to" id="15-3"/>
                <token content="Florida" id="15-4">
                    <pos type="NNP"/>
                    <lemma type="Florida"/>
                    <dep head="15-2" type="prep"/>
                </token>
                <token content="on" id="15-5"/>
                <token content="time" id="15-6">
                    <pos type="NN"/>
                    <lemma type="time"/>
                    <dep head="15-2" type="prep"/>
                </token>
                <token content="and" id="15-7"/>
                <token content="I" id="15-8">
                    <pos type="PRP"/>
                    <lemma type="I"/>
                    <dep head="15-9" type="nsubj"/>
                </token>
                <token content="had" id="15-9">
                    <pos type="VBD"/>
                    <lemma type="have"/>
                    <dep head="15-2" type="conj"/>
                </token>
                <token content="a" id="15-10">
                    <pos type="DT"/>
                    <lemma type="a"/>
                </token>
                <token content="great" id="15-11">
                    <pos type="JJ"/>
                    <lemma type="great"/>
                </token>
                <token content="visit" id="15-12">
                    <pos type="NN"/>
                    <lemma type="visit"/>
                    <dep head="15-9" type="dobj"/>
                </token>
                <token content="with" id="15-13"/>
                <token content="my" id="15-14">
                    <pos type="PRP$"/>
                    <lemma type="my"/>
                </token>
                <token content="parents" id="15-15">
                    <pos type="NNS"/>
                    <lemma type="parent"/>
                </token>
                <token content="," id="15-16"/>
                <token content="and" id="15-17"/>
                <token content="best" id="15-18">
                    <pos type="JJS"/>
                    <lemma type="best"/>
                </token>
                <token content="of" id="15-19"/>
                <token content="all" id="15-20">
                    <pos type="DT"/>
                    <lemma type="all"/>
                </token>
                <token content="," id="15-21"/>
                <token content="I" id="15-22">
                    <pos type="PRP"/>
                    <lemma type="I"/>
                    <dep head="15-25" type="nsubj"/>
                </token>
                <token content="did" id="15-23">
                    <pos type="VBD"/>
                    <lemma type="do"/>
                    <dep head="15-25" type="aux"/>
                </token>
                <token content="n't" id="15-24">
                    <pos type="RB"/>
                    <lemma type="not"/>
                    <dep head="15-25" type="neg"/>
                </token>
                <token content="have" id="15-25">
                    <pos type="VB"/>
                    <lemma type="have"/>
                </token>
                <token content="to" id="15-26">
                    <pos type="TO"/>
                    <lemma type="to"/>
                    <dep head="15-27" type="aux"/>
                </token>
                <token content="fly" id="15-27">
                    <pos type="VB"/>
                    <lemma type="fly"/>
                    <dep head="15-25" type="xcomp"/>
                </token>
                <token content="!" id="15-28"/>
            </sentence>
        </sentences>
    </text>
    <annotations>
        <participants>
            <label from="1-2" id="0" name="ScrPart_time_date" text="month" type="participant"/>
            <label from="1-3" id="1" name="ScrPart_passenger" text="I" type="participant"/>
            <label from="1-8" id="2" name="ScrPart_passenger" text="my" type="participant"/>
            <label from="1-9" id="3" name="NPart" text="parents" type="participant"/>
            <label from="1-11" id="4" name="ScrPart_destination" text="Florida" type="participant"/>
            <label from="1-14" id="5" name="ScrPart_passenger" text="I" type="participant"/>
            <label from="2-4" id="6" name="No_label" text="it" type="participant"/>
            <label from="2-8" id="7" name="No_label" text="while" type="participant"/>
            <label from="2-10" id="8" name="ScrPart_passenger" text="I" type="participant"/>
            <label from="2-15" id="9" name="ScrPart_train" text="train" type="participant"/>
            <label from="3-1" id="10" name="ScrPart_train" text="It" type="participant"/>
            <label from="3-9" id="11" name="ScrPart_train" text="it" type="participant"/>
            <label from="3-12" id="12" name="No_label" text="lot" type="participant"/>
            <label from="4-1" id="13" name="ScrPart_passenger" text="I" type="participant"/>
            <label from="4-4" id="14" name="ScrPart_passenger" text="my" type="participant"/>
            <label from="4-5" id="15" name="ScrPart_other" text="computer" type="participant"/>
            <label from="4-10" id="16" name="ScrPart_time-table" text="train schedules" to="4-11" type="participant"/>
            <label from="4-10" id="17" name="ScrPart_train" text="train" type="participant"/>
            <label from="4-11" id="18" name="ScrPart_time-table" text="schedules" type="participant"/>
            <label from="4-17" id="19" name="ScrPart_train" text="one" type="participant"/>
            <label from="4-23" id="20" name="ScrPart_passenger" text="me" type="participant"/>
            <label from="4-24" id="21" name="ScrPart_destination" text="where" type="participant"/>
            <label from="4-25" id="22" name="ScrPart_passenger" text="I" type="participant"/>
            <label from="5-6" id="23" name="ScrPart_passenger" text="I" type="participant"/>
            <label from="5-8" id="24" name="ScrPart_train" text="one" type="participant"/>
            <label from="5-11" id="25" name="ScrPart_destination" text="way" type="participant"/>
            <label from="5-12" id="26" name="ScrPart_passenger" text="I" type="participant"/>
            <label from="5-23" id="27" name="ScrPart_time_date" text="time" type="participant"/>
            <label from="6-1" id="28" name="ScrPart_passenger" text="I" type="participant"/>
            <label from="6-5" id="29" name="ScrPart_trip" text="trip" type="participant"/>
            <label from="6-6" id="30" name="ScrPart_card/ticket" text="ticket" type="participant"/>
            <label from="6-10" id="31" name="ScrPart_ticket_office/website" text="website" type="participant"/>
            <label from="7-2" id="32" name="No_label" text="it" type="participant"/>
            <label from="7-7" id="33" name="ScrPart_time_date" text="hours" type="participant"/>
            <label from="7-10" id="34" name="ScrPart_destination" text="there" type="participant"/>
            <label from="7-12" id="35" name="ScrPart_passenger" text="I" type="participant"/>
            <label from="7-18" id="36" name="SuppVComp" text="spot" type="participant"/>
            <label from="7-21" id="37" name="ScrPart_coach" text="sleeper car" to="7-22" type="participant"/>
            <label from="7-22" id="38" name="ScrPart_coach" text="car" type="participant"/>
            <label from="7-27" id="39" name="ScrPart_seat" text="seat" type="participant"/>
            <label from="8-1" id="40" name="ScrPart_passenger" text="I" type="participant"/>
            <label from="8-5" id="41" name="ScrPart_luggage" text="things" type="participant"/>
            <label from="8-6" id="42" name="ScrPart_passenger" text="I" type="participant"/>
            <label from="8-12" id="43" name="ScrPart_train_station" text="train station" to="8-13" type="participant"/>
            <label from="8-13" id="44" name="ScrPart_train_station" text="station" type="participant"/>
            <label from="9-2" id="45" name="ScrPart_passenger" text="I" type="participant"/>
            <label from="9-4" id="46" name="ScrPart_train_station" text="there" type="participant"/>
            <label from="9-5" id="47" name="ScrPart_passenger" text="I" type="participant"/>
            <label from="9-12" id="48" name="ScrPart_train" text="train" type="participant"/>
            <label from="10-3" id="49" name="ScrPart_time_date" text="minutes" type="participant"/>
            <label from="10-5" id="50" name="No_label" text="it" type="participant"/>
            <label from="10-7" id="51" name="No_label" text="time" type="participant"/>
            <label from="10-12" id="52" name="ScrPart_train" text="train" type="participant"/>
            <label from="10-17" id="53" name="ScrPart_train_station" text="station" type="participant"/>
            <label from="11-1" id="54" name="ScrPart_passenger" text="I" type="participant"/>
            <label from="11-4" id="55" name="ScrPart_seat" text="window seat" to="11-5" type="participant"/>
            <label from="11-4" id="56" name="ScrPart_location_train" text="window" type="participant"/>
            <label from="11-5" id="57" name="ScrPart_seat" text="seat" type="participant"/>
            <label from="11-8" id="58" name="ScrPart_passenger" text="I" type="participant"/>
            <label from="11-12" id="59" name="ScrPart_in-train_entertainment" text="scenery" type="participant"/>
            <label from="11-16" id="60" name="ScrPart_train" text="we" type="participant"/>
            <label from="11-20" id="61" name="ScrPart_other" text="tracks" type="participant"/>
            <label from="12-5" id="62" name="ScrPart_passenger" text="I" type="participant"/>
            <label from="12-12" id="63" name="ScrPart_coach" text="food car" to="12-13" type="participant"/>
            <label from="12-13" id="64" name="ScrPart_coach" text="car" type="participant"/>
            <label from="12-17" id="65" name="ScrPart_in-train_entertainment" text="lunch" type="participant"/>
            <label from="13-1" id="66" name="ScrPart_passenger" text="I" type="participant"/>
            <label from="13-5" id="67" name="ScrPart_coach" text="food car" to="13-6" type="participant"/>
            <label from="13-6" id="68" name="ScrPart_coach" text="car" type="participant"/>
            <label from="13-12" id="69" name="ScrPart_in-train_entertainment" text="game" type="participant"/>
            <label from="13-14" id="70" name="ScrPart_passenger" text="my" type="participant"/>
            <label from="13-15" id="71" name="ScrPart_personal_belongings" text="tablet" type="participant"/>
            <label from="14-3" id="72" name="No_label" text="while" type="participant"/>
            <label from="14-4" id="73" name="ScrPart_passenger" text="I" type="participant"/>
            <label from="14-8" id="74" name="ScrPart_passenger" text="my" type="participant"/>
            <label from="14-9" id="75" name="ScrPart_seat" text="seat" type="participant"/>
            <label from="14-12" id="76" name="ScrPart_passenger" text="my" type="participant"/>
            <label from="14-13" id="77" name="ScrPart_in-train_entertainment" text="headphones" type="participant"/>
            <label from="14-15" id="78" name="ScrPart_passenger" text="my" type="participant"/>
            <label from="14-16" id="79" name="ScrPart_personal_belongings" text="tablet" type="participant"/>
            <label from="14-21" id="80" name="Unclear" text="country" type="participant"/>
            <label from="14-25" id="81" name="ScrPart_passenger" text="I" type="participant"/>
            <label from="14-28" id="82" name="ScrPart_passenger" text="my" type="participant"/>
            <label from="14-29" id="83" name="ScrPart_in-train_entertainment" text="music" type="participant"/>
            <label from="15-1" id="84" name="ScrPart_train" text="We" type="participant"/>
            <label from="15-4" id="85" name="ScrPart_destination" text="Florida" type="participant"/>
            <label from="15-6" id="86" name="No_label" text="time" type="participant"/>
            <label from="15-8" id="87" name="ScrPart_passenger" text="I" type="participant"/>
            <label from="15-12" id="88" name="NPart" text="visit" type="participant"/>
            <label from="15-14" id="89" name="ScrPart_passenger" text="my" type="participant"/>
            <label from="15-15" id="90" name="NPart" text="parents" type="participant"/>
            <label from="15-22" id="91" name="ScrPart_passenger" text="I" type="participant"/>
        </participants>
        <events>
            <label from="1-4" id="92" name="UnrelEv" text="wanted" type="event"/>
            <label from="1-7" id="93" name="UnrelEv" text="visit" type="event"/>
            <label from="1-15" id="94" name="UnrelEv" text="hate" type="event"/>
            <label from="1-17" id="95" name="UnrelEv" text="fly" type="event"/>
            <label from="2-2" id="96" name="UnrelEv" text="thinking" type="event"/>
            <label from="2-11" id="97" name="UnrelEv" text="decided" type="event"/>
            <label from="2-13" id="98" name="Evoking" text="take the train" to="2-15" type="event"/>
            <label from="3-2" id="99" name="UnrelEv" text="'s" type="event"/>
            <label from="3-7" id="100" name="UnrelEv" text="flying" type="event"/>
            <label from="3-10" id="101" name="UnrelEv" text="is" type="event"/>
            <label from="3-15" id="102" name="UnrelEv" text="driving" type="event"/>
            <label from="4-2" id="103" name="RelNScrEv" text="got" type="event"/>
            <label from="4-7" id="104" name="ScrEv_check_time-table" text="pulled up" to="4-8" type="event"/>
            <label from="4-7" id="105" name="ScrEv_check_time-table" text="pulled" type="event"/>
            <label from="4-13" id="106" name="UnrelEv" text="see" type="event"/>
            <label from="4-16" id="107" name="UnrelEv" text="was" type="event"/>
            <label from="4-20" id="108" name="UnrelEv" text="work" type="event"/>
            <label from="4-22" id="109" name="RelNScrEv" text="get" type="event"/>
            <label from="4-27" id="110" name="RelNScrEv" text="going" type="event"/>
            <label from="5-2" id="111" name="ScrEv_check_time-table" text="checking" type="event"/>
            <label from="5-7" id="112" name="ScrEv_check_time-table" text="found" type="event"/>
            <label from="5-9" id="113" name="ScrEv_train_arrives" text="headed" type="event"/>
            <label from="5-13" id="114" name="UnrelEv" text="needed" type="event"/>
            <label from="5-15" id="115" name="RelNScrEv" text="go" type="event"/>
            <label from="5-19" id="116" name="RelNScrEv" text="running" type="event"/>
            <label from="6-2" id="117" name="ScrEv_get_tickets" text="bought" type="event"/>
            <label from="7-5" id="118" name="RelNScrEv" text="take" type="event"/>
            <label from="7-9" id="119" name="ScrEv_train_arrives" text="get" type="event"/>
            <label from="7-15" id="120" name="UnrelEv" text="bother" type="event"/>
            <label from="7-16" id="121" name="RelNScrEv" text="getting" type="event"/>
            <label from="8-2" id="122" name="ScrEv_other" text="packed up" to="8-3" type="event"/>
            <label from="8-2" id="123" name="ScrEv_other" text="packed" type="event"/>
            <label from="8-7" id="124" name="UnrelEv" text="needed" type="event"/>
            <label from="8-9" id="125" name="ScrEv_get_train_station" text="headed" type="event"/>
            <label from="9-3" id="126" name="ScrEv_get_train_station" text="was" type="event"/>
            <label from="9-6" id="127" name="RelNScrEv" text="checked in" to="9-7" type="event"/>
            <label from="9-6" id="128" name="RelNScrEv" text="checked" type="event"/>
            <label from="9-9" id="129" name="ScrEv_get_on" text="got on" to="9-10" type="event"/>
            <label from="9-9" id="130" name="ScrEv_get_on" text="got" type="event"/>
            <label from="10-6" id="131" name="UnrelEv" text="was" type="event"/>
            <label from="10-9" id="132" name="ScrEv_train_departs" text="go" type="event"/>
            <label from="10-13" id="133" name="ScrEv_train_departs" text="rumbled out" to="10-14" type="event"/>
            <label from="10-13" id="134" name="ScrEv_train_departs" text="rumbled" type="event"/>
            <label from="11-2" id="135" name="ScrEv_find_place" text="had" type="event"/>
            <label from="11-10" id="136" name="ScrEv_spend_time_train" text="watch" type="event"/>
            <label from="11-13" id="137" name="RelNScrEv" text="go" type="event"/>
            <label from="11-17" id="138" name="RelNScrEv" text="sped" type="event"/>
            <label from="12-6" id="139" name="UnrelEv" text="decided" type="event"/>
            <label from="12-8" id="140" name="RelNScrEv" text="go up" to="12-9" type="event"/>
            <label from="12-8" id="141" name="RelNScrEv" text="go" type="event"/>
            <label from="12-15" id="142" name="ScrEv_spend_time_train" text="get" type="event"/>
            <label from="13-2" id="143" name="ScrEv_spend_time_train" text="sat" type="event"/>
            <label from="13-8" id="144" name="ScrEv_spend_time_train" text="ate" type="event"/>
            <label from="13-10" id="145" name="ScrEv_spend_time_train" text="played" type="event"/>
            <label from="14-5" id="146" name="RelNScrEv" text="went back" to="14-6" type="event"/>
            <label from="14-5" id="147" name="RelNScrEv" text="went" type="event"/>
            <label from="14-11" id="148" name="ScrEv_spend_time_train" text="plugged" type="event"/>
            <label from="14-19" id="149" name="ScrEv_spend_time_train" text="watched" type="event"/>
            <label from="14-22" id="150" name="RelNScrEv" text="roll by" to="14-23" type="event"/>
            <label from="14-22" id="151" name="RelNScrEv" text="roll" type="event"/>
            <label from="14-26" id="152" name="ScrEv_spend_time_train" text="listened" type="event"/>
            <label from="15-2" id="153" name="ScrEv_arrive_destination" text="got" type="event"/>
            <label from="15-9" id="154" name="UnrelEv" text="had" type="event"/>
            <label from="15-27" id="155" name="UnrelEv" text="fly" type="event"/>
        </events>
        <chains>
            <chain elements="1 2 5 8 13 14 20 22 23 26 28 35 40 42 45 47 54 58 62 66 70 73 74 76 78 81 82 87 89 91"/>
            <chain elements="9 19 24 48 52 60 10 11"/>
            <chain elements="4 21"/>
            <chain elements="44 46 53"/>
            <chain elements="39 57 75"/>
            <chain elements="64 68"/>
            <chain elements="71 79"/>
            <chain elements="3 90"/>
        </chains>
    </annotations>
</story>
