<?xml version="1.0" encoding="UTF-8" standalone="no"?>
<!DOCTYPE story SYSTEM "../InScript.dtd">
<story id="077" scenario="train">
    <text>
        <content>The other day , I had to catch a train from Los Angles to New York at the last minute . 
My boss wanted me to meet some foreign client in a brand new art gallery they recently bought in Manhattan . 
The boss called me at about 5:30 in the morning and told me that he already bought tickets to get from here to New York , but explained to me that he could n't make it as he had another meeting to that same morning . 
The tickets were for a train that departed at 7:15 am , so like a good worker bee , I got up , skipped showering , got dressed , and ran out the door with a dirty wrinkled suit I had n't had time to wash . 
The airport was 40 minutes away so I had very little time to spare . 
I managed to store my car and walk into the train station half asleep right at 7:10 am when I overheard my train was delayed over the intercom . 
When my train was called an hour later , I drowsily made my way on board where I got a window seat next to a larger fellow . 
I remember I was half asleep when I mumbled a hello to him . 
He happily greeted me back as I sat down . 
Right before the train took off and the trains stewardesses were telling us how to use our seat belts , I barely remember ending up falling asleep on the large man next to me . 
Four hours later , I got a nudge from the large man next to me telling me kindly to wake up and that our ride was over . 
I distinctly remember waking up with a mouthful of drool soaked on the large man ' s arm I feel asleep on and instantly apologized . 
He laughed and said to me Don ' t worry about it ! 
You looked so tired ! 
Would you believe this is n't the first time this has happened to me ? 
We both kind of laughed and went on our ways . 
It ended up being a great ride and sleep , overall . </content>
        <sentences>
            <sentence id="1">
                <token content="The" id="1-1">
                    <pos type="DT"/>
                    <lemma type="the"/>
                </token>
                <token content="other" id="1-2">
                    <pos type="JJ"/>
                    <lemma type="other"/>
                </token>
                <token content="day" id="1-3">
                    <pos type="NN"/>
                    <lemma type="day"/>
                    <dep head="1-6" type="tmod"/>
                </token>
                <token content="," id="1-4"/>
                <token content="I" id="1-5">
                    <pos type="PRP"/>
                    <lemma type="I"/>
                    <dep head="1-6" type="nsubj"/>
                </token>
                <token content="had" id="1-6">
                    <pos type="VBD"/>
                    <lemma type="have"/>
                </token>
                <token content="to" id="1-7">
                    <pos type="TO"/>
                    <lemma type="to"/>
                    <dep head="1-8" type="aux"/>
                </token>
                <token content="catch" id="1-8">
                    <pos type="VB"/>
                    <lemma type="catch"/>
                    <dep head="1-6" type="xcomp"/>
                </token>
                <token content="a" id="1-9">
                    <pos type="DT"/>
                    <lemma type="a"/>
                </token>
                <token content="train" id="1-10">
                    <pos type="NN"/>
                    <lemma type="train"/>
                    <dep head="1-8" type="dobj"/>
                </token>
                <token content="from" id="1-11"/>
                <token content="Los" id="1-12">
                    <pos type="NNP"/>
                    <lemma type="Los"/>
                </token>
                <token content="Angles" id="1-13">
                    <pos type="NNPS"/>
                    <lemma type="Angles"/>
                    <dep head="1-8" type="prep"/>
                </token>
                <token content="to" id="1-14"/>
                <token content="New" id="1-15">
                    <pos type="NNP"/>
                    <lemma type="New"/>
                </token>
                <token content="York" id="1-16">
                    <pos type="NNP"/>
                    <lemma type="York"/>
                    <dep head="1-8" type="prep"/>
                </token>
                <token content="at" id="1-17"/>
                <token content="the" id="1-18">
                    <pos type="DT"/>
                    <lemma type="the"/>
                </token>
                <token content="last" id="1-19">
                    <pos type="JJ"/>
                    <lemma type="last"/>
                </token>
                <token content="minute" id="1-20">
                    <pos type="NN"/>
                    <lemma type="minute"/>
                </token>
                <token content="." id="1-21"/>
            </sentence>
            <sentence id="2">
                <token content="My" id="2-1">
                    <pos type="PRP$"/>
                    <lemma type="my"/>
                </token>
                <token content="boss" id="2-2">
                    <pos type="NN"/>
                    <lemma type="boss"/>
                    <dep head="2-3" type="nsubj"/>
                </token>
                <token content="wanted" id="2-3">
                    <pos type="VBD"/>
                    <lemma type="want"/>
                </token>
                <token content="me" id="2-4">
                    <pos type="PRP"/>
                    <lemma type="I"/>
                    <dep head="2-3" type="dobj"/>
                </token>
                <token content="to" id="2-5">
                    <pos type="TO"/>
                    <lemma type="to"/>
                    <dep head="2-6" type="aux"/>
                </token>
                <token content="meet" id="2-6">
                    <pos type="VB"/>
                    <lemma type="meet"/>
                    <dep head="2-3" type="xcomp"/>
                </token>
                <token content="some" id="2-7">
                    <pos type="DT"/>
                    <lemma type="some"/>
                </token>
                <token content="foreign" id="2-8">
                    <pos type="JJ"/>
                    <lemma type="foreign"/>
                </token>
                <token content="client" id="2-9">
                    <pos type="NN"/>
                    <lemma type="client"/>
                    <dep head="2-6" type="dobj"/>
                </token>
                <token content="in" id="2-10"/>
                <token content="a" id="2-11">
                    <pos type="DT"/>
                    <lemma type="a"/>
                </token>
                <token content="brand" id="2-12">
                    <pos type="NN"/>
                    <lemma type="brand"/>
                </token>
                <token content="new" id="2-13">
                    <pos type="JJ"/>
                    <lemma type="new"/>
                </token>
                <token content="art" id="2-14">
                    <pos type="NN"/>
                    <lemma type="art"/>
                </token>
                <token content="gallery" id="2-15">
                    <pos type="NN"/>
                    <lemma type="gallery"/>
                </token>
                <token content="they" id="2-16">
                    <pos type="PRP"/>
                    <lemma type="they"/>
                    <dep head="2-18" type="nsubj"/>
                </token>
                <token content="recently" id="2-17">
                    <pos type="RB"/>
                    <lemma type="recently"/>
                    <dep head="2-18" type="advmod"/>
                </token>
                <token content="bought" id="2-18">
                    <pos type="VBD"/>
                    <lemma type="buy"/>
                </token>
                <token content="in" id="2-19"/>
                <token content="Manhattan" id="2-20">
                    <pos type="NNP"/>
                    <lemma type="Manhattan"/>
                    <dep head="2-18" type="prep"/>
                </token>
                <token content="." id="2-21"/>
            </sentence>
            <sentence id="3">
                <token content="The" id="3-1">
                    <pos type="DT"/>
                    <lemma type="the"/>
                </token>
                <token content="boss" id="3-2">
                    <pos type="NN"/>
                    <lemma type="boss"/>
                    <dep head="3-3" type="nsubj"/>
                </token>
                <token content="called" id="3-3">
                    <pos type="VBD"/>
                    <lemma type="call"/>
                </token>
                <token content="me" id="3-4">
                    <pos type="PRP"/>
                    <lemma type="I"/>
                    <dep head="3-3" type="dobj"/>
                </token>
                <token content="at" id="3-5"/>
                <token content="about" id="3-6">
                    <pos type="RB"/>
                    <lemma type="about"/>
                </token>
                <token content="5:30" id="3-7">
                    <pos type="CD"/>
                    <lemma type="5:30"/>
                    <dep head="3-3" type="prep"/>
                </token>
                <token content="in" id="3-8"/>
                <token content="the" id="3-9">
                    <pos type="DT"/>
                    <lemma type="the"/>
                </token>
                <token content="morning" id="3-10">
                    <pos type="NN"/>
                    <lemma type="morning"/>
                    <dep head="3-3" type="prep"/>
                </token>
                <token content="and" id="3-11"/>
                <token content="told" id="3-12">
                    <pos type="VBD"/>
                    <lemma type="tell"/>
                    <dep head="3-3" type="conj"/>
                </token>
                <token content="me" id="3-13">
                    <pos type="PRP"/>
                    <lemma type="I"/>
                    <dep head="3-12" type="dobj"/>
                </token>
                <token content="that" id="3-14">
                    <pos type="IN"/>
                    <lemma type="that"/>
                    <dep head="3-17" type="mark"/>
                </token>
                <token content="he" id="3-15">
                    <pos type="PRP"/>
                    <lemma type="he"/>
                    <dep head="3-17" type="nsubj"/>
                </token>
                <token content="already" id="3-16">
                    <pos type="RB"/>
                    <lemma type="already"/>
                    <dep head="3-17" type="advmod"/>
                </token>
                <token content="bought" id="3-17">
                    <pos type="VBD"/>
                    <lemma type="buy"/>
                    <dep head="3-12" type="ccomp"/>
                </token>
                <token content="tickets" id="3-18">
                    <pos type="NNS"/>
                    <lemma type="ticket"/>
                    <dep head="3-17" type="dobj"/>
                </token>
                <token content="to" id="3-19">
                    <pos type="TO"/>
                    <lemma type="to"/>
                    <dep head="3-20" type="aux"/>
                </token>
                <token content="get" id="3-20">
                    <pos type="VB"/>
                    <lemma type="get"/>
                    <dep head="3-17" type="vmod"/>
                </token>
                <token content="from" id="3-21">
                    <pos type="IN"/>
                    <lemma type="from"/>
                    <dep head="3-20" type="prep"/>
                </token>
                <token content="here" id="3-22">
                    <pos type="RB"/>
                    <lemma type="here"/>
                </token>
                <token content="to" id="3-23"/>
                <token content="New" id="3-24">
                    <pos type="NNP"/>
                    <lemma type="New"/>
                </token>
                <token content="York" id="3-25">
                    <pos type="NNP"/>
                    <lemma type="York"/>
                    <dep head="3-20" type="prep"/>
                </token>
                <token content="," id="3-26"/>
                <token content="but" id="3-27"/>
                <token content="explained" id="3-28">
                    <pos type="VBD"/>
                    <lemma type="explain"/>
                    <dep head="3-17" type="conj"/>
                </token>
                <token content="to" id="3-29"/>
                <token content="me" id="3-30">
                    <pos type="PRP"/>
                    <lemma type="I"/>
                    <dep head="3-28" type="prep"/>
                </token>
                <token content="that" id="3-31">
                    <pos type="IN"/>
                    <lemma type="that"/>
                    <dep head="3-35" type="mark"/>
                </token>
                <token content="he" id="3-32">
                    <pos type="PRP"/>
                    <lemma type="he"/>
                    <dep head="3-35" type="nsubj"/>
                </token>
                <token content="could" id="3-33">
                    <pos type="MD"/>
                    <lemma type="could"/>
                    <dep head="3-35" type="aux"/>
                </token>
                <token content="n't" id="3-34">
                    <pos type="RB"/>
                    <lemma type="not"/>
                    <dep head="3-35" type="neg"/>
                </token>
                <token content="make" id="3-35">
                    <pos type="VB"/>
                    <lemma type="make"/>
                    <dep head="3-28" type="ccomp"/>
                </token>
                <token content="it" id="3-36">
                    <pos type="PRP"/>
                    <lemma type="it"/>
                    <dep head="3-35" type="dobj"/>
                </token>
                <token content="as" id="3-37">
                    <pos type="IN"/>
                    <lemma type="as"/>
                    <dep head="3-39" type="mark"/>
                </token>
                <token content="he" id="3-38">
                    <pos type="PRP"/>
                    <lemma type="he"/>
                    <dep head="3-39" type="nsubj"/>
                </token>
                <token content="had" id="3-39">
                    <pos type="VBD"/>
                    <lemma type="have"/>
                    <dep head="3-35" type="advcl"/>
                </token>
                <token content="another" id="3-40">
                    <pos type="DT"/>
                    <lemma type="another"/>
                </token>
                <token content="meeting" id="3-41">
                    <pos type="NN"/>
                    <lemma type="meeting"/>
                    <dep head="3-39" type="dobj"/>
                </token>
                <token content="to" id="3-42"/>
                <token content="that" id="3-43">
                    <pos type="DT"/>
                    <lemma type="that"/>
                </token>
                <token content="same" id="3-44">
                    <pos type="JJ"/>
                    <lemma type="same"/>
                </token>
                <token content="morning" id="3-45">
                    <pos type="NN"/>
                    <lemma type="morning"/>
                </token>
                <token content="." id="3-46"/>
            </sentence>
            <sentence id="4">
                <token content="The" id="4-1">
                    <pos type="DT"/>
                    <lemma type="the"/>
                </token>
                <token content="tickets" id="4-2">
                    <pos type="NNS"/>
                    <lemma type="ticket"/>
                    <dep head="4-3" type="nsubj"/>
                </token>
                <token content="were" id="4-3">
                    <pos type="VBD"/>
                    <lemma type="be"/>
                </token>
                <token content="for" id="4-4"/>
                <token content="a" id="4-5">
                    <pos type="DT"/>
                    <lemma type="a"/>
                </token>
                <token content="train" id="4-6">
                    <pos type="NN"/>
                    <lemma type="train"/>
                    <dep head="4-3" type="prep"/>
                </token>
                <token content="that" id="4-7">
                    <pos type="WDT"/>
                    <lemma type="that"/>
                    <dep head="4-8" type="nsubj"/>
                </token>
                <token content="departed" id="4-8">
                    <pos type="VBD"/>
                    <lemma type="depart"/>
                </token>
                <token content="at" id="4-9"/>
                <token content="7:15" id="4-10">
                    <pos type="CD"/>
                    <lemma type="7:15"/>
                    <dep head="4-8" type="prep"/>
                </token>
                <token content="am" id="4-11">
                    <pos type="RB"/>
                    <lemma type="am"/>
                </token>
                <token content="," id="4-12"/>
                <token content="so" id="4-13">
                    <pos type="IN"/>
                    <lemma type="so"/>
                    <dep head="4-3" type="dep"/>
                </token>
                <token content="like" id="4-14"/>
                <token content="a" id="4-15">
                    <pos type="DT"/>
                    <lemma type="a"/>
                </token>
                <token content="good" id="4-16">
                    <pos type="JJ"/>
                    <lemma type="good"/>
                </token>
                <token content="worker" id="4-17">
                    <pos type="NN"/>
                    <lemma type="worker"/>
                </token>
                <token content="bee" id="4-18">
                    <pos type="NN"/>
                    <lemma type="bee"/>
                    <dep head="4-21" type="prep"/>
                </token>
                <token content="," id="4-19"/>
                <token content="I" id="4-20">
                    <pos type="PRP"/>
                    <lemma type="I"/>
                    <dep head="4-21" type="nsubj"/>
                </token>
                <token content="got" id="4-21">
                    <pos type="VBD"/>
                    <lemma type="get"/>
                    <dep head="4-3" type="parataxis"/>
                </token>
                <token content="up" id="4-22">
                    <pos type="RP"/>
                    <lemma type="up"/>
                    <dep head="4-21" type="prt"/>
                </token>
                <token content="," id="4-23"/>
                <token content="skipped" id="4-24">
                    <pos type="VBD"/>
                    <lemma type="skip"/>
                    <dep head="4-21" type="conj"/>
                </token>
                <token content="showering" id="4-25">
                    <pos type="VBG"/>
                    <lemma type="shower"/>
                    <dep head="4-24" type="xcomp"/>
                </token>
                <token content="," id="4-26"/>
                <token content="got" id="4-27">
                    <pos type="VBD"/>
                    <lemma type="get"/>
                    <dep head="4-28" type="auxpass"/>
                </token>
                <token content="dressed" id="4-28">
                    <pos type="VBN"/>
                    <lemma type="dress"/>
                    <dep head="4-21" type="conj"/>
                </token>
                <token content="," id="4-29"/>
                <token content="and" id="4-30"/>
                <token content="ran" id="4-31">
                    <pos type="VBD"/>
                    <lemma type="run"/>
                    <dep head="4-21" type="conj"/>
                </token>
                <token content="out" id="4-32">
                    <pos type="RP"/>
                    <lemma type="out"/>
                    <dep head="4-31" type="prt"/>
                </token>
                <token content="the" id="4-33">
                    <pos type="DT"/>
                    <lemma type="the"/>
                </token>
                <token content="door" id="4-34">
                    <pos type="NN"/>
                    <lemma type="door"/>
                    <dep head="4-31" type="dobj"/>
                </token>
                <token content="with" id="4-35"/>
                <token content="a" id="4-36">
                    <pos type="DT"/>
                    <lemma type="a"/>
                </token>
                <token content="dirty" id="4-37">
                    <pos type="JJ"/>
                    <lemma type="dirty"/>
                </token>
                <token content="wrinkled" id="4-38">
                    <pos type="JJ"/>
                    <lemma type="wrinkled"/>
                </token>
                <token content="suit" id="4-39">
                    <pos type="NN"/>
                    <lemma type="suit"/>
                </token>
                <token content="I" id="4-40">
                    <pos type="PRP"/>
                    <lemma type="I"/>
                    <dep head="4-43" type="nsubj"/>
                </token>
                <token content="had" id="4-41">
                    <pos type="VBD"/>
                    <lemma type="have"/>
                    <dep head="4-43" type="aux"/>
                </token>
                <token content="n't" id="4-42">
                    <pos type="RB"/>
                    <lemma type="not"/>
                    <dep head="4-43" type="neg"/>
                </token>
                <token content="had" id="4-43">
                    <pos type="VBN"/>
                    <lemma type="have"/>
                </token>
                <token content="time" id="4-44">
                    <pos type="NN"/>
                    <lemma type="time"/>
                    <dep head="4-43" type="dobj"/>
                </token>
                <token content="to" id="4-45">
                    <pos type="TO"/>
                    <lemma type="to"/>
                    <dep head="4-46" type="aux"/>
                </token>
                <token content="wash" id="4-46">
                    <pos type="VB"/>
                    <lemma type="wash"/>
                    <dep head="4-43" type="vmod"/>
                </token>
                <token content="." id="4-47"/>
            </sentence>
            <sentence id="5">
                <token content="The" id="5-1">
                    <pos type="DT"/>
                    <lemma type="the"/>
                </token>
                <token content="airport" id="5-2">
                    <pos type="NN"/>
                    <lemma type="airport"/>
                    <dep head="5-3" type="nsubj"/>
                </token>
                <token content="was" id="5-3">
                    <pos type="VBD"/>
                    <lemma type="be"/>
                </token>
                <token content="40" id="5-4">
                    <pos type="CD"/>
                    <lemma type="40"/>
                </token>
                <token content="minutes" id="5-5">
                    <pos type="NNS"/>
                    <lemma type="minute"/>
                </token>
                <token content="away" id="5-6">
                    <pos type="RB"/>
                    <lemma type="away"/>
                    <dep head="5-3" type="advmod"/>
                </token>
                <token content="so" id="5-7">
                    <pos type="IN"/>
                    <lemma type="so"/>
                    <dep head="5-9" type="mark"/>
                </token>
                <token content="I" id="5-8">
                    <pos type="PRP"/>
                    <lemma type="I"/>
                    <dep head="5-9" type="nsubj"/>
                </token>
                <token content="had" id="5-9">
                    <pos type="VBD"/>
                    <lemma type="have"/>
                </token>
                <token content="very" id="5-10">
                    <pos type="RB"/>
                    <lemma type="very"/>
                </token>
                <token content="little" id="5-11">
                    <pos type="JJ"/>
                    <lemma type="little"/>
                </token>
                <token content="time" id="5-12">
                    <pos type="NN"/>
                    <lemma type="time"/>
                    <dep head="5-9" type="dobj"/>
                </token>
                <token content="to" id="5-13">
                    <pos type="TO"/>
                    <lemma type="to"/>
                    <dep head="5-14" type="aux"/>
                </token>
                <token content="spare" id="5-14">
                    <pos type="VB"/>
                    <lemma type="spare"/>
                    <dep head="5-9" type="vmod"/>
                </token>
                <token content="." id="5-15"/>
            </sentence>
            <sentence id="6">
                <token content="I" id="6-1">
                    <pos type="PRP"/>
                    <lemma type="I"/>
                    <dep head="6-2" type="nsubj"/>
                </token>
                <token content="managed" id="6-2">
                    <pos type="VBD"/>
                    <lemma type="manage"/>
                </token>
                <token content="to" id="6-3">
                    <pos type="TO"/>
                    <lemma type="to"/>
                    <dep head="6-4" type="aux"/>
                </token>
                <token content="store" id="6-4">
                    <pos type="VB"/>
                    <lemma type="store"/>
                    <dep head="6-2" type="xcomp"/>
                </token>
                <token content="my" id="6-5">
                    <pos type="PRP$"/>
                    <lemma type="my"/>
                </token>
                <token content="car" id="6-6">
                    <pos type="NN"/>
                    <lemma type="car"/>
                    <dep head="6-4" type="dobj"/>
                </token>
                <token content="and" id="6-7"/>
                <token content="walk" id="6-8">
                    <pos type="VB"/>
                    <lemma type="walk"/>
                    <dep head="6-4" type="conj"/>
                </token>
                <token content="into" id="6-9"/>
                <token content="the" id="6-10">
                    <pos type="DT"/>
                    <lemma type="the"/>
                </token>
                <token content="train" id="6-11">
                    <pos type="NN"/>
                    <lemma type="train"/>
                </token>
                <token content="station" id="6-12">
                    <pos type="NN"/>
                    <lemma type="station"/>
                    <dep head="6-8" type="prep"/>
                </token>
                <token content="half" id="6-13">
                    <pos type="DT"/>
                    <lemma type="half"/>
                </token>
                <token content="asleep" id="6-14">
                    <pos type="RB"/>
                    <lemma type="asleep"/>
                </token>
                <token content="right" id="6-15">
                    <pos type="NN"/>
                    <lemma type="right"/>
                    <dep head="6-4" type="dobj"/>
                </token>
                <token content="at" id="6-16"/>
                <token content="7:10" id="6-17">
                    <pos type="CD"/>
                    <lemma type="7:10"/>
                </token>
                <token content="am" id="6-18">
                    <pos type="RB"/>
                    <lemma type="am"/>
                </token>
                <token content="when" id="6-19">
                    <pos type="WRB"/>
                    <lemma type="when"/>
                    <dep head="6-21" type="advmod"/>
                </token>
                <token content="I" id="6-20">
                    <pos type="PRP"/>
                    <lemma type="I"/>
                    <dep head="6-21" type="nsubj"/>
                </token>
                <token content="overheard" id="6-21">
                    <pos type="VBD"/>
                    <lemma type="overhear"/>
                    <dep head="6-4" type="advcl"/>
                </token>
                <token content="my" id="6-22">
                    <pos type="PRP$"/>
                    <lemma type="my"/>
                </token>
                <token content="train" id="6-23">
                    <pos type="NN"/>
                    <lemma type="train"/>
                    <dep head="6-25" type="nsubjpass"/>
                </token>
                <token content="was" id="6-24">
                    <pos type="VBD"/>
                    <lemma type="be"/>
                    <dep head="6-25" type="auxpass"/>
                </token>
                <token content="delayed" id="6-25">
                    <pos type="VBN"/>
                    <lemma type="delay"/>
                    <dep head="6-21" type="ccomp"/>
                </token>
                <token content="over" id="6-26"/>
                <token content="the" id="6-27">
                    <pos type="DT"/>
                    <lemma type="the"/>
                </token>
                <token content="intercom" id="6-28">
                    <pos type="NN"/>
                    <lemma type="intercom"/>
                    <dep head="6-25" type="prep"/>
                </token>
                <token content="." id="6-29"/>
            </sentence>
            <sentence id="7">
                <token content="When" id="7-1">
                    <pos type="WRB"/>
                    <lemma type="when"/>
                    <dep head="7-5" type="advmod"/>
                </token>
                <token content="my" id="7-2">
                    <pos type="PRP$"/>
                    <lemma type="my"/>
                </token>
                <token content="train" id="7-3">
                    <pos type="NN"/>
                    <lemma type="train"/>
                    <dep head="7-5" type="nsubjpass"/>
                </token>
                <token content="was" id="7-4">
                    <pos type="VBD"/>
                    <lemma type="be"/>
                    <dep head="7-5" type="auxpass"/>
                </token>
                <token content="called" id="7-5">
                    <pos type="VBN"/>
                    <lemma type="call"/>
                    <dep head="7-12" type="advcl"/>
                </token>
                <token content="an" id="7-6">
                    <pos type="DT"/>
                    <lemma type="a"/>
                </token>
                <token content="hour" id="7-7">
                    <pos type="NN"/>
                    <lemma type="hour"/>
                </token>
                <token content="later" id="7-8">
                    <pos type="RB"/>
                    <lemma type="later"/>
                    <dep head="7-5" type="advmod"/>
                </token>
                <token content="," id="7-9"/>
                <token content="I" id="7-10">
                    <pos type="PRP"/>
                    <lemma type="I"/>
                    <dep head="7-12" type="nsubj"/>
                </token>
                <token content="drowsily" id="7-11">
                    <pos type="RB"/>
                    <lemma type="drowsily"/>
                    <dep head="7-12" type="advmod"/>
                </token>
                <token content="made" id="7-12">
                    <pos type="VBD"/>
                    <lemma type="make"/>
                </token>
                <token content="my" id="7-13">
                    <pos type="PRP$"/>
                    <lemma type="my"/>
                </token>
                <token content="way" id="7-14">
                    <pos type="NN"/>
                    <lemma type="way"/>
                    <dep head="7-12" type="dobj"/>
                </token>
                <token content="on" id="7-15"/>
                <token content="board" id="7-16">
                    <pos type="NN"/>
                    <lemma type="board"/>
                    <dep head="7-12" type="prep"/>
                </token>
                <token content="where" id="7-17">
                    <pos type="WRB"/>
                    <lemma type="where"/>
                    <dep head="7-19" type="advmod"/>
                </token>
                <token content="I" id="7-18">
                    <pos type="PRP"/>
                    <lemma type="I"/>
                    <dep head="7-19" type="nsubj"/>
                </token>
                <token content="got" id="7-19">
                    <pos type="VBD"/>
                    <lemma type="get"/>
                    <dep head="7-12" type="advcl"/>
                </token>
                <token content="a" id="7-20">
                    <pos type="DT"/>
                    <lemma type="a"/>
                </token>
                <token content="window" id="7-21">
                    <pos type="NN"/>
                    <lemma type="window"/>
                </token>
                <token content="seat" id="7-22">
                    <pos type="NN"/>
                    <lemma type="seat"/>
                    <dep head="7-19" type="dobj"/>
                </token>
                <token content="next" id="7-23"/>
                <token content="to" id="7-24"/>
                <token content="a" id="7-25">
                    <pos type="DT"/>
                    <lemma type="a"/>
                </token>
                <token content="larger" id="7-26">
                    <pos type="JJR"/>
                    <lemma type="larger"/>
                </token>
                <token content="fellow" id="7-27">
                    <pos type="NN"/>
                    <lemma type="fellow"/>
                    <dep head="7-19" type="prep"/>
                </token>
                <token content="." id="7-28"/>
            </sentence>
            <sentence id="8">
                <token content="I" id="8-1">
                    <pos type="PRP"/>
                    <lemma type="I"/>
                    <dep head="8-2" type="nsubj"/>
                </token>
                <token content="remember" id="8-2">
                    <pos type="VBP"/>
                    <lemma type="remember"/>
                </token>
                <token content="I" id="8-3">
                    <pos type="PRP"/>
                    <lemma type="I"/>
                </token>
                <token content="was" id="8-4">
                    <pos type="VBD"/>
                    <lemma type="be"/>
                </token>
                <token content="half" id="8-5">
                    <pos type="RB"/>
                    <lemma type="half"/>
                </token>
                <token content="asleep" id="8-6">
                    <pos type="JJ"/>
                    <lemma type="asleep"/>
                    <dep head="8-2" type="ccomp"/>
                </token>
                <token content="when" id="8-7">
                    <pos type="WRB"/>
                    <lemma type="when"/>
                    <dep head="8-9" type="advmod"/>
                </token>
                <token content="I" id="8-8">
                    <pos type="PRP"/>
                    <lemma type="I"/>
                    <dep head="8-9" type="nsubj"/>
                </token>
                <token content="mumbled" id="8-9">
                    <pos type="VBD"/>
                    <lemma type="mumble"/>
                </token>
                <token content="a" id="8-10">
                    <pos type="DT"/>
                    <lemma type="a"/>
                </token>
                <token content="hello" id="8-11">
                    <pos type="NN"/>
                    <lemma type="hello"/>
                    <dep head="8-9" type="dobj"/>
                </token>
                <token content="to" id="8-12"/>
                <token content="him" id="8-13">
                    <pos type="PRP"/>
                    <lemma type="he"/>
                    <dep head="8-9" type="prep"/>
                </token>
                <token content="." id="8-14"/>
            </sentence>
            <sentence id="9">
                <token content="He" id="9-1">
                    <pos type="PRP"/>
                    <lemma type="he"/>
                    <dep head="9-3" type="nsubj"/>
                </token>
                <token content="happily" id="9-2">
                    <pos type="RB"/>
                    <lemma type="happily"/>
                    <dep head="9-3" type="advmod"/>
                </token>
                <token content="greeted" id="9-3">
                    <pos type="VBD"/>
                    <lemma type="greet"/>
                </token>
                <token content="me" id="9-4">
                    <pos type="PRP"/>
                    <lemma type="I"/>
                    <dep head="9-3" type="dobj"/>
                </token>
                <token content="back" id="9-5">
                    <pos type="RB"/>
                    <lemma type="back"/>
                    <dep head="9-3" type="advmod"/>
                </token>
                <token content="as" id="9-6">
                    <pos type="IN"/>
                    <lemma type="as"/>
                    <dep head="9-8" type="mark"/>
                </token>
                <token content="I" id="9-7">
                    <pos type="PRP"/>
                    <lemma type="I"/>
                    <dep head="9-8" type="nsubj"/>
                </token>
                <token content="sat" id="9-8">
                    <pos type="VBD"/>
                    <lemma type="sit"/>
                    <dep head="9-3" type="advcl"/>
                </token>
                <token content="down" id="9-9">
                    <pos type="RP"/>
                    <lemma type="down"/>
                    <dep head="9-8" type="prt"/>
                </token>
                <token content="." id="9-10"/>
            </sentence>
            <sentence id="10">
                <token content="Right" id="10-1">
                    <pos type="RB"/>
                    <lemma type="right"/>
                    <dep head="10-23" type="advmod"/>
                </token>
                <token content="before" id="10-2">
                    <pos type="IN"/>
                    <lemma type="before"/>
                    <dep head="10-5" type="mark"/>
                </token>
                <token content="the" id="10-3">
                    <pos type="DT"/>
                    <lemma type="the"/>
                </token>
                <token content="train" id="10-4">
                    <pos type="NN"/>
                    <lemma type="train"/>
                    <dep head="10-5" type="nsubj"/>
                </token>
                <token content="took" id="10-5">
                    <pos type="VBD"/>
                    <lemma type="take"/>
                </token>
                <token content="off" id="10-6">
                    <pos type="RP"/>
                    <lemma type="off"/>
                    <dep head="10-5" type="prt"/>
                </token>
                <token content="and" id="10-7"/>
                <token content="the" id="10-8">
                    <pos type="DT"/>
                    <lemma type="the"/>
                </token>
                <token content="trains" id="10-9">
                    <pos type="NNS"/>
                    <lemma type="train"/>
                </token>
                <token content="stewardesses" id="10-10">
                    <pos type="NNS"/>
                    <lemma type="stewardess"/>
                    <dep head="10-12" type="nsubj"/>
                </token>
                <token content="were" id="10-11">
                    <pos type="VBD"/>
                    <lemma type="be"/>
                    <dep head="10-12" type="aux"/>
                </token>
                <token content="telling" id="10-12">
                    <pos type="VBG"/>
                    <lemma type="tell"/>
                    <dep head="10-5" type="conj"/>
                </token>
                <token content="us" id="10-13">
                    <pos type="PRP"/>
                    <lemma type="we"/>
                    <dep head="10-12" type="dobj"/>
                </token>
                <token content="how" id="10-14">
                    <pos type="WRB"/>
                    <lemma type="how"/>
                    <dep head="10-16" type="advmod"/>
                </token>
                <token content="to" id="10-15">
                    <pos type="TO"/>
                    <lemma type="to"/>
                    <dep head="10-16" type="aux"/>
                </token>
                <token content="use" id="10-16">
                    <pos type="VB"/>
                    <lemma type="use"/>
                    <dep head="10-12" type="xcomp"/>
                </token>
                <token content="our" id="10-17">
                    <pos type="PRP$"/>
                    <lemma type="we"/>
                </token>
                <token content="seat" id="10-18">
                    <pos type="NN"/>
                    <lemma type="seat"/>
                </token>
                <token content="belts" id="10-19">
                    <pos type="NNS"/>
                    <lemma type="belt"/>
                    <dep head="10-16" type="dobj"/>
                </token>
                <token content="," id="10-20"/>
                <token content="I" id="10-21">
                    <pos type="PRP"/>
                    <lemma type="I"/>
                    <dep head="10-23" type="nsubj"/>
                </token>
                <token content="barely" id="10-22">
                    <pos type="RB"/>
                    <lemma type="barely"/>
                    <dep head="10-23" type="advmod"/>
                </token>
                <token content="remember" id="10-23">
                    <pos type="VB"/>
                    <lemma type="remember"/>
                </token>
                <token content="ending" id="10-24">
                    <pos type="VBG"/>
                    <lemma type="end"/>
                    <dep head="10-23" type="xcomp"/>
                </token>
                <token content="up" id="10-25">
                    <pos type="RP"/>
                    <lemma type="up"/>
                    <dep head="10-24" type="prt"/>
                </token>
                <token content="falling" id="10-26">
                    <pos type="VBG"/>
                    <lemma type="fall"/>
                    <dep head="10-24" type="vmod"/>
                </token>
                <token content="asleep" id="10-27">
                    <pos type="JJ"/>
                    <lemma type="asleep"/>
                    <dep head="10-26" type="acomp"/>
                </token>
                <token content="on" id="10-28"/>
                <token content="the" id="10-29">
                    <pos type="DT"/>
                    <lemma type="the"/>
                </token>
                <token content="large" id="10-30">
                    <pos type="JJ"/>
                    <lemma type="large"/>
                </token>
                <token content="man" id="10-31">
                    <pos type="NN"/>
                    <lemma type="man"/>
                </token>
                <token content="next" id="10-32"/>
                <token content="to" id="10-33"/>
                <token content="me" id="10-34">
                    <pos type="PRP"/>
                    <lemma type="I"/>
                    <dep head="10-26" type="prep"/>
                </token>
                <token content="." id="10-35"/>
            </sentence>
            <sentence id="11">
                <token content="Four" id="11-1">
                    <pos type="CD"/>
                    <lemma type="four"/>
                </token>
                <token content="hours" id="11-2">
                    <pos type="NNS"/>
                    <lemma type="hour"/>
                    <dep head="11-6" type="nsubj"/>
                </token>
                <token content="later" id="11-3">
                    <pos type="RB"/>
                    <lemma type="later"/>
                </token>
                <token content="," id="11-4"/>
                <token content="I" id="11-5">
                    <pos type="PRP"/>
                    <lemma type="I"/>
                    <dep head="11-6" type="nsubj"/>
                </token>
                <token content="got" id="11-6">
                    <pos type="VBD"/>
                    <lemma type="get"/>
                </token>
                <token content="a" id="11-7">
                    <pos type="DT"/>
                    <lemma type="a"/>
                </token>
                <token content="nudge" id="11-8">
                    <pos type="NN"/>
                    <lemma type="nudge"/>
                    <dep head="11-6" type="dobj"/>
                </token>
                <token content="from" id="11-9"/>
                <token content="the" id="11-10">
                    <pos type="DT"/>
                    <lemma type="the"/>
                </token>
                <token content="large" id="11-11">
                    <pos type="JJ"/>
                    <lemma type="large"/>
                </token>
                <token content="man" id="11-12">
                    <pos type="NN"/>
                    <lemma type="man"/>
                    <dep head="11-6" type="prep"/>
                </token>
                <token content="next" id="11-13"/>
                <token content="to" id="11-14"/>
                <token content="me" id="11-15">
                    <pos type="PRP"/>
                    <lemma type="I"/>
                    <dep head="11-16" type="prep"/>
                </token>
                <token content="telling" id="11-16">
                    <pos type="VBG"/>
                    <lemma type="tell"/>
                    <dep head="11-6" type="ccomp"/>
                </token>
                <token content="me" id="11-17">
                    <pos type="PRP"/>
                    <lemma type="I"/>
                    <dep head="11-16" type="dobj"/>
                </token>
                <token content="kindly" id="11-18">
                    <pos type="RB"/>
                    <lemma type="kindly"/>
                    <dep head="11-16" type="advmod"/>
                </token>
                <token content="to" id="11-19"/>
                <token content="wake" id="11-20">
                    <pos type="NN"/>
                    <lemma type="wake"/>
                </token>
                <token content="up" id="11-21">
                    <pos type="RB"/>
                    <lemma type="up"/>
                    <dep head="11-16" type="advmod"/>
                </token>
                <token content="and" id="11-22"/>
                <token content="that" id="11-23">
                    <pos type="IN"/>
                    <lemma type="that"/>
                </token>
                <token content="our" id="11-24">
                    <pos type="PRP$"/>
                    <lemma type="we"/>
                </token>
                <token content="ride" id="11-25">
                    <pos type="NN"/>
                    <lemma type="ride"/>
                </token>
                <token content="was" id="11-26">
                    <pos type="VBD"/>
                    <lemma type="be"/>
                </token>
                <token content="over" id="11-27">
                    <pos type="RP"/>
                    <lemma type="over"/>
                    <dep head="11-16" type="conj"/>
                </token>
                <token content="." id="11-28"/>
            </sentence>
            <sentence id="12">
                <token content="I" id="12-1">
                    <pos type="PRP"/>
                    <lemma type="I"/>
                    <dep head="12-3" type="nsubj"/>
                </token>
                <token content="distinctly" id="12-2">
                    <pos type="RB"/>
                    <lemma type="distinctly"/>
                    <dep head="12-3" type="advmod"/>
                </token>
                <token content="remember" id="12-3">
                    <pos type="VBP"/>
                    <lemma type="remember"/>
                </token>
                <token content="waking" id="12-4">
                    <pos type="VBG"/>
                    <lemma type="wake"/>
                    <dep head="12-3" type="xcomp"/>
                </token>
                <token content="up" id="12-5">
                    <pos type="RP"/>
                    <lemma type="up"/>
                    <dep head="12-4" type="prt"/>
                </token>
                <token content="with" id="12-6"/>
                <token content="a" id="12-7">
                    <pos type="DT"/>
                    <lemma type="a"/>
                </token>
                <token content="mouthful" id="12-8">
                    <pos type="NN"/>
                    <lemma type="mouthful"/>
                    <dep head="12-4" type="prep"/>
                </token>
                <token content="of" id="12-9"/>
                <token content="drool" id="12-10">
                    <pos type="NN"/>
                    <lemma type="drool"/>
                </token>
                <token content="soaked" id="12-11">
                    <pos type="VBN"/>
                    <lemma type="soak"/>
                </token>
                <token content="on" id="12-12"/>
                <token content="the" id="12-13">
                    <pos type="DT"/>
                    <lemma type="the"/>
                </token>
                <token content="large" id="12-14">
                    <pos type="JJ"/>
                    <lemma type="large"/>
                </token>
                <token content="man" id="12-15">
                    <pos type="NN"/>
                    <lemma type="man"/>
                </token>
                <token content="'" id="12-16"/>
                <token content="s" id="12-17">
                    <pos type="JJ"/>
                    <lemma type="s"/>
                </token>
                <token content="arm" id="12-18">
                    <pos type="NN"/>
                    <lemma type="arm"/>
                    <dep head="12-11" type="prep"/>
                </token>
                <token content="I" id="12-19">
                    <pos type="PRP"/>
                    <lemma type="I"/>
                    <dep head="12-20" type="nsubj"/>
                </token>
                <token content="feel" id="12-20">
                    <pos type="VBP"/>
                    <lemma type="feel"/>
                </token>
                <token content="asleep" id="12-21">
                    <pos type="JJ"/>
                    <lemma type="asleep"/>
                    <dep head="12-20" type="acomp"/>
                </token>
                <token content="on" id="12-22">
                    <pos type="IN"/>
                    <lemma type="on"/>
                </token>
                <token content="and" id="12-23"/>
                <token content="instantly" id="12-24">
                    <pos type="RB"/>
                    <lemma type="instantly"/>
                    <dep head="12-25" type="advmod"/>
                </token>
                <token content="apologized" id="12-25">
                    <pos type="VBD"/>
                    <lemma type="apologize"/>
                    <dep head="12-20" type="conj"/>
                </token>
                <token content="." id="12-26"/>
            </sentence>
            <sentence id="13">
                <token content="He" id="13-1">
                    <pos type="PRP"/>
                    <lemma type="he"/>
                    <dep head="13-2" type="nsubj"/>
                </token>
                <token content="laughed" id="13-2">
                    <pos type="VBD"/>
                    <lemma type="laugh"/>
                </token>
                <token content="and" id="13-3"/>
                <token content="said" id="13-4">
                    <pos type="VBD"/>
                    <lemma type="say"/>
                    <dep head="13-2" type="conj"/>
                </token>
                <token content="to" id="13-5"/>
                <token content="me" id="13-6">
                    <pos type="PRP"/>
                    <lemma type="I"/>
                    <dep head="13-4" type="prep"/>
                </token>
                <token content="Don" id="13-7">
                    <pos type="NNP"/>
                    <lemma type="Don"/>
                </token>
                <token content="'" id="13-8"/>
                <token content="t" id="13-9">
                    <pos type="NN"/>
                    <lemma type="t"/>
                </token>
                <token content="worry" id="13-10">
                    <pos type="NN"/>
                    <lemma type="worry"/>
                    <dep head="13-4" type="dobj"/>
                </token>
                <token content="about" id="13-11"/>
                <token content="it" id="13-12">
                    <pos type="PRP"/>
                    <lemma type="it"/>
                </token>
                <token content="!" id="13-13"/>
            </sentence>
            <sentence id="14">
                <token content="You" id="14-1">
                    <pos type="PRP"/>
                    <lemma type="you"/>
                    <dep head="14-2" type="nsubj"/>
                </token>
                <token content="looked" id="14-2">
                    <pos type="VBD"/>
                    <lemma type="look"/>
                </token>
                <token content="so" id="14-3">
                    <pos type="RB"/>
                    <lemma type="so"/>
                </token>
                <token content="tired" id="14-4">
                    <pos type="JJ"/>
                    <lemma type="tired"/>
                    <dep head="14-2" type="acomp"/>
                </token>
                <token content="!" id="14-5"/>
            </sentence>
            <sentence id="15">
                <token content="Would" id="15-1">
                    <pos type="MD"/>
                    <lemma type="would"/>
                    <dep head="15-3" type="aux"/>
                </token>
                <token content="you" id="15-2">
                    <pos type="PRP"/>
                    <lemma type="you"/>
                    <dep head="15-3" type="nsubj"/>
                </token>
                <token content="believe" id="15-3">
                    <pos type="VB"/>
                    <lemma type="believe"/>
                </token>
                <token content="this" id="15-4">
                    <pos type="DT"/>
                    <lemma type="this"/>
                </token>
                <token content="is" id="15-5">
                    <pos type="VBZ"/>
                    <lemma type="be"/>
                </token>
                <token content="n't" id="15-6">
                    <pos type="RB"/>
                    <lemma type="not"/>
                </token>
                <token content="the" id="15-7">
                    <pos type="DT"/>
                    <lemma type="the"/>
                </token>
                <token content="first" id="15-8">
                    <pos type="JJ"/>
                    <lemma type="first"/>
                </token>
                <token content="time" id="15-9">
                    <pos type="NN"/>
                    <lemma type="time"/>
                    <dep head="15-3" type="ccomp"/>
                </token>
                <token content="this" id="15-10">
                    <pos type="DT"/>
                    <lemma type="this"/>
                    <dep head="15-12" type="nsubj"/>
                </token>
                <token content="has" id="15-11">
                    <pos type="VBZ"/>
                    <lemma type="have"/>
                    <dep head="15-12" type="aux"/>
                </token>
                <token content="happened" id="15-12">
                    <pos type="VBN"/>
                    <lemma type="happen"/>
                </token>
                <token content="to" id="15-13"/>
                <token content="me" id="15-14">
                    <pos type="PRP"/>
                    <lemma type="I"/>
                    <dep head="15-12" type="prep"/>
                </token>
                <token content="?" id="15-15"/>
            </sentence>
            <sentence id="16">
                <token content="We" id="16-1">
                    <pos type="PRP"/>
                    <lemma type="we"/>
                    <dep head="16-5" type="nsubj"/>
                </token>
                <token content="both" id="16-2">
                    <pos type="DT"/>
                    <lemma type="both"/>
                </token>
                <token content="kind" id="16-3">
                    <pos type="NN"/>
                    <lemma type="kind"/>
                </token>
                <token content="of" id="16-4">
                    <pos type="IN"/>
                    <lemma type="of"/>
                    <dep head="16-5" type="advmod"/>
                </token>
                <token content="laughed" id="16-5">
                    <pos type="VBD"/>
                    <lemma type="laugh"/>
                </token>
                <token content="and" id="16-6"/>
                <token content="went" id="16-7">
                    <pos type="VBD"/>
                    <lemma type="go"/>
                    <dep head="16-5" type="conj"/>
                </token>
                <token content="on" id="16-8"/>
                <token content="our" id="16-9">
                    <pos type="PRP$"/>
                    <lemma type="we"/>
                </token>
                <token content="ways" id="16-10">
                    <pos type="NNS"/>
                    <lemma type="way"/>
                    <dep head="16-5" type="prep"/>
                </token>
                <token content="." id="16-11"/>
            </sentence>
            <sentence id="17">
                <token content="It" id="17-1">
                    <pos type="PRP"/>
                    <lemma type="it"/>
                    <dep head="17-2" type="nsubj"/>
                </token>
                <token content="ended" id="17-2">
                    <pos type="VBD"/>
                    <lemma type="end"/>
                </token>
                <token content="up" id="17-3">
                    <pos type="RP"/>
                    <lemma type="up"/>
                    <dep head="17-2" type="prt"/>
                </token>
                <token content="being" id="17-4">
                    <pos type="VBG"/>
                    <lemma type="be"/>
                </token>
                <token content="a" id="17-5">
                    <pos type="DT"/>
                    <lemma type="a"/>
                </token>
                <token content="great" id="17-6">
                    <pos type="JJ"/>
                    <lemma type="great"/>
                </token>
                <token content="ride" id="17-7">
                    <pos type="NN"/>
                    <lemma type="ride"/>
                    <dep head="17-2" type="xcomp"/>
                </token>
                <token content="and" id="17-8"/>
                <token content="sleep" id="17-9">
                    <pos type="NN"/>
                    <lemma type="sleep"/>
                </token>
                <token content="," id="17-10"/>
                <token content="overall" id="17-11">
                    <pos type="JJ"/>
                    <lemma type="overall"/>
                </token>
                <token content="." id="17-12"/>
            </sentence>
        </sentences>
    </text>
    <annotations>
        <participants>
            <label from="1-3" id="0" name="ScrPart_time_date" text="day" type="participant"/>
            <label from="1-5" id="1" name="ScrPart_passenger" text="I" type="participant"/>
            <label from="1-10" id="2" name="ScrPart_train" text="train" type="participant"/>
            <label from="1-12" id="3" name="ScrPart_other" text="Los Angles" to="1-13" type="participant"/>
            <label from="1-15" id="4" name="ScrPart_destination" text="New York" to="1-16" type="participant"/>
            <label from="1-20" id="5" name="No_label" text="minute" type="participant"/>
            <label from="2-1" id="6" name="ScrPart_passenger" text="My" type="participant"/>
            <label from="2-2" id="7" name="NPart" text="boss" type="participant"/>
            <label from="2-4" id="8" name="ScrPart_passenger" text="me" type="participant"/>
            <label from="2-9" id="9" name="NPart" text="client" type="participant"/>
            <label from="2-14" id="10" name="NPart" text="art gallery" to="2-15" type="participant"/>
            <label from="2-15" id="11" name="NPart" text="gallery" type="participant"/>
            <label from="2-16" id="12" name="NPart" text="they" type="participant"/>
            <label from="2-20" id="13" name="ScrPart_destination" text="Manhattan" type="participant"/>
            <label from="3-2" id="14" name="NPart" text="boss" type="participant"/>
            <label from="3-4" id="15" name="ScrPart_passenger" text="me" type="participant"/>
            <label from="3-10" id="16" name="ScrPart_time_date" text="morning" type="participant"/>
            <label from="3-13" id="17" name="ScrPart_passenger" text="me" type="participant"/>
            <label from="3-15" id="18" name="NPart" text="he" type="participant"/>
            <label from="3-18" id="19" name="ScrPart_card/ticket" text="tickets" type="participant"/>
            <label from="3-24" id="20" name="ScrPart_destination" text="New York" to="3-25" type="participant"/>
            <label from="3-30" id="21" name="ScrPart_passenger" text="me" type="participant"/>
            <label from="3-32" id="22" name="NPart" text="he" type="participant"/>
            <label from="3-36" id="23" name="No_label" text="it" type="participant"/>
            <label from="3-38" id="24" name="NPart" text="he" type="participant"/>
            <label from="3-41" id="25" name="NPart" text="meeting" type="participant"/>
            <label from="3-45" id="26" name="ScrPart_time_date" text="morning" type="participant"/>
            <label from="4-2" id="27" name="ScrPart_card/ticket" text="tickets" type="participant"/>
            <label from="4-6" id="28" name="ScrPart_train" text="train" type="participant"/>
            <label from="4-10" id="29" name="ScrPart_time_date" text="7:15" type="participant"/>
            <label from="4-17" id="30" name="No_label" text="worker bee" to="4-18" type="participant"/>
            <label from="4-18" id="31" name="No_label" text="bee" type="participant"/>
            <label from="4-20" id="32" name="ScrPart_passenger" text="I" type="participant"/>
            <label from="4-34" id="33" name="NPart" text="door" type="participant"/>
            <label from="4-39" id="34" name="NPart" text="suit" type="participant"/>
            <label from="4-40" id="35" name="ScrPart_passenger" text="I" type="participant"/>
            <label from="4-44" id="36" name="No_label" text="time" type="participant"/>
            <label from="5-2" id="37" name="ScrPart_train_station" text="airport" type="participant"/>
            <label from="5-5" id="38" name="NPart" text="minutes" type="participant"/>
            <label from="5-8" id="39" name="ScrPart_passenger" text="I" type="participant"/>
            <label from="5-12" id="40" name="No_label" text="time" type="participant"/>
            <label from="6-1" id="41" name="ScrPart_passenger" text="I" type="participant"/>
            <label from="6-5" id="42" name="ScrPart_passenger" text="my" type="participant"/>
            <label from="6-6" id="43" name="NPart" text="car" type="participant"/>
            <label from="6-11" id="44" name="ScrPart_train_station" text="train station" to="6-12" type="participant"/>
            <label from="6-12" id="45" name="ScrPart_train_station" text="station" type="participant"/>
            <label from="6-17" id="46" name="ScrPart_time_date" text="7:10" type="participant"/>
            <label from="6-20" id="47" name="ScrPart_passenger" text="I" type="participant"/>
            <label from="6-22" id="48" name="ScrPart_passenger" text="my" type="participant"/>
            <label from="6-23" id="49" name="ScrPart_train" text="train" type="participant"/>
            <label from="6-28" id="50" name="ScrPart_other" text="intercom" type="participant"/>
            <label from="7-2" id="51" name="ScrPart_passenger" text="my" type="participant"/>
            <label from="7-3" id="52" name="ScrPart_train" text="train" type="participant"/>
            <label from="7-7" id="53" name="ScrPart_time_date" text="hour" type="participant"/>
            <label from="7-10" id="54" name="ScrPart_passenger" text="I" type="participant"/>
            <label from="7-13" id="55" name="ScrPart_passenger" text="my" type="participant"/>
            <label from="7-14" id="56" name="No_label" text="way" type="participant"/>
            <label from="7-16" id="57" name="ScrPart_location_train" text="board" type="participant"/>
            <label from="7-18" id="58" name="ScrPart_passenger" text="I" type="participant"/>
            <label from="7-21" id="59" name="ScrPart_seat" text="window seat" to="7-22" type="participant"/>
            <label from="7-21" id="60" name="ScrPart_location_train" text="window" type="participant"/>
            <label from="7-22" id="61" name="ScrPart_seat" text="seat" type="participant"/>
            <label from="7-27" id="62" name="ScrPart_passenger" text="fellow" type="participant"/>
            <label from="8-1" id="63" name="ScrPart_passenger" text="I" type="participant"/>
            <label from="8-3" id="64" name="ScrPart_passenger" text="I" type="participant"/>
            <label from="8-8" id="65" name="ScrPart_passenger" text="I" type="participant"/>
            <label from="8-13" id="66" name="ScrPart_passenger" text="him" type="participant"/>
            <label from="9-1" id="67" name="ScrPart_passenger" text="He" type="participant"/>
            <label from="9-4" id="68" name="ScrPart_passenger" text="me" type="participant"/>
            <label from="9-7" id="69" name="ScrPart_passenger" text="I" type="participant"/>
            <label from="10-4" id="70" name="ScrPart_train" text="train" type="participant"/>
            <label from="10-9" id="71" name="ScrPart_train" text="trains" type="participant"/>
            <label from="10-10" id="72" name="ScrPart_train_staff" text="stewardesses" type="participant"/>
            <label from="10-13" id="73" name="ScrPart_passenger" text="us" type="participant"/>
            <label from="10-17" id="74" name="ScrPart_passenger" text="our" type="participant"/>
            <label from="10-18" id="75" name="ScrPart_other" text="seat belts" to="10-19" type="participant"/>
            <label from="10-19" id="76" name="ScrPart_other" text="belts" type="participant"/>
            <label from="10-21" id="77" name="ScrPart_passenger" text="I" type="participant"/>
            <label from="10-31" id="78" name="ScrPart_passenger" text="man" type="participant"/>
            <label from="10-34" id="79" name="ScrPart_passenger" text="me" type="participant"/>
            <label from="11-2" id="80" name="ScrPart_time_date" text="hours" type="participant"/>
            <label from="11-5" id="81" name="ScrPart_passenger" text="I" type="participant"/>
            <label from="11-8" id="82" name="SuppVComp" text="nudge" type="participant"/>
            <label from="11-12" id="83" name="ScrPart_passenger" text="man" type="participant"/>
            <label from="11-15" id="84" name="ScrPart_passenger" text="me" type="participant"/>
            <label from="11-17" id="85" name="ScrPart_passenger" text="me" type="participant"/>
            <label from="11-24" id="86" name="ScrPart_passenger" text="our" type="participant"/>
            <label from="11-25" id="87" name="ScrPart_trip" text="ride" type="participant"/>
            <label from="12-1" id="88" name="ScrPart_passenger" text="I" type="participant"/>
            <label from="12-8" id="89" name="Head_of_Partitive" text="mouthful" type="participant"/>
            <label from="12-10" id="90" name="NPart" text="drool" type="participant"/>
            <label from="12-15" id="91" name="ScrPart_passenger" text="man" type="participant"/>
            <label from="12-18" id="92" name="NPart" text="arm" type="participant"/>
            <label from="12-19" id="93" name="ScrPart_passenger" text="I" type="participant"/>
            <label from="13-1" id="94" name="ScrPart_passenger" text="He" type="participant"/>
            <label from="13-6" id="95" name="ScrPart_passenger" text="me" type="participant"/>
            <label from="13-12" id="96" name="No_label" text="it" type="participant"/>
            <label from="14-1" id="97" name="ScrPart_passenger" text="You" type="participant"/>
            <label from="15-2" id="98" name="NPart" text="you" type="participant"/>
            <label from="15-9" id="99" name="No_label" text="time" type="participant"/>
            <label from="15-14" id="100" name="ScrPart_passenger" text="me" type="participant"/>
            <label from="16-1" id="101" name="ScrPart_passenger" text="We" type="participant"/>
            <label from="16-3" id="102" name="No_label" text="kind" type="participant"/>
            <label from="16-9" id="103" name="ScrPart_passenger" text="our" type="participant"/>
            <label from="16-10" id="104" name="No_label" text="ways" type="participant"/>
            <label from="17-1" id="105" name="No_label" text="It" type="participant"/>
            <label from="17-7" id="106" name="ScrPart_trip" text="ride" type="participant"/>
            <label from="17-9" id="107" name="ScrPart_in-train_entertainment" text="sleep" type="participant"/>
        </participants>
        <events>
            <label from="1-8" id="108" name="Evoking" text="catch a train" to="1-10" type="event"/>
            <label from="2-3" id="109" name="UnrelEv" text="wanted" type="event"/>
            <label from="2-6" id="110" name="UnrelEv" text="meet" type="event"/>
            <label from="2-18" id="111" name="UnrelEv" text="bought" type="event"/>
            <label from="3-3" id="112" name="UnrelEv" text="called" type="event"/>
            <label from="3-12" id="113" name="UnrelEv" text="told" type="event"/>
            <label from="3-17" id="114" name="ScrEv_get_tickets" text="bought" type="event"/>
            <label from="3-20" id="115" name="RelNScrEv" text="get" type="event"/>
            <label from="3-28" id="116" name="UnrelEv" text="explained" type="event"/>
            <label from="3-35" id="117" name="UnrelEv" text="make" type="event"/>
            <label from="3-39" id="118" name="UnrelEv" text="had" type="event"/>
            <label from="4-3" id="119" name="UnrelEv" text="were" type="event"/>
            <label from="4-8" id="120" name="ScrEv_train_departs" text="departed" type="event"/>
            <label from="4-21" id="121" name="UnrelEv" text="got up" to="4-22" type="event"/>
            <label from="4-21" id="122" name="UnrelEv" text="got" type="event"/>
            <label from="4-24" id="123" name="UnrelEv" text="skipped" type="event"/>
            <label from="4-25" id="124" name="UnrelEv" text="showering" type="event"/>
            <label from="4-28" id="125" name="UnrelEv" text="dressed" type="event"/>
            <label from="4-31" id="126" name="UnrelEv" text="ran out" to="4-32" type="event"/>
            <label from="4-31" id="127" name="UnrelEv" text="ran" type="event"/>
            <label from="4-38" id="128" name="UnrelEv" text="wrinkled" type="event"/>
            <label from="4-43" id="129" name="UnrelEv" text="had" type="event"/>
            <label from="4-46" id="130" name="UnrelEv" text="wash" type="event"/>
            <label from="5-3" id="131" name="UnrelEv" text="was" type="event"/>
            <label from="5-9" id="132" name="UnrelEv" text="had" type="event"/>
            <label from="5-14" id="133" name="UnrelEv" text="spare" type="event"/>
            <label from="6-2" id="134" name="UnrelEv" text="managed" type="event"/>
            <label from="6-4" id="135" name="RelNScrEv" text="store" type="event"/>
            <label from="6-8" id="136" name="ScrEv_get_platform" text="walk" type="event"/>
            <label from="6-21" id="137" name="RelNScrEv" text="overheard" type="event"/>
            <label from="6-25" id="138" name="RelNScrEv" text="delayed" type="event"/>
            <label from="7-5" id="139" name="RelNScrEv" text="called" type="event"/>
            <label from="7-12" id="140" name="ScrEv_find_place" text="made" type="event"/>
            <label from="7-19" id="141" name="ScrEv_find_place" text="got" type="event"/>
            <label from="8-2" id="142" name="UnrelEv" text="remember" type="event"/>
            <label from="8-4" id="143" name="UnrelEv" text="was" type="event"/>
            <label from="8-9" id="144" name="UnrelEv" text="mumbled" type="event"/>
            <label from="9-3" id="145" name="UnrelEv" text="greeted" type="event"/>
            <label from="9-8" id="146" name="ScrEv_find_place" text="sat down" to="9-9" type="event"/>
            <label from="9-8" id="147" name="ScrEv_find_place" text="sat" type="event"/>
            <label from="10-5" id="148" name="ScrEv_train_departs" text="took off" to="10-6" type="event"/>
            <label from="10-5" id="149" name="ScrEv_train_departs" text="took" type="event"/>
            <label from="10-12" id="150" name="RelNScrEv" text="telling" type="event"/>
            <label from="10-16" id="151" name="RelNScrEv" text="use" type="event"/>
            <label from="10-23" id="152" name="UnrelEv" text="remember" type="event"/>
            <label from="10-24" id="153" name="UnrelEv" text="ending up" to="10-25" type="event"/>
            <label from="10-24" id="154" name="UnrelEv" text="ending" type="event"/>
            <label from="10-26" id="155" name="ScrEv_spend_time_train" text="falling asleep" to="10-27" type="event"/>
            <label from="10-26" id="156" name="ScrEv_spend_time_train" text="falling" type="event"/>
            <label from="11-6" id="157" name="UnrelEv" text="got" type="event"/>
            <label from="11-16" id="158" name="UnrelEv" text="telling" type="event"/>
            <label from="11-20" id="159" name="UnrelEv" text="wake up" to="11-21" type="event"/>
            <label from="11-20" id="160" name="UnrelEv" text="wake" type="event"/>
            <label from="11-25" id="161" name="Evoking" text="ride" type="event"/>
            <label from="11-26" id="162" name="UnrelEv" text="was" type="event"/>
            <label from="12-3" id="163" name="UnrelEv" text="remember" type="event"/>
            <label from="12-4" id="164" name="UnrelEv" text="waking up" to="12-5" type="event"/>
            <label from="12-4" id="165" name="UnrelEv" text="waking" type="event"/>
            <label from="12-20" id="166" name="ScrEv_spend_time_train" text="feel asleep" to="12-21" type="event"/>
            <label from="12-20" id="167" name="ScrEv_spend_time_train" text="feel" type="event"/>
            <label from="12-25" id="168" name="UnrelEv" text="apologized" type="event"/>
            <label from="13-2" id="169" name="UnrelEv" text="laughed" type="event"/>
            <label from="13-4" id="170" name="UnrelEv" text="said" type="event"/>
            <label from="13-10" id="171" name="UnrelEv" text="worry" type="event"/>
            <label from="14-2" id="172" name="UnrelEv" text="looked" type="event"/>
            <label from="14-4" id="173" name="UnrelEv" text="tired" type="event"/>
            <label from="15-3" id="174" name="UnrelEv" text="believe" type="event"/>
            <label from="15-12" id="175" name="UnrelEv" text="happened" type="event"/>
            <label from="16-5" id="176" name="UnrelEv" text="laughed" type="event"/>
            <label from="16-7" id="177" name="UnrelEv" text="went" type="event"/>
            <label from="17-2" id="178" name="UnrelEv" text="ended up" to="17-3" type="event"/>
            <label from="17-2" id="179" name="UnrelEv" text="ended" type="event"/>
            <label from="17-4" id="180" name="UnrelEv" text="being" type="event"/>
            <label from="17-7" id="181" name="Evoking" text="ride" type="event"/>
        </events>
        <chains>
            <chain elements="1 6 8 15 17 21 32 35 39 41 42 47 48 51 54 55 58 63 64 65 68 69 77 79 81 84 85 88 93 95 97 100"/>
            <chain elements="4 20"/>
            <chain elements="19 27"/>
            <chain elements="37 45"/>
            <chain elements="28 49 52 70 71"/>
            <chain elements="62 66 67 78 83 91 94"/>
            <chain elements="73 74 86"/>
            <chain elements="94 101 100" name="group_I_man"/>
            <chain elements="7 14 18 22 24"/>
            <chain elements="16 26"/>
            <chain elements="101 103"/>
            <chain elements="87 106"/>
        </chains>
    </annotations>
</story>
