<?xml version="1.0" encoding="UTF-8" standalone="no"?>
<!DOCTYPE story SYSTEM "../InScript.dtd">
<story id="088" scenario="train">
    <text>
        <content>I decided that I wanted to visit a town that was about an hour away from me . 
Rather than drive , I decided that it would be a good day to take a ride on the train . 
I made sure that I had all my things together and drove to the train station . 
I parked in the designated parking lot across the street , and went into the small station . 
I waited at the counter for a few minutes before an attendant strolled out from the office . 
She smiled and asked me where I would like to go . 
I told her that I 'd like a round trip ticket for today to the nearby town . 
She got on her computer to confirm my route and times , and I decided to purchase the tickets . 
I gave the attendant my money , and she put it in her drawer while my tickets printed off her printer . 
I thanked her , and set out the door to wait for my train . 
Shortly after I sat down , I could hear the sound of the train in the distance . 
Once it was stopped and unloaded , the conductor shouted all aboard ! 
and I gave him my ticket . 
I boarded the train and set off . 
And that 's how I rode the train . </content>
        <sentences>
            <sentence id="1">
                <token content="I" id="1-1">
                    <pos type="PRP"/>
                    <lemma type="I"/>
                    <dep head="1-2" type="nsubj"/>
                </token>
                <token content="decided" id="1-2">
                    <pos type="VBD"/>
                    <lemma type="decide"/>
                </token>
                <token content="that" id="1-3">
                    <pos type="IN"/>
                    <lemma type="that"/>
                    <dep head="1-5" type="mark"/>
                </token>
                <token content="I" id="1-4">
                    <pos type="PRP"/>
                    <lemma type="I"/>
                    <dep head="1-5" type="nsubj"/>
                </token>
                <token content="wanted" id="1-5">
                    <pos type="VBD"/>
                    <lemma type="want"/>
                    <dep head="1-2" type="ccomp"/>
                </token>
                <token content="to" id="1-6">
                    <pos type="TO"/>
                    <lemma type="to"/>
                    <dep head="1-7" type="aux"/>
                </token>
                <token content="visit" id="1-7">
                    <pos type="VB"/>
                    <lemma type="visit"/>
                    <dep head="1-5" type="xcomp"/>
                </token>
                <token content="a" id="1-8">
                    <pos type="DT"/>
                    <lemma type="a"/>
                </token>
                <token content="town" id="1-9">
                    <pos type="NN"/>
                    <lemma type="town"/>
                    <dep head="1-7" type="dobj"/>
                </token>
                <token content="that" id="1-10">
                    <pos type="WDT"/>
                    <lemma type="that"/>
                    <dep head="1-11" type="nsubj"/>
                </token>
                <token content="was" id="1-11">
                    <pos type="VBD"/>
                    <lemma type="be"/>
                </token>
                <token content="about" id="1-12">
                    <pos type="RB"/>
                    <lemma type="about"/>
                </token>
                <token content="an" id="1-13">
                    <pos type="DT"/>
                    <lemma type="a"/>
                </token>
                <token content="hour" id="1-14">
                    <pos type="NN"/>
                    <lemma type="hour"/>
                    <dep head="1-11" type="npadvmod"/>
                </token>
                <token content="away" id="1-15"/>
                <token content="from" id="1-16"/>
                <token content="me" id="1-17">
                    <pos type="PRP"/>
                    <lemma type="I"/>
                    <dep head="1-11" type="prep"/>
                </token>
                <token content="." id="1-18"/>
            </sentence>
            <sentence id="2">
                <token content="Rather" id="2-1">
                    <pos type="RB"/>
                    <lemma type="rather"/>
                    <dep head="2-6" type="advmod"/>
                </token>
                <token content="than" id="2-2"/>
                <token content="drive" id="2-3">
                    <pos type="NN"/>
                    <lemma type="drive"/>
                    <dep head="2-6" type="prep"/>
                </token>
                <token content="," id="2-4"/>
                <token content="I" id="2-5">
                    <pos type="PRP"/>
                    <lemma type="I"/>
                    <dep head="2-6" type="nsubj"/>
                </token>
                <token content="decided" id="2-6">
                    <pos type="VBD"/>
                    <lemma type="decide"/>
                </token>
                <token content="that" id="2-7">
                    <pos type="IN"/>
                    <lemma type="that"/>
                </token>
                <token content="it" id="2-8">
                    <pos type="PRP"/>
                    <lemma type="it"/>
                </token>
                <token content="would" id="2-9">
                    <pos type="MD"/>
                    <lemma type="would"/>
                </token>
                <token content="be" id="2-10">
                    <pos type="VB"/>
                    <lemma type="be"/>
                </token>
                <token content="a" id="2-11">
                    <pos type="DT"/>
                    <lemma type="a"/>
                </token>
                <token content="good" id="2-12">
                    <pos type="JJ"/>
                    <lemma type="good"/>
                </token>
                <token content="day" id="2-13">
                    <pos type="NN"/>
                    <lemma type="day"/>
                    <dep head="2-6" type="ccomp"/>
                </token>
                <token content="to" id="2-14">
                    <pos type="TO"/>
                    <lemma type="to"/>
                    <dep head="2-15" type="aux"/>
                </token>
                <token content="take" id="2-15">
                    <pos type="VB"/>
                    <lemma type="take"/>
                </token>
                <token content="a" id="2-16">
                    <pos type="DT"/>
                    <lemma type="a"/>
                </token>
                <token content="ride" id="2-17">
                    <pos type="NN"/>
                    <lemma type="ride"/>
                    <dep head="2-15" type="dobj"/>
                </token>
                <token content="on" id="2-18"/>
                <token content="the" id="2-19">
                    <pos type="DT"/>
                    <lemma type="the"/>
                </token>
                <token content="train" id="2-20">
                    <pos type="NN"/>
                    <lemma type="train"/>
                    <dep head="2-15" type="prep"/>
                </token>
                <token content="." id="2-21"/>
            </sentence>
            <sentence id="3">
                <token content="I" id="3-1">
                    <pos type="PRP"/>
                    <lemma type="I"/>
                    <dep head="3-2" type="nsubj"/>
                </token>
                <token content="made" id="3-2">
                    <pos type="VBD"/>
                    <lemma type="make"/>
                </token>
                <token content="sure" id="3-3">
                    <pos type="JJ"/>
                    <lemma type="sure"/>
                    <dep head="3-2" type="acomp"/>
                </token>
                <token content="that" id="3-4">
                    <pos type="IN"/>
                    <lemma type="that"/>
                    <dep head="3-6" type="mark"/>
                </token>
                <token content="I" id="3-5">
                    <pos type="PRP"/>
                    <lemma type="I"/>
                    <dep head="3-6" type="nsubj"/>
                </token>
                <token content="had" id="3-6">
                    <pos type="VBD"/>
                    <lemma type="have"/>
                    <dep head="3-2" type="ccomp"/>
                </token>
                <token content="all" id="3-7">
                    <pos type="PDT"/>
                    <lemma type="all"/>
                </token>
                <token content="my" id="3-8">
                    <pos type="PRP$"/>
                    <lemma type="my"/>
                </token>
                <token content="things" id="3-9">
                    <pos type="NNS"/>
                    <lemma type="thing"/>
                    <dep head="3-6" type="dobj"/>
                </token>
                <token content="together" id="3-10">
                    <pos type="RB"/>
                    <lemma type="together"/>
                    <dep head="3-6" type="advmod"/>
                </token>
                <token content="and" id="3-11"/>
                <token content="drove" id="3-12">
                    <pos type="VBD"/>
                    <lemma type="drive"/>
                    <dep head="3-6" type="conj"/>
                </token>
                <token content="to" id="3-13"/>
                <token content="the" id="3-14">
                    <pos type="DT"/>
                    <lemma type="the"/>
                </token>
                <token content="train" id="3-15">
                    <pos type="NN"/>
                    <lemma type="train"/>
                </token>
                <token content="station" id="3-16">
                    <pos type="NN"/>
                    <lemma type="station"/>
                    <dep head="3-12" type="prep"/>
                </token>
                <token content="." id="3-17"/>
            </sentence>
            <sentence id="4">
                <token content="I" id="4-1">
                    <pos type="PRP"/>
                    <lemma type="I"/>
                    <dep head="4-2" type="nsubj"/>
                </token>
                <token content="parked" id="4-2">
                    <pos type="VBD"/>
                    <lemma type="park"/>
                </token>
                <token content="in" id="4-3"/>
                <token content="the" id="4-4">
                    <pos type="DT"/>
                    <lemma type="the"/>
                </token>
                <token content="designated" id="4-5">
                    <pos type="VBN"/>
                    <lemma type="designate"/>
                </token>
                <token content="parking" id="4-6">
                    <pos type="NN"/>
                    <lemma type="parking"/>
                </token>
                <token content="lot" id="4-7">
                    <pos type="NN"/>
                    <lemma type="lot"/>
                    <dep head="4-2" type="prep"/>
                </token>
                <token content="across" id="4-8"/>
                <token content="the" id="4-9">
                    <pos type="DT"/>
                    <lemma type="the"/>
                </token>
                <token content="street" id="4-10">
                    <pos type="NN"/>
                    <lemma type="street"/>
                </token>
                <token content="," id="4-11"/>
                <token content="and" id="4-12"/>
                <token content="went" id="4-13">
                    <pos type="VBD"/>
                    <lemma type="go"/>
                    <dep head="4-2" type="conj"/>
                </token>
                <token content="into" id="4-14"/>
                <token content="the" id="4-15">
                    <pos type="DT"/>
                    <lemma type="the"/>
                </token>
                <token content="small" id="4-16">
                    <pos type="JJ"/>
                    <lemma type="small"/>
                </token>
                <token content="station" id="4-17">
                    <pos type="NN"/>
                    <lemma type="station"/>
                    <dep head="4-13" type="prep"/>
                </token>
                <token content="." id="4-18"/>
            </sentence>
            <sentence id="5">
                <token content="I" id="5-1">
                    <pos type="PRP"/>
                    <lemma type="I"/>
                    <dep head="5-2" type="nsubj"/>
                </token>
                <token content="waited" id="5-2">
                    <pos type="VBD"/>
                    <lemma type="wait"/>
                </token>
                <token content="at" id="5-3"/>
                <token content="the" id="5-4">
                    <pos type="DT"/>
                    <lemma type="the"/>
                </token>
                <token content="counter" id="5-5">
                    <pos type="NN"/>
                    <lemma type="counter"/>
                    <dep head="5-2" type="prep"/>
                </token>
                <token content="for" id="5-6"/>
                <token content="a" id="5-7">
                    <pos type="DT"/>
                    <lemma type="a"/>
                </token>
                <token content="few" id="5-8">
                    <pos type="JJ"/>
                    <lemma type="few"/>
                </token>
                <token content="minutes" id="5-9">
                    <pos type="NNS"/>
                    <lemma type="minute"/>
                </token>
                <token content="before" id="5-10">
                    <pos type="IN"/>
                    <lemma type="before"/>
                    <dep head="5-13" type="mark"/>
                </token>
                <token content="an" id="5-11">
                    <pos type="DT"/>
                    <lemma type="a"/>
                </token>
                <token content="attendant" id="5-12">
                    <pos type="NN"/>
                    <lemma type="attendant"/>
                    <dep head="5-13" type="nsubj"/>
                </token>
                <token content="strolled" id="5-13">
                    <pos type="VBD"/>
                    <lemma type="stroll"/>
                    <dep head="5-2" type="advcl"/>
                </token>
                <token content="out" id="5-14">
                    <pos type="RP"/>
                    <lemma type="out"/>
                    <dep head="5-13" type="prt"/>
                </token>
                <token content="from" id="5-15"/>
                <token content="the" id="5-16">
                    <pos type="DT"/>
                    <lemma type="the"/>
                </token>
                <token content="office" id="5-17">
                    <pos type="NN"/>
                    <lemma type="office"/>
                    <dep head="5-13" type="prep"/>
                </token>
                <token content="." id="5-18"/>
            </sentence>
            <sentence id="6">
                <token content="She" id="6-1">
                    <pos type="PRP"/>
                    <lemma type="she"/>
                    <dep head="6-2" type="nsubj"/>
                </token>
                <token content="smiled" id="6-2">
                    <pos type="VBD"/>
                    <lemma type="smile"/>
                </token>
                <token content="and" id="6-3"/>
                <token content="asked" id="6-4">
                    <pos type="VBD"/>
                    <lemma type="ask"/>
                    <dep head="6-2" type="conj"/>
                </token>
                <token content="me" id="6-5">
                    <pos type="PRP"/>
                    <lemma type="I"/>
                    <dep head="6-4" type="dobj"/>
                </token>
                <token content="where" id="6-6">
                    <pos type="WRB"/>
                    <lemma type="where"/>
                    <dep head="6-9" type="advmod"/>
                </token>
                <token content="I" id="6-7">
                    <pos type="PRP"/>
                    <lemma type="I"/>
                    <dep head="6-9" type="nsubj"/>
                </token>
                <token content="would" id="6-8">
                    <pos type="MD"/>
                    <lemma type="would"/>
                    <dep head="6-9" type="aux"/>
                </token>
                <token content="like" id="6-9">
                    <pos type="VB"/>
                    <lemma type="like"/>
                    <dep head="6-4" type="advcl"/>
                </token>
                <token content="to" id="6-10">
                    <pos type="TO"/>
                    <lemma type="to"/>
                    <dep head="6-11" type="aux"/>
                </token>
                <token content="go" id="6-11">
                    <pos type="VB"/>
                    <lemma type="go"/>
                    <dep head="6-9" type="xcomp"/>
                </token>
                <token content="." id="6-12"/>
            </sentence>
            <sentence id="7">
                <token content="I" id="7-1">
                    <pos type="PRP"/>
                    <lemma type="I"/>
                    <dep head="7-2" type="nsubj"/>
                </token>
                <token content="told" id="7-2">
                    <pos type="VBD"/>
                    <lemma type="tell"/>
                </token>
                <token content="her" id="7-3">
                    <pos type="PRP"/>
                    <lemma type="she"/>
                    <dep head="7-2" type="dobj"/>
                </token>
                <token content="that" id="7-4">
                    <pos type="IN"/>
                    <lemma type="that"/>
                    <dep head="7-7" type="mark"/>
                </token>
                <token content="I" id="7-5">
                    <pos type="PRP"/>
                    <lemma type="I"/>
                    <dep head="7-7" type="nsubj"/>
                </token>
                <token content="'d" id="7-6">
                    <pos type="MD"/>
                    <lemma type="would"/>
                    <dep head="7-7" type="aux"/>
                </token>
                <token content="like" id="7-7">
                    <pos type="VB"/>
                    <lemma type="like"/>
                    <dep head="7-2" type="ccomp"/>
                </token>
                <token content="a" id="7-8">
                    <pos type="DT"/>
                    <lemma type="a"/>
                </token>
                <token content="round" id="7-9">
                    <pos type="NN"/>
                    <lemma type="round"/>
                </token>
                <token content="trip" id="7-10">
                    <pos type="NN"/>
                    <lemma type="trip"/>
                </token>
                <token content="ticket" id="7-11">
                    <pos type="NN"/>
                    <lemma type="ticket"/>
                    <dep head="7-7" type="dobj"/>
                </token>
                <token content="for" id="7-12"/>
                <token content="today" id="7-13">
                    <pos type="NN"/>
                    <lemma type="today"/>
                </token>
                <token content="to" id="7-14"/>
                <token content="the" id="7-15">
                    <pos type="DT"/>
                    <lemma type="the"/>
                </token>
                <token content="nearby" id="7-16">
                    <pos type="JJ"/>
                    <lemma type="nearby"/>
                </token>
                <token content="town" id="7-17">
                    <pos type="NN"/>
                    <lemma type="town"/>
                    <dep head="7-7" type="prep"/>
                </token>
                <token content="." id="7-18"/>
            </sentence>
            <sentence id="8">
                <token content="She" id="8-1">
                    <pos type="PRP"/>
                    <lemma type="she"/>
                    <dep head="8-2" type="nsubj"/>
                </token>
                <token content="got" id="8-2">
                    <pos type="VBD"/>
                    <lemma type="get"/>
                </token>
                <token content="on" id="8-3"/>
                <token content="her" id="8-4">
                    <pos type="PRP$"/>
                    <lemma type="she"/>
                </token>
                <token content="computer" id="8-5">
                    <pos type="NN"/>
                    <lemma type="computer"/>
                    <dep head="8-2" type="prep"/>
                </token>
                <token content="to" id="8-6">
                    <pos type="TO"/>
                    <lemma type="to"/>
                    <dep head="8-7" type="aux"/>
                </token>
                <token content="confirm" id="8-7">
                    <pos type="VB"/>
                    <lemma type="confirm"/>
                </token>
                <token content="my" id="8-8">
                    <pos type="PRP$"/>
                    <lemma type="my"/>
                </token>
                <token content="route" id="8-9">
                    <pos type="NN"/>
                    <lemma type="route"/>
                    <dep head="8-7" type="dobj"/>
                </token>
                <token content="and" id="8-10"/>
                <token content="times" id="8-11">
                    <pos type="NNS"/>
                    <lemma type="time"/>
                </token>
                <token content="," id="8-12"/>
                <token content="and" id="8-13"/>
                <token content="I" id="8-14">
                    <pos type="PRP"/>
                    <lemma type="I"/>
                    <dep head="8-15" type="nsubj"/>
                </token>
                <token content="decided" id="8-15">
                    <pos type="VBD"/>
                    <lemma type="decide"/>
                    <dep head="8-2" type="conj"/>
                </token>
                <token content="to" id="8-16">
                    <pos type="TO"/>
                    <lemma type="to"/>
                    <dep head="8-17" type="aux"/>
                </token>
                <token content="purchase" id="8-17">
                    <pos type="VB"/>
                    <lemma type="purchase"/>
                    <dep head="8-15" type="xcomp"/>
                </token>
                <token content="the" id="8-18">
                    <pos type="DT"/>
                    <lemma type="the"/>
                </token>
                <token content="tickets" id="8-19">
                    <pos type="NNS"/>
                    <lemma type="ticket"/>
                    <dep head="8-17" type="dobj"/>
                </token>
                <token content="." id="8-20"/>
            </sentence>
            <sentence id="9">
                <token content="I" id="9-1">
                    <pos type="PRP"/>
                    <lemma type="I"/>
                    <dep head="9-2" type="nsubj"/>
                </token>
                <token content="gave" id="9-2">
                    <pos type="VBD"/>
                    <lemma type="give"/>
                </token>
                <token content="the" id="9-3">
                    <pos type="DT"/>
                    <lemma type="the"/>
                </token>
                <token content="attendant" id="9-4">
                    <pos type="NN"/>
                    <lemma type="attendant"/>
                    <dep head="9-2" type="iobj"/>
                </token>
                <token content="my" id="9-5">
                    <pos type="PRP$"/>
                    <lemma type="my"/>
                </token>
                <token content="money" id="9-6">
                    <pos type="NN"/>
                    <lemma type="money"/>
                    <dep head="9-2" type="dobj"/>
                </token>
                <token content="," id="9-7"/>
                <token content="and" id="9-8"/>
                <token content="she" id="9-9">
                    <pos type="PRP"/>
                    <lemma type="she"/>
                    <dep head="9-10" type="nsubj"/>
                </token>
                <token content="put" id="9-10">
                    <pos type="VBD"/>
                    <lemma type="put"/>
                    <dep head="9-2" type="conj"/>
                </token>
                <token content="it" id="9-11">
                    <pos type="PRP"/>
                    <lemma type="it"/>
                    <dep head="9-10" type="dobj"/>
                </token>
                <token content="in" id="9-12"/>
                <token content="her" id="9-13">
                    <pos type="PRP$"/>
                    <lemma type="she"/>
                </token>
                <token content="drawer" id="9-14">
                    <pos type="NN"/>
                    <lemma type="drawer"/>
                    <dep head="9-10" type="prep"/>
                </token>
                <token content="while" id="9-15">
                    <pos type="IN"/>
                    <lemma type="while"/>
                    <dep head="9-18" type="mark"/>
                </token>
                <token content="my" id="9-16">
                    <pos type="PRP$"/>
                    <lemma type="my"/>
                </token>
                <token content="tickets" id="9-17">
                    <pos type="NNS"/>
                    <lemma type="ticket"/>
                    <dep head="9-18" type="nsubj"/>
                </token>
                <token content="printed" id="9-18">
                    <pos type="VBD"/>
                    <lemma type="print"/>
                    <dep head="9-10" type="advcl"/>
                </token>
                <token content="off" id="9-19">
                    <pos type="RP"/>
                    <lemma type="off"/>
                    <dep head="9-18" type="prt"/>
                </token>
                <token content="her" id="9-20">
                    <pos type="PRP$"/>
                    <lemma type="she"/>
                </token>
                <token content="printer" id="9-21">
                    <pos type="NN"/>
                    <lemma type="printer"/>
                    <dep head="9-18" type="dobj"/>
                </token>
                <token content="." id="9-22"/>
            </sentence>
            <sentence id="10">
                <token content="I" id="10-1">
                    <pos type="PRP"/>
                    <lemma type="I"/>
                    <dep head="10-2" type="nsubj"/>
                </token>
                <token content="thanked" id="10-2">
                    <pos type="VBD"/>
                    <lemma type="thank"/>
                </token>
                <token content="her" id="10-3">
                    <pos type="PRP"/>
                    <lemma type="she"/>
                    <dep head="10-2" type="dobj"/>
                </token>
                <token content="," id="10-4"/>
                <token content="and" id="10-5"/>
                <token content="set" id="10-6">
                    <pos type="VBD"/>
                    <lemma type="set"/>
                    <dep head="10-2" type="conj"/>
                </token>
                <token content="out" id="10-7">
                    <pos type="RP"/>
                    <lemma type="out"/>
                    <dep head="10-6" type="prt"/>
                </token>
                <token content="the" id="10-8">
                    <pos type="DT"/>
                    <lemma type="the"/>
                </token>
                <token content="door" id="10-9">
                    <pos type="NN"/>
                    <lemma type="door"/>
                    <dep head="10-6" type="dobj"/>
                </token>
                <token content="to" id="10-10">
                    <pos type="TO"/>
                    <lemma type="to"/>
                    <dep head="10-11" type="aux"/>
                </token>
                <token content="wait" id="10-11">
                    <pos type="VB"/>
                    <lemma type="wait"/>
                </token>
                <token content="for" id="10-12"/>
                <token content="my" id="10-13">
                    <pos type="PRP$"/>
                    <lemma type="my"/>
                </token>
                <token content="train" id="10-14">
                    <pos type="NN"/>
                    <lemma type="train"/>
                    <dep head="10-11" type="prep"/>
                </token>
                <token content="." id="10-15"/>
            </sentence>
            <sentence id="11">
                <token content="Shortly" id="11-1">
                    <pos type="RB"/>
                    <lemma type="shortly"/>
                    <dep head="11-4" type="advmod"/>
                </token>
                <token content="after" id="11-2">
                    <pos type="IN"/>
                    <lemma type="after"/>
                    <dep head="11-4" type="mark"/>
                </token>
                <token content="I" id="11-3">
                    <pos type="PRP"/>
                    <lemma type="I"/>
                    <dep head="11-4" type="nsubj"/>
                </token>
                <token content="sat" id="11-4">
                    <pos type="VBD"/>
                    <lemma type="sit"/>
                    <dep head="11-9" type="advcl"/>
                </token>
                <token content="down" id="11-5">
                    <pos type="RP"/>
                    <lemma type="down"/>
                    <dep head="11-4" type="prt"/>
                </token>
                <token content="," id="11-6"/>
                <token content="I" id="11-7">
                    <pos type="PRP"/>
                    <lemma type="I"/>
                    <dep head="11-9" type="nsubj"/>
                </token>
                <token content="could" id="11-8">
                    <pos type="MD"/>
                    <lemma type="could"/>
                    <dep head="11-9" type="aux"/>
                </token>
                <token content="hear" id="11-9">
                    <pos type="VB"/>
                    <lemma type="hear"/>
                </token>
                <token content="the" id="11-10">
                    <pos type="DT"/>
                    <lemma type="the"/>
                </token>
                <token content="sound" id="11-11">
                    <pos type="NN"/>
                    <lemma type="sound"/>
                    <dep head="11-9" type="dobj"/>
                </token>
                <token content="of" id="11-12"/>
                <token content="the" id="11-13">
                    <pos type="DT"/>
                    <lemma type="the"/>
                </token>
                <token content="train" id="11-14">
                    <pos type="NN"/>
                    <lemma type="train"/>
                </token>
                <token content="in" id="11-15"/>
                <token content="the" id="11-16">
                    <pos type="DT"/>
                    <lemma type="the"/>
                </token>
                <token content="distance" id="11-17">
                    <pos type="NN"/>
                    <lemma type="distance"/>
                </token>
                <token content="." id="11-18"/>
            </sentence>
            <sentence id="12">
                <token content="Once" id="12-1">
                    <pos type="IN"/>
                    <lemma type="once"/>
                    <dep head="12-4" type="mark"/>
                </token>
                <token content="it" id="12-2">
                    <pos type="PRP"/>
                    <lemma type="it"/>
                    <dep head="12-4" type="nsubjpass"/>
                </token>
                <token content="was" id="12-3">
                    <pos type="VBD"/>
                    <lemma type="be"/>
                    <dep head="12-4" type="auxpass"/>
                </token>
                <token content="stopped" id="12-4">
                    <pos type="VBN"/>
                    <lemma type="stop"/>
                    <dep head="12-10" type="advcl"/>
                </token>
                <token content="and" id="12-5"/>
                <token content="unloaded" id="12-6">
                    <pos type="VBN"/>
                    <lemma type="unload"/>
                    <dep head="12-4" type="conj"/>
                </token>
                <token content="," id="12-7"/>
                <token content="the" id="12-8">
                    <pos type="DT"/>
                    <lemma type="the"/>
                </token>
                <token content="conductor" id="12-9">
                    <pos type="NN"/>
                    <lemma type="conductor"/>
                    <dep head="12-10" type="nsubj"/>
                </token>
                <token content="shouted" id="12-10">
                    <pos type="VBD"/>
                    <lemma type="shout"/>
                </token>
                <token content="all" id="12-11">
                    <pos type="DT"/>
                    <lemma type="all"/>
                </token>
                <token content="aboard" id="12-12">
                    <pos type="IN"/>
                    <lemma type="aboard"/>
                    <dep head="12-10" type="advmod"/>
                </token>
                <token content="!" id="12-13"/>
            </sentence>
            <sentence id="13">
                <token content="and" id="13-1">
                    <pos type="CC"/>
                    <lemma type="and"/>
                    <dep head="13-3" type="cc"/>
                </token>
                <token content="I" id="13-2">
                    <pos type="PRP"/>
                    <lemma type="I"/>
                    <dep head="13-3" type="nsubj"/>
                </token>
                <token content="gave" id="13-3">
                    <pos type="VBD"/>
                    <lemma type="give"/>
                </token>
                <token content="him" id="13-4">
                    <pos type="PRP"/>
                    <lemma type="he"/>
                    <dep head="13-3" type="iobj"/>
                </token>
                <token content="my" id="13-5">
                    <pos type="PRP$"/>
                    <lemma type="my"/>
                </token>
                <token content="ticket" id="13-6">
                    <pos type="NN"/>
                    <lemma type="ticket"/>
                    <dep head="13-3" type="dobj"/>
                </token>
                <token content="." id="13-7"/>
            </sentence>
            <sentence id="14">
                <token content="I" id="14-1">
                    <pos type="PRP"/>
                    <lemma type="I"/>
                    <dep head="14-2" type="nsubj"/>
                </token>
                <token content="boarded" id="14-2">
                    <pos type="VBD"/>
                    <lemma type="board"/>
                </token>
                <token content="the" id="14-3">
                    <pos type="DT"/>
                    <lemma type="the"/>
                </token>
                <token content="train" id="14-4">
                    <pos type="NN"/>
                    <lemma type="train"/>
                    <dep head="14-2" type="dobj"/>
                </token>
                <token content="and" id="14-5"/>
                <token content="set" id="14-6">
                    <pos type="VBD"/>
                    <lemma type="set"/>
                    <dep head="14-2" type="conj"/>
                </token>
                <token content="off" id="14-7">
                    <pos type="RP"/>
                    <lemma type="off"/>
                    <dep head="14-6" type="prt"/>
                </token>
                <token content="." id="14-8"/>
            </sentence>
            <sentence id="15">
                <token content="And" id="15-1">
                    <pos type="CC"/>
                    <lemma type="and"/>
                    <dep head="15-3" type="cc"/>
                </token>
                <token content="that" id="15-2">
                    <pos type="DT"/>
                    <lemma type="that"/>
                    <dep head="15-3" type="nsubj"/>
                </token>
                <token content="'s" id="15-3">
                    <pos type="VBZ"/>
                    <lemma type="be"/>
                </token>
                <token content="how" id="15-4">
                    <pos type="WRB"/>
                    <lemma type="how"/>
                    <dep head="15-6" type="advmod"/>
                </token>
                <token content="I" id="15-5">
                    <pos type="PRP"/>
                    <lemma type="I"/>
                    <dep head="15-6" type="nsubj"/>
                </token>
                <token content="rode" id="15-6">
                    <pos type="VBD"/>
                    <lemma type="ride"/>
                    <dep head="15-3" type="ccomp"/>
                </token>
                <token content="the" id="15-7">
                    <pos type="DT"/>
                    <lemma type="the"/>
                </token>
                <token content="train" id="15-8">
                    <pos type="NN"/>
                    <lemma type="train"/>
                    <dep head="15-6" type="dobj"/>
                </token>
                <token content="." id="15-9"/>
            </sentence>
        </sentences>
    </text>
    <annotations>
        <participants>
            <label from="1-1" id="0" name="ScrPart_passenger" text="I" type="participant"/>
            <label from="1-4" id="1" name="ScrPart_passenger" text="I" type="participant"/>
            <label from="1-9" id="2" name="ScrPart_destination" text="town" type="participant"/>
            <label from="1-14" id="3" name="ScrPart_time_date" text="hour" type="participant"/>
            <label from="1-17" id="4" name="ScrPart_passenger" text="me" type="participant"/>
            <label from="2-5" id="5" name="ScrPart_passenger" text="I" type="participant"/>
            <label from="2-8" id="6" name="No_label" text="it" type="participant"/>
            <label from="2-13" id="7" name="ScrPart_time_date" text="day" type="participant"/>
            <label from="2-17" id="8" name="ScrPart_trip" text="ride" type="participant"/>
            <label from="2-20" id="9" name="ScrPart_train" text="train" type="participant"/>
            <label from="3-1" id="10" name="ScrPart_passenger" text="I" type="participant"/>
            <label from="3-5" id="11" name="ScrPart_passenger" text="I" type="participant"/>
            <label from="3-8" id="12" name="ScrPart_passenger" text="my" type="participant"/>
            <label from="3-9" id="13" name="ScrPart_personal_belongings" text="things" type="participant"/>
            <label from="3-15" id="14" name="ScrPart_train_station" text="train station" to="3-16" type="participant"/>
            <label from="3-16" id="15" name="ScrPart_train_station" text="station" type="participant"/>
            <label from="4-1" id="16" name="ScrPart_passenger" text="I" type="participant"/>
            <label from="4-6" id="17" name="NPart" text="parking lot" to="4-7" type="participant"/>
            <label from="4-7" id="18" name="NPart" text="lot" type="participant"/>
            <label from="4-10" id="19" name="NPart" text="street" type="participant"/>
            <label from="4-17" id="20" name="ScrPart_train_station" text="station" type="participant"/>
            <label from="5-1" id="21" name="ScrPart_passenger" text="I" type="participant"/>
            <label from="5-5" id="22" name="ScrPart_ticket_office/website" text="counter" type="participant"/>
            <label from="5-9" id="23" name="ScrPart_time_date" text="minutes" type="participant"/>
            <label from="5-12" id="24" name="ScrPart_train_staff" text="attendant" type="participant"/>
            <label from="5-17" id="25" name="ScrPart_ticket_office/website" text="office" type="participant"/>
            <label from="6-1" id="26" name="ScrPart_train_staff" text="She" type="participant"/>
            <label from="6-5" id="27" name="ScrPart_passenger" text="me" type="participant"/>
            <label from="6-7" id="28" name="ScrPart_passenger" text="I" type="participant"/>
            <label from="7-1" id="29" name="ScrPart_passenger" text="I" type="participant"/>
            <label from="7-3" id="30" name="ScrPart_train_staff" text="her" type="participant"/>
            <label from="7-5" id="31" name="ScrPart_passenger" text="I" type="participant"/>
            <label from="7-9" id="32" name="ScrPart_trip" text="round trip" to="7-10" type="participant"/>
            <label from="7-10" id="33" name="ScrPart_trip" text="trip" type="participant"/>
            <label from="7-11" id="34" name="ScrPart_card/ticket" text="ticket" type="participant"/>
            <label from="7-13" id="35" name="ScrPart_time_date" text="today" type="participant"/>
            <label from="7-17" id="36" name="ScrPart_destination" text="town" type="participant"/>
            <label from="8-1" id="37" name="ScrPart_train_staff" text="She" type="participant"/>
            <label from="8-4" id="38" name="ScrPart_train_staff" text="her" type="participant"/>
            <label from="8-5" id="39" name="ScrPart_other" text="computer" type="participant"/>
            <label from="8-8" id="40" name="ScrPart_passenger" text="my" type="participant"/>
            <label from="8-9" id="41" name="ScrPart_other" text="route" type="participant"/>
            <label from="8-11" id="42" name="ScrPart_time_date" text="times" type="participant"/>
            <label from="8-14" id="43" name="ScrPart_passenger" text="I" type="participant"/>
            <label from="8-19" id="44" name="ScrPart_card/ticket" text="tickets" type="participant"/>
            <label from="9-1" id="45" name="ScrPart_passenger" text="I" type="participant"/>
            <label from="9-4" id="46" name="ScrPart_train_staff" text="attendant" type="participant"/>
            <label from="9-5" id="47" name="ScrPart_passenger" text="my" type="participant"/>
            <label from="9-6" id="48" name="ScrPart_payment_means" text="money" type="participant"/>
            <label from="9-9" id="49" name="ScrPart_train_staff" text="she" type="participant"/>
            <label from="9-11" id="50" name="ScrPart_payment_means" text="it" type="participant"/>
            <label from="9-13" id="51" name="ScrPart_train_staff" text="her" type="participant"/>
            <label from="9-14" id="52" name="ScrPart_other" text="drawer" type="participant"/>
            <label from="9-16" id="53" name="ScrPart_passenger" text="my" type="participant"/>
            <label from="9-17" id="54" name="ScrPart_card/ticket" text="tickets" type="participant"/>
            <label from="9-20" id="55" name="ScrPart_train_staff" text="her" type="participant"/>
            <label from="9-21" id="56" name="ScrPart_other" text="printer" type="participant"/>
            <label from="10-1" id="57" name="ScrPart_passenger" text="I" type="participant"/>
            <label from="10-3" id="58" name="ScrPart_train_staff" text="her" type="participant"/>
            <label from="10-9" id="59" name="NPart" text="door" type="participant"/>
            <label from="10-13" id="60" name="ScrPart_passenger" text="my" type="participant"/>
            <label from="10-14" id="61" name="ScrPart_train" text="train" type="participant"/>
            <label from="11-3" id="62" name="ScrPart_passenger" text="I" type="participant"/>
            <label from="11-7" id="63" name="ScrPart_passenger" text="I" type="participant"/>
            <label from="11-11" id="64" name="Unclear" text="sound" type="participant"/>
            <label from="11-14" id="65" name="ScrPart_train" text="train" type="participant"/>
            <label from="11-17" id="66" name="NPart" text="distance" type="participant"/>
            <label from="12-2" id="67" name="ScrPart_train" text="it" type="participant"/>
            <label from="12-9" id="68" name="ScrPart_train_staff" text="conductor" type="participant"/>
            <label from="13-2" id="69" name="ScrPart_passenger" text="I" type="participant"/>
            <label from="13-4" id="70" name="ScrPart_train_staff" text="him" type="participant"/>
            <label from="13-5" id="71" name="ScrPart_passenger" text="my" type="participant"/>
            <label from="13-6" id="72" name="ScrPart_card/ticket" text="ticket" type="participant"/>
            <label from="14-1" id="73" name="ScrPart_passenger" text="I" type="participant"/>
            <label from="14-4" id="74" name="ScrPart_train" text="train" type="participant"/>
            <label from="15-5" id="75" name="ScrPart_passenger" text="I" type="participant"/>
            <label from="15-8" id="76" name="ScrPart_train" text="train" type="participant"/>
        </participants>
        <events>
            <label from="1-2" id="77" name="UnrelEv" text="decided" type="event"/>
            <label from="1-5" id="78" name="UnrelEv" text="wanted" type="event"/>
            <label from="1-7" id="79" name="UnrelEv" text="visit" type="event"/>
            <label from="1-11" id="80" name="UnrelEv" text="was" type="event"/>
            <label from="2-3" id="81" name="UnrelEv" text="drive" type="event"/>
            <label from="2-6" id="82" name="UnrelEv" text="decided" type="event"/>
            <label from="2-10" id="83" name="UnrelEv" text="be" type="event"/>
            <label from="2-15" id="84" name="Evoking" text="take a ride on the train" to="2-20" type="event"/>
            <label from="3-2" id="85" name="UnrelEv" text="made" type="event"/>
            <label from="3-6" id="86" name="RelNScrEv" text="had" type="event"/>
            <label from="3-12" id="87" name="ScrEv_get_train_station" text="drove" type="event"/>
            <label from="4-2" id="88" name="UnrelEv" text="parked" type="event"/>
            <label from="4-5" id="89" name="UnrelEv" text="designated" type="event"/>
            <label from="4-13" id="90" name="ScrEv_get_train_station" text="went" type="event"/>
            <label from="5-2" id="91" name="ScrEv_wait" text="waited" type="event"/>
            <label from="5-13" id="92" name="RelNScrEv" text="strolled out" to="5-14" type="event"/>
            <label from="5-13" id="93" name="RelNScrEv" text="strolled" type="event"/>
            <label from="6-2" id="94" name="UnrelEv" text="smiled" type="event"/>
            <label from="6-4" id="95" name="UnrelEv" text="asked" type="event"/>
            <label from="6-11" id="96" name="RelNScrEv" text="go" type="event"/>
            <label from="7-2" id="97" name="UnrelEv" text="told" type="event"/>
            <label from="7-7" id="98" name="ScrEv_get_tickets" text="like" type="event"/>
            <label from="8-2" id="99" name="RelNScrEv" text="got" type="event"/>
            <label from="8-7" id="100" name="ScrEv_get_tickets" text="confirm" type="event"/>
            <label from="8-15" id="101" name="UnrelEv" text="decided" type="event"/>
            <label from="8-17" id="102" name="ScrEv_get_tickets" text="purchase" type="event"/>
            <label from="9-2" id="103" name="ScrEv_get_tickets" text="gave" type="event"/>
            <label from="9-10" id="104" name="RelNScrEv" text="put" type="event"/>
            <label from="9-18" id="105" name="ScrEv_get_tickets" text="printed off" to="9-19" type="event"/>
            <label from="9-18" id="106" name="ScrEv_get_tickets" text="printed" type="event"/>
            <label from="10-2" id="107" name="UnrelEv" text="thanked" type="event"/>
            <label from="10-6" id="108" name="UnrelEv" text="set out" to="10-7" type="event"/>
            <label from="10-6" id="109" name="UnrelEv" text="set" type="event"/>
            <label from="10-11" id="110" name="ScrEv_wait" text="wait" type="event"/>
            <label from="11-4" id="111" name="RelNScrEv" text="sat down" to="11-5" type="event"/>
            <label from="11-4" id="112" name="RelNScrEv" text="sat" type="event"/>
            <label from="11-9" id="113" name="RelNScrEv" text="hear" type="event"/>
            <label from="12-4" id="114" name="ScrEv_train_arrives" text="stopped" type="event"/>
            <label from="12-6" id="115" name="RelNScrEv" text="unloaded" type="event"/>
            <label from="12-10" id="116" name="RelNScrEv" text="shouted" type="event"/>
            <label from="13-3" id="117" name="ScrEv_conductor_checks" text="gave" type="event"/>
            <label from="14-2" id="118" name="ScrEv_get_on" text="boarded" type="event"/>
            <label from="14-6" id="119" name="ScrEv_train_departs" text="set off" to="14-7" type="event"/>
            <label from="14-6" id="120" name="ScrEv_train_departs" text="set" type="event"/>
            <label from="15-3" id="121" name="UnrelEv" text="'s" type="event"/>
            <label from="15-6" id="122" name="Evoking" text="rode the train" to="15-8" type="event"/>
        </events>
        <chains>
            <chain elements="0 1 5 10 11 12 16 21 27 28 29 31 40 43 45 47 53 57 60 62 63 69 71 73 75"/>
            <chain elements="15 20"/>
            <chain elements="22 25"/>
            <chain elements="24 26 30 37 38 46 49 51 55 58"/>
            <chain elements="2 36"/>
            <chain elements="34 44 54 72"/>
            <chain elements="9 61 65 67 74 76"/>
            <chain elements="68 70"/>
            <chain elements="48 50"/>
        </chains>
    </annotations>
</story>
