<?xml version="1.0" encoding="UTF-8" standalone="no"?>
<!DOCTYPE story SYSTEM "../InScript.dtd">
<story id="057" scenario="train">
    <text>
        <content>I needed to travel across the state , and the train was the quickest and most efficient way to do that as my car is unable to make a long trip . 
I went online to the Amtrak website and checked the schedule and prices , and then made a reservation . 
A friend gave me a lift to the depot and once there I purchased my ticket and then boarded the train when it arrived on time . 
I brought my small suitcase onboard with me and did not need to check any other bags . 
The train ride was comfortable and not crowded , so I had my own seat . 
There were no delays on the tracks and my carriage had only mature adults who were peaceful and quiet , so it was a pleasant and quiet journey . 
I visited the dining car to get a snack and though it was expensive it was well stocked , and I bought a coffee and a turkey sandwich . 
My arrival was on time and I disembarked . </content>
        <sentences>
            <sentence id="1">
                <token content="I" id="1-1">
                    <pos type="PRP"/>
                    <lemma type="I"/>
                    <dep head="1-2" type="nsubj"/>
                </token>
                <token content="needed" id="1-2">
                    <pos type="VBD"/>
                    <lemma type="need"/>
                </token>
                <token content="to" id="1-3">
                    <pos type="TO"/>
                    <lemma type="to"/>
                    <dep head="1-4" type="aux"/>
                </token>
                <token content="travel" id="1-4">
                    <pos type="VB"/>
                    <lemma type="travel"/>
                    <dep head="1-2" type="xcomp"/>
                </token>
                <token content="across" id="1-5"/>
                <token content="the" id="1-6">
                    <pos type="DT"/>
                    <lemma type="the"/>
                </token>
                <token content="state" id="1-7">
                    <pos type="NN"/>
                    <lemma type="state"/>
                    <dep head="1-4" type="prep"/>
                </token>
                <token content="," id="1-8"/>
                <token content="and" id="1-9"/>
                <token content="the" id="1-10">
                    <pos type="DT"/>
                    <lemma type="the"/>
                </token>
                <token content="train" id="1-11">
                    <pos type="NN"/>
                    <lemma type="train"/>
                </token>
                <token content="was" id="1-12">
                    <pos type="VBD"/>
                    <lemma type="be"/>
                </token>
                <token content="the" id="1-13">
                    <pos type="DT"/>
                    <lemma type="the"/>
                </token>
                <token content="quickest" id="1-14">
                    <pos type="JJ"/>
                    <lemma type="quickest"/>
                </token>
                <token content="and" id="1-15"/>
                <token content="most" id="1-16">
                    <pos type="RBS"/>
                    <lemma type="most"/>
                </token>
                <token content="efficient" id="1-17">
                    <pos type="JJ"/>
                    <lemma type="efficient"/>
                </token>
                <token content="way" id="1-18">
                    <pos type="NN"/>
                    <lemma type="way"/>
                    <dep head="1-2" type="conj"/>
                </token>
                <token content="to" id="1-19">
                    <pos type="TO"/>
                    <lemma type="to"/>
                    <dep head="1-20" type="aux"/>
                </token>
                <token content="do" id="1-20">
                    <pos type="VB"/>
                    <lemma type="do"/>
                </token>
                <token content="that" id="1-21">
                    <pos type="IN"/>
                    <lemma type="that"/>
                </token>
                <token content="as" id="1-22">
                    <pos type="IN"/>
                    <lemma type="as"/>
                </token>
                <token content="my" id="1-23">
                    <pos type="PRP$"/>
                    <lemma type="my"/>
                </token>
                <token content="car" id="1-24">
                    <pos type="NN"/>
                    <lemma type="car"/>
                </token>
                <token content="is" id="1-25">
                    <pos type="VBZ"/>
                    <lemma type="be"/>
                </token>
                <token content="unable" id="1-26">
                    <pos type="JJ"/>
                    <lemma type="unable"/>
                    <dep head="1-20" type="advcl"/>
                </token>
                <token content="to" id="1-27">
                    <pos type="TO"/>
                    <lemma type="to"/>
                    <dep head="1-28" type="aux"/>
                </token>
                <token content="make" id="1-28">
                    <pos type="VB"/>
                    <lemma type="make"/>
                </token>
                <token content="a" id="1-29">
                    <pos type="DT"/>
                    <lemma type="a"/>
                </token>
                <token content="long" id="1-30">
                    <pos type="JJ"/>
                    <lemma type="long"/>
                </token>
                <token content="trip" id="1-31">
                    <pos type="NN"/>
                    <lemma type="trip"/>
                    <dep head="1-28" type="dobj"/>
                </token>
                <token content="." id="1-32"/>
            </sentence>
            <sentence id="2">
                <token content="I" id="2-1">
                    <pos type="PRP"/>
                    <lemma type="I"/>
                    <dep head="2-2" type="nsubj"/>
                </token>
                <token content="went" id="2-2">
                    <pos type="VBD"/>
                    <lemma type="go"/>
                </token>
                <token content="online" id="2-3">
                    <pos type="NN"/>
                    <lemma type="online"/>
                    <dep head="2-2" type="dep"/>
                </token>
                <token content="to" id="2-4"/>
                <token content="the" id="2-5">
                    <pos type="DT"/>
                    <lemma type="the"/>
                </token>
                <token content="Amtrak" id="2-6">
                    <pos type="NNP"/>
                    <lemma type="Amtrak"/>
                </token>
                <token content="website" id="2-7">
                    <pos type="NN"/>
                    <lemma type="website"/>
                    <dep head="2-2" type="prep"/>
                </token>
                <token content="and" id="2-8"/>
                <token content="checked" id="2-9">
                    <pos type="VBD"/>
                    <lemma type="check"/>
                    <dep head="2-2" type="conj"/>
                </token>
                <token content="the" id="2-10">
                    <pos type="DT"/>
                    <lemma type="the"/>
                </token>
                <token content="schedule" id="2-11">
                    <pos type="NN"/>
                    <lemma type="schedule"/>
                    <dep head="2-9" type="dobj"/>
                </token>
                <token content="and" id="2-12"/>
                <token content="prices" id="2-13">
                    <pos type="NNS"/>
                    <lemma type="price"/>
                </token>
                <token content="," id="2-14"/>
                <token content="and" id="2-15"/>
                <token content="then" id="2-16">
                    <pos type="RB"/>
                    <lemma type="then"/>
                    <dep head="2-17" type="advmod"/>
                </token>
                <token content="made" id="2-17">
                    <pos type="VBD"/>
                    <lemma type="make"/>
                    <dep head="2-2" type="conj"/>
                </token>
                <token content="a" id="2-18">
                    <pos type="DT"/>
                    <lemma type="a"/>
                </token>
                <token content="reservation" id="2-19">
                    <pos type="NN"/>
                    <lemma type="reservation"/>
                    <dep head="2-17" type="dobj"/>
                </token>
                <token content="." id="2-20"/>
            </sentence>
            <sentence id="3">
                <token content="A" id="3-1">
                    <pos type="DT"/>
                    <lemma type="a"/>
                </token>
                <token content="friend" id="3-2">
                    <pos type="NN"/>
                    <lemma type="friend"/>
                    <dep head="3-3" type="nsubj"/>
                </token>
                <token content="gave" id="3-3">
                    <pos type="VBD"/>
                    <lemma type="give"/>
                </token>
                <token content="me" id="3-4">
                    <pos type="PRP"/>
                    <lemma type="I"/>
                    <dep head="3-3" type="iobj"/>
                </token>
                <token content="a" id="3-5">
                    <pos type="DT"/>
                    <lemma type="a"/>
                </token>
                <token content="lift" id="3-6">
                    <pos type="NN"/>
                    <lemma type="lift"/>
                    <dep head="3-3" type="dobj"/>
                </token>
                <token content="to" id="3-7"/>
                <token content="the" id="3-8">
                    <pos type="DT"/>
                    <lemma type="the"/>
                </token>
                <token content="depot" id="3-9">
                    <pos type="NN"/>
                    <lemma type="depot"/>
                </token>
                <token content="and" id="3-10"/>
                <token content="once" id="3-11">
                    <pos type="RB"/>
                    <lemma type="once"/>
                </token>
                <token content="there" id="3-12">
                    <pos type="RB"/>
                    <lemma type="there"/>
                    <dep head="3-14" type="advmod"/>
                </token>
                <token content="I" id="3-13">
                    <pos type="PRP"/>
                    <lemma type="I"/>
                    <dep head="3-14" type="nsubj"/>
                </token>
                <token content="purchased" id="3-14">
                    <pos type="VBD"/>
                    <lemma type="purchase"/>
                    <dep head="3-3" type="conj"/>
                </token>
                <token content="my" id="3-15">
                    <pos type="PRP$"/>
                    <lemma type="my"/>
                </token>
                <token content="ticket" id="3-16">
                    <pos type="NN"/>
                    <lemma type="ticket"/>
                    <dep head="3-14" type="dobj"/>
                </token>
                <token content="and" id="3-17"/>
                <token content="then" id="3-18">
                    <pos type="RB"/>
                    <lemma type="then"/>
                    <dep head="3-19" type="advmod"/>
                </token>
                <token content="boarded" id="3-19">
                    <pos type="VBD"/>
                    <lemma type="board"/>
                    <dep head="3-14" type="conj"/>
                </token>
                <token content="the" id="3-20">
                    <pos type="DT"/>
                    <lemma type="the"/>
                </token>
                <token content="train" id="3-21">
                    <pos type="NN"/>
                    <lemma type="train"/>
                    <dep head="3-19" type="dobj"/>
                </token>
                <token content="when" id="3-22">
                    <pos type="WRB"/>
                    <lemma type="when"/>
                    <dep head="3-24" type="advmod"/>
                </token>
                <token content="it" id="3-23">
                    <pos type="PRP"/>
                    <lemma type="it"/>
                    <dep head="3-24" type="nsubj"/>
                </token>
                <token content="arrived" id="3-24">
                    <pos type="VBD"/>
                    <lemma type="arrive"/>
                    <dep head="3-19" type="advcl"/>
                </token>
                <token content="on" id="3-25"/>
                <token content="time" id="3-26">
                    <pos type="NN"/>
                    <lemma type="time"/>
                    <dep head="3-24" type="prep"/>
                </token>
                <token content="." id="3-27"/>
            </sentence>
            <sentence id="4">
                <token content="I" id="4-1">
                    <pos type="PRP"/>
                    <lemma type="I"/>
                    <dep head="4-2" type="nsubj"/>
                </token>
                <token content="brought" id="4-2">
                    <pos type="VBD"/>
                    <lemma type="bring"/>
                </token>
                <token content="my" id="4-3">
                    <pos type="PRP$"/>
                    <lemma type="my"/>
                </token>
                <token content="small" id="4-4">
                    <pos type="JJ"/>
                    <lemma type="small"/>
                </token>
                <token content="suitcase" id="4-5">
                    <pos type="NN"/>
                    <lemma type="suitcase"/>
                </token>
                <token content="onboard" id="4-6">
                    <pos type="NN"/>
                    <lemma type="onboard"/>
                    <dep head="4-2" type="dobj"/>
                </token>
                <token content="with" id="4-7"/>
                <token content="me" id="4-8">
                    <pos type="PRP"/>
                    <lemma type="I"/>
                    <dep head="4-2" type="prep"/>
                </token>
                <token content="and" id="4-9"/>
                <token content="did" id="4-10">
                    <pos type="VBD"/>
                    <lemma type="do"/>
                    <dep head="4-12" type="aux"/>
                </token>
                <token content="not" id="4-11">
                    <pos type="RB"/>
                    <lemma type="not"/>
                    <dep head="4-12" type="neg"/>
                </token>
                <token content="need" id="4-12">
                    <pos type="VB"/>
                    <lemma type="need"/>
                    <dep head="4-2" type="conj"/>
                </token>
                <token content="to" id="4-13">
                    <pos type="TO"/>
                    <lemma type="to"/>
                    <dep head="4-14" type="aux"/>
                </token>
                <token content="check" id="4-14">
                    <pos type="VB"/>
                    <lemma type="check"/>
                    <dep head="4-12" type="xcomp"/>
                </token>
                <token content="any" id="4-15">
                    <pos type="DT"/>
                    <lemma type="any"/>
                </token>
                <token content="other" id="4-16">
                    <pos type="JJ"/>
                    <lemma type="other"/>
                </token>
                <token content="bags" id="4-17">
                    <pos type="NNS"/>
                    <lemma type="bag"/>
                    <dep head="4-14" type="dobj"/>
                </token>
                <token content="." id="4-18"/>
            </sentence>
            <sentence id="5">
                <token content="The" id="5-1">
                    <pos type="DT"/>
                    <lemma type="the"/>
                </token>
                <token content="train" id="5-2">
                    <pos type="NN"/>
                    <lemma type="train"/>
                </token>
                <token content="ride" id="5-3">
                    <pos type="NN"/>
                    <lemma type="ride"/>
                </token>
                <token content="was" id="5-4">
                    <pos type="VBD"/>
                    <lemma type="be"/>
                </token>
                <token content="comfortable" id="5-5">
                    <pos type="JJ"/>
                    <lemma type="comfortable"/>
                </token>
                <token content="and" id="5-6"/>
                <token content="not" id="5-7">
                    <pos type="RB"/>
                    <lemma type="not"/>
                    <dep head="5-8" type="neg"/>
                </token>
                <token content="crowded" id="5-8">
                    <pos type="VBN"/>
                    <lemma type="crowd"/>
                </token>
                <token content="," id="5-9"/>
                <token content="so" id="5-10">
                    <pos type="IN"/>
                    <lemma type="so"/>
                </token>
                <token content="I" id="5-11">
                    <pos type="PRP"/>
                    <lemma type="I"/>
                    <dep head="5-12" type="nsubj"/>
                </token>
                <token content="had" id="5-12">
                    <pos type="VBD"/>
                    <lemma type="have"/>
                </token>
                <token content="my" id="5-13">
                    <pos type="PRP$"/>
                    <lemma type="my"/>
                </token>
                <token content="own" id="5-14">
                    <pos type="JJ"/>
                    <lemma type="own"/>
                </token>
                <token content="seat" id="5-15">
                    <pos type="NN"/>
                    <lemma type="seat"/>
                    <dep head="5-12" type="dobj"/>
                </token>
                <token content="." id="5-16"/>
            </sentence>
            <sentence id="6">
                <token content="There" id="6-1">
                    <pos type="EX"/>
                    <lemma type="there"/>
                    <dep head="6-2" type="expl"/>
                </token>
                <token content="were" id="6-2">
                    <pos type="VBD"/>
                    <lemma type="be"/>
                </token>
                <token content="no" id="6-3">
                    <pos type="DT"/>
                    <lemma type="no"/>
                </token>
                <token content="delays" id="6-4">
                    <pos type="NNS"/>
                    <lemma type="delay"/>
                    <dep head="6-2" type="nsubj"/>
                </token>
                <token content="on" id="6-5"/>
                <token content="the" id="6-6">
                    <pos type="DT"/>
                    <lemma type="the"/>
                </token>
                <token content="tracks" id="6-7">
                    <pos type="NNS"/>
                    <lemma type="track"/>
                </token>
                <token content="and" id="6-8"/>
                <token content="my" id="6-9">
                    <pos type="PRP$"/>
                    <lemma type="my"/>
                </token>
                <token content="carriage" id="6-10">
                    <pos type="NN"/>
                    <lemma type="carriage"/>
                    <dep head="6-11" type="nsubj"/>
                </token>
                <token content="had" id="6-11">
                    <pos type="VBD"/>
                    <lemma type="have"/>
                    <dep head="6-2" type="conj"/>
                </token>
                <token content="only" id="6-12">
                    <pos type="RB"/>
                    <lemma type="only"/>
                </token>
                <token content="mature" id="6-13">
                    <pos type="JJ"/>
                    <lemma type="mature"/>
                </token>
                <token content="adults" id="6-14">
                    <pos type="NNS"/>
                    <lemma type="adult"/>
                    <dep head="6-11" type="dobj"/>
                </token>
                <token content="who" id="6-15">
                    <pos type="WP"/>
                    <lemma type="who"/>
                </token>
                <token content="were" id="6-16">
                    <pos type="VBD"/>
                    <lemma type="be"/>
                </token>
                <token content="peaceful" id="6-17">
                    <pos type="JJ"/>
                    <lemma type="peaceful"/>
                </token>
                <token content="and" id="6-18"/>
                <token content="quiet" id="6-19">
                    <pos type="JJ"/>
                    <lemma type="quiet"/>
                </token>
                <token content="," id="6-20"/>
                <token content="so" id="6-21">
                    <pos type="IN"/>
                    <lemma type="so"/>
                    <dep head="6-2" type="dep"/>
                </token>
                <token content="it" id="6-22">
                    <pos type="PRP"/>
                    <lemma type="it"/>
                </token>
                <token content="was" id="6-23">
                    <pos type="VBD"/>
                    <lemma type="be"/>
                </token>
                <token content="a" id="6-24">
                    <pos type="DT"/>
                    <lemma type="a"/>
                </token>
                <token content="pleasant" id="6-25">
                    <pos type="JJ"/>
                    <lemma type="pleasant"/>
                </token>
                <token content="and" id="6-26"/>
                <token content="quiet" id="6-27">
                    <pos type="JJ"/>
                    <lemma type="quiet"/>
                </token>
                <token content="journey" id="6-28">
                    <pos type="NN"/>
                    <lemma type="journey"/>
                    <dep head="6-2" type="parataxis"/>
                </token>
                <token content="." id="6-29"/>
            </sentence>
            <sentence id="7">
                <token content="I" id="7-1">
                    <pos type="PRP"/>
                    <lemma type="I"/>
                    <dep head="7-2" type="nsubj"/>
                </token>
                <token content="visited" id="7-2">
                    <pos type="VBD"/>
                    <lemma type="visit"/>
                </token>
                <token content="the" id="7-3">
                    <pos type="DT"/>
                    <lemma type="the"/>
                </token>
                <token content="dining" id="7-4">
                    <pos type="NN"/>
                    <lemma type="dining"/>
                </token>
                <token content="car" id="7-5">
                    <pos type="NN"/>
                    <lemma type="car"/>
                    <dep head="7-2" type="dobj"/>
                </token>
                <token content="to" id="7-6">
                    <pos type="TO"/>
                    <lemma type="to"/>
                    <dep head="7-7" type="aux"/>
                </token>
                <token content="get" id="7-7">
                    <pos type="VB"/>
                    <lemma type="get"/>
                    <dep head="7-2" type="vmod"/>
                </token>
                <token content="a" id="7-8">
                    <pos type="DT"/>
                    <lemma type="a"/>
                </token>
                <token content="snack" id="7-9">
                    <pos type="NN"/>
                    <lemma type="snack"/>
                    <dep head="7-7" type="dobj"/>
                </token>
                <token content="and" id="7-10"/>
                <token content="though" id="7-11">
                    <pos type="IN"/>
                    <lemma type="though"/>
                </token>
                <token content="it" id="7-12">
                    <pos type="PRP"/>
                    <lemma type="it"/>
                </token>
                <token content="was" id="7-13">
                    <pos type="VBD"/>
                    <lemma type="be"/>
                </token>
                <token content="expensive" id="7-14">
                    <pos type="JJ"/>
                    <lemma type="expensive"/>
                    <dep head="7-18" type="advcl"/>
                </token>
                <token content="it" id="7-15">
                    <pos type="PRP"/>
                    <lemma type="it"/>
                    <dep head="7-18" type="nsubjpass"/>
                </token>
                <token content="was" id="7-16">
                    <pos type="VBD"/>
                    <lemma type="be"/>
                    <dep head="7-18" type="auxpass"/>
                </token>
                <token content="well" id="7-17">
                    <pos type="RB"/>
                    <lemma type="well"/>
                    <dep head="7-18" type="advmod"/>
                </token>
                <token content="stocked" id="7-18">
                    <pos type="VBN"/>
                    <lemma type="stock"/>
                    <dep head="7-2" type="conj"/>
                </token>
                <token content="," id="7-19"/>
                <token content="and" id="7-20"/>
                <token content="I" id="7-21">
                    <pos type="PRP"/>
                    <lemma type="I"/>
                    <dep head="7-22" type="nsubj"/>
                </token>
                <token content="bought" id="7-22">
                    <pos type="VBD"/>
                    <lemma type="buy"/>
                    <dep head="7-2" type="conj"/>
                </token>
                <token content="a" id="7-23">
                    <pos type="DT"/>
                    <lemma type="a"/>
                </token>
                <token content="coffee" id="7-24">
                    <pos type="NN"/>
                    <lemma type="coffee"/>
                    <dep head="7-22" type="dobj"/>
                </token>
                <token content="and" id="7-25"/>
                <token content="a" id="7-26">
                    <pos type="DT"/>
                    <lemma type="a"/>
                </token>
                <token content="turkey" id="7-27">
                    <pos type="NN"/>
                    <lemma type="turkey"/>
                </token>
                <token content="sandwich" id="7-28">
                    <pos type="NN"/>
                    <lemma type="sandwich"/>
                </token>
                <token content="." id="7-29"/>
            </sentence>
            <sentence id="8">
                <token content="My" id="8-1">
                    <pos type="PRP$"/>
                    <lemma type="my"/>
                </token>
                <token content="arrival" id="8-2">
                    <pos type="NN"/>
                    <lemma type="arrival"/>
                    <dep head="8-3" type="nsubj"/>
                </token>
                <token content="was" id="8-3">
                    <pos type="VBD"/>
                    <lemma type="be"/>
                </token>
                <token content="on" id="8-4"/>
                <token content="time" id="8-5">
                    <pos type="NN"/>
                    <lemma type="time"/>
                    <dep head="8-3" type="prep"/>
                </token>
                <token content="and" id="8-6"/>
                <token content="I" id="8-7">
                    <pos type="PRP"/>
                    <lemma type="I"/>
                    <dep head="8-8" type="nsubj"/>
                </token>
                <token content="disembarked" id="8-8">
                    <pos type="VBD"/>
                    <lemma type="disembark"/>
                    <dep head="8-3" type="conj"/>
                </token>
                <token content="." id="8-9"/>
            </sentence>
        </sentences>
    </text>
    <annotations>
        <participants>
            <label from="1-1" id="0" name="ScrPart_passenger" text="I" type="participant"/>
            <label from="1-7" id="1" name="NPart" text="state" type="participant"/>
            <label from="1-11" id="2" name="ScrPart_train" text="train" type="participant"/>
            <label from="1-18" id="3" name="No_label" text="way" type="participant"/>
            <label from="1-23" id="4" name="ScrPart_passenger" text="my" type="participant"/>
            <label from="1-24" id="5" name="NPart" text="car" type="participant"/>
            <label from="1-31" id="6" name="NPart" text="trip" type="participant"/>
            <label from="2-1" id="7" name="ScrPart_passenger" text="I" type="participant"/>
            <label from="2-3" id="8" name="No_label" text="online" type="participant"/>
            <label from="2-6" id="9" name="NPart" text="Amtrak website" to="2-7" type="participant"/>
            <label from="2-11" id="10" name="ScrPart_time-table" text="schedule" type="participant"/>
            <label from="2-13" id="11" name="ScrPart_other" text="prices" type="participant"/>
            <label from="2-19" id="12" name="ScrPart_other" text="reservation" type="participant"/>
            <label from="3-2" id="13" name="NPart" text="friend" type="participant"/>
            <label from="3-4" id="14" name="ScrPart_passenger" text="me" type="participant"/>
            <label from="3-6" id="15" name="SuppVComp" text="lift" type="participant"/>
            <label from="3-9" id="16" name="ScrPart_train_station" text="depot" type="participant"/>
            <label from="3-13" id="17" name="ScrPart_passenger" text="I" type="participant"/>
            <label from="3-15" id="18" name="ScrPart_passenger" text="my" type="participant"/>
            <label from="3-16" id="19" name="ScrPart_card/ticket" text="ticket" type="participant"/>
            <label from="3-21" id="20" name="ScrPart_train" text="train" type="participant"/>
            <label from="3-23" id="21" name="ScrPart_train" text="it" type="participant"/>
            <label from="3-26" id="22" name="ScrPart_time_date" text="time" type="participant"/>
            <label from="4-1" id="23" name="ScrPart_passenger" text="I" type="participant"/>
            <label from="4-3" id="24" name="ScrPart_passenger" text="my" type="participant"/>
            <label from="4-5" id="25" name="ScrPart_luggage" text="suitcase" type="participant"/>
            <label from="4-6" id="26" name="NPart" text="onboard" type="participant"/>
            <label from="4-8" id="27" name="ScrPart_passenger" text="me" type="participant"/>
            <label from="4-17" id="28" name="ScrPart_luggage" text="bags" type="participant"/>
            <label from="5-2" id="29" name="ScrPart_trip" text="train ride" to="5-3" type="participant"/>
            <label from="5-3" id="30" name="ScrPart_trip" text="ride" type="participant"/>
            <label from="5-11" id="31" name="ScrPart_passenger" text="I" type="participant"/>
            <label from="5-13" id="32" name="ScrPart_passenger" text="my" type="participant"/>
            <label from="5-15" id="33" name="ScrPart_seat" text="seat" type="participant"/>
            <label from="6-4" id="34" name="NPart" text="delays" type="participant"/>
            <label from="6-7" id="35" name="NPart" text="tracks" type="participant"/>
            <label from="6-9" id="36" name="ScrPart_passenger" text="my" type="participant"/>
            <label from="6-10" id="37" name="ScrPart_coach" text="carriage" type="participant"/>
            <label from="6-14" id="38" name="ScrPart_passenger" text="adults" type="participant"/>
            <label from="6-22" id="39" name="ScrPart_seat" text="it" type="participant"/>
            <label from="6-28" id="40" name="ScrPart_seat" text="journey" type="participant"/>
            <label from="7-1" id="41" name="ScrPart_passenger" text="I" type="participant"/>
            <label from="7-4" id="42" name="ScrPart_other" text="dining car" to="7-5" type="participant"/>
            <label from="7-5" id="43" name="ScrPart_other" text="car" type="participant"/>
            <label from="7-9" id="44" name="ScrPart_in-train_entertainment" text="snack" type="participant"/>
            <label from="7-12" id="45" name="ScrPart_other" text="it" type="participant"/>
            <label from="7-15" id="46" name="ScrPart_other" text="it" type="participant"/>
            <label from="7-21" id="47" name="ScrPart_passenger" text="I" type="participant"/>
            <label from="7-24" id="48" name="NPart" text="coffee" type="participant"/>
            <label from="7-27" id="49" name="NPart" text="turkey sandwich" to="7-28" type="participant"/>
            <label from="7-28" id="50" name="NPart" text="sandwich" type="participant"/>
            <label from="8-1" id="51" name="ScrPart_passenger" text="My" type="participant"/>
            <label from="8-2" id="52" name="NPart" text="arrival" type="participant"/>
            <label from="8-5" id="53" name="ScrPart_time_date" text="time" type="participant"/>
            <label from="8-7" id="54" name="ScrPart_passenger" text="I" type="participant"/>
        </participants>
        <events>
            <label from="1-4" id="55" name="UnrelEv" text="travel" type="event"/>
            <label from="1-10" id="56" name="Evoking" text="the train was the quickest and most efficient way" to="1-18" type="event"/>
            <label from="1-20" id="57" name="UnrelEv" text="do that" to="1-21" type="event"/>
            <label from="1-25" id="58" name="UnrelEv" text="is" type="event"/>
            <label from="1-28" id="59" name="UnrelEv" text="make" type="event"/>
            <label from="2-2" id="60" name="UnrelEv" text="went online" to="2-3" type="event"/>
            <label from="2-2" id="61" name="UnrelEv" text="went" type="event"/>
            <label from="2-9" id="62" name="ScrEv_other" text="checked" type="event"/>
            <label from="2-17" id="63" name="ScrEv_other" text="made" type="event"/>
            <label from="3-3" id="64" name="ScrEv_get_train_station" text="gave" type="event"/>
            <label from="3-14" id="65" name="ScrEv_get_tickets" text="purchased" type="event"/>
            <label from="3-19" id="66" name="ScrEv_get_on" text="boarded" type="event"/>
            <label from="3-24" id="67" name="ScrEv_train_arrives" text="arrived" type="event"/>
            <label from="4-2" id="68" name="UnrelEv" text="brought" type="event"/>
            <label from="4-14" id="69" name="UnrelEv" text="check" type="event"/>
            <label from="5-4" id="70" name="UnrelEv" text="was" type="event"/>
            <label from="5-12" id="71" name="UnrelEv" text="had" type="event"/>
            <label from="6-2" id="72" name="UnrelEv" text="were" type="event"/>
            <label from="6-11" id="73" name="UnrelEv" text="had" type="event"/>
            <label from="6-16" id="74" name="UnrelEv" text="were" type="event"/>
            <label from="6-23" id="75" name="UnrelEv" text="was" type="event"/>
            <label from="7-2" id="76" name="ScrEv_spend_time_train" text="visited" type="event"/>
            <label from="7-7" id="77" name="ScrEv_spend_time_train" text="get" type="event"/>
            <label from="7-13" id="78" name="UnrelEv" text="was" type="event"/>
            <label from="7-16" id="79" name="UnrelEv" text="was" type="event"/>
            <label from="7-22" id="80" name="UnrelEv" text="bought" type="event"/>
            <label from="8-3" id="81" name="UnrelEv" text="was" type="event"/>
            <label from="8-8" id="82" name="ScrEv_get_off" text="disembarked" type="event"/>
        </events>
        <chains>
            <chain elements="0 4 7 14 17 18 23 24 27 31 32 41 47 51 54"/>
            <chain elements="2 20 21"/>
            <chain elements="25 28"/>
            <chain elements="43 45 46"/>
        </chains>
    </annotations>
</story>
