<?xml version="1.0" encoding="UTF-8" standalone="no"?>
<!DOCTYPE story SYSTEM "../InScript.dtd">
<story id="053" scenario="train">
    <text>
        <content>Today I am going to ride a train to visit my grandmother . 
We are going to visit for my birthday . 
We left our home and drove in our car to the train station . 
We then went up to the counter and bought two tickets to ride the train to my grandmother 's town . 
We had to wait for twenty minutes in the station before it was time to board our train . 
When it was time , we went over to the train and handed our tickets to a man in a uniform that works on the train . 
He checked our tickets and helped us up onto the train . 
We then found a seat and enjoyed the ride . 
We saw many interesting things on our way to see my grandmother . 
The train moved very fast along the tracks . 
We arrived at our destination quickly . 
When the train pulled into the station , we saw my grandmother waiting there for us ! </content>
        <sentences>
            <sentence id="1">
                <token content="Today" id="1-1">
                    <pos type="NN"/>
                    <lemma type="today"/>
                    <dep head="1-4" type="tmod"/>
                </token>
                <token content="I" id="1-2">
                    <pos type="PRP"/>
                    <lemma type="I"/>
                    <dep head="1-4" type="nsubj"/>
                </token>
                <token content="am" id="1-3">
                    <pos type="VBP"/>
                    <lemma type="be"/>
                    <dep head="1-4" type="aux"/>
                </token>
                <token content="going" id="1-4">
                    <pos type="VBG"/>
                    <lemma type="go"/>
                </token>
                <token content="to" id="1-5">
                    <pos type="TO"/>
                    <lemma type="to"/>
                    <dep head="1-6" type="aux"/>
                </token>
                <token content="ride" id="1-6">
                    <pos type="VB"/>
                    <lemma type="ride"/>
                    <dep head="1-4" type="xcomp"/>
                </token>
                <token content="a" id="1-7">
                    <pos type="DT"/>
                    <lemma type="a"/>
                </token>
                <token content="train" id="1-8">
                    <pos type="NN"/>
                    <lemma type="train"/>
                    <dep head="1-6" type="dobj"/>
                </token>
                <token content="to" id="1-9">
                    <pos type="TO"/>
                    <lemma type="to"/>
                    <dep head="1-10" type="aux"/>
                </token>
                <token content="visit" id="1-10">
                    <pos type="VB"/>
                    <lemma type="visit"/>
                </token>
                <token content="my" id="1-11">
                    <pos type="PRP$"/>
                    <lemma type="my"/>
                </token>
                <token content="grandmother" id="1-12">
                    <pos type="NN"/>
                    <lemma type="grandmother"/>
                    <dep head="1-10" type="dobj"/>
                </token>
                <token content="." id="1-13"/>
            </sentence>
            <sentence id="2">
                <token content="We" id="2-1">
                    <pos type="PRP"/>
                    <lemma type="we"/>
                    <dep head="2-3" type="nsubj"/>
                </token>
                <token content="are" id="2-2">
                    <pos type="VBP"/>
                    <lemma type="be"/>
                    <dep head="2-3" type="aux"/>
                </token>
                <token content="going" id="2-3">
                    <pos type="VBG"/>
                    <lemma type="go"/>
                </token>
                <token content="to" id="2-4">
                    <pos type="TO"/>
                    <lemma type="to"/>
                    <dep head="2-5" type="aux"/>
                </token>
                <token content="visit" id="2-5">
                    <pos type="VB"/>
                    <lemma type="visit"/>
                    <dep head="2-3" type="xcomp"/>
                </token>
                <token content="for" id="2-6"/>
                <token content="my" id="2-7">
                    <pos type="PRP$"/>
                    <lemma type="my"/>
                </token>
                <token content="birthday" id="2-8">
                    <pos type="NN"/>
                    <lemma type="birthday"/>
                    <dep head="2-5" type="prep"/>
                </token>
                <token content="." id="2-9"/>
            </sentence>
            <sentence id="3">
                <token content="We" id="3-1">
                    <pos type="PRP"/>
                    <lemma type="we"/>
                    <dep head="3-2" type="nsubj"/>
                </token>
                <token content="left" id="3-2">
                    <pos type="VBD"/>
                    <lemma type="leave"/>
                </token>
                <token content="our" id="3-3">
                    <pos type="PRP$"/>
                    <lemma type="we"/>
                </token>
                <token content="home" id="3-4">
                    <pos type="NN"/>
                    <lemma type="home"/>
                    <dep head="3-2" type="dobj"/>
                </token>
                <token content="and" id="3-5"/>
                <token content="drove" id="3-6">
                    <pos type="VBD"/>
                    <lemma type="drive"/>
                    <dep head="3-2" type="conj"/>
                </token>
                <token content="in" id="3-7"/>
                <token content="our" id="3-8">
                    <pos type="PRP$"/>
                    <lemma type="we"/>
                </token>
                <token content="car" id="3-9">
                    <pos type="NN"/>
                    <lemma type="car"/>
                    <dep head="3-6" type="prep"/>
                </token>
                <token content="to" id="3-10"/>
                <token content="the" id="3-11">
                    <pos type="DT"/>
                    <lemma type="the"/>
                </token>
                <token content="train" id="3-12">
                    <pos type="NN"/>
                    <lemma type="train"/>
                </token>
                <token content="station" id="3-13">
                    <pos type="NN"/>
                    <lemma type="station"/>
                    <dep head="3-6" type="prep"/>
                </token>
                <token content="." id="3-14"/>
            </sentence>
            <sentence id="4">
                <token content="We" id="4-1">
                    <pos type="PRP"/>
                    <lemma type="we"/>
                    <dep head="4-3" type="nsubj"/>
                </token>
                <token content="then" id="4-2">
                    <pos type="RB"/>
                    <lemma type="then"/>
                    <dep head="4-3" type="advmod"/>
                </token>
                <token content="went" id="4-3">
                    <pos type="VBD"/>
                    <lemma type="go"/>
                </token>
                <token content="up" id="4-4">
                    <pos type="RP"/>
                    <lemma type="up"/>
                    <dep head="4-3" type="prt"/>
                </token>
                <token content="to" id="4-5"/>
                <token content="the" id="4-6">
                    <pos type="DT"/>
                    <lemma type="the"/>
                </token>
                <token content="counter" id="4-7">
                    <pos type="NN"/>
                    <lemma type="counter"/>
                    <dep head="4-3" type="prep"/>
                </token>
                <token content="and" id="4-8"/>
                <token content="bought" id="4-9">
                    <pos type="VBD"/>
                    <lemma type="buy"/>
                    <dep head="4-3" type="conj"/>
                </token>
                <token content="two" id="4-10">
                    <pos type="CD"/>
                    <lemma type="two"/>
                </token>
                <token content="tickets" id="4-11">
                    <pos type="NNS"/>
                    <lemma type="ticket"/>
                    <dep head="4-9" type="dobj"/>
                </token>
                <token content="to" id="4-12">
                    <pos type="TO"/>
                    <lemma type="to"/>
                    <dep head="4-13" type="aux"/>
                </token>
                <token content="ride" id="4-13">
                    <pos type="VB"/>
                    <lemma type="ride"/>
                    <dep head="4-9" type="vmod"/>
                </token>
                <token content="the" id="4-14">
                    <pos type="DT"/>
                    <lemma type="the"/>
                </token>
                <token content="train" id="4-15">
                    <pos type="NN"/>
                    <lemma type="train"/>
                    <dep head="4-13" type="dobj"/>
                </token>
                <token content="to" id="4-16"/>
                <token content="my" id="4-17">
                    <pos type="PRP$"/>
                    <lemma type="my"/>
                </token>
                <token content="grandmother" id="4-18">
                    <pos type="NN"/>
                    <lemma type="grandmother"/>
                </token>
                <token content="'s" id="4-19"/>
                <token content="town" id="4-20">
                    <pos type="NN"/>
                    <lemma type="town"/>
                    <dep head="4-13" type="prep"/>
                </token>
                <token content="." id="4-21"/>
            </sentence>
            <sentence id="5">
                <token content="We" id="5-1">
                    <pos type="PRP"/>
                    <lemma type="we"/>
                    <dep head="5-2" type="nsubj"/>
                </token>
                <token content="had" id="5-2">
                    <pos type="VBD"/>
                    <lemma type="have"/>
                </token>
                <token content="to" id="5-3">
                    <pos type="TO"/>
                    <lemma type="to"/>
                    <dep head="5-4" type="aux"/>
                </token>
                <token content="wait" id="5-4">
                    <pos type="VB"/>
                    <lemma type="wait"/>
                    <dep head="5-2" type="xcomp"/>
                </token>
                <token content="for" id="5-5"/>
                <token content="twenty" id="5-6">
                    <pos type="CD"/>
                    <lemma type="twenty"/>
                </token>
                <token content="minutes" id="5-7">
                    <pos type="NNS"/>
                    <lemma type="minute"/>
                    <dep head="5-4" type="prep"/>
                </token>
                <token content="in" id="5-8"/>
                <token content="the" id="5-9">
                    <pos type="DT"/>
                    <lemma type="the"/>
                </token>
                <token content="station" id="5-10">
                    <pos type="NN"/>
                    <lemma type="station"/>
                </token>
                <token content="before" id="5-11">
                    <pos type="IN"/>
                    <lemma type="before"/>
                </token>
                <token content="it" id="5-12">
                    <pos type="PRP"/>
                    <lemma type="it"/>
                </token>
                <token content="was" id="5-13">
                    <pos type="VBD"/>
                    <lemma type="be"/>
                </token>
                <token content="time" id="5-14">
                    <pos type="NN"/>
                    <lemma type="time"/>
                    <dep head="5-4" type="advcl"/>
                </token>
                <token content="to" id="5-15">
                    <pos type="TO"/>
                    <lemma type="to"/>
                    <dep head="5-16" type="aux"/>
                </token>
                <token content="board" id="5-16">
                    <pos type="VB"/>
                    <lemma type="board"/>
                    <dep head="5-2" type="xcomp"/>
                </token>
                <token content="our" id="5-17">
                    <pos type="PRP$"/>
                    <lemma type="we"/>
                </token>
                <token content="train" id="5-18">
                    <pos type="NN"/>
                    <lemma type="train"/>
                    <dep head="5-16" type="dobj"/>
                </token>
                <token content="." id="5-19"/>
            </sentence>
            <sentence id="6">
                <token content="When" id="6-1">
                    <pos type="WRB"/>
                    <lemma type="when"/>
                </token>
                <token content="it" id="6-2">
                    <pos type="PRP"/>
                    <lemma type="it"/>
                </token>
                <token content="was" id="6-3">
                    <pos type="VBD"/>
                    <lemma type="be"/>
                </token>
                <token content="time" id="6-4">
                    <pos type="NN"/>
                    <lemma type="time"/>
                    <dep head="6-7" type="advcl"/>
                </token>
                <token content="," id="6-5"/>
                <token content="we" id="6-6">
                    <pos type="PRP"/>
                    <lemma type="we"/>
                    <dep head="6-7" type="nsubj"/>
                </token>
                <token content="went" id="6-7">
                    <pos type="VBD"/>
                    <lemma type="go"/>
                </token>
                <token content="over" id="6-8">
                    <pos type="RP"/>
                    <lemma type="over"/>
                    <dep head="6-7" type="prt"/>
                </token>
                <token content="to" id="6-9"/>
                <token content="the" id="6-10">
                    <pos type="DT"/>
                    <lemma type="the"/>
                </token>
                <token content="train" id="6-11">
                    <pos type="NN"/>
                    <lemma type="train"/>
                    <dep head="6-7" type="prep"/>
                </token>
                <token content="and" id="6-12"/>
                <token content="handed" id="6-13">
                    <pos type="VBD"/>
                    <lemma type="hand"/>
                    <dep head="6-7" type="conj"/>
                </token>
                <token content="our" id="6-14">
                    <pos type="PRP$"/>
                    <lemma type="we"/>
                </token>
                <token content="tickets" id="6-15">
                    <pos type="NNS"/>
                    <lemma type="ticket"/>
                    <dep head="6-13" type="dobj"/>
                </token>
                <token content="to" id="6-16"/>
                <token content="a" id="6-17">
                    <pos type="DT"/>
                    <lemma type="a"/>
                </token>
                <token content="man" id="6-18">
                    <pos type="NN"/>
                    <lemma type="man"/>
                    <dep head="6-13" type="prep"/>
                </token>
                <token content="in" id="6-19"/>
                <token content="a" id="6-20">
                    <pos type="DT"/>
                    <lemma type="a"/>
                </token>
                <token content="uniform" id="6-21">
                    <pos type="NN"/>
                    <lemma type="uniform"/>
                </token>
                <token content="that" id="6-22">
                    <pos type="WDT"/>
                    <lemma type="that"/>
                    <dep head="6-23" type="nsubj"/>
                </token>
                <token content="works" id="6-23">
                    <pos type="VBZ"/>
                    <lemma type="work"/>
                </token>
                <token content="on" id="6-24"/>
                <token content="the" id="6-25">
                    <pos type="DT"/>
                    <lemma type="the"/>
                </token>
                <token content="train" id="6-26">
                    <pos type="NN"/>
                    <lemma type="train"/>
                    <dep head="6-23" type="prep"/>
                </token>
                <token content="." id="6-27"/>
            </sentence>
            <sentence id="7">
                <token content="He" id="7-1">
                    <pos type="PRP"/>
                    <lemma type="he"/>
                    <dep head="7-2" type="nsubj"/>
                </token>
                <token content="checked" id="7-2">
                    <pos type="VBD"/>
                    <lemma type="check"/>
                </token>
                <token content="our" id="7-3">
                    <pos type="PRP$"/>
                    <lemma type="we"/>
                </token>
                <token content="tickets" id="7-4">
                    <pos type="NNS"/>
                    <lemma type="ticket"/>
                    <dep head="7-2" type="dobj"/>
                </token>
                <token content="and" id="7-5"/>
                <token content="helped" id="7-6">
                    <pos type="VBD"/>
                    <lemma type="help"/>
                    <dep head="7-2" type="conj"/>
                </token>
                <token content="us" id="7-7">
                    <pos type="PRP"/>
                    <lemma type="we"/>
                    <dep head="7-6" type="dobj"/>
                </token>
                <token content="up" id="7-8">
                    <pos type="RP"/>
                    <lemma type="up"/>
                    <dep head="7-6" type="prt"/>
                </token>
                <token content="onto" id="7-9"/>
                <token content="the" id="7-10">
                    <pos type="DT"/>
                    <lemma type="the"/>
                </token>
                <token content="train" id="7-11">
                    <pos type="NN"/>
                    <lemma type="train"/>
                    <dep head="7-6" type="prep"/>
                </token>
                <token content="." id="7-12"/>
            </sentence>
            <sentence id="8">
                <token content="We" id="8-1">
                    <pos type="PRP"/>
                    <lemma type="we"/>
                    <dep head="8-3" type="nsubj"/>
                </token>
                <token content="then" id="8-2">
                    <pos type="RB"/>
                    <lemma type="then"/>
                    <dep head="8-3" type="advmod"/>
                </token>
                <token content="found" id="8-3">
                    <pos type="VBD"/>
                    <lemma type="find"/>
                </token>
                <token content="a" id="8-4">
                    <pos type="DT"/>
                    <lemma type="a"/>
                </token>
                <token content="seat" id="8-5">
                    <pos type="NN"/>
                    <lemma type="seat"/>
                    <dep head="8-3" type="dobj"/>
                </token>
                <token content="and" id="8-6"/>
                <token content="enjoyed" id="8-7">
                    <pos type="VBD"/>
                    <lemma type="enjoy"/>
                    <dep head="8-3" type="conj"/>
                </token>
                <token content="the" id="8-8">
                    <pos type="DT"/>
                    <lemma type="the"/>
                </token>
                <token content="ride" id="8-9">
                    <pos type="NN"/>
                    <lemma type="ride"/>
                    <dep head="8-7" type="dobj"/>
                </token>
                <token content="." id="8-10"/>
            </sentence>
            <sentence id="9">
                <token content="We" id="9-1">
                    <pos type="PRP"/>
                    <lemma type="we"/>
                    <dep head="9-2" type="nsubj"/>
                </token>
                <token content="saw" id="9-2">
                    <pos type="VBD"/>
                    <lemma type="see"/>
                </token>
                <token content="many" id="9-3">
                    <pos type="JJ"/>
                    <lemma type="many"/>
                </token>
                <token content="interesting" id="9-4">
                    <pos type="JJ"/>
                    <lemma type="interesting"/>
                </token>
                <token content="things" id="9-5">
                    <pos type="NNS"/>
                    <lemma type="thing"/>
                    <dep head="9-2" type="dobj"/>
                </token>
                <token content="on" id="9-6"/>
                <token content="our" id="9-7">
                    <pos type="PRP$"/>
                    <lemma type="we"/>
                </token>
                <token content="way" id="9-8">
                    <pos type="NN"/>
                    <lemma type="way"/>
                    <dep head="9-2" type="prep"/>
                </token>
                <token content="to" id="9-9">
                    <pos type="TO"/>
                    <lemma type="to"/>
                    <dep head="9-10" type="aux"/>
                </token>
                <token content="see" id="9-10">
                    <pos type="VB"/>
                    <lemma type="see"/>
                </token>
                <token content="my" id="9-11">
                    <pos type="PRP$"/>
                    <lemma type="my"/>
                </token>
                <token content="grandmother" id="9-12">
                    <pos type="NN"/>
                    <lemma type="grandmother"/>
                    <dep head="9-10" type="dobj"/>
                </token>
                <token content="." id="9-13"/>
            </sentence>
            <sentence id="10">
                <token content="The" id="10-1">
                    <pos type="DT"/>
                    <lemma type="the"/>
                </token>
                <token content="train" id="10-2">
                    <pos type="NN"/>
                    <lemma type="train"/>
                    <dep head="10-3" type="nsubj"/>
                </token>
                <token content="moved" id="10-3">
                    <pos type="VBD"/>
                    <lemma type="move"/>
                </token>
                <token content="very" id="10-4">
                    <pos type="RB"/>
                    <lemma type="very"/>
                </token>
                <token content="fast" id="10-5">
                    <pos type="RB"/>
                    <lemma type="fast"/>
                    <dep head="10-3" type="advmod"/>
                </token>
                <token content="along" id="10-6"/>
                <token content="the" id="10-7">
                    <pos type="DT"/>
                    <lemma type="the"/>
                </token>
                <token content="tracks" id="10-8">
                    <pos type="NNS"/>
                    <lemma type="track"/>
                    <dep head="10-3" type="prep"/>
                </token>
                <token content="." id="10-9"/>
            </sentence>
            <sentence id="11">
                <token content="We" id="11-1">
                    <pos type="PRP"/>
                    <lemma type="we"/>
                    <dep head="11-2" type="nsubj"/>
                </token>
                <token content="arrived" id="11-2">
                    <pos type="VBD"/>
                    <lemma type="arrive"/>
                </token>
                <token content="at" id="11-3"/>
                <token content="our" id="11-4">
                    <pos type="PRP$"/>
                    <lemma type="we"/>
                </token>
                <token content="destination" id="11-5">
                    <pos type="NN"/>
                    <lemma type="destination"/>
                    <dep head="11-2" type="prep"/>
                </token>
                <token content="quickly" id="11-6">
                    <pos type="RB"/>
                    <lemma type="quickly"/>
                    <dep head="11-2" type="advmod"/>
                </token>
                <token content="." id="11-7"/>
            </sentence>
            <sentence id="12">
                <token content="When" id="12-1">
                    <pos type="WRB"/>
                    <lemma type="when"/>
                    <dep head="12-4" type="advmod"/>
                </token>
                <token content="the" id="12-2">
                    <pos type="DT"/>
                    <lemma type="the"/>
                </token>
                <token content="train" id="12-3">
                    <pos type="NN"/>
                    <lemma type="train"/>
                    <dep head="12-4" type="nsubj"/>
                </token>
                <token content="pulled" id="12-4">
                    <pos type="VBD"/>
                    <lemma type="pull"/>
                    <dep head="12-10" type="advcl"/>
                </token>
                <token content="into" id="12-5"/>
                <token content="the" id="12-6">
                    <pos type="DT"/>
                    <lemma type="the"/>
                </token>
                <token content="station" id="12-7">
                    <pos type="NN"/>
                    <lemma type="station"/>
                    <dep head="12-4" type="prep"/>
                </token>
                <token content="," id="12-8"/>
                <token content="we" id="12-9">
                    <pos type="PRP"/>
                    <lemma type="we"/>
                    <dep head="12-10" type="nsubj"/>
                </token>
                <token content="saw" id="12-10">
                    <pos type="VBD"/>
                    <lemma type="see"/>
                </token>
                <token content="my" id="12-11">
                    <pos type="PRP$"/>
                    <lemma type="my"/>
                </token>
                <token content="grandmother" id="12-12">
                    <pos type="NN"/>
                    <lemma type="grandmother"/>
                    <dep head="12-10" type="dobj"/>
                </token>
                <token content="waiting" id="12-13">
                    <pos type="VBG"/>
                    <lemma type="wait"/>
                    <dep head="12-10" type="xcomp"/>
                </token>
                <token content="there" id="12-14">
                    <pos type="RB"/>
                    <lemma type="there"/>
                    <dep head="12-13" type="advmod"/>
                </token>
                <token content="for" id="12-15"/>
                <token content="us" id="12-16">
                    <pos type="PRP"/>
                    <lemma type="we"/>
                    <dep head="12-13" type="prep"/>
                </token>
                <token content="!" id="12-17"/>
            </sentence>
        </sentences>
    </text>
    <annotations>
        <participants>
            <label from="1-1" id="0" name="NPart" text="Today" type="participant"/>
            <label from="1-2" id="1" name="ScrPart_passenger" text="I" type="participant"/>
            <label from="1-8" id="2" name="ScrPart_train" text="train" type="participant"/>
            <label from="1-11" id="3" name="ScrPart_passenger" text="my" type="participant"/>
            <label from="1-12" id="4" name="NPart" text="grandmother" type="participant"/>
            <label from="2-1" id="5" name="ScrPart_passenger" text="We" type="participant"/>
            <label from="2-7" id="6" name="ScrPart_passenger" text="my" type="participant"/>
            <label from="2-8" id="7" name="NPart" text="birthday" type="participant"/>
            <label from="3-1" id="8" name="ScrPart_passenger" text="We" type="participant"/>
            <label from="3-3" id="9" name="ScrPart_passenger" text="our" type="participant"/>
            <label from="3-4" id="10" name="NPart" text="home" type="participant"/>
            <label from="3-8" id="11" name="ScrPart_passenger" text="our" type="participant"/>
            <label from="3-9" id="12" name="NPart" text="car" type="participant"/>
            <label from="3-12" id="13" name="ScrPart_train_station" text="train station" to="3-13" type="participant"/>
            <label from="3-13" id="14" name="ScrPart_train_station" text="station" type="participant"/>
            <label from="4-1" id="15" name="ScrPart_passenger" text="We" type="participant"/>
            <label from="4-7" id="16" name="ScrPart_other" text="counter" type="participant"/>
            <label from="4-11" id="17" name="ScrPart_card/ticket" text="tickets" type="participant"/>
            <label from="4-15" id="18" name="ScrPart_train" text="train" type="participant"/>
            <label from="4-17" id="19" name="ScrPart_passenger" text="my" type="participant"/>
            <label from="4-18" id="20" name="NPart" text="grandmother" type="participant"/>
            <label from="4-20" id="21" name="ScrPart_destination" text="town" type="participant"/>
            <label from="5-1" id="22" name="ScrPart_passenger" text="We" type="participant"/>
            <label from="5-7" id="23" name="ScrPart_time_date" text="minutes" type="participant"/>
            <label from="5-10" id="24" name="ScrPart_train_station" text="station" type="participant"/>
            <label from="5-12" id="25" name="No_label" text="it" type="participant"/>
            <label from="5-14" id="26" name="No_label" text="time" type="participant"/>
            <label from="5-17" id="27" name="ScrPart_passenger" text="our" type="participant"/>
            <label from="5-18" id="28" name="ScrPart_train" text="train" type="participant"/>
            <label from="6-2" id="29" name="No_label" text="it" type="participant"/>
            <label from="6-4" id="30" name="No_label" text="time" type="participant"/>
            <label from="6-6" id="31" name="ScrPart_passenger" text="we" type="participant"/>
            <label from="6-11" id="32" name="ScrPart_train" text="train" type="participant"/>
            <label from="6-14" id="33" name="ScrPart_passenger" text="our" type="participant"/>
            <label from="6-15" id="34" name="ScrPart_card/ticket" text="tickets" type="participant"/>
            <label from="6-18" id="35" name="ScrPart_train_staff" text="man" type="participant"/>
            <label from="6-21" id="36" name="NPart" text="uniform" type="participant"/>
            <label from="6-26" id="37" name="ScrPart_train" text="train" type="participant"/>
            <label from="7-1" id="38" name="ScrPart_train_staff" text="He" type="participant"/>
            <label from="7-3" id="39" name="ScrPart_passenger" text="our" type="participant"/>
            <label from="7-4" id="40" name="ScrPart_card/ticket" text="tickets" type="participant"/>
            <label from="7-7" id="41" name="ScrPart_passenger" text="us" type="participant"/>
            <label from="7-11" id="42" name="ScrPart_train" text="train" type="participant"/>
            <label from="8-1" id="43" name="ScrPart_passenger" text="We" type="participant"/>
            <label from="8-5" id="44" name="NPart" text="seat" type="participant"/>
            <label from="8-9" id="45" name="ScrPart_trip" text="ride" type="participant"/>
            <label from="9-1" id="46" name="ScrPart_passenger" text="We" type="participant"/>
            <label from="9-5" id="47" name="NPart" text="things" type="participant"/>
            <label from="9-7" id="48" name="ScrPart_passenger" text="our" type="participant"/>
            <label from="9-8" id="49" name="NPart" text="way" type="participant"/>
            <label from="9-11" id="50" name="ScrPart_passenger" text="my" type="participant"/>
            <label from="9-12" id="51" name="NPart" text="grandmother" type="participant"/>
            <label from="10-2" id="52" name="ScrPart_train" text="train" type="participant"/>
            <label from="10-8" id="53" name="ScrPart_other" text="tracks" type="participant"/>
            <label from="11-1" id="54" name="ScrPart_passenger" text="We" type="participant"/>
            <label from="11-4" id="55" name="ScrPart_passenger" text="our" type="participant"/>
            <label from="11-5" id="56" name="ScrPart_destination" text="destination" type="participant"/>
            <label from="12-3" id="57" name="ScrPart_train" text="train" type="participant"/>
            <label from="12-7" id="58" name="ScrPart_train_station" text="station" type="participant"/>
            <label from="12-9" id="59" name="ScrPart_passenger" text="we" type="participant"/>
            <label from="12-11" id="60" name="ScrPart_passenger" text="my" type="participant"/>
            <label from="12-12" id="61" name="NPart" text="grandmother" type="participant"/>
            <label from="12-16" id="62" name="ScrPart_passenger" text="us" type="participant"/>
        </participants>
        <events>
            <label from="1-6" id="63" name="Evoking" text="ride a train" to="1-8" type="event"/>
            <label from="1-10" id="64" name="UnrelEv" text="visit" type="event"/>
            <label from="2-5" id="65" name="UnrelEv" text="visit" type="event"/>
            <label from="3-2" id="66" name="UnrelEv" text="left" type="event"/>
            <label from="3-6" id="67" name="ScrEv_get_train_station" text="drove" type="event"/>
            <label from="4-3" id="68" name="UnrelEv" text="went up" to="4-4" type="event"/>
            <label from="4-3" id="69" name="UnrelEv" text="went" type="event"/>
            <label from="4-9" id="70" name="ScrEv_get_tickets" text="bought" type="event"/>
            <label from="4-13" id="71" name="Evoking" text="ride the train" to="4-15" type="event"/>
            <label from="5-4" id="72" name="ScrEv_wait" text="wait" type="event"/>
            <label from="5-13" id="73" name="UnrelEv" text="was" type="event"/>
            <label from="5-16" id="74" name="ScrEv_get_on" text="board" type="event"/>
            <label from="6-3" id="75" name="UnrelEv" text="was" type="event"/>
            <label from="6-7" id="76" name="UnrelEv" text="went over" to="6-8" type="event"/>
            <label from="6-7" id="77" name="UnrelEv" text="went" type="event"/>
            <label from="6-13" id="78" name="RelNScrEv" text="handed" type="event"/>
            <label from="6-23" id="79" name="UnrelEv" text="works" type="event"/>
            <label from="7-2" id="80" name="ScrEv_conductor_checks" text="checked" type="event"/>
            <label from="7-6" id="81" name="RelNScrEv" text="helped" type="event"/>
            <label from="8-3" id="82" name="ScrEv_find_place" text="found" type="event"/>
            <label from="8-7" id="83" name="UnrelEv" text="enjoyed" type="event"/>
            <label from="9-2" id="84" name="UnrelEv" text="saw" type="event"/>
            <label from="9-10" id="85" name="UnrelEv" text="see" type="event"/>
            <label from="10-3" id="86" name="RelNScrEv" text="moved" type="event"/>
            <label from="11-2" id="87" name="ScrEv_arrive_destination" text="arrived" type="event"/>
            <label from="12-4" id="88" name="RelNScrEv" text="pulled into" to="12-5" type="event"/>
            <label from="12-4" id="89" name="RelNScrEv" text="pulled" type="event"/>
            <label from="12-10" id="90" name="UnrelEv" text="saw" type="event"/>
            <label from="12-13" id="91" name="RelNScrEv" text="waiting" type="event"/>
        </events>
        <chains>
            <chain elements="1 3 5 6 8 9 11 15 22 27 31 33 39 41 43 46 48 54 55 59 60 62"/>
            <chain elements="2 18 28 32 37 42 52 57"/>
            <chain elements="14 24 58"/>
            <chain elements="17 34 40"/>
            <chain elements="35 38"/>
        </chains>
    </annotations>
</story>
