<?xml version="1.0" encoding="UTF-8" standalone="no"?>
<!DOCTYPE story SYSTEM "../InScript.dtd">
<story id="081" scenario="train">
    <text>
        <content>The last train trip I took was with a couple of friends to go and check out an art museum that was fairly far away . 
We met up at the station with plenty of time to spare , so we chatted for a bit while we waited . 
We had already purchased our tickets ahead of time , just to make things easier . 
When the train arrived , we boarded and found our seats . 
We did n't bring much , just small bags , so we did n't have to stow anything . 
The conductor came by and checked our tickets as the train left the station . 
It was a nice ride . 
The train seats are always fairly comfortable and we had time to play racing games on our DSs while we rode . 
I also got to watch some rather lovely scenery , once we got out of the city . 
Going by trees and landscapes and watching them pass is pretty fun too . 
Plus , there were n't that many other people in the train car that we were in , so it was a nice and peaceful ride . </content>
        <sentences>
            <sentence id="1">
                <token content="The" id="1-1">
                    <pos type="DT"/>
                    <lemma type="the"/>
                </token>
                <token content="last" id="1-2">
                    <pos type="JJ"/>
                    <lemma type="last"/>
                </token>
                <token content="train" id="1-3">
                    <pos type="NN"/>
                    <lemma type="train"/>
                </token>
                <token content="trip" id="1-4">
                    <pos type="NN"/>
                    <lemma type="trip"/>
                    <dep head="1-7" type="nsubj"/>
                </token>
                <token content="I" id="1-5">
                    <pos type="PRP"/>
                    <lemma type="I"/>
                    <dep head="1-6" type="nsubj"/>
                </token>
                <token content="took" id="1-6">
                    <pos type="VBD"/>
                    <lemma type="take"/>
                </token>
                <token content="was" id="1-7">
                    <pos type="VBD"/>
                    <lemma type="be"/>
                </token>
                <token content="with" id="1-8"/>
                <token content="a" id="1-9">
                    <pos type="DT"/>
                    <lemma type="a"/>
                </token>
                <token content="couple" id="1-10">
                    <pos type="NN"/>
                    <lemma type="couple"/>
                    <dep head="1-7" type="prep"/>
                </token>
                <token content="of" id="1-11"/>
                <token content="friends" id="1-12">
                    <pos type="NNS"/>
                    <lemma type="friend"/>
                </token>
                <token content="to" id="1-13">
                    <pos type="TO"/>
                    <lemma type="to"/>
                    <dep head="1-14" type="aux"/>
                </token>
                <token content="go" id="1-14">
                    <pos type="VB"/>
                    <lemma type="go"/>
                    <dep head="1-7" type="xcomp"/>
                </token>
                <token content="and" id="1-15"/>
                <token content="check" id="1-16">
                    <pos type="VB"/>
                    <lemma type="check"/>
                    <dep head="1-14" type="conj"/>
                </token>
                <token content="out" id="1-17">
                    <pos type="RP"/>
                    <lemma type="out"/>
                    <dep head="1-16" type="prt"/>
                </token>
                <token content="an" id="1-18">
                    <pos type="DT"/>
                    <lemma type="a"/>
                </token>
                <token content="art" id="1-19">
                    <pos type="NN"/>
                    <lemma type="art"/>
                </token>
                <token content="museum" id="1-20">
                    <pos type="NN"/>
                    <lemma type="museum"/>
                    <dep head="1-16" type="dobj"/>
                </token>
                <token content="that" id="1-21">
                    <pos type="WDT"/>
                    <lemma type="that"/>
                    <dep head="1-22" type="nsubj"/>
                </token>
                <token content="was" id="1-22">
                    <pos type="VBD"/>
                    <lemma type="be"/>
                </token>
                <token content="fairly" id="1-23">
                    <pos type="RB"/>
                    <lemma type="fairly"/>
                </token>
                <token content="far" id="1-24">
                    <pos type="RB"/>
                    <lemma type="far"/>
                </token>
                <token content="away" id="1-25">
                    <pos type="RB"/>
                    <lemma type="away"/>
                    <dep head="1-22" type="advmod"/>
                </token>
                <token content="." id="1-26"/>
            </sentence>
            <sentence id="2">
                <token content="We" id="2-1">
                    <pos type="PRP"/>
                    <lemma type="we"/>
                    <dep head="2-2" type="nsubj"/>
                </token>
                <token content="met" id="2-2">
                    <pos type="VBD"/>
                    <lemma type="meet"/>
                </token>
                <token content="up" id="2-3">
                    <pos type="RP"/>
                    <lemma type="up"/>
                    <dep head="2-2" type="prt"/>
                </token>
                <token content="at" id="2-4"/>
                <token content="the" id="2-5">
                    <pos type="DT"/>
                    <lemma type="the"/>
                </token>
                <token content="station" id="2-6">
                    <pos type="NN"/>
                    <lemma type="station"/>
                    <dep head="2-2" type="prep"/>
                </token>
                <token content="with" id="2-7">
                    <pos type="IN"/>
                    <lemma type="with"/>
                </token>
                <token content="plenty" id="2-8">
                    <pos type="RB"/>
                    <lemma type="plenty"/>
                </token>
                <token content="of" id="2-9"/>
                <token content="time" id="2-10">
                    <pos type="NN"/>
                    <lemma type="time"/>
                </token>
                <token content="to" id="2-11">
                    <pos type="TO"/>
                    <lemma type="to"/>
                    <dep head="2-12" type="aux"/>
                </token>
                <token content="spare" id="2-12">
                    <pos type="VB"/>
                    <lemma type="spare"/>
                    <dep head="2-2" type="xcomp"/>
                </token>
                <token content="," id="2-13"/>
                <token content="so" id="2-14">
                    <pos type="IN"/>
                    <lemma type="so"/>
                    <dep head="2-16" type="mark"/>
                </token>
                <token content="we" id="2-15">
                    <pos type="PRP"/>
                    <lemma type="we"/>
                    <dep head="2-16" type="nsubj"/>
                </token>
                <token content="chatted" id="2-16">
                    <pos type="VBD"/>
                    <lemma type="chat"/>
                    <dep head="2-2" type="advcl"/>
                </token>
                <token content="for" id="2-17"/>
                <token content="a" id="2-18">
                    <pos type="DT"/>
                    <lemma type="a"/>
                </token>
                <token content="bit" id="2-19">
                    <pos type="NN"/>
                    <lemma type="bit"/>
                    <dep head="2-16" type="prep"/>
                </token>
                <token content="while" id="2-20">
                    <pos type="IN"/>
                    <lemma type="while"/>
                    <dep head="2-22" type="mark"/>
                </token>
                <token content="we" id="2-21">
                    <pos type="PRP"/>
                    <lemma type="we"/>
                    <dep head="2-22" type="nsubj"/>
                </token>
                <token content="waited" id="2-22">
                    <pos type="VBD"/>
                    <lemma type="wait"/>
                    <dep head="2-16" type="advcl"/>
                </token>
                <token content="." id="2-23"/>
            </sentence>
            <sentence id="3">
                <token content="We" id="3-1">
                    <pos type="PRP"/>
                    <lemma type="we"/>
                    <dep head="3-4" type="nsubj"/>
                </token>
                <token content="had" id="3-2">
                    <pos type="VBD"/>
                    <lemma type="have"/>
                    <dep head="3-4" type="aux"/>
                </token>
                <token content="already" id="3-3">
                    <pos type="RB"/>
                    <lemma type="already"/>
                    <dep head="3-4" type="advmod"/>
                </token>
                <token content="purchased" id="3-4">
                    <pos type="VBN"/>
                    <lemma type="purchase"/>
                </token>
                <token content="our" id="3-5">
                    <pos type="PRP$"/>
                    <lemma type="we"/>
                </token>
                <token content="tickets" id="3-6">
                    <pos type="NNS"/>
                    <lemma type="ticket"/>
                    <dep head="3-4" type="dobj"/>
                </token>
                <token content="ahead" id="3-7"/>
                <token content="of" id="3-8"/>
                <token content="time" id="3-9">
                    <pos type="NN"/>
                    <lemma type="time"/>
                </token>
                <token content="," id="3-10"/>
                <token content="just" id="3-11">
                    <pos type="RB"/>
                    <lemma type="just"/>
                    <dep head="3-13" type="advmod"/>
                </token>
                <token content="to" id="3-12">
                    <pos type="TO"/>
                    <lemma type="to"/>
                    <dep head="3-13" type="aux"/>
                </token>
                <token content="make" id="3-13">
                    <pos type="VB"/>
                    <lemma type="make"/>
                    <dep head="3-4" type="vmod"/>
                </token>
                <token content="things" id="3-14">
                    <pos type="NNS"/>
                    <lemma type="thing"/>
                </token>
                <token content="easier" id="3-15">
                    <pos type="RBR"/>
                    <lemma type="easier"/>
                    <dep head="3-13" type="xcomp"/>
                </token>
                <token content="." id="3-16"/>
            </sentence>
            <sentence id="4">
                <token content="When" id="4-1">
                    <pos type="WRB"/>
                    <lemma type="when"/>
                    <dep head="4-4" type="advmod"/>
                </token>
                <token content="the" id="4-2">
                    <pos type="DT"/>
                    <lemma type="the"/>
                </token>
                <token content="train" id="4-3">
                    <pos type="NN"/>
                    <lemma type="train"/>
                    <dep head="4-4" type="nsubj"/>
                </token>
                <token content="arrived" id="4-4">
                    <pos type="VBD"/>
                    <lemma type="arrive"/>
                    <dep head="4-7" type="advcl"/>
                </token>
                <token content="," id="4-5"/>
                <token content="we" id="4-6">
                    <pos type="PRP"/>
                    <lemma type="we"/>
                    <dep head="4-7" type="nsubj"/>
                </token>
                <token content="boarded" id="4-7">
                    <pos type="VBD"/>
                    <lemma type="board"/>
                </token>
                <token content="and" id="4-8"/>
                <token content="found" id="4-9">
                    <pos type="VBD"/>
                    <lemma type="find"/>
                    <dep head="4-7" type="conj"/>
                </token>
                <token content="our" id="4-10">
                    <pos type="PRP$"/>
                    <lemma type="we"/>
                </token>
                <token content="seats" id="4-11">
                    <pos type="NNS"/>
                    <lemma type="seat"/>
                    <dep head="4-9" type="dobj"/>
                </token>
                <token content="." id="4-12"/>
            </sentence>
            <sentence id="5">
                <token content="We" id="5-1">
                    <pos type="PRP"/>
                    <lemma type="we"/>
                    <dep head="5-4" type="nsubj"/>
                </token>
                <token content="did" id="5-2">
                    <pos type="VBD"/>
                    <lemma type="do"/>
                    <dep head="5-4" type="aux"/>
                </token>
                <token content="n't" id="5-3">
                    <pos type="RB"/>
                    <lemma type="not"/>
                    <dep head="5-4" type="neg"/>
                </token>
                <token content="bring" id="5-4">
                    <pos type="VB"/>
                    <lemma type="bring"/>
                </token>
                <token content="much" id="5-5">
                    <pos type="RB"/>
                    <lemma type="much"/>
                    <dep head="5-4" type="dobj"/>
                </token>
                <token content="," id="5-6"/>
                <token content="just" id="5-7">
                    <pos type="RB"/>
                    <lemma type="just"/>
                </token>
                <token content="small" id="5-8">
                    <pos type="JJ"/>
                    <lemma type="small"/>
                </token>
                <token content="bags" id="5-9">
                    <pos type="NNS"/>
                    <lemma type="bag"/>
                </token>
                <token content="," id="5-10"/>
                <token content="so" id="5-11">
                    <pos type="IN"/>
                    <lemma type="so"/>
                    <dep head="5-4" type="dep"/>
                </token>
                <token content="we" id="5-12">
                    <pos type="PRP"/>
                    <lemma type="we"/>
                    <dep head="5-15" type="nsubj"/>
                </token>
                <token content="did" id="5-13">
                    <pos type="VBD"/>
                    <lemma type="do"/>
                    <dep head="5-15" type="aux"/>
                </token>
                <token content="n't" id="5-14">
                    <pos type="RB"/>
                    <lemma type="not"/>
                    <dep head="5-15" type="neg"/>
                </token>
                <token content="have" id="5-15">
                    <pos type="VB"/>
                    <lemma type="have"/>
                    <dep head="5-4" type="parataxis"/>
                </token>
                <token content="to" id="5-16">
                    <pos type="TO"/>
                    <lemma type="to"/>
                    <dep head="5-17" type="aux"/>
                </token>
                <token content="stow" id="5-17">
                    <pos type="VB"/>
                    <lemma type="stow"/>
                    <dep head="5-15" type="xcomp"/>
                </token>
                <token content="anything" id="5-18">
                    <pos type="NN"/>
                    <lemma type="anything"/>
                    <dep head="5-17" type="dobj"/>
                </token>
                <token content="." id="5-19"/>
            </sentence>
            <sentence id="6">
                <token content="The" id="6-1">
                    <pos type="DT"/>
                    <lemma type="the"/>
                </token>
                <token content="conductor" id="6-2">
                    <pos type="NN"/>
                    <lemma type="conductor"/>
                    <dep head="6-3" type="nsubj"/>
                </token>
                <token content="came" id="6-3">
                    <pos type="VBD"/>
                    <lemma type="come"/>
                </token>
                <token content="by" id="6-4">
                    <pos type="IN"/>
                    <lemma type="by"/>
                    <dep head="6-3" type="prep"/>
                </token>
                <token content="and" id="6-5"/>
                <token content="checked" id="6-6">
                    <pos type="VBD"/>
                    <lemma type="check"/>
                    <dep head="6-3" type="conj"/>
                </token>
                <token content="our" id="6-7">
                    <pos type="PRP$"/>
                    <lemma type="we"/>
                </token>
                <token content="tickets" id="6-8">
                    <pos type="NNS"/>
                    <lemma type="ticket"/>
                    <dep head="6-6" type="dobj"/>
                </token>
                <token content="as" id="6-9">
                    <pos type="IN"/>
                    <lemma type="as"/>
                    <dep head="6-12" type="mark"/>
                </token>
                <token content="the" id="6-10">
                    <pos type="DT"/>
                    <lemma type="the"/>
                </token>
                <token content="train" id="6-11">
                    <pos type="NN"/>
                    <lemma type="train"/>
                    <dep head="6-12" type="nsubj"/>
                </token>
                <token content="left" id="6-12">
                    <pos type="VBD"/>
                    <lemma type="leave"/>
                    <dep head="6-6" type="advcl"/>
                </token>
                <token content="the" id="6-13">
                    <pos type="DT"/>
                    <lemma type="the"/>
                </token>
                <token content="station" id="6-14">
                    <pos type="NN"/>
                    <lemma type="station"/>
                    <dep head="6-12" type="dobj"/>
                </token>
                <token content="." id="6-15"/>
            </sentence>
            <sentence id="7">
                <token content="It" id="7-1">
                    <pos type="PRP"/>
                    <lemma type="it"/>
                </token>
                <token content="was" id="7-2">
                    <pos type="VBD"/>
                    <lemma type="be"/>
                </token>
                <token content="a" id="7-3">
                    <pos type="DT"/>
                    <lemma type="a"/>
                </token>
                <token content="nice" id="7-4">
                    <pos type="JJ"/>
                    <lemma type="nice"/>
                </token>
                <token content="ride" id="7-5">
                    <pos type="NN"/>
                    <lemma type="ride"/>
                </token>
                <token content="." id="7-6"/>
            </sentence>
            <sentence id="8">
                <token content="The" id="8-1">
                    <pos type="DT"/>
                    <lemma type="the"/>
                </token>
                <token content="train" id="8-2">
                    <pos type="NN"/>
                    <lemma type="train"/>
                </token>
                <token content="seats" id="8-3">
                    <pos type="NNS"/>
                    <lemma type="seat"/>
                </token>
                <token content="are" id="8-4">
                    <pos type="VBP"/>
                    <lemma type="be"/>
                </token>
                <token content="always" id="8-5">
                    <pos type="RB"/>
                    <lemma type="always"/>
                </token>
                <token content="fairly" id="8-6">
                    <pos type="RB"/>
                    <lemma type="fairly"/>
                </token>
                <token content="comfortable" id="8-7">
                    <pos type="JJ"/>
                    <lemma type="comfortable"/>
                </token>
                <token content="and" id="8-8"/>
                <token content="we" id="8-9">
                    <pos type="PRP"/>
                    <lemma type="we"/>
                    <dep head="8-10" type="nsubj"/>
                </token>
                <token content="had" id="8-10">
                    <pos type="VBD"/>
                    <lemma type="have"/>
                </token>
                <token content="time" id="8-11">
                    <pos type="NN"/>
                    <lemma type="time"/>
                    <dep head="8-10" type="dobj"/>
                </token>
                <token content="to" id="8-12">
                    <pos type="TO"/>
                    <lemma type="to"/>
                    <dep head="8-13" type="aux"/>
                </token>
                <token content="play" id="8-13">
                    <pos type="VB"/>
                    <lemma type="play"/>
                    <dep head="8-10" type="ccomp"/>
                </token>
                <token content="racing" id="8-14">
                    <pos type="VBG"/>
                    <lemma type="race"/>
                </token>
                <token content="games" id="8-15">
                    <pos type="NNS"/>
                    <lemma type="game"/>
                    <dep head="8-13" type="dobj"/>
                </token>
                <token content="on" id="8-16"/>
                <token content="our" id="8-17">
                    <pos type="PRP$"/>
                    <lemma type="we"/>
                </token>
                <token content="DSs" id="8-18">
                    <pos type="NN"/>
                    <lemma type="dss"/>
                </token>
                <token content="while" id="8-19">
                    <pos type="IN"/>
                    <lemma type="while"/>
                    <dep head="8-21" type="mark"/>
                </token>
                <token content="we" id="8-20">
                    <pos type="PRP"/>
                    <lemma type="we"/>
                    <dep head="8-21" type="nsubj"/>
                </token>
                <token content="rode" id="8-21">
                    <pos type="VBD"/>
                    <lemma type="ride"/>
                    <dep head="8-10" type="advcl"/>
                </token>
                <token content="." id="8-22"/>
            </sentence>
            <sentence id="9">
                <token content="I" id="9-1">
                    <pos type="PRP"/>
                    <lemma type="I"/>
                    <dep head="9-3" type="nsubj"/>
                </token>
                <token content="also" id="9-2">
                    <pos type="RB"/>
                    <lemma type="also"/>
                    <dep head="9-3" type="advmod"/>
                </token>
                <token content="got" id="9-3">
                    <pos type="VBD"/>
                    <lemma type="get"/>
                </token>
                <token content="to" id="9-4">
                    <pos type="TO"/>
                    <lemma type="to"/>
                    <dep head="9-5" type="aux"/>
                </token>
                <token content="watch" id="9-5">
                    <pos type="VB"/>
                    <lemma type="watch"/>
                    <dep head="9-3" type="xcomp"/>
                </token>
                <token content="some" id="9-6">
                    <pos type="DT"/>
                    <lemma type="some"/>
                </token>
                <token content="rather" id="9-7">
                    <pos type="RB"/>
                    <lemma type="rather"/>
                </token>
                <token content="lovely" id="9-8">
                    <pos type="JJ"/>
                    <lemma type="lovely"/>
                </token>
                <token content="scenery" id="9-9">
                    <pos type="NN"/>
                    <lemma type="scenery"/>
                    <dep head="9-5" type="dobj"/>
                </token>
                <token content="," id="9-10"/>
                <token content="once" id="9-11">
                    <pos type="IN"/>
                    <lemma type="once"/>
                    <dep head="9-13" type="mark"/>
                </token>
                <token content="we" id="9-12">
                    <pos type="PRP"/>
                    <lemma type="we"/>
                    <dep head="9-13" type="nsubj"/>
                </token>
                <token content="got" id="9-13">
                    <pos type="VBD"/>
                    <lemma type="get"/>
                    <dep head="9-3" type="advcl"/>
                </token>
                <token content="out" id="9-14"/>
                <token content="of" id="9-15"/>
                <token content="the" id="9-16">
                    <pos type="DT"/>
                    <lemma type="the"/>
                </token>
                <token content="city" id="9-17">
                    <pos type="NN"/>
                    <lemma type="city"/>
                    <dep head="9-13" type="prep"/>
                </token>
                <token content="." id="9-18"/>
            </sentence>
            <sentence id="10">
                <token content="Going" id="10-1">
                    <pos type="VBG"/>
                    <lemma type="go"/>
                </token>
                <token content="by" id="10-2"/>
                <token content="trees" id="10-3">
                    <pos type="NNS"/>
                    <lemma type="tree"/>
                    <dep head="10-1" type="prep"/>
                </token>
                <token content="and" id="10-4"/>
                <token content="landscapes" id="10-5">
                    <pos type="NNS"/>
                    <lemma type="landscape"/>
                </token>
                <token content="and" id="10-6"/>
                <token content="watching" id="10-7">
                    <pos type="VBG"/>
                    <lemma type="watch"/>
                    <dep head="10-1" type="conj"/>
                </token>
                <token content="them" id="10-8">
                    <pos type="PRP"/>
                    <lemma type="they"/>
                    <dep head="10-9" type="nsubj"/>
                </token>
                <token content="pass" id="10-9">
                    <pos type="VB"/>
                    <lemma type="pass"/>
                    <dep head="10-7" type="ccomp"/>
                </token>
                <token content="is" id="10-10">
                    <pos type="VBZ"/>
                    <lemma type="be"/>
                </token>
                <token content="pretty" id="10-11">
                    <pos type="RB"/>
                    <lemma type="pretty"/>
                </token>
                <token content="fun" id="10-12">
                    <pos type="JJ"/>
                    <lemma type="fun"/>
                </token>
                <token content="too" id="10-13">
                    <pos type="RB"/>
                    <lemma type="too"/>
                </token>
                <token content="." id="10-14"/>
            </sentence>
            <sentence id="11">
                <token content="Plus" id="11-1">
                    <pos type="CC"/>
                    <lemma type="plus"/>
                    <dep head="11-4" type="cc"/>
                </token>
                <token content="," id="11-2"/>
                <token content="there" id="11-3">
                    <pos type="EX"/>
                    <lemma type="there"/>
                    <dep head="11-4" type="expl"/>
                </token>
                <token content="were" id="11-4">
                    <pos type="VBD"/>
                    <lemma type="be"/>
                </token>
                <token content="n't" id="11-5">
                    <pos type="RB"/>
                    <lemma type="not"/>
                    <dep head="11-4" type="neg"/>
                </token>
                <token content="that" id="11-6">
                    <pos type="DT"/>
                    <lemma type="that"/>
                </token>
                <token content="many" id="11-7">
                    <pos type="JJ"/>
                    <lemma type="many"/>
                </token>
                <token content="other" id="11-8">
                    <pos type="JJ"/>
                    <lemma type="other"/>
                </token>
                <token content="people" id="11-9">
                    <pos type="NNS"/>
                    <lemma type="people"/>
                    <dep head="11-4" type="nsubj"/>
                </token>
                <token content="in" id="11-10"/>
                <token content="the" id="11-11">
                    <pos type="DT"/>
                    <lemma type="the"/>
                </token>
                <token content="train" id="11-12">
                    <pos type="NN"/>
                    <lemma type="train"/>
                </token>
                <token content="car" id="11-13">
                    <pos type="NN"/>
                    <lemma type="car"/>
                </token>
                <token content="that" id="11-14">
                    <pos type="IN"/>
                    <lemma type="that"/>
                    <dep head="11-16" type="mark"/>
                </token>
                <token content="we" id="11-15">
                    <pos type="PRP"/>
                    <lemma type="we"/>
                    <dep head="11-16" type="nsubj"/>
                </token>
                <token content="were" id="11-16">
                    <pos type="VBD"/>
                    <lemma type="be"/>
                    <dep head="11-4" type="ccomp"/>
                </token>
                <token content="in" id="11-17">
                    <pos type="RB"/>
                    <lemma type="in"/>
                    <dep head="11-16" type="advmod"/>
                </token>
                <token content="," id="11-18"/>
                <token content="so" id="11-19">
                    <pos type="IN"/>
                    <lemma type="so"/>
                </token>
                <token content="it" id="11-20">
                    <pos type="PRP"/>
                    <lemma type="it"/>
                </token>
                <token content="was" id="11-21">
                    <pos type="VBD"/>
                    <lemma type="be"/>
                </token>
                <token content="a" id="11-22">
                    <pos type="DT"/>
                    <lemma type="a"/>
                </token>
                <token content="nice" id="11-23">
                    <pos type="JJ"/>
                    <lemma type="nice"/>
                </token>
                <token content="and" id="11-24"/>
                <token content="peaceful" id="11-25">
                    <pos type="JJ"/>
                    <lemma type="peaceful"/>
                </token>
                <token content="ride" id="11-26">
                    <pos type="NN"/>
                    <lemma type="ride"/>
                    <dep head="11-16" type="advcl"/>
                </token>
                <token content="." id="11-27"/>
            </sentence>
        </sentences>
    </text>
    <annotations>
        <participants>
            <label from="1-3" id="0" name="ScrPart_trip" text="train trip" to="1-4" type="participant"/>
            <label from="1-4" id="1" name="ScrPart_trip" text="trip" type="participant"/>
            <label from="1-5" id="2" name="ScrPart_passenger" text="I" type="participant"/>
            <label from="1-10" id="3" name="Head_of_Partitive" text="couple" type="participant"/>
            <label from="1-12" id="4" name="ScrPart_passenger" text="friends" type="participant"/>
            <label from="1-19" id="5" name="NPart" text="art museum" to="1-20" type="participant"/>
            <label from="1-20" id="6" name="NPart" text="museum" type="participant"/>
            <label from="2-1" id="7" name="ScrPart_passenger" text="We" type="participant"/>
            <label from="2-6" id="8" name="ScrPart_train_station" text="station" type="participant"/>
            <label from="2-8" id="9" name="Head_of_Partitive" text="plenty" type="participant"/>
            <label from="2-10" id="10" name="No_label" text="time" type="participant"/>
            <label from="2-15" id="11" name="ScrPart_passenger" text="we" type="participant"/>
            <label from="2-19" id="12" name="No_label" text="bit" type="participant"/>
            <label from="2-21" id="13" name="ScrPart_passenger" text="we" type="participant"/>
            <label from="3-1" id="14" name="ScrPart_passenger" text="We" type="participant"/>
            <label from="3-5" id="15" name="ScrPart_passenger" text="our" type="participant"/>
            <label from="3-6" id="16" name="ScrPart_card/ticket" text="tickets" type="participant"/>
            <label from="3-9" id="17" name="No_label" text="time" type="participant"/>
            <label from="3-14" id="18" name="No_label" text="things" type="participant"/>
            <label from="4-3" id="19" name="ScrPart_train" text="train" type="participant"/>
            <label from="4-6" id="20" name="ScrPart_passenger" text="we" type="participant"/>
            <label from="4-10" id="21" name="ScrPart_passenger" text="our" type="participant"/>
            <label from="4-11" id="22" name="ScrPart_seat" text="seats" type="participant"/>
            <label from="5-1" id="23" name="ScrPart_passenger" text="We" type="participant"/>
            <label from="5-9" id="24" name="ScrPart_personal_belongings" text="bags" type="participant"/>
            <label from="5-12" id="25" name="ScrPart_passenger" text="we" type="participant"/>
            <label from="5-18" id="26" name="ScrPart_luggage" text="anything" type="participant"/>
            <label from="6-2" id="27" name="ScrPart_train_staff" text="conductor" type="participant"/>
            <label from="6-7" id="28" name="ScrPart_passenger" text="our" type="participant"/>
            <label from="6-8" id="29" name="ScrPart_card/ticket" text="tickets" type="participant"/>
            <label from="6-11" id="30" name="ScrPart_train" text="train" type="participant"/>
            <label from="6-14" id="31" name="ScrPart_train_station" text="station" type="participant"/>
            <label from="7-1" id="32" name="No_label" text="It" type="participant"/>
            <label from="7-5" id="33" name="ScrPart_trip" text="ride" type="participant"/>
            <label from="8-2" id="34" name="ScrPart_seat" text="train seats" to="8-3" type="participant"/>
            <label from="8-2" id="35" name="ScrPart_train" text="train" type="participant"/>
            <label from="8-3" id="36" name="ScrPart_seat" text="seats" type="participant"/>
            <label from="8-9" id="37" name="ScrPart_passenger" text="we" type="participant"/>
            <label from="8-11" id="38" name="No_label" text="time" type="participant"/>
            <label from="8-15" id="39" name="ScrPart_in-train_entertainment" text="games" type="participant"/>
            <label from="8-17" id="40" name="ScrPart_passenger" text="our" type="participant"/>
            <label from="8-18" id="41" name="ScrPart_in-train_entertainment" text="DSs" type="participant"/>
            <label from="8-20" id="42" name="ScrPart_passenger" text="we" type="participant"/>
            <label from="9-1" id="43" name="ScrPart_passenger" text="I" type="participant"/>
            <label from="9-9" id="44" name="ScrPart_in-train_entertainment" text="scenery" type="participant"/>
            <label from="9-12" id="45" name="ScrPart_passenger" text="we" type="participant"/>
            <label from="9-17" id="46" name="NPart" text="city" type="participant"/>
            <label from="10-3" id="47" name="ScrPart_in-train_entertainment" text="trees" type="participant"/>
            <label from="10-5" id="48" name="ScrPart_in-train_entertainment" text="landscapes" type="participant"/>
            <label from="10-8" id="49" name="ScrPart_in-train_entertainment" text="them" type="participant"/>
            <label from="10-12" id="50" name="NPart" text="fun" type="participant"/>
            <label from="11-1" id="51" name="No_label" text="Plus" type="participant"/>
            <label from="11-9" id="52" name="ScrPart_passenger" text="people" type="participant"/>
            <label from="11-12" id="53" name="ScrPart_coach" text="train car" to="11-13" type="participant"/>
            <label from="11-13" id="54" name="ScrPart_coach" text="car" type="participant"/>
            <label from="11-15" id="55" name="ScrPart_passenger" text="we" type="participant"/>
            <label from="11-20" id="56" name="No_label" text="it" type="participant"/>
            <label from="11-26" id="57" name="ScrPart_trip" text="ride" type="participant"/>
        </participants>
        <events>
            <label from="1-3" id="58" name="Evoking" text="train trip I took" to="1-6" type="event"/>
            <label from="1-14" id="59" name="UnrelEv" text="go" type="event"/>
            <label from="1-16" id="60" name="UnrelEv" text="check out" to="1-17" type="event"/>
            <label from="1-16" id="61" name="UnrelEv" text="check" type="event"/>
            <label from="1-22" id="62" name="UnrelEv" text="was" type="event"/>
            <label from="2-2" id="63" name="RelNScrEv" text="met up" to="2-3" type="event"/>
            <label from="2-2" id="64" name="RelNScrEv" text="met" type="event"/>
            <label from="2-12" id="65" name="UnrelEv" text="spare" type="event"/>
            <label from="2-16" id="66" name="RelNScrEv" text="chatted" type="event"/>
            <label from="2-22" id="67" name="ScrEv_wait" text="waited" type="event"/>
            <label from="3-4" id="68" name="ScrEv_get_tickets" text="purchased" type="event"/>
            <label from="3-13" id="69" name="UnrelEv" text="make" type="event"/>
            <label from="4-4" id="70" name="ScrEv_train_arrives" text="arrived" type="event"/>
            <label from="4-7" id="71" name="ScrEv_get_on" text="boarded" type="event"/>
            <label from="4-9" id="72" name="ScrEv_find_place" text="found" type="event"/>
            <label from="5-4" id="73" name="RelNScrEv" text="bring" type="event"/>
            <label from="5-17" id="74" name="ScrEv_other" text="stow" type="event"/>
            <label from="6-3" id="75" name="ScrEv_conductor_checks" text="came" type="event"/>
            <label from="6-6" id="76" name="ScrEv_conductor_checks" text="checked" type="event"/>
            <label from="6-12" id="77" name="ScrEv_train_departs" text="left" type="event"/>
            <label from="7-2" id="78" name="UnrelEv" text="was" type="event"/>
            <label from="7-5" id="79" name="Evoking" text="ride" type="event"/>
            <label from="8-4" id="80" name="UnrelEv" text="are" type="event"/>
            <label from="8-10" id="81" name="UnrelEv" text="had" type="event"/>
            <label from="8-13" id="82" name="ScrEv_spend_time_train" text="play" type="event"/>
            <label from="8-21" id="83" name="RelNScrEv" text="rode" type="event"/>
            <label from="9-5" id="84" name="ScrEv_spend_time_train" text="watch" type="event"/>
            <label from="9-13" id="85" name="RelNScrEv" text="got out" to="9-14" type="event"/>
            <label from="9-13" id="86" name="RelNScrEv" text="got" type="event"/>
            <label from="10-1" id="87" name="RelNScrEv" text="Going by" to="10-2" type="event"/>
            <label from="10-1" id="88" name="RelNScrEv" text="Going" type="event"/>
            <label from="10-7" id="89" name="ScrEv_spend_time_train" text="watching" type="event"/>
            <label from="10-10" id="90" name="UnrelEv" text="is" type="event"/>
            <label from="11-4" id="91" name="RelNScrEv" text="were" type="event"/>
            <label from="11-16" id="92" name="UnrelEv" text="were" type="event"/>
            <label from="11-21" id="93" name="UnrelEv" text="was" type="event"/>
            <label from="11-26" id="94" name="Evoking" text="ride" type="event"/>
        </events>
        <chains>
            <chain elements="2 7 4" name="group_I_friends"/>
            <chain elements="7 11 13 14 15 20 21 23 25 28 37 40 42 45 55"/>
            <chain elements="16 29"/>
            <chain elements="19 30"/>
            <chain elements="8 31"/>
            <chain elements="2 43"/>
            <chain elements="1 33 57"/>
            <chain elements="47 49 48" name="group_trees_landscapes"/>
        </chains>
    </annotations>
</story>
