<?xml version="1.0" encoding="UTF-8" standalone="no"?>
<!DOCTYPE story SYSTEM "../InScript.dtd">
<story id="052" scenario="train">
    <text>
        <content>As I hung the phone with my friend , I was very excited . 
I was going to visit her today , and I would get to travel by train . 
I called for a taxi , then quickly packed up a day bag with a few things I would need . 
As the taxi took me to the train station , I realized I had not traveled by train in many years , and wondered what might have changed . 
As soon as I arrived , it was obvious . 
Now you didnt have to wait in line to buy tickets from a person , but instead from a machine . 
I found one that was unused , and stepped up to read the directions . 
I thought this was very confusing , until a station employee stopped and explained the process to me . 
Soon I had my ticket , and was walking to line where I would await the train 's arrival . 
If was not far , and there was even an empty bench seat . 
Soon the train arrived and I stepped up into the car printed on my ticket , and found my seat . 
After the train was in motion , a conductor came by to check and punch my ticket . 
He smiled , and told me to have a good trip . </content>
        <sentences>
            <sentence id="1">
                <token content="As" id="1-1">
                    <pos type="IN"/>
                    <lemma type="as"/>
                    <dep head="1-3" type="mark"/>
                </token>
                <token content="I" id="1-2">
                    <pos type="PRP"/>
                    <lemma type="I"/>
                    <dep head="1-3" type="nsubj"/>
                </token>
                <token content="hung" id="1-3">
                    <pos type="VBD"/>
                    <lemma type="hang"/>
                </token>
                <token content="the" id="1-4">
                    <pos type="DT"/>
                    <lemma type="the"/>
                </token>
                <token content="phone" id="1-5">
                    <pos type="NN"/>
                    <lemma type="phone"/>
                    <dep head="1-3" type="dobj"/>
                </token>
                <token content="with" id="1-6"/>
                <token content="my" id="1-7">
                    <pos type="PRP$"/>
                    <lemma type="my"/>
                </token>
                <token content="friend" id="1-8">
                    <pos type="NN"/>
                    <lemma type="friend"/>
                    <dep head="1-3" type="prep"/>
                </token>
                <token content="," id="1-9"/>
                <token content="I" id="1-10">
                    <pos type="PRP"/>
                    <lemma type="I"/>
                </token>
                <token content="was" id="1-11">
                    <pos type="VBD"/>
                    <lemma type="be"/>
                </token>
                <token content="very" id="1-12">
                    <pos type="RB"/>
                    <lemma type="very"/>
                </token>
                <token content="excited" id="1-13">
                    <pos type="JJ"/>
                    <lemma type="excited"/>
                </token>
                <token content="." id="1-14"/>
            </sentence>
            <sentence id="2">
                <token content="I" id="2-1">
                    <pos type="PRP"/>
                    <lemma type="I"/>
                    <dep head="2-3" type="nsubj"/>
                </token>
                <token content="was" id="2-2">
                    <pos type="VBD"/>
                    <lemma type="be"/>
                    <dep head="2-3" type="aux"/>
                </token>
                <token content="going" id="2-3">
                    <pos type="VBG"/>
                    <lemma type="go"/>
                </token>
                <token content="to" id="2-4">
                    <pos type="TO"/>
                    <lemma type="to"/>
                    <dep head="2-5" type="aux"/>
                </token>
                <token content="visit" id="2-5">
                    <pos type="VB"/>
                    <lemma type="visit"/>
                    <dep head="2-3" type="xcomp"/>
                </token>
                <token content="her" id="2-6">
                    <pos type="PRP$"/>
                    <lemma type="she"/>
                </token>
                <token content="today" id="2-7">
                    <pos type="NN"/>
                    <lemma type="today"/>
                    <dep head="2-5" type="tmod"/>
                </token>
                <token content="," id="2-8"/>
                <token content="and" id="2-9"/>
                <token content="I" id="2-10">
                    <pos type="PRP"/>
                    <lemma type="I"/>
                    <dep head="2-12" type="nsubj"/>
                </token>
                <token content="would" id="2-11">
                    <pos type="MD"/>
                    <lemma type="would"/>
                    <dep head="2-12" type="aux"/>
                </token>
                <token content="get" id="2-12">
                    <pos type="VB"/>
                    <lemma type="get"/>
                    <dep head="2-3" type="conj"/>
                </token>
                <token content="to" id="2-13">
                    <pos type="TO"/>
                    <lemma type="to"/>
                    <dep head="2-14" type="aux"/>
                </token>
                <token content="travel" id="2-14">
                    <pos type="VB"/>
                    <lemma type="travel"/>
                    <dep head="2-12" type="xcomp"/>
                </token>
                <token content="by" id="2-15"/>
                <token content="train" id="2-16">
                    <pos type="NN"/>
                    <lemma type="train"/>
                    <dep head="2-14" type="prep"/>
                </token>
                <token content="." id="2-17"/>
            </sentence>
            <sentence id="3">
                <token content="I" id="3-1">
                    <pos type="PRP"/>
                    <lemma type="I"/>
                    <dep head="3-2" type="nsubj"/>
                </token>
                <token content="called" id="3-2">
                    <pos type="VBD"/>
                    <lemma type="call"/>
                    <dep head="3-9" type="ccomp"/>
                </token>
                <token content="for" id="3-3"/>
                <token content="a" id="3-4">
                    <pos type="DT"/>
                    <lemma type="a"/>
                </token>
                <token content="taxi" id="3-5">
                    <pos type="NN"/>
                    <lemma type="taxi"/>
                    <dep head="3-2" type="prep"/>
                </token>
                <token content="," id="3-6"/>
                <token content="then" id="3-7">
                    <pos type="RB"/>
                    <lemma type="then"/>
                    <dep head="3-9" type="advmod"/>
                </token>
                <token content="quickly" id="3-8">
                    <pos type="RB"/>
                    <lemma type="quickly"/>
                    <dep head="3-9" type="advmod"/>
                </token>
                <token content="packed" id="3-9">
                    <pos type="VBD"/>
                    <lemma type="pack"/>
                </token>
                <token content="up" id="3-10">
                    <pos type="RP"/>
                    <lemma type="up"/>
                    <dep head="3-9" type="prt"/>
                </token>
                <token content="a" id="3-11">
                    <pos type="DT"/>
                    <lemma type="a"/>
                </token>
                <token content="day" id="3-12">
                    <pos type="NN"/>
                    <lemma type="day"/>
                </token>
                <token content="bag" id="3-13">
                    <pos type="NN"/>
                    <lemma type="bag"/>
                    <dep head="3-9" type="nsubj"/>
                </token>
                <token content="with" id="3-14"/>
                <token content="a" id="3-15">
                    <pos type="DT"/>
                    <lemma type="a"/>
                </token>
                <token content="few" id="3-16">
                    <pos type="JJ"/>
                    <lemma type="few"/>
                </token>
                <token content="things" id="3-17">
                    <pos type="NNS"/>
                    <lemma type="thing"/>
                </token>
                <token content="I" id="3-18">
                    <pos type="PRP"/>
                    <lemma type="I"/>
                    <dep head="3-20" type="nsubj"/>
                </token>
                <token content="would" id="3-19">
                    <pos type="MD"/>
                    <lemma type="would"/>
                    <dep head="3-20" type="aux"/>
                </token>
                <token content="need" id="3-20">
                    <pos type="VB"/>
                    <lemma type="need"/>
                </token>
                <token content="." id="3-21"/>
            </sentence>
            <sentence id="4">
                <token content="As" id="4-1">
                    <pos type="IN"/>
                    <lemma type="as"/>
                    <dep head="4-4" type="mark"/>
                </token>
                <token content="the" id="4-2">
                    <pos type="DT"/>
                    <lemma type="the"/>
                </token>
                <token content="taxi" id="4-3">
                    <pos type="NN"/>
                    <lemma type="taxi"/>
                    <dep head="4-4" type="nsubj"/>
                </token>
                <token content="took" id="4-4">
                    <pos type="VBD"/>
                    <lemma type="take"/>
                    <dep head="4-12" type="advcl"/>
                </token>
                <token content="me" id="4-5">
                    <pos type="PRP"/>
                    <lemma type="I"/>
                    <dep head="4-4" type="dobj"/>
                </token>
                <token content="to" id="4-6"/>
                <token content="the" id="4-7">
                    <pos type="DT"/>
                    <lemma type="the"/>
                </token>
                <token content="train" id="4-8">
                    <pos type="NN"/>
                    <lemma type="train"/>
                </token>
                <token content="station" id="4-9">
                    <pos type="NN"/>
                    <lemma type="station"/>
                    <dep head="4-4" type="prep"/>
                </token>
                <token content="," id="4-10"/>
                <token content="I" id="4-11">
                    <pos type="PRP"/>
                    <lemma type="I"/>
                    <dep head="4-12" type="nsubj"/>
                </token>
                <token content="realized" id="4-12">
                    <pos type="VBD"/>
                    <lemma type="realize"/>
                </token>
                <token content="I" id="4-13">
                    <pos type="PRP"/>
                    <lemma type="I"/>
                    <dep head="4-16" type="nsubj"/>
                </token>
                <token content="had" id="4-14">
                    <pos type="VBD"/>
                    <lemma type="have"/>
                    <dep head="4-16" type="aux"/>
                </token>
                <token content="not" id="4-15">
                    <pos type="RB"/>
                    <lemma type="not"/>
                    <dep head="4-16" type="neg"/>
                </token>
                <token content="traveled" id="4-16">
                    <pos type="VBN"/>
                    <lemma type="travel"/>
                    <dep head="4-12" type="ccomp"/>
                </token>
                <token content="by" id="4-17"/>
                <token content="train" id="4-18">
                    <pos type="NN"/>
                    <lemma type="train"/>
                    <dep head="4-16" type="prep"/>
                </token>
                <token content="in" id="4-19"/>
                <token content="many" id="4-20">
                    <pos type="JJ"/>
                    <lemma type="many"/>
                </token>
                <token content="years" id="4-21">
                    <pos type="NNS"/>
                    <lemma type="year"/>
                </token>
                <token content="," id="4-22"/>
                <token content="and" id="4-23"/>
                <token content="wondered" id="4-24">
                    <pos type="VBD"/>
                    <lemma type="wonder"/>
                    <dep head="4-16" type="conj"/>
                </token>
                <token content="what" id="4-25">
                    <pos type="WP"/>
                    <lemma type="what"/>
                    <dep head="4-28" type="nsubj"/>
                </token>
                <token content="might" id="4-26">
                    <pos type="MD"/>
                    <lemma type="might"/>
                    <dep head="4-28" type="aux"/>
                </token>
                <token content="have" id="4-27">
                    <pos type="VB"/>
                    <lemma type="have"/>
                    <dep head="4-28" type="aux"/>
                </token>
                <token content="changed" id="4-28">
                    <pos type="VBN"/>
                    <lemma type="change"/>
                    <dep head="4-24" type="ccomp"/>
                </token>
                <token content="." id="4-29"/>
            </sentence>
            <sentence id="5">
                <token content="As" id="5-1">
                    <pos type="RB"/>
                    <lemma type="as"/>
                </token>
                <token content="soon" id="5-2">
                    <pos type="RB"/>
                    <lemma type="soon"/>
                </token>
                <token content="as" id="5-3">
                    <pos type="IN"/>
                    <lemma type="as"/>
                    <dep head="5-5" type="mark"/>
                </token>
                <token content="I" id="5-4">
                    <pos type="PRP"/>
                    <lemma type="I"/>
                    <dep head="5-5" type="nsubj"/>
                </token>
                <token content="arrived" id="5-5">
                    <pos type="VBD"/>
                    <lemma type="arrive"/>
                </token>
                <token content="," id="5-6"/>
                <token content="it" id="5-7">
                    <pos type="PRP"/>
                    <lemma type="it"/>
                </token>
                <token content="was" id="5-8">
                    <pos type="VBD"/>
                    <lemma type="be"/>
                </token>
                <token content="obvious" id="5-9">
                    <pos type="JJ"/>
                    <lemma type="obvious"/>
                </token>
                <token content="." id="5-10"/>
            </sentence>
            <sentence id="6">
                <token content="Now" id="6-1">
                    <pos type="RB"/>
                    <lemma type="now"/>
                    <dep head="6-3" type="advmod"/>
                </token>
                <token content="you" id="6-2">
                    <pos type="PRP"/>
                    <lemma type="you"/>
                    <dep head="6-3" type="nsubj"/>
                </token>
                <token content="didnt" id="6-3">
                    <pos type="VBP"/>
                    <lemma type="didnt"/>
                </token>
                <token content="have" id="6-4">
                    <pos type="VB"/>
                    <lemma type="have"/>
                    <dep head="6-3" type="xcomp"/>
                </token>
                <token content="to" id="6-5">
                    <pos type="TO"/>
                    <lemma type="to"/>
                    <dep head="6-6" type="aux"/>
                </token>
                <token content="wait" id="6-6">
                    <pos type="VB"/>
                    <lemma type="wait"/>
                    <dep head="6-4" type="xcomp"/>
                </token>
                <token content="in" id="6-7"/>
                <token content="line" id="6-8">
                    <pos type="NN"/>
                    <lemma type="line"/>
                    <dep head="6-6" type="prep"/>
                </token>
                <token content="to" id="6-9">
                    <pos type="TO"/>
                    <lemma type="to"/>
                    <dep head="6-10" type="aux"/>
                </token>
                <token content="buy" id="6-10">
                    <pos type="VB"/>
                    <lemma type="buy"/>
                    <dep head="6-4" type="xcomp"/>
                </token>
                <token content="tickets" id="6-11">
                    <pos type="NNS"/>
                    <lemma type="ticket"/>
                    <dep head="6-10" type="dobj"/>
                </token>
                <token content="from" id="6-12">
                    <pos type="IN"/>
                    <lemma type="from"/>
                    <dep head="6-10" type="prep"/>
                </token>
                <token content="a" id="6-13">
                    <pos type="DT"/>
                    <lemma type="a"/>
                </token>
                <token content="person" id="6-14">
                    <pos type="NN"/>
                    <lemma type="person"/>
                </token>
                <token content="," id="6-15"/>
                <token content="but" id="6-16"/>
                <token content="instead" id="6-17">
                    <pos type="RB"/>
                    <lemma type="instead"/>
                </token>
                <token content="from" id="6-18">
                    <pos type="IN"/>
                    <lemma type="from"/>
                </token>
                <token content="a" id="6-19">
                    <pos type="DT"/>
                    <lemma type="a"/>
                </token>
                <token content="machine" id="6-20">
                    <pos type="NN"/>
                    <lemma type="machine"/>
                </token>
                <token content="." id="6-21"/>
            </sentence>
            <sentence id="7">
                <token content="I" id="7-1">
                    <pos type="PRP"/>
                    <lemma type="I"/>
                    <dep head="7-2" type="nsubj"/>
                </token>
                <token content="found" id="7-2">
                    <pos type="VBD"/>
                    <lemma type="find"/>
                </token>
                <token content="one" id="7-3">
                    <pos type="CD"/>
                    <lemma type="one"/>
                    <dep head="7-2" type="dobj"/>
                </token>
                <token content="that" id="7-4">
                    <pos type="WDT"/>
                    <lemma type="that"/>
                </token>
                <token content="was" id="7-5">
                    <pos type="VBD"/>
                    <lemma type="be"/>
                </token>
                <token content="unused" id="7-6">
                    <pos type="JJ"/>
                    <lemma type="unused"/>
                </token>
                <token content="," id="7-7"/>
                <token content="and" id="7-8"/>
                <token content="stepped" id="7-9">
                    <pos type="VBD"/>
                    <lemma type="step"/>
                    <dep head="7-2" type="conj"/>
                </token>
                <token content="up" id="7-10">
                    <pos type="RP"/>
                    <lemma type="up"/>
                    <dep head="7-9" type="prt"/>
                </token>
                <token content="to" id="7-11">
                    <pos type="TO"/>
                    <lemma type="to"/>
                    <dep head="7-12" type="aux"/>
                </token>
                <token content="read" id="7-12">
                    <pos type="VB"/>
                    <lemma type="read"/>
                    <dep head="7-9" type="xcomp"/>
                </token>
                <token content="the" id="7-13">
                    <pos type="DT"/>
                    <lemma type="the"/>
                </token>
                <token content="directions" id="7-14">
                    <pos type="NNS"/>
                    <lemma type="direction"/>
                    <dep head="7-12" type="dobj"/>
                </token>
                <token content="." id="7-15"/>
            </sentence>
            <sentence id="8">
                <token content="I" id="8-1">
                    <pos type="PRP"/>
                    <lemma type="I"/>
                    <dep head="8-2" type="nsubj"/>
                </token>
                <token content="thought" id="8-2">
                    <pos type="VBD"/>
                    <lemma type="think"/>
                </token>
                <token content="this" id="8-3">
                    <pos type="DT"/>
                    <lemma type="this"/>
                </token>
                <token content="was" id="8-4">
                    <pos type="VBD"/>
                    <lemma type="be"/>
                </token>
                <token content="very" id="8-5">
                    <pos type="RB"/>
                    <lemma type="very"/>
                </token>
                <token content="confusing" id="8-6">
                    <pos type="JJ"/>
                    <lemma type="confusing"/>
                    <dep head="8-2" type="ccomp"/>
                </token>
                <token content="," id="8-7"/>
                <token content="until" id="8-8">
                    <pos type="IN"/>
                    <lemma type="until"/>
                    <dep head="8-12" type="mark"/>
                </token>
                <token content="a" id="8-9">
                    <pos type="DT"/>
                    <lemma type="a"/>
                </token>
                <token content="station" id="8-10">
                    <pos type="NN"/>
                    <lemma type="station"/>
                </token>
                <token content="employee" id="8-11">
                    <pos type="NN"/>
                    <lemma type="employee"/>
                    <dep head="8-12" type="nsubj"/>
                </token>
                <token content="stopped" id="8-12">
                    <pos type="VBD"/>
                    <lemma type="stop"/>
                </token>
                <token content="and" id="8-13"/>
                <token content="explained" id="8-14">
                    <pos type="VBD"/>
                    <lemma type="explain"/>
                    <dep head="8-12" type="conj"/>
                </token>
                <token content="the" id="8-15">
                    <pos type="DT"/>
                    <lemma type="the"/>
                </token>
                <token content="process" id="8-16">
                    <pos type="NN"/>
                    <lemma type="process"/>
                    <dep head="8-14" type="dobj"/>
                </token>
                <token content="to" id="8-17"/>
                <token content="me" id="8-18">
                    <pos type="PRP"/>
                    <lemma type="I"/>
                    <dep head="8-14" type="prep"/>
                </token>
                <token content="." id="8-19"/>
            </sentence>
            <sentence id="9">
                <token content="Soon" id="9-1">
                    <pos type="RB"/>
                    <lemma type="soon"/>
                    <dep head="9-3" type="advmod"/>
                </token>
                <token content="I" id="9-2">
                    <pos type="PRP"/>
                    <lemma type="I"/>
                    <dep head="9-3" type="nsubj"/>
                </token>
                <token content="had" id="9-3">
                    <pos type="VBD"/>
                    <lemma type="have"/>
                </token>
                <token content="my" id="9-4">
                    <pos type="PRP$"/>
                    <lemma type="my"/>
                </token>
                <token content="ticket" id="9-5">
                    <pos type="NN"/>
                    <lemma type="ticket"/>
                    <dep head="9-3" type="dobj"/>
                </token>
                <token content="," id="9-6"/>
                <token content="and" id="9-7"/>
                <token content="was" id="9-8">
                    <pos type="VBD"/>
                    <lemma type="be"/>
                    <dep head="9-9" type="aux"/>
                </token>
                <token content="walking" id="9-9">
                    <pos type="VBG"/>
                    <lemma type="walk"/>
                    <dep head="9-3" type="conj"/>
                </token>
                <token content="to" id="9-10">
                    <pos type="TO"/>
                    <lemma type="to"/>
                    <dep head="9-11" type="aux"/>
                </token>
                <token content="line" id="9-11">
                    <pos type="VB"/>
                    <lemma type="line"/>
                    <dep head="9-9" type="xcomp"/>
                </token>
                <token content="where" id="9-12">
                    <pos type="WRB"/>
                    <lemma type="where"/>
                    <dep head="9-15" type="advmod"/>
                </token>
                <token content="I" id="9-13">
                    <pos type="PRP"/>
                    <lemma type="I"/>
                    <dep head="9-15" type="nsubj"/>
                </token>
                <token content="would" id="9-14">
                    <pos type="MD"/>
                    <lemma type="would"/>
                    <dep head="9-15" type="aux"/>
                </token>
                <token content="await" id="9-15">
                    <pos type="VB"/>
                    <lemma type="await"/>
                    <dep head="9-11" type="advcl"/>
                </token>
                <token content="the" id="9-16">
                    <pos type="DT"/>
                    <lemma type="the"/>
                </token>
                <token content="train" id="9-17">
                    <pos type="NN"/>
                    <lemma type="train"/>
                </token>
                <token content="'s" id="9-18"/>
                <token content="arrival" id="9-19">
                    <pos type="NN"/>
                    <lemma type="arrival"/>
                    <dep head="9-15" type="dobj"/>
                </token>
                <token content="." id="9-20"/>
            </sentence>
            <sentence id="10">
                <token content="If" id="10-1">
                    <pos type="IN"/>
                    <lemma type="if"/>
                    <dep head="10-2" type="mark"/>
                </token>
                <token content="was" id="10-2">
                    <pos type="VBD"/>
                    <lemma type="be"/>
                </token>
                <token content="not" id="10-3">
                    <pos type="RB"/>
                    <lemma type="not"/>
                </token>
                <token content="far" id="10-4">
                    <pos type="RB"/>
                    <lemma type="far"/>
                    <dep head="10-2" type="advmod"/>
                </token>
                <token content="," id="10-5"/>
                <token content="and" id="10-6"/>
                <token content="there" id="10-7">
                    <pos type="RB"/>
                    <lemma type="there"/>
                </token>
                <token content="was" id="10-8">
                    <pos type="VBD"/>
                    <lemma type="be"/>
                </token>
                <token content="even" id="10-9">
                    <pos type="RB"/>
                    <lemma type="even"/>
                </token>
                <token content="an" id="10-10">
                    <pos type="DT"/>
                    <lemma type="a"/>
                </token>
                <token content="empty" id="10-11">
                    <pos type="JJ"/>
                    <lemma type="empty"/>
                </token>
                <token content="bench" id="10-12">
                    <pos type="NN"/>
                    <lemma type="bench"/>
                </token>
                <token content="seat" id="10-13">
                    <pos type="NN"/>
                    <lemma type="seat"/>
                </token>
                <token content="." id="10-14"/>
            </sentence>
            <sentence id="11">
                <token content="Soon" id="11-1">
                    <pos type="RB"/>
                    <lemma type="soon"/>
                    <dep head="11-4" type="advmod"/>
                </token>
                <token content="the" id="11-2">
                    <pos type="DT"/>
                    <lemma type="the"/>
                </token>
                <token content="train" id="11-3">
                    <pos type="NN"/>
                    <lemma type="train"/>
                    <dep head="11-4" type="nsubj"/>
                </token>
                <token content="arrived" id="11-4">
                    <pos type="VBD"/>
                    <lemma type="arrive"/>
                </token>
                <token content="and" id="11-5"/>
                <token content="I" id="11-6">
                    <pos type="PRP"/>
                    <lemma type="I"/>
                    <dep head="11-7" type="nsubj"/>
                </token>
                <token content="stepped" id="11-7">
                    <pos type="VBD"/>
                    <lemma type="step"/>
                    <dep head="11-4" type="conj"/>
                </token>
                <token content="up" id="11-8">
                    <pos type="RP"/>
                    <lemma type="up"/>
                    <dep head="11-7" type="prt"/>
                </token>
                <token content="into" id="11-9"/>
                <token content="the" id="11-10">
                    <pos type="DT"/>
                    <lemma type="the"/>
                </token>
                <token content="car" id="11-11">
                    <pos type="NN"/>
                    <lemma type="car"/>
                    <dep head="11-7" type="prep"/>
                </token>
                <token content="printed" id="11-12">
                    <pos type="VBN"/>
                    <lemma type="print"/>
                </token>
                <token content="on" id="11-13"/>
                <token content="my" id="11-14">
                    <pos type="PRP$"/>
                    <lemma type="my"/>
                </token>
                <token content="ticket" id="11-15">
                    <pos type="NN"/>
                    <lemma type="ticket"/>
                    <dep head="11-12" type="prep"/>
                </token>
                <token content="," id="11-16"/>
                <token content="and" id="11-17"/>
                <token content="found" id="11-18">
                    <pos type="VBD"/>
                    <lemma type="find"/>
                    <dep head="11-7" type="conj"/>
                </token>
                <token content="my" id="11-19">
                    <pos type="PRP$"/>
                    <lemma type="my"/>
                </token>
                <token content="seat" id="11-20">
                    <pos type="NN"/>
                    <lemma type="seat"/>
                    <dep head="11-18" type="dobj"/>
                </token>
                <token content="." id="11-21"/>
            </sentence>
            <sentence id="12">
                <token content="After" id="12-1">
                    <pos type="IN"/>
                    <lemma type="after"/>
                    <dep head="12-4" type="mark"/>
                </token>
                <token content="the" id="12-2">
                    <pos type="DT"/>
                    <lemma type="the"/>
                </token>
                <token content="train" id="12-3">
                    <pos type="NN"/>
                    <lemma type="train"/>
                    <dep head="12-4" type="nsubj"/>
                </token>
                <token content="was" id="12-4">
                    <pos type="VBD"/>
                    <lemma type="be"/>
                    <dep head="12-10" type="advcl"/>
                </token>
                <token content="in" id="12-5"/>
                <token content="motion" id="12-6">
                    <pos type="NN"/>
                    <lemma type="motion"/>
                    <dep head="12-4" type="prep"/>
                </token>
                <token content="," id="12-7"/>
                <token content="a" id="12-8">
                    <pos type="DT"/>
                    <lemma type="a"/>
                </token>
                <token content="conductor" id="12-9">
                    <pos type="NN"/>
                    <lemma type="conductor"/>
                    <dep head="12-10" type="nsubj"/>
                </token>
                <token content="came" id="12-10">
                    <pos type="VBD"/>
                    <lemma type="come"/>
                </token>
                <token content="by" id="12-11">
                    <pos type="RP"/>
                    <lemma type="by"/>
                    <dep head="12-10" type="prt"/>
                </token>
                <token content="to" id="12-12">
                    <pos type="TO"/>
                    <lemma type="to"/>
                    <dep head="12-13" type="aux"/>
                </token>
                <token content="check" id="12-13">
                    <pos type="VB"/>
                    <lemma type="check"/>
                    <dep head="12-10" type="xcomp"/>
                </token>
                <token content="and" id="12-14"/>
                <token content="punch" id="12-15">
                    <pos type="VB"/>
                    <lemma type="punch"/>
                    <dep head="12-13" type="conj"/>
                </token>
                <token content="my" id="12-16">
                    <pos type="PRP$"/>
                    <lemma type="my"/>
                </token>
                <token content="ticket" id="12-17">
                    <pos type="NN"/>
                    <lemma type="ticket"/>
                    <dep head="12-13" type="dobj"/>
                </token>
                <token content="." id="12-18"/>
            </sentence>
            <sentence id="13">
                <token content="He" id="13-1">
                    <pos type="PRP"/>
                    <lemma type="he"/>
                    <dep head="13-2" type="nsubj"/>
                </token>
                <token content="smiled" id="13-2">
                    <pos type="VBD"/>
                    <lemma type="smile"/>
                </token>
                <token content="," id="13-3"/>
                <token content="and" id="13-4"/>
                <token content="told" id="13-5">
                    <pos type="VBD"/>
                    <lemma type="tell"/>
                    <dep head="13-2" type="conj"/>
                </token>
                <token content="me" id="13-6">
                    <pos type="PRP"/>
                    <lemma type="I"/>
                    <dep head="13-5" type="dobj"/>
                </token>
                <token content="to" id="13-7">
                    <pos type="TO"/>
                    <lemma type="to"/>
                    <dep head="13-8" type="aux"/>
                </token>
                <token content="have" id="13-8">
                    <pos type="VB"/>
                    <lemma type="have"/>
                    <dep head="13-5" type="xcomp"/>
                </token>
                <token content="a" id="13-9">
                    <pos type="DT"/>
                    <lemma type="a"/>
                </token>
                <token content="good" id="13-10">
                    <pos type="JJ"/>
                    <lemma type="good"/>
                </token>
                <token content="trip" id="13-11">
                    <pos type="NN"/>
                    <lemma type="trip"/>
                    <dep head="13-8" type="dobj"/>
                </token>
                <token content="." id="13-12"/>
            </sentence>
        </sentences>
    </text>
    <annotations>
        <participants>
            <label from="1-2" id="0" name="ScrPart_passenger" text="I" type="participant"/>
            <label from="1-5" id="1" name="NPart" text="phone" type="participant"/>
            <label from="1-7" id="2" name="ScrPart_passenger" text="my" type="participant"/>
            <label from="1-8" id="3" name="NPart" text="friend" type="participant"/>
            <label from="1-10" id="4" name="ScrPart_passenger" text="I" type="participant"/>
            <label from="2-1" id="5" name="ScrPart_passenger" text="I" type="participant"/>
            <label from="2-6" id="6" name="NPart" text="her" type="participant"/>
            <label from="2-7" id="7" name="No_label" text="today" type="participant"/>
            <label from="2-10" id="8" name="ScrPart_passenger" text="I" type="participant"/>
            <label from="2-16" id="9" name="ScrPart_train" text="train" type="participant"/>
            <label from="3-1" id="10" name="ScrPart_passenger" text="I" type="participant"/>
            <label from="3-5" id="11" name="NPart" text="taxi" type="participant"/>
            <label from="3-12" id="12" name="NPart" text="day bag" to="3-13" type="participant"/>
            <label from="3-13" id="13" name="NPart" text="bag" type="participant"/>
            <label from="3-17" id="14" name="NPart" text="things" type="participant"/>
            <label from="3-18" id="15" name="ScrPart_passenger" text="I" type="participant"/>
            <label from="4-3" id="16" name="NPart" text="taxi" type="participant"/>
            <label from="4-5" id="17" name="ScrPart_passenger" text="me" type="participant"/>
            <label from="4-8" id="18" name="ScrPart_train_station" text="train station" to="4-9" type="participant"/>
            <label from="4-9" id="19" name="ScrPart_train_station" text="station" type="participant"/>
            <label from="4-11" id="20" name="ScrPart_passenger" text="I" type="participant"/>
            <label from="4-13" id="21" name="ScrPart_passenger" text="I" type="participant"/>
            <label from="4-18" id="22" name="ScrPart_train" text="train" type="participant"/>
            <label from="4-21" id="23" name="NPart" text="years" type="participant"/>
            <label from="5-4" id="24" name="ScrPart_passenger" text="I" type="participant"/>
            <label from="5-7" id="25" name="No_label" text="it" type="participant"/>
            <label from="6-2" id="26" name="ScrPart_passenger" text="you" type="participant"/>
            <label from="6-8" id="27" name="SuppVComp" text="line" type="participant"/>
            <label from="6-11" id="28" name="ScrPart_card/ticket" text="tickets" type="participant"/>
            <label from="6-14" id="29" name="NPart" text="person" type="participant"/>
            <label from="6-20" id="30" name="ScrPart_other" text="machine" type="participant"/>
            <label from="7-1" id="31" name="ScrPart_passenger" text="I" type="participant"/>
            <label from="7-3" id="32" name="ScrPart_other" text="one" type="participant"/>
            <label from="7-14" id="33" name="NPart" text="directions" type="participant"/>
            <label from="8-1" id="34" name="ScrPart_passenger" text="I" type="participant"/>
            <label from="8-10" id="35" name="ScrPart_train_staff" text="station employee" to="8-11" type="participant"/>
            <label from="8-11" id="36" name="ScrPart_train_staff" text="employee" type="participant"/>
            <label from="8-16" id="37" name="NPart" text="process" type="participant"/>
            <label from="8-18" id="38" name="ScrPart_passenger" text="me" type="participant"/>
            <label from="9-2" id="39" name="ScrPart_passenger" text="I" type="participant"/>
            <label from="9-4" id="40" name="ScrPart_passenger" text="my" type="participant"/>
            <label from="9-5" id="41" name="ScrPart_card/ticket" text="ticket" type="participant"/>
            <label from="9-11" id="42" name="ScrPart_line" text="line" type="participant"/>
            <label from="9-13" id="43" name="ScrPart_passenger" text="I" type="participant"/>
            <label from="9-17" id="44" name="ScrPart_train" text="train" type="participant"/>
            <label from="9-19" id="45" name="ScrPart_other" text="arrival" type="participant"/>
            <label from="10-12" id="46" name="NPart" text="bench seat" to="10-13" type="participant"/>
            <label from="10-13" id="47" name="NPart" text="seat" type="participant"/>
            <label from="11-3" id="48" name="ScrPart_train" text="train" type="participant"/>
            <label from="11-6" id="49" name="ScrPart_passenger" text="I" type="participant"/>
            <label from="11-11" id="50" name="ScrPart_coach" text="car" type="participant"/>
            <label from="11-14" id="51" name="ScrPart_passenger" text="my" type="participant"/>
            <label from="11-15" id="52" name="ScrPart_card/ticket" text="ticket" type="participant"/>
            <label from="11-19" id="53" name="ScrPart_passenger" text="my" type="participant"/>
            <label from="11-20" id="54" name="ScrPart_seat" text="seat" type="participant"/>
            <label from="12-3" id="55" name="ScrPart_train" text="train" type="participant"/>
            <label from="12-6" id="56" name="SuppVComp" text="motion" type="participant"/>
            <label from="12-9" id="57" name="ScrPart_train_staff" text="conductor" type="participant"/>
            <label from="12-16" id="58" name="ScrPart_passenger" text="my" type="participant"/>
            <label from="12-17" id="59" name="ScrPart_card/ticket" text="ticket" type="participant"/>
            <label from="13-1" id="60" name="ScrPart_train_staff" text="He" type="participant"/>
            <label from="13-6" id="61" name="ScrPart_passenger" text="me" type="participant"/>
            <label from="13-11" id="62" name="ScrPart_trip" text="trip" type="participant"/>
        </participants>
        <events>
            <label from="1-3" id="63" name="UnrelEv" text="hung" type="event"/>
            <label from="1-11" id="64" name="UnrelEv" text="was" type="event"/>
            <label from="2-5" id="65" name="UnrelEv" text="visit" type="event"/>
            <label from="2-12" id="66" name="UnrelEv" text="get" type="event"/>
            <label from="2-14" id="67" name="Evoking" text="travel by train" to="2-16" type="event"/>
            <label from="3-2" id="68" name="UnrelEv" text="called" type="event"/>
            <label from="3-9" id="69" name="UnrelEv" text="packed up" to="3-10" type="event"/>
            <label from="3-9" id="70" name="UnrelEv" text="packed" type="event"/>
            <label from="3-20" id="71" name="UnrelEv" text="need" type="event"/>
            <label from="4-4" id="72" name="ScrEv_get_train_station" text="took" type="event"/>
            <label from="4-12" id="73" name="UnrelEv" text="realized" type="event"/>
            <label from="4-15" id="74" name="Evoking" text="not traveled by train" to="4-18" type="event"/>
            <label from="4-24" id="75" name="UnrelEv" text="wondered" type="event"/>
            <label from="4-28" id="76" name="UnrelEv" text="changed" type="event"/>
            <label from="5-5" id="77" name="ScrEv_get_train_station" text="arrived" type="event"/>
            <label from="5-8" id="78" name="UnrelEv" text="was" type="event"/>
            <label from="6-6" id="79" name="RelNScrEv" text="wait" type="event"/>
            <label from="6-10" id="80" name="RelNScrEv" text="buy" type="event"/>
            <label from="7-2" id="81" name="UnrelEv" text="found" type="event"/>
            <label from="7-6" id="82" name="UnrelEv" text="unused" type="event"/>
            <label from="7-9" id="83" name="UnrelEv" text="stepped up" to="7-10" type="event"/>
            <label from="7-9" id="84" name="UnrelEv" text="stepped" type="event"/>
            <label from="7-12" id="85" name="UnrelEv" text="read" type="event"/>
            <label from="8-2" id="86" name="UnrelEv" text="thought" type="event"/>
            <label from="8-4" id="87" name="UnrelEv" text="was" type="event"/>
            <label from="8-12" id="88" name="UnrelEv" text="stopped" type="event"/>
            <label from="8-14" id="89" name="RelNScrEv" text="explained" type="event"/>
            <label from="9-3" id="90" name="ScrEv_get_tickets" text="had" type="event"/>
            <label from="9-9" id="91" name="ScrEv_get_platform" text="walking" type="event"/>
            <label from="9-15" id="92" name="ScrEv_wait" text="await" type="event"/>
            <label from="10-2" id="93" name="UnrelEv" text="was" type="event"/>
            <label from="10-8" id="94" name="UnrelEv" text="was" type="event"/>
            <label from="11-4" id="95" name="ScrEv_train_arrives" text="arrived" type="event"/>
            <label from="11-7" id="96" name="ScrEv_other" text="stepped" type="event"/>
            <label from="11-12" id="97" name="UnrelEv" text="printed" type="event"/>
            <label from="11-18" id="98" name="ScrEv_find_place" text="found" type="event"/>
            <label from="12-4" id="99" name="ScrEv_train_departs" text="was" type="event"/>
            <label from="12-10" id="100" name="ScrEv_conductor_checks" text="came by" to="12-11" type="event"/>
            <label from="12-10" id="101" name="ScrEv_conductor_checks" text="came" type="event"/>
            <label from="12-13" id="102" name="ScrEv_conductor_checks" text="check" type="event"/>
            <label from="12-15" id="103" name="ScrEv_conductor_checks" text="punch" type="event"/>
            <label from="13-2" id="104" name="UnrelEv" text="smiled" type="event"/>
            <label from="13-5" id="105" name="RelNScrEv" text="told" type="event"/>
            <label from="13-8" id="106" name="UnrelEv" text="have" type="event"/>
        </events>
        <chains>
            <chain elements="0 4 5 8 10 15 17 20 21 24 26 31 34 38 39 40 43 49 51 53 58 61"/>
            <chain elements="9 22 44 48 55"/>
            <chain elements="30 32"/>
            <chain elements="28 41 52 59"/>
            <chain elements="57 60"/>
        </chains>
    </annotations>
</story>
