<?xml version="1.0" encoding="UTF-8" standalone="no"?>
<!DOCTYPE story SYSTEM "../InScript.dtd">
<story id="026" scenario="train">
    <text>
        <content>I was very excited to go on a train trip . 
I went over to the ticket counter and gave the teller the money I had saved for my ticket . 
I could hardly wait until the train finally arrived . 
I climbed aboard , put my suitcases next to all the other people 's suitcases , and found a seat . 
Once the train started going , the conductor came by to punch everyone 's tickets . 
I gladly handed him mine to be punched . 
After that , I decided I would get some lunch . 
I walked to the back of the train to the lunch car and ordered some food . 
It was fun to eat while watching the world pass by through the window as the train rolled down the tracks . 
Before I knew it , we had arrived at the destination . 
I gathered up my things , grabbed my suitcase , and climbed down out of the train as the conductor gave me a hand . 
It had been a very fun trip , and I ca n't wait to ride again . </content>
        <sentences>
            <sentence id="1">
                <token content="I" id="1-1">
                    <pos type="PRP"/>
                    <lemma type="I"/>
                </token>
                <token content="was" id="1-2">
                    <pos type="VBD"/>
                    <lemma type="be"/>
                </token>
                <token content="very" id="1-3">
                    <pos type="RB"/>
                    <lemma type="very"/>
                </token>
                <token content="excited" id="1-4">
                    <pos type="JJ"/>
                    <lemma type="excited"/>
                </token>
                <token content="to" id="1-5">
                    <pos type="TO"/>
                    <lemma type="to"/>
                    <dep head="1-6" type="aux"/>
                </token>
                <token content="go" id="1-6">
                    <pos type="VB"/>
                    <lemma type="go"/>
                </token>
                <token content="on" id="1-7"/>
                <token content="a" id="1-8">
                    <pos type="DT"/>
                    <lemma type="a"/>
                </token>
                <token content="train" id="1-9">
                    <pos type="NN"/>
                    <lemma type="train"/>
                </token>
                <token content="trip" id="1-10">
                    <pos type="NN"/>
                    <lemma type="trip"/>
                    <dep head="1-6" type="prep"/>
                </token>
                <token content="." id="1-11"/>
            </sentence>
            <sentence id="2">
                <token content="I" id="2-1">
                    <pos type="PRP"/>
                    <lemma type="I"/>
                    <dep head="2-2" type="nsubj"/>
                </token>
                <token content="went" id="2-2">
                    <pos type="VBD"/>
                    <lemma type="go"/>
                    <dep head="2-16" type="dep"/>
                </token>
                <token content="over" id="2-3">
                    <pos type="RP"/>
                    <lemma type="over"/>
                    <dep head="2-2" type="prt"/>
                </token>
                <token content="to" id="2-4"/>
                <token content="the" id="2-5">
                    <pos type="DT"/>
                    <lemma type="the"/>
                </token>
                <token content="ticket" id="2-6">
                    <pos type="NN"/>
                    <lemma type="ticket"/>
                </token>
                <token content="counter" id="2-7">
                    <pos type="NN"/>
                    <lemma type="counter"/>
                    <dep head="2-2" type="prep"/>
                </token>
                <token content="and" id="2-8"/>
                <token content="gave" id="2-9">
                    <pos type="VBD"/>
                    <lemma type="give"/>
                    <dep head="2-2" type="conj"/>
                </token>
                <token content="the" id="2-10">
                    <pos type="DT"/>
                    <lemma type="the"/>
                </token>
                <token content="teller" id="2-11">
                    <pos type="NN"/>
                    <lemma type="teller"/>
                    <dep head="2-9" type="iobj"/>
                </token>
                <token content="the" id="2-12">
                    <pos type="DT"/>
                    <lemma type="the"/>
                </token>
                <token content="money" id="2-13">
                    <pos type="NN"/>
                    <lemma type="money"/>
                    <dep head="2-9" type="dobj"/>
                </token>
                <token content="I" id="2-14">
                    <pos type="PRP"/>
                    <lemma type="I"/>
                    <dep head="2-16" type="nsubj"/>
                </token>
                <token content="had" id="2-15">
                    <pos type="VBD"/>
                    <lemma type="have"/>
                    <dep head="2-16" type="aux"/>
                </token>
                <token content="saved" id="2-16">
                    <pos type="VBN"/>
                    <lemma type="save"/>
                </token>
                <token content="for" id="2-17"/>
                <token content="my" id="2-18">
                    <pos type="PRP$"/>
                    <lemma type="my"/>
                </token>
                <token content="ticket" id="2-19">
                    <pos type="NN"/>
                    <lemma type="ticket"/>
                    <dep head="2-16" type="prep"/>
                </token>
                <token content="." id="2-20"/>
            </sentence>
            <sentence id="3">
                <token content="I" id="3-1">
                    <pos type="PRP"/>
                    <lemma type="I"/>
                    <dep head="3-4" type="nsubj"/>
                </token>
                <token content="could" id="3-2">
                    <pos type="MD"/>
                    <lemma type="could"/>
                    <dep head="3-4" type="aux"/>
                </token>
                <token content="hardly" id="3-3">
                    <pos type="RB"/>
                    <lemma type="hardly"/>
                    <dep head="3-4" type="advmod"/>
                </token>
                <token content="wait" id="3-4">
                    <pos type="VB"/>
                    <lemma type="wait"/>
                </token>
                <token content="until" id="3-5">
                    <pos type="IN"/>
                    <lemma type="until"/>
                    <dep head="3-9" type="mark"/>
                </token>
                <token content="the" id="3-6">
                    <pos type="DT"/>
                    <lemma type="the"/>
                </token>
                <token content="train" id="3-7">
                    <pos type="NN"/>
                    <lemma type="train"/>
                    <dep head="3-9" type="nsubj"/>
                </token>
                <token content="finally" id="3-8">
                    <pos type="RB"/>
                    <lemma type="finally"/>
                    <dep head="3-9" type="advmod"/>
                </token>
                <token content="arrived" id="3-9">
                    <pos type="VBD"/>
                    <lemma type="arrive"/>
                    <dep head="3-4" type="advcl"/>
                </token>
                <token content="." id="3-10"/>
            </sentence>
            <sentence id="4">
                <token content="I" id="4-1">
                    <pos type="PRP"/>
                    <lemma type="I"/>
                    <dep head="4-2" type="nsubj"/>
                </token>
                <token content="climbed" id="4-2">
                    <pos type="VBD"/>
                    <lemma type="climb"/>
                </token>
                <token content="aboard" id="4-3">
                    <pos type="RB"/>
                    <lemma type="aboard"/>
                    <dep head="4-2" type="advmod"/>
                </token>
                <token content="," id="4-4"/>
                <token content="put" id="4-5">
                    <pos type="VBD"/>
                    <lemma type="put"/>
                    <dep head="4-2" type="conj"/>
                </token>
                <token content="my" id="4-6">
                    <pos type="PRP$"/>
                    <lemma type="my"/>
                </token>
                <token content="suitcases" id="4-7">
                    <pos type="NNS"/>
                    <lemma type="suitcase"/>
                    <dep head="4-5" type="dobj"/>
                </token>
                <token content="next" id="4-8"/>
                <token content="to" id="4-9"/>
                <token content="all" id="4-10">
                    <pos type="PDT"/>
                    <lemma type="all"/>
                </token>
                <token content="the" id="4-11">
                    <pos type="DT"/>
                    <lemma type="the"/>
                </token>
                <token content="other" id="4-12">
                    <pos type="JJ"/>
                    <lemma type="other"/>
                </token>
                <token content="people" id="4-13">
                    <pos type="NNS"/>
                    <lemma type="people"/>
                </token>
                <token content="'s" id="4-14"/>
                <token content="suitcases" id="4-15">
                    <pos type="NNS"/>
                    <lemma type="suitcase"/>
                    <dep head="4-5" type="prep"/>
                </token>
                <token content="," id="4-16"/>
                <token content="and" id="4-17"/>
                <token content="found" id="4-18">
                    <pos type="VBD"/>
                    <lemma type="find"/>
                    <dep head="4-2" type="conj"/>
                </token>
                <token content="a" id="4-19">
                    <pos type="DT"/>
                    <lemma type="a"/>
                </token>
                <token content="seat" id="4-20">
                    <pos type="NN"/>
                    <lemma type="seat"/>
                    <dep head="4-18" type="dobj"/>
                </token>
                <token content="." id="4-21"/>
            </sentence>
            <sentence id="5">
                <token content="Once" id="5-1">
                    <pos type="IN"/>
                    <lemma type="once"/>
                    <dep head="5-4" type="mark"/>
                </token>
                <token content="the" id="5-2">
                    <pos type="DT"/>
                    <lemma type="the"/>
                </token>
                <token content="train" id="5-3">
                    <pos type="NN"/>
                    <lemma type="train"/>
                    <dep head="5-4" type="nsubj"/>
                </token>
                <token content="started" id="5-4">
                    <pos type="VBD"/>
                    <lemma type="start"/>
                    <dep head="5-9" type="advcl"/>
                </token>
                <token content="going" id="5-5">
                    <pos type="VBG"/>
                    <lemma type="go"/>
                    <dep head="5-4" type="xcomp"/>
                </token>
                <token content="," id="5-6"/>
                <token content="the" id="5-7">
                    <pos type="DT"/>
                    <lemma type="the"/>
                </token>
                <token content="conductor" id="5-8">
                    <pos type="NN"/>
                    <lemma type="conductor"/>
                    <dep head="5-9" type="nsubj"/>
                </token>
                <token content="came" id="5-9">
                    <pos type="VBD"/>
                    <lemma type="come"/>
                </token>
                <token content="by" id="5-10">
                    <pos type="RP"/>
                    <lemma type="by"/>
                    <dep head="5-9" type="prt"/>
                </token>
                <token content="to" id="5-11">
                    <pos type="TO"/>
                    <lemma type="to"/>
                    <dep head="5-12" type="aux"/>
                </token>
                <token content="punch" id="5-12">
                    <pos type="VB"/>
                    <lemma type="punch"/>
                    <dep head="5-9" type="xcomp"/>
                </token>
                <token content="everyone" id="5-13">
                    <pos type="NN"/>
                    <lemma type="everyone"/>
                </token>
                <token content="'s" id="5-14"/>
                <token content="tickets" id="5-15">
                    <pos type="NNS"/>
                    <lemma type="ticket"/>
                    <dep head="5-12" type="dobj"/>
                </token>
                <token content="." id="5-16"/>
            </sentence>
            <sentence id="6">
                <token content="I" id="6-1">
                    <pos type="PRP"/>
                    <lemma type="I"/>
                    <dep head="6-3" type="nsubj"/>
                </token>
                <token content="gladly" id="6-2">
                    <pos type="RB"/>
                    <lemma type="gladly"/>
                    <dep head="6-3" type="advmod"/>
                </token>
                <token content="handed" id="6-3">
                    <pos type="VBD"/>
                    <lemma type="hand"/>
                </token>
                <token content="him" id="6-4">
                    <pos type="PRP"/>
                    <lemma type="he"/>
                    <dep head="6-5" type="nsubj"/>
                </token>
                <token content="mine" id="6-5">
                    <pos type="VBP"/>
                    <lemma type="mine"/>
                    <dep head="6-3" type="ccomp"/>
                </token>
                <token content="to" id="6-6">
                    <pos type="TO"/>
                    <lemma type="to"/>
                    <dep head="6-8" type="aux"/>
                </token>
                <token content="be" id="6-7">
                    <pos type="VB"/>
                    <lemma type="be"/>
                    <dep head="6-8" type="auxpass"/>
                </token>
                <token content="punched" id="6-8">
                    <pos type="VBN"/>
                    <lemma type="punch"/>
                    <dep head="6-5" type="xcomp"/>
                </token>
                <token content="." id="6-9"/>
            </sentence>
            <sentence id="7">
                <token content="After" id="7-1"/>
                <token content="that" id="7-2">
                    <pos type="DT"/>
                    <lemma type="that"/>
                    <dep head="7-5" type="prep"/>
                </token>
                <token content="," id="7-3"/>
                <token content="I" id="7-4">
                    <pos type="PRP"/>
                    <lemma type="I"/>
                    <dep head="7-5" type="nsubj"/>
                </token>
                <token content="decided" id="7-5">
                    <pos type="VBD"/>
                    <lemma type="decide"/>
                </token>
                <token content="I" id="7-6">
                    <pos type="PRP"/>
                    <lemma type="I"/>
                    <dep head="7-8" type="nsubj"/>
                </token>
                <token content="would" id="7-7">
                    <pos type="MD"/>
                    <lemma type="would"/>
                    <dep head="7-8" type="aux"/>
                </token>
                <token content="get" id="7-8">
                    <pos type="VB"/>
                    <lemma type="get"/>
                    <dep head="7-5" type="ccomp"/>
                </token>
                <token content="some" id="7-9">
                    <pos type="DT"/>
                    <lemma type="some"/>
                </token>
                <token content="lunch" id="7-10">
                    <pos type="NN"/>
                    <lemma type="lunch"/>
                    <dep head="7-8" type="dobj"/>
                </token>
                <token content="." id="7-11"/>
            </sentence>
            <sentence id="8">
                <token content="I" id="8-1">
                    <pos type="PRP"/>
                    <lemma type="I"/>
                    <dep head="8-2" type="nsubj"/>
                </token>
                <token content="walked" id="8-2">
                    <pos type="VBD"/>
                    <lemma type="walk"/>
                </token>
                <token content="to" id="8-3"/>
                <token content="the" id="8-4">
                    <pos type="DT"/>
                    <lemma type="the"/>
                </token>
                <token content="back" id="8-5">
                    <pos type="NN"/>
                    <lemma type="back"/>
                    <dep head="8-2" type="prep"/>
                </token>
                <token content="of" id="8-6"/>
                <token content="the" id="8-7">
                    <pos type="DT"/>
                    <lemma type="the"/>
                </token>
                <token content="train" id="8-8">
                    <pos type="NN"/>
                    <lemma type="train"/>
                </token>
                <token content="to" id="8-9"/>
                <token content="the" id="8-10">
                    <pos type="DT"/>
                    <lemma type="the"/>
                </token>
                <token content="lunch" id="8-11">
                    <pos type="NN"/>
                    <lemma type="lunch"/>
                </token>
                <token content="car" id="8-12">
                    <pos type="NN"/>
                    <lemma type="car"/>
                    <dep head="8-2" type="prep"/>
                </token>
                <token content="and" id="8-13"/>
                <token content="ordered" id="8-14">
                    <pos type="VBD"/>
                    <lemma type="order"/>
                    <dep head="8-2" type="conj"/>
                </token>
                <token content="some" id="8-15">
                    <pos type="DT"/>
                    <lemma type="some"/>
                </token>
                <token content="food" id="8-16">
                    <pos type="NN"/>
                    <lemma type="food"/>
                    <dep head="8-14" type="dobj"/>
                </token>
                <token content="." id="8-17"/>
            </sentence>
            <sentence id="9">
                <token content="It" id="9-1">
                    <pos type="PRP"/>
                    <lemma type="it"/>
                </token>
                <token content="was" id="9-2">
                    <pos type="VBD"/>
                    <lemma type="be"/>
                </token>
                <token content="fun" id="9-3">
                    <pos type="NN"/>
                    <lemma type="fun"/>
                </token>
                <token content="to" id="9-4">
                    <pos type="TO"/>
                    <lemma type="to"/>
                    <dep head="9-5" type="aux"/>
                </token>
                <token content="eat" id="9-5">
                    <pos type="VB"/>
                    <lemma type="eat"/>
                </token>
                <token content="while" id="9-6">
                    <pos type="IN"/>
                    <lemma type="while"/>
                    <dep head="9-18" type="mark"/>
                </token>
                <token content="watching" id="9-7">
                    <pos type="VBG"/>
                    <lemma type="watch"/>
                    <dep head="9-18" type="csubj"/>
                </token>
                <token content="the" id="9-8">
                    <pos type="DT"/>
                    <lemma type="the"/>
                </token>
                <token content="world" id="9-9">
                    <pos type="NN"/>
                    <lemma type="world"/>
                </token>
                <token content="pass" id="9-10">
                    <pos type="NN"/>
                    <lemma type="pass"/>
                    <dep head="9-7" type="dobj"/>
                </token>
                <token content="by" id="9-11">
                    <pos type="IN"/>
                    <lemma type="by"/>
                    <dep head="9-7" type="dep"/>
                </token>
                <token content="through" id="9-12"/>
                <token content="the" id="9-13">
                    <pos type="DT"/>
                    <lemma type="the"/>
                </token>
                <token content="window" id="9-14">
                    <pos type="NN"/>
                    <lemma type="window"/>
                    <dep head="9-7" type="prep"/>
                </token>
                <token content="as" id="9-15"/>
                <token content="the" id="9-16">
                    <pos type="DT"/>
                    <lemma type="the"/>
                </token>
                <token content="train" id="9-17">
                    <pos type="NN"/>
                    <lemma type="train"/>
                </token>
                <token content="rolled" id="9-18">
                    <pos type="VBD"/>
                    <lemma type="roll"/>
                    <dep head="9-5" type="advcl"/>
                </token>
                <token content="down" id="9-19">
                    <pos type="RP"/>
                    <lemma type="down"/>
                    <dep head="9-18" type="prt"/>
                </token>
                <token content="the" id="9-20">
                    <pos type="DT"/>
                    <lemma type="the"/>
                </token>
                <token content="tracks" id="9-21">
                    <pos type="NNS"/>
                    <lemma type="track"/>
                    <dep head="9-18" type="dobj"/>
                </token>
                <token content="." id="9-22"/>
            </sentence>
            <sentence id="10">
                <token content="Before" id="10-1">
                    <pos type="IN"/>
                    <lemma type="before"/>
                    <dep head="10-3" type="mark"/>
                </token>
                <token content="I" id="10-2">
                    <pos type="PRP"/>
                    <lemma type="I"/>
                    <dep head="10-3" type="nsubj"/>
                </token>
                <token content="knew" id="10-3">
                    <pos type="VBD"/>
                    <lemma type="know"/>
                    <dep head="10-8" type="advcl"/>
                </token>
                <token content="it" id="10-4">
                    <pos type="PRP"/>
                    <lemma type="it"/>
                    <dep head="10-3" type="dobj"/>
                </token>
                <token content="," id="10-5"/>
                <token content="we" id="10-6">
                    <pos type="PRP"/>
                    <lemma type="we"/>
                    <dep head="10-8" type="nsubj"/>
                </token>
                <token content="had" id="10-7">
                    <pos type="VBD"/>
                    <lemma type="have"/>
                    <dep head="10-8" type="aux"/>
                </token>
                <token content="arrived" id="10-8">
                    <pos type="VBN"/>
                    <lemma type="arrive"/>
                </token>
                <token content="at" id="10-9"/>
                <token content="the" id="10-10">
                    <pos type="DT"/>
                    <lemma type="the"/>
                </token>
                <token content="destination" id="10-11">
                    <pos type="NN"/>
                    <lemma type="destination"/>
                    <dep head="10-8" type="prep"/>
                </token>
                <token content="." id="10-12"/>
            </sentence>
            <sentence id="11">
                <token content="I" id="11-1">
                    <pos type="PRP"/>
                    <lemma type="I"/>
                    <dep head="11-2" type="nsubj"/>
                </token>
                <token content="gathered" id="11-2">
                    <pos type="VBD"/>
                    <lemma type="gather"/>
                </token>
                <token content="up" id="11-3">
                    <pos type="RP"/>
                    <lemma type="up"/>
                    <dep head="11-2" type="prt"/>
                </token>
                <token content="my" id="11-4">
                    <pos type="PRP$"/>
                    <lemma type="my"/>
                </token>
                <token content="things" id="11-5">
                    <pos type="NNS"/>
                    <lemma type="thing"/>
                    <dep head="11-2" type="dobj"/>
                </token>
                <token content="," id="11-6"/>
                <token content="grabbed" id="11-7">
                    <pos type="VBD"/>
                    <lemma type="grab"/>
                    <dep head="11-2" type="conj"/>
                </token>
                <token content="my" id="11-8">
                    <pos type="PRP$"/>
                    <lemma type="my"/>
                </token>
                <token content="suitcase" id="11-9">
                    <pos type="NN"/>
                    <lemma type="suitcase"/>
                    <dep head="11-7" type="dobj"/>
                </token>
                <token content="," id="11-10"/>
                <token content="and" id="11-11"/>
                <token content="climbed" id="11-12">
                    <pos type="VBD"/>
                    <lemma type="climb"/>
                    <dep head="11-2" type="conj"/>
                </token>
                <token content="down" id="11-13">
                    <pos type="RP"/>
                    <lemma type="down"/>
                    <dep head="11-12" type="prt"/>
                </token>
                <token content="out" id="11-14"/>
                <token content="of" id="11-15"/>
                <token content="the" id="11-16">
                    <pos type="DT"/>
                    <lemma type="the"/>
                </token>
                <token content="train" id="11-17">
                    <pos type="NN"/>
                    <lemma type="train"/>
                    <dep head="11-12" type="prep"/>
                </token>
                <token content="as" id="11-18">
                    <pos type="IN"/>
                    <lemma type="as"/>
                    <dep head="11-21" type="mark"/>
                </token>
                <token content="the" id="11-19">
                    <pos type="DT"/>
                    <lemma type="the"/>
                </token>
                <token content="conductor" id="11-20">
                    <pos type="NN"/>
                    <lemma type="conductor"/>
                    <dep head="11-21" type="nsubj"/>
                </token>
                <token content="gave" id="11-21">
                    <pos type="VBD"/>
                    <lemma type="give"/>
                </token>
                <token content="me" id="11-22">
                    <pos type="PRP"/>
                    <lemma type="I"/>
                    <dep head="11-21" type="iobj"/>
                </token>
                <token content="a" id="11-23">
                    <pos type="DT"/>
                    <lemma type="a"/>
                </token>
                <token content="hand" id="11-24">
                    <pos type="NN"/>
                    <lemma type="hand"/>
                    <dep head="11-21" type="dobj"/>
                </token>
                <token content="." id="11-25"/>
            </sentence>
            <sentence id="12">
                <token content="It" id="12-1">
                    <pos type="PRP"/>
                    <lemma type="it"/>
                </token>
                <token content="had" id="12-2">
                    <pos type="VBD"/>
                    <lemma type="have"/>
                </token>
                <token content="been" id="12-3">
                    <pos type="VBN"/>
                    <lemma type="be"/>
                </token>
                <token content="a" id="12-4">
                    <pos type="DT"/>
                    <lemma type="a"/>
                </token>
                <token content="very" id="12-5">
                    <pos type="JJ"/>
                    <lemma type="very"/>
                </token>
                <token content="fun" id="12-6">
                    <pos type="NN"/>
                    <lemma type="fun"/>
                </token>
                <token content="trip" id="12-7">
                    <pos type="NN"/>
                    <lemma type="trip"/>
                </token>
                <token content="," id="12-8"/>
                <token content="and" id="12-9"/>
                <token content="I" id="12-10">
                    <pos type="PRP"/>
                    <lemma type="I"/>
                    <dep head="12-13" type="nsubj"/>
                </token>
                <token content="ca" id="12-11">
                    <pos type="MD"/>
                    <lemma type="can"/>
                    <dep head="12-13" type="aux"/>
                </token>
                <token content="n't" id="12-12">
                    <pos type="RB"/>
                    <lemma type="not"/>
                    <dep head="12-13" type="neg"/>
                </token>
                <token content="wait" id="12-13">
                    <pos type="VB"/>
                    <lemma type="wait"/>
                </token>
                <token content="to" id="12-14">
                    <pos type="TO"/>
                    <lemma type="to"/>
                    <dep head="12-15" type="aux"/>
                </token>
                <token content="ride" id="12-15">
                    <pos type="VB"/>
                    <lemma type="ride"/>
                    <dep head="12-13" type="xcomp"/>
                </token>
                <token content="again" id="12-16">
                    <pos type="RB"/>
                    <lemma type="again"/>
                    <dep head="12-15" type="advmod"/>
                </token>
                <token content="." id="12-17"/>
            </sentence>
        </sentences>
    </text>
    <annotations>
        <participants>
            <label from="1-1" id="0" name="ScrPart_passenger" text="I" type="participant"/>
            <label from="1-9" id="1" name="ScrPart_trip" text="train trip" to="1-10" type="participant"/>
            <label from="1-10" id="2" name="ScrPart_trip" text="trip" type="participant"/>
            <label from="2-1" id="3" name="ScrPart_passenger" text="I" type="participant"/>
            <label from="2-6" id="4" name="ScrPart_ticket_office/website" text="ticket counter" to="2-7" type="participant"/>
            <label from="2-7" id="5" name="ScrPart_ticket_office/website" text="counter" type="participant"/>
            <label from="2-11" id="6" name="ScrPart_train_staff" text="teller" type="participant"/>
            <label from="2-13" id="7" name="ScrPart_payment_means" text="money" type="participant"/>
            <label from="2-14" id="8" name="ScrPart_passenger" text="I" type="participant"/>
            <label from="2-18" id="9" name="ScrPart_passenger" text="my" type="participant"/>
            <label from="2-19" id="10" name="ScrPart_card/ticket" text="ticket" type="participant"/>
            <label from="3-1" id="11" name="ScrPart_passenger" text="I" type="participant"/>
            <label from="3-7" id="12" name="ScrPart_train" text="train" type="participant"/>
            <label from="4-1" id="13" name="ScrPart_passenger" text="I" type="participant"/>
            <label from="4-6" id="14" name="ScrPart_passenger" text="my" type="participant"/>
            <label from="4-7" id="15" name="ScrPart_luggage" text="suitcases" type="participant"/>
            <label from="4-13" id="16" name="ScrPart_passenger" text="people" type="participant"/>
            <label from="4-15" id="17" name="ScrPart_luggage" text="suitcases" type="participant"/>
            <label from="4-20" id="18" name="ScrPart_seat" text="seat" type="participant"/>
            <label from="5-3" id="19" name="ScrPart_train" text="train" type="participant"/>
            <label from="5-8" id="20" name="ScrPart_train_staff" text="conductor" type="participant"/>
            <label from="5-13" id="21" name="ScrPart_passenger" text="everyone" type="participant"/>
            <label from="5-15" id="22" name="ScrPart_card/ticket" text="tickets" type="participant"/>
            <label from="6-1" id="23" name="ScrPart_passenger" text="I" type="participant"/>
            <label from="6-4" id="24" name="ScrPart_train_staff" text="him" type="participant"/>
            <label from="6-5" id="25" name="ScrPart_card/ticket" text="mine" type="participant"/>
            <label from="7-4" id="26" name="ScrPart_passenger" text="I" type="participant"/>
            <label from="7-6" id="27" name="ScrPart_passenger" text="I" type="participant"/>
            <label from="7-10" id="28" name="ScrPart_in-train_entertainment" text="lunch" type="participant"/>
            <label from="8-1" id="29" name="ScrPart_passenger" text="I" type="participant"/>
            <label from="8-5" id="30" name="NPart" text="back" type="participant"/>
            <label from="8-8" id="31" name="ScrPart_train" text="train" type="participant"/>
            <label from="8-11" id="32" name="ScrPart_coach" text="lunch car" to="8-12" type="participant"/>
            <label from="8-12" id="33" name="ScrPart_coach" text="car" type="participant"/>
            <label from="8-16" id="34" name="ScrPart_in-train_entertainment" text="food" type="participant"/>
            <label from="9-1" id="35" name="No_label" text="It" type="participant"/>
            <label from="9-3" id="36" name="NPart" text="fun" type="participant"/>
            <label from="9-9" id="37" name="NPart" text="world" type="participant"/>
            <label from="9-14" id="38" name="ScrPart_in-train_entertainment" text="window" type="participant"/>
            <label from="9-17" id="39" name="ScrPart_train" text="train" type="participant"/>
            <label from="9-21" id="40" name="NPart" text="tracks" type="participant"/>
            <label from="10-2" id="41" name="ScrPart_passenger" text="I" type="participant"/>
            <label from="10-4" id="42" name="No_label" text="it" type="participant"/>
            <label from="10-6" id="43" name="ScrPart_passenger" text="we" type="participant"/>
            <label from="10-11" id="44" name="ScrPart_destination" text="destination" type="participant"/>
            <label from="11-1" id="45" name="ScrPart_passenger" text="I" type="participant"/>
            <label from="11-4" id="46" name="ScrPart_passenger" text="my" type="participant"/>
            <label from="11-5" id="47" name="ScrPart_personal_belongings" text="things" type="participant"/>
            <label from="11-8" id="48" name="ScrPart_passenger" text="my" type="participant"/>
            <label from="11-9" id="49" name="ScrPart_luggage" text="suitcase" type="participant"/>
            <label from="11-17" id="50" name="ScrPart_train" text="train" type="participant"/>
            <label from="11-20" id="51" name="ScrPart_train_staff" text="conductor" type="participant"/>
            <label from="11-22" id="52" name="ScrPart_passenger" text="me" type="participant"/>
            <label from="11-24" id="53" name="SuppVComp" text="hand" type="participant"/>
            <label from="12-1" id="54" name="No_label" text="It" type="participant"/>
            <label from="12-7" id="55" name="ScrPart_trip" text="trip" type="participant"/>
            <label from="12-10" id="56" name="ScrPart_passenger" text="I" type="participant"/>
        </participants>
        <events>
            <label from="1-4" id="57" name="UnrelEv" text="excited" type="event"/>
            <label from="1-6" id="58" name="Evoking" text="go on a train trip" to="1-10" type="event"/>
            <label from="2-2" id="59" name="RelNScrEv" text="went over" to="2-3" type="event"/>
            <label from="2-9" id="60" name="ScrEv_get_tickets" text="gave" type="event"/>
            <label from="2-16" id="61" name="RelNScrEv" text="saved" type="event"/>
            <label from="3-4" id="62" name="ScrEv_wait" text="wait" type="event"/>
            <label from="3-9" id="63" name="ScrEv_train_arrives" text="arrived" type="event"/>
            <label from="4-2" id="64" name="ScrEv_get_on" text="climbed" type="event"/>
            <label from="4-5" id="65" name="RelNScrEv" text="put" type="event"/>
            <label from="4-18" id="66" name="ScrEv_find_place" text="found" type="event"/>
            <label from="5-4" id="67" name="ScrEv_train_departs" text="started" type="event"/>
            <label from="5-9" id="68" name="RelNScrEv" text="came by" to="5-10" type="event"/>
            <label from="5-12" id="69" name="ScrEv_conductor_checks" text="punch" type="event"/>
            <label from="6-3" id="70" name="RelNScrEv" text="handed" type="event"/>
            <label from="6-8" id="71" name="ScrEv_conductor_checks" text="punched" type="event"/>
            <label from="7-5" id="72" name="UnrelEv" text="decided" type="event"/>
            <label from="7-8" id="73" name="ScrEv_spend_time_train" text="get" type="event"/>
            <label from="8-2" id="74" name="ScrEv_spend_time_train" text="walked" type="event"/>
            <label from="8-14" id="75" name="ScrEv_spend_time_train" text="ordered" type="event"/>
            <label from="9-2" id="76" name="UnrelEv" text="was" type="event"/>
            <label from="9-5" id="77" name="ScrEv_spend_time_train" text="eat" type="event"/>
            <label from="9-7" id="78" name="ScrEv_spend_time_train" text="watching" type="event"/>
            <label from="9-10" id="79" name="RelNScrEv" text="pass by" to="9-11" type="event"/>
            <label from="9-18" id="80" name="RelNScrEv" text="rolled down" to="9-19" type="event"/>
            <label from="10-3" id="81" name="UnrelEv" text="knew" type="event"/>
            <label from="10-8" id="82" name="ScrEv_arrive_destination" text="arrived" type="event"/>
            <label from="11-2" id="83" name="RelNScrEv" text="gathered up" to="11-3" type="event"/>
            <label from="11-7" id="84" name="RelNScrEv" text="grabbed" type="event"/>
            <label from="11-12" id="85" name="ScrEv_get_off" text="climbed down" to="11-13" type="event"/>
            <label from="11-21" id="86" name="RelNScrEv" text="gave" type="event"/>
            <label from="12-3" id="87" name="UnrelEv" text="been" type="event"/>
            <label from="12-13" id="88" name="UnrelEv" text="wait" type="event"/>
            <label from="12-15" id="89" name="Evoking" text="ride" type="event"/>
        </events>
        <chains>
            <chain elements="0 3 8 9 11 13 14 23 26 27 29 41 45 46 48 52 56"/>
            <chain elements="15 17 49"/>
            <chain elements="12 19 31 39 50"/>
            <chain elements="14 21 16" name="coref_group_I_passenger"/>
            <chain elements="10 22 25"/>
            <chain elements="20 24 51"/>
            <chain elements="28 34"/>
            <chain elements="21 43"/>
            <chain elements="2 55"/>
        </chains>
    </annotations>
</story>
