<?xml version="1.0" encoding="UTF-8" standalone="no"?>
<!DOCTYPE story SYSTEM "../InScript.dtd">
<story id="029" scenario="train">
    <text>
        <content>I took a bus to the train station and then walked into the big , brick building . 
There 's a bank of windows at the far side of the building . 
I went over to one of them and asked for a one way ticket to New York City . 
I paid for the ticket with my credit card and then went to sit on the hard wooden booths in the middle of the station . 
I looked up at the huge arrival screen at the front of the station . 
My train was listed there with a number of others . 
It said the train was on time and would arrive at the station soon . 
When it came in , there was an announcement that the train to New York was boarding . 
I got up and walked with about thirty other travelers down some stairs and along a long hallway , then up another flight of stairs and out onto a platform . 
The train was there next to the platform with its doors open . 
I walked into the train and took a seat by the window so I could watch things go by as we traveled . 
Soon the train started moving along the tracks . 
After a while the train 's conductor walked down the aisles saying , Tickets please . 
Tickets . 
over and over . 
I handed him my ticket and he punched a hole in it and put a ticket stub in the back of the seat in front of me . 
When the train got to New York City I got off the train and walked out onto one of the platforms at Grand Central Station . </content>
        <sentences>
            <sentence id="1">
                <token content="I" id="1-1">
                    <pos type="PRP"/>
                    <lemma type="I"/>
                    <dep head="1-2" type="nsubj"/>
                </token>
                <token content="took" id="1-2">
                    <pos type="VBD"/>
                    <lemma type="take"/>
                </token>
                <token content="a" id="1-3">
                    <pos type="DT"/>
                    <lemma type="a"/>
                </token>
                <token content="bus" id="1-4">
                    <pos type="NN"/>
                    <lemma type="bus"/>
                    <dep head="1-2" type="dobj"/>
                </token>
                <token content="to" id="1-5"/>
                <token content="the" id="1-6">
                    <pos type="DT"/>
                    <lemma type="the"/>
                </token>
                <token content="train" id="1-7">
                    <pos type="NN"/>
                    <lemma type="train"/>
                </token>
                <token content="station" id="1-8">
                    <pos type="NN"/>
                    <lemma type="station"/>
                    <dep head="1-2" type="prep"/>
                </token>
                <token content="and" id="1-9"/>
                <token content="then" id="1-10">
                    <pos type="RB"/>
                    <lemma type="then"/>
                    <dep head="1-11" type="advmod"/>
                </token>
                <token content="walked" id="1-11">
                    <pos type="VBD"/>
                    <lemma type="walk"/>
                    <dep head="1-2" type="conj"/>
                </token>
                <token content="into" id="1-12"/>
                <token content="the" id="1-13">
                    <pos type="DT"/>
                    <lemma type="the"/>
                </token>
                <token content="big" id="1-14">
                    <pos type="JJ"/>
                    <lemma type="big"/>
                </token>
                <token content="," id="1-15"/>
                <token content="brick" id="1-16">
                    <pos type="JJ"/>
                    <lemma type="brick"/>
                </token>
                <token content="building" id="1-17">
                    <pos type="NN"/>
                    <lemma type="building"/>
                    <dep head="1-11" type="prep"/>
                </token>
                <token content="." id="1-18"/>
            </sentence>
            <sentence id="2">
                <token content="There" id="2-1">
                    <pos type="EX"/>
                    <lemma type="there"/>
                    <dep head="2-2" type="expl"/>
                </token>
                <token content="'s" id="2-2">
                    <pos type="VBZ"/>
                    <lemma type="be"/>
                </token>
                <token content="a" id="2-3">
                    <pos type="DT"/>
                    <lemma type="a"/>
                </token>
                <token content="bank" id="2-4">
                    <pos type="NN"/>
                    <lemma type="bank"/>
                    <dep head="2-2" type="nsubj"/>
                </token>
                <token content="of" id="2-5"/>
                <token content="windows" id="2-6">
                    <pos type="NNS"/>
                    <lemma type="window"/>
                </token>
                <token content="at" id="2-7"/>
                <token content="the" id="2-8">
                    <pos type="DT"/>
                    <lemma type="the"/>
                </token>
                <token content="far" id="2-9">
                    <pos type="JJ"/>
                    <lemma type="far"/>
                </token>
                <token content="side" id="2-10">
                    <pos type="NN"/>
                    <lemma type="side"/>
                </token>
                <token content="of" id="2-11"/>
                <token content="the" id="2-12">
                    <pos type="DT"/>
                    <lemma type="the"/>
                </token>
                <token content="building" id="2-13">
                    <pos type="NN"/>
                    <lemma type="building"/>
                </token>
                <token content="." id="2-14"/>
            </sentence>
            <sentence id="3">
                <token content="I" id="3-1">
                    <pos type="PRP"/>
                    <lemma type="I"/>
                    <dep head="3-2" type="nsubj"/>
                </token>
                <token content="went" id="3-2">
                    <pos type="VBD"/>
                    <lemma type="go"/>
                </token>
                <token content="over" id="3-3">
                    <pos type="RP"/>
                    <lemma type="over"/>
                    <dep head="3-2" type="prt"/>
                </token>
                <token content="to" id="3-4"/>
                <token content="one" id="3-5">
                    <pos type="CD"/>
                    <lemma type="one"/>
                    <dep head="3-2" type="prep"/>
                </token>
                <token content="of" id="3-6"/>
                <token content="them" id="3-7">
                    <pos type="PRP"/>
                    <lemma type="they"/>
                </token>
                <token content="and" id="3-8"/>
                <token content="asked" id="3-9">
                    <pos type="VBD"/>
                    <lemma type="ask"/>
                    <dep head="3-2" type="conj"/>
                </token>
                <token content="for" id="3-10"/>
                <token content="a" id="3-11">
                    <pos type="DT"/>
                    <lemma type="a"/>
                </token>
                <token content="one" id="3-12">
                    <pos type="CD"/>
                    <lemma type="one"/>
                </token>
                <token content="way" id="3-13">
                    <pos type="NN"/>
                    <lemma type="way"/>
                </token>
                <token content="ticket" id="3-14">
                    <pos type="NN"/>
                    <lemma type="ticket"/>
                    <dep head="3-9" type="prep"/>
                </token>
                <token content="to" id="3-15"/>
                <token content="New" id="3-16">
                    <pos type="NNP"/>
                    <lemma type="New"/>
                </token>
                <token content="York" id="3-17">
                    <pos type="NNP"/>
                    <lemma type="York"/>
                </token>
                <token content="City" id="3-18">
                    <pos type="NNP"/>
                    <lemma type="City"/>
                    <dep head="3-9" type="prep"/>
                </token>
                <token content="." id="3-19"/>
            </sentence>
            <sentence id="4">
                <token content="I" id="4-1">
                    <pos type="PRP"/>
                    <lemma type="I"/>
                    <dep head="4-2" type="nsubj"/>
                </token>
                <token content="paid" id="4-2">
                    <pos type="VBD"/>
                    <lemma type="pay"/>
                </token>
                <token content="for" id="4-3"/>
                <token content="the" id="4-4">
                    <pos type="DT"/>
                    <lemma type="the"/>
                </token>
                <token content="ticket" id="4-5">
                    <pos type="NN"/>
                    <lemma type="ticket"/>
                    <dep head="4-2" type="prep"/>
                </token>
                <token content="with" id="4-6"/>
                <token content="my" id="4-7">
                    <pos type="PRP$"/>
                    <lemma type="my"/>
                </token>
                <token content="credit" id="4-8">
                    <pos type="NN"/>
                    <lemma type="credit"/>
                </token>
                <token content="card" id="4-9">
                    <pos type="NN"/>
                    <lemma type="card"/>
                    <dep head="4-2" type="prep"/>
                </token>
                <token content="and" id="4-10"/>
                <token content="then" id="4-11">
                    <pos type="RB"/>
                    <lemma type="then"/>
                    <dep head="4-12" type="advmod"/>
                </token>
                <token content="went" id="4-12">
                    <pos type="VBD"/>
                    <lemma type="go"/>
                    <dep head="4-2" type="conj"/>
                </token>
                <token content="to" id="4-13">
                    <pos type="TO"/>
                    <lemma type="to"/>
                    <dep head="4-14" type="aux"/>
                </token>
                <token content="sit" id="4-14">
                    <pos type="VB"/>
                    <lemma type="sit"/>
                    <dep head="4-12" type="xcomp"/>
                </token>
                <token content="on" id="4-15"/>
                <token content="the" id="4-16">
                    <pos type="DT"/>
                    <lemma type="the"/>
                </token>
                <token content="hard" id="4-17">
                    <pos type="JJ"/>
                    <lemma type="hard"/>
                </token>
                <token content="wooden" id="4-18">
                    <pos type="JJ"/>
                    <lemma type="wooden"/>
                </token>
                <token content="booths" id="4-19">
                    <pos type="NNS"/>
                    <lemma type="booth"/>
                    <dep head="4-14" type="prep"/>
                </token>
                <token content="in" id="4-20"/>
                <token content="the" id="4-21">
                    <pos type="DT"/>
                    <lemma type="the"/>
                </token>
                <token content="middle" id="4-22">
                    <pos type="NN"/>
                    <lemma type="middle"/>
                    <dep head="4-14" type="prep"/>
                </token>
                <token content="of" id="4-23"/>
                <token content="the" id="4-24">
                    <pos type="DT"/>
                    <lemma type="the"/>
                </token>
                <token content="station" id="4-25">
                    <pos type="NN"/>
                    <lemma type="station"/>
                </token>
                <token content="." id="4-26"/>
            </sentence>
            <sentence id="5">
                <token content="I" id="5-1">
                    <pos type="PRP"/>
                    <lemma type="I"/>
                    <dep head="5-2" type="nsubj"/>
                </token>
                <token content="looked" id="5-2">
                    <pos type="VBD"/>
                    <lemma type="look"/>
                </token>
                <token content="up" id="5-3">
                    <pos type="RP"/>
                    <lemma type="up"/>
                    <dep head="5-2" type="prt"/>
                </token>
                <token content="at" id="5-4"/>
                <token content="the" id="5-5">
                    <pos type="DT"/>
                    <lemma type="the"/>
                </token>
                <token content="huge" id="5-6">
                    <pos type="JJ"/>
                    <lemma type="huge"/>
                </token>
                <token content="arrival" id="5-7">
                    <pos type="NN"/>
                    <lemma type="arrival"/>
                </token>
                <token content="screen" id="5-8">
                    <pos type="NN"/>
                    <lemma type="screen"/>
                    <dep head="5-2" type="prep"/>
                </token>
                <token content="at" id="5-9"/>
                <token content="the" id="5-10">
                    <pos type="DT"/>
                    <lemma type="the"/>
                </token>
                <token content="front" id="5-11">
                    <pos type="NN"/>
                    <lemma type="front"/>
                    <dep head="5-2" type="prep"/>
                </token>
                <token content="of" id="5-12"/>
                <token content="the" id="5-13">
                    <pos type="DT"/>
                    <lemma type="the"/>
                </token>
                <token content="station" id="5-14">
                    <pos type="NN"/>
                    <lemma type="station"/>
                </token>
                <token content="." id="5-15"/>
            </sentence>
            <sentence id="6">
                <token content="My" id="6-1">
                    <pos type="PRP$"/>
                    <lemma type="my"/>
                </token>
                <token content="train" id="6-2">
                    <pos type="NN"/>
                    <lemma type="train"/>
                    <dep head="6-4" type="nsubjpass"/>
                </token>
                <token content="was" id="6-3">
                    <pos type="VBD"/>
                    <lemma type="be"/>
                    <dep head="6-4" type="auxpass"/>
                </token>
                <token content="listed" id="6-4">
                    <pos type="VBN"/>
                    <lemma type="list"/>
                </token>
                <token content="there" id="6-5">
                    <pos type="RB"/>
                    <lemma type="there"/>
                    <dep head="6-4" type="advmod"/>
                </token>
                <token content="with" id="6-6"/>
                <token content="a" id="6-7">
                    <pos type="DT"/>
                    <lemma type="a"/>
                </token>
                <token content="number" id="6-8">
                    <pos type="NN"/>
                    <lemma type="number"/>
                    <dep head="6-4" type="prep"/>
                </token>
                <token content="of" id="6-9"/>
                <token content="others" id="6-10">
                    <pos type="NNS"/>
                    <lemma type="other"/>
                </token>
                <token content="." id="6-11"/>
            </sentence>
            <sentence id="7">
                <token content="It" id="7-1">
                    <pos type="PRP"/>
                    <lemma type="it"/>
                    <dep head="7-2" type="nsubj"/>
                </token>
                <token content="said" id="7-2">
                    <pos type="VBD"/>
                    <lemma type="say"/>
                </token>
                <token content="the" id="7-3">
                    <pos type="DT"/>
                    <lemma type="the"/>
                </token>
                <token content="train" id="7-4">
                    <pos type="NN"/>
                    <lemma type="train"/>
                    <dep head="7-5" type="nsubj"/>
                </token>
                <token content="was" id="7-5">
                    <pos type="VBD"/>
                    <lemma type="be"/>
                    <dep head="7-2" type="ccomp"/>
                </token>
                <token content="on" id="7-6"/>
                <token content="time" id="7-7">
                    <pos type="NN"/>
                    <lemma type="time"/>
                    <dep head="7-5" type="prep"/>
                </token>
                <token content="and" id="7-8"/>
                <token content="would" id="7-9">
                    <pos type="MD"/>
                    <lemma type="would"/>
                    <dep head="7-10" type="aux"/>
                </token>
                <token content="arrive" id="7-10">
                    <pos type="VB"/>
                    <lemma type="arrive"/>
                    <dep head="7-2" type="conj"/>
                </token>
                <token content="at" id="7-11"/>
                <token content="the" id="7-12">
                    <pos type="DT"/>
                    <lemma type="the"/>
                </token>
                <token content="station" id="7-13">
                    <pos type="NN"/>
                    <lemma type="station"/>
                    <dep head="7-10" type="prep"/>
                </token>
                <token content="soon" id="7-14">
                    <pos type="RB"/>
                    <lemma type="soon"/>
                    <dep head="7-10" type="advmod"/>
                </token>
                <token content="." id="7-15"/>
            </sentence>
            <sentence id="8">
                <token content="When" id="8-1">
                    <pos type="WRB"/>
                    <lemma type="when"/>
                    <dep head="8-3" type="advmod"/>
                </token>
                <token content="it" id="8-2">
                    <pos type="PRP"/>
                    <lemma type="it"/>
                    <dep head="8-3" type="nsubj"/>
                </token>
                <token content="came" id="8-3">
                    <pos type="VBD"/>
                    <lemma type="come"/>
                    <dep head="8-7" type="advcl"/>
                </token>
                <token content="in" id="8-4">
                    <pos type="RP"/>
                    <lemma type="in"/>
                    <dep head="8-3" type="prt"/>
                </token>
                <token content="," id="8-5"/>
                <token content="there" id="8-6">
                    <pos type="EX"/>
                    <lemma type="there"/>
                    <dep head="8-7" type="expl"/>
                </token>
                <token content="was" id="8-7">
                    <pos type="VBD"/>
                    <lemma type="be"/>
                </token>
                <token content="an" id="8-8">
                    <pos type="DT"/>
                    <lemma type="a"/>
                </token>
                <token content="announcement" id="8-9">
                    <pos type="NN"/>
                    <lemma type="announcement"/>
                    <dep head="8-7" type="nsubj"/>
                </token>
                <token content="that" id="8-10">
                    <pos type="IN"/>
                    <lemma type="that"/>
                    <dep head="8-17" type="mark"/>
                </token>
                <token content="the" id="8-11">
                    <pos type="DT"/>
                    <lemma type="the"/>
                </token>
                <token content="train" id="8-12">
                    <pos type="NN"/>
                    <lemma type="train"/>
                    <dep head="8-17" type="nsubj"/>
                </token>
                <token content="to" id="8-13"/>
                <token content="New" id="8-14">
                    <pos type="NNP"/>
                    <lemma type="New"/>
                </token>
                <token content="York" id="8-15">
                    <pos type="NNP"/>
                    <lemma type="York"/>
                </token>
                <token content="was" id="8-16">
                    <pos type="VBD"/>
                    <lemma type="be"/>
                    <dep head="8-17" type="aux"/>
                </token>
                <token content="boarding" id="8-17">
                    <pos type="VBG"/>
                    <lemma type="board"/>
                    <dep head="8-7" type="ccomp"/>
                </token>
                <token content="." id="8-18"/>
            </sentence>
            <sentence id="9">
                <token content="I" id="9-1">
                    <pos type="PRP"/>
                    <lemma type="I"/>
                    <dep head="9-2" type="nsubj"/>
                </token>
                <token content="got" id="9-2">
                    <pos type="VBD"/>
                    <lemma type="get"/>
                </token>
                <token content="up" id="9-3">
                    <pos type="RP"/>
                    <lemma type="up"/>
                    <dep head="9-2" type="prt"/>
                </token>
                <token content="and" id="9-4"/>
                <token content="walked" id="9-5">
                    <pos type="VBD"/>
                    <lemma type="walk"/>
                    <dep head="9-5" type="conj"/>
                </token>
                <token content="with" id="9-6"/>
                <token content="about" id="9-7">
                    <pos type="RB"/>
                    <lemma type="about"/>
                </token>
                <token content="thirty" id="9-8">
                    <pos type="CD"/>
                    <lemma type="thirty"/>
                </token>
                <token content="other" id="9-9">
                    <pos type="JJ"/>
                    <lemma type="other"/>
                </token>
                <token content="travelers" id="9-10">
                    <pos type="NNS"/>
                    <lemma type="traveler"/>
                    <dep head="9-5" type="prep"/>
                </token>
                <token content="down" id="9-11"/>
                <token content="some" id="9-12">
                    <pos type="DT"/>
                    <lemma type="some"/>
                </token>
                <token content="stairs" id="9-13">
                    <pos type="NNS"/>
                    <lemma type="stair"/>
                    <dep head="9-5" type="prep"/>
                </token>
                <token content="and" id="9-14"/>
                <token content="along" id="9-15"/>
                <token content="a" id="9-16">
                    <pos type="DT"/>
                    <lemma type="a"/>
                </token>
                <token content="long" id="9-17">
                    <pos type="JJ"/>
                    <lemma type="long"/>
                </token>
                <token content="hallway" id="9-18">
                    <pos type="NN"/>
                    <lemma type="hallway"/>
                    <dep head="9-5" type="prep"/>
                </token>
                <token content="," id="9-19"/>
                <token content="then" id="9-20">
                    <pos type="RB"/>
                    <lemma type="then"/>
                    <dep head="9-5" type="advmod"/>
                </token>
                <token content="up" id="9-21"/>
                <token content="another" id="9-22">
                    <pos type="DT"/>
                    <lemma type="another"/>
                </token>
                <token content="flight" id="9-23">
                    <pos type="NN"/>
                    <lemma type="flight"/>
                    <dep head="9-5" type="prep"/>
                </token>
                <token content="of" id="9-24"/>
                <token content="stairs" id="9-25">
                    <pos type="NNS"/>
                    <lemma type="stair"/>
                </token>
                <token content="and" id="9-26"/>
                <token content="out" id="9-27">
                    <pos type="RB"/>
                    <lemma type="out"/>
                    <dep head="9-5" type="conj"/>
                </token>
                <token content="onto" id="9-28"/>
                <token content="a" id="9-29">
                    <pos type="DT"/>
                    <lemma type="a"/>
                </token>
                <token content="platform" id="9-30">
                    <pos type="NN"/>
                    <lemma type="platform"/>
                    <dep head="9-5" type="prep"/>
                </token>
                <token content="." id="9-31"/>
            </sentence>
            <sentence id="10">
                <token content="The" id="10-1">
                    <pos type="DT"/>
                    <lemma type="the"/>
                </token>
                <token content="train" id="10-2">
                    <pos type="NN"/>
                    <lemma type="train"/>
                </token>
                <token content="was" id="10-3">
                    <pos type="VBD"/>
                    <lemma type="be"/>
                </token>
                <token content="there" id="10-4">
                    <pos type="RB"/>
                    <lemma type="there"/>
                </token>
                <token content="next" id="10-5"/>
                <token content="to" id="10-6"/>
                <token content="the" id="10-7">
                    <pos type="DT"/>
                    <lemma type="the"/>
                </token>
                <token content="platform" id="10-8">
                    <pos type="NN"/>
                    <lemma type="platform"/>
                </token>
                <token content="with" id="10-9"/>
                <token content="its" id="10-10">
                    <pos type="PRP$"/>
                    <lemma type="its"/>
                </token>
                <token content="doors" id="10-11">
                    <pos type="NNS"/>
                    <lemma type="door"/>
                </token>
                <token content="open" id="10-12">
                    <pos type="JJ"/>
                    <lemma type="open"/>
                </token>
                <token content="." id="10-13"/>
            </sentence>
            <sentence id="11">
                <token content="I" id="11-1">
                    <pos type="PRP"/>
                    <lemma type="I"/>
                    <dep head="11-2" type="nsubj"/>
                </token>
                <token content="walked" id="11-2">
                    <pos type="VBD"/>
                    <lemma type="walk"/>
                </token>
                <token content="into" id="11-3"/>
                <token content="the" id="11-4">
                    <pos type="DT"/>
                    <lemma type="the"/>
                </token>
                <token content="train" id="11-5">
                    <pos type="NN"/>
                    <lemma type="train"/>
                    <dep head="11-2" type="prep"/>
                </token>
                <token content="and" id="11-6"/>
                <token content="took" id="11-7">
                    <pos type="VBD"/>
                    <lemma type="take"/>
                    <dep head="11-2" type="conj"/>
                </token>
                <token content="a" id="11-8">
                    <pos type="DT"/>
                    <lemma type="a"/>
                </token>
                <token content="seat" id="11-9">
                    <pos type="NN"/>
                    <lemma type="seat"/>
                    <dep head="11-7" type="dobj"/>
                </token>
                <token content="by" id="11-10"/>
                <token content="the" id="11-11">
                    <pos type="DT"/>
                    <lemma type="the"/>
                </token>
                <token content="window" id="11-12">
                    <pos type="NN"/>
                    <lemma type="window"/>
                    <dep head="11-7" type="prep"/>
                </token>
                <token content="so" id="11-13">
                    <pos type="IN"/>
                    <lemma type="so"/>
                    <dep head="11-16" type="mark"/>
                </token>
                <token content="I" id="11-14">
                    <pos type="PRP"/>
                    <lemma type="I"/>
                    <dep head="11-16" type="nsubj"/>
                </token>
                <token content="could" id="11-15">
                    <pos type="MD"/>
                    <lemma type="could"/>
                    <dep head="11-16" type="aux"/>
                </token>
                <token content="watch" id="11-16">
                    <pos type="VB"/>
                    <lemma type="watch"/>
                    <dep head="11-7" type="advcl"/>
                </token>
                <token content="things" id="11-17">
                    <pos type="NNS"/>
                    <lemma type="thing"/>
                    <dep head="11-18" type="nsubj"/>
                </token>
                <token content="go" id="11-18">
                    <pos type="VB"/>
                    <lemma type="go"/>
                    <dep head="11-16" type="ccomp"/>
                </token>
                <token content="by" id="11-19">
                    <pos type="RP"/>
                    <lemma type="by"/>
                    <dep head="11-18" type="prt"/>
                </token>
                <token content="as" id="11-20">
                    <pos type="IN"/>
                    <lemma type="as"/>
                    <dep head="11-22" type="mark"/>
                </token>
                <token content="we" id="11-21">
                    <pos type="PRP"/>
                    <lemma type="we"/>
                    <dep head="11-22" type="nsubj"/>
                </token>
                <token content="traveled" id="11-22">
                    <pos type="VBD"/>
                    <lemma type="travel"/>
                    <dep head="11-18" type="advcl"/>
                </token>
                <token content="." id="11-23"/>
            </sentence>
            <sentence id="12">
                <token content="Soon" id="12-1">
                    <pos type="RB"/>
                    <lemma type="soon"/>
                    <dep head="12-4" type="advmod"/>
                </token>
                <token content="the" id="12-2">
                    <pos type="DT"/>
                    <lemma type="the"/>
                </token>
                <token content="train" id="12-3">
                    <pos type="NN"/>
                    <lemma type="train"/>
                    <dep head="12-4" type="nsubj"/>
                </token>
                <token content="started" id="12-4">
                    <pos type="VBD"/>
                    <lemma type="start"/>
                </token>
                <token content="moving" id="12-5">
                    <pos type="VBG"/>
                    <lemma type="move"/>
                    <dep head="12-4" type="xcomp"/>
                </token>
                <token content="along" id="12-6">
                    <pos type="RP"/>
                    <lemma type="along"/>
                    <dep head="12-5" type="prt"/>
                </token>
                <token content="the" id="12-7">
                    <pos type="DT"/>
                    <lemma type="the"/>
                </token>
                <token content="tracks" id="12-8">
                    <pos type="NNS"/>
                    <lemma type="track"/>
                    <dep head="12-5" type="dobj"/>
                </token>
                <token content="." id="12-9"/>
            </sentence>
            <sentence id="13">
                <token content="After" id="13-1"/>
                <token content="a" id="13-2">
                    <pos type="DT"/>
                    <lemma type="a"/>
                </token>
                <token content="while" id="13-3">
                    <pos type="NN"/>
                    <lemma type="while"/>
                    <dep head="13-8" type="prep"/>
                </token>
                <token content="the" id="13-4">
                    <pos type="DT"/>
                    <lemma type="the"/>
                </token>
                <token content="train" id="13-5">
                    <pos type="NN"/>
                    <lemma type="train"/>
                </token>
                <token content="'s" id="13-6"/>
                <token content="conductor" id="13-7">
                    <pos type="NN"/>
                    <lemma type="conductor"/>
                    <dep head="13-8" type="nsubj"/>
                </token>
                <token content="walked" id="13-8">
                    <pos type="VBD"/>
                    <lemma type="walk"/>
                    <dep head="13-15" type="ccomp"/>
                </token>
                <token content="down" id="13-9">
                    <pos type="RP"/>
                    <lemma type="down"/>
                    <dep head="13-8" type="prt"/>
                </token>
                <token content="the" id="13-10">
                    <pos type="DT"/>
                    <lemma type="the"/>
                </token>
                <token content="aisles" id="13-11">
                    <pos type="NNS"/>
                    <lemma type="aisle"/>
                    <dep head="13-8" type="dobj"/>
                </token>
                <token content="saying" id="13-12">
                    <pos type="VBG"/>
                    <lemma type="say"/>
                </token>
                <token content="," id="13-13"/>
                <token content="Tickets" id="13-14">
                    <pos type="NNP"/>
                    <lemma type="Tickets"/>
                    <dep head="13-15" type="nsubj"/>
                </token>
                <token content="please" id="13-15">
                    <pos type="VBP"/>
                    <lemma type="please"/>
                </token>
                <token content="." id="13-16"/>
            </sentence>
            <sentence id="14">
                <token content="Tickets" id="14-1"/>
                <token content="." id="14-2"/>
            </sentence>
            <sentence id="15">
                <token content="over" id="15-1">
                    <pos type="RP"/>
                    <lemma type="over"/>
                </token>
                <token content="and" id="15-2"/>
                <token content="over" id="15-3">
                    <pos type="RP"/>
                    <lemma type="over"/>
                </token>
                <token content="." id="15-4"/>
            </sentence>
            <sentence id="16">
                <token content="I" id="16-1">
                    <pos type="PRP"/>
                    <lemma type="I"/>
                    <dep head="16-2" type="nsubj"/>
                </token>
                <token content="handed" id="16-2">
                    <pos type="VBD"/>
                    <lemma type="hand"/>
                </token>
                <token content="him" id="16-3">
                    <pos type="PRP"/>
                    <lemma type="he"/>
                    <dep head="16-2" type="iobj"/>
                </token>
                <token content="my" id="16-4">
                    <pos type="PRP$"/>
                    <lemma type="my"/>
                </token>
                <token content="ticket" id="16-5">
                    <pos type="NN"/>
                    <lemma type="ticket"/>
                    <dep head="16-2" type="dobj"/>
                </token>
                <token content="and" id="16-6"/>
                <token content="he" id="16-7">
                    <pos type="PRP"/>
                    <lemma type="he"/>
                    <dep head="16-8" type="nsubj"/>
                </token>
                <token content="punched" id="16-8">
                    <pos type="VBD"/>
                    <lemma type="punch"/>
                    <dep head="16-2" type="conj"/>
                </token>
                <token content="a" id="16-9">
                    <pos type="DT"/>
                    <lemma type="a"/>
                </token>
                <token content="hole" id="16-10">
                    <pos type="NN"/>
                    <lemma type="hole"/>
                    <dep head="16-8" type="dobj"/>
                </token>
                <token content="in" id="16-11"/>
                <token content="it" id="16-12">
                    <pos type="PRP"/>
                    <lemma type="it"/>
                    <dep head="16-8" type="prep"/>
                </token>
                <token content="and" id="16-13"/>
                <token content="put" id="16-14">
                    <pos type="VBD"/>
                    <lemma type="put"/>
                    <dep head="16-8" type="conj"/>
                </token>
                <token content="a" id="16-15">
                    <pos type="DT"/>
                    <lemma type="a"/>
                </token>
                <token content="ticket" id="16-16">
                    <pos type="NN"/>
                    <lemma type="ticket"/>
                </token>
                <token content="stub" id="16-17">
                    <pos type="NN"/>
                    <lemma type="stub"/>
                    <dep head="16-14" type="dobj"/>
                </token>
                <token content="in" id="16-18"/>
                <token content="the" id="16-19">
                    <pos type="DT"/>
                    <lemma type="the"/>
                </token>
                <token content="back" id="16-20">
                    <pos type="NN"/>
                    <lemma type="back"/>
                    <dep head="16-14" type="prep"/>
                </token>
                <token content="of" id="16-21"/>
                <token content="the" id="16-22">
                    <pos type="DT"/>
                    <lemma type="the"/>
                </token>
                <token content="seat" id="16-23">
                    <pos type="NN"/>
                    <lemma type="seat"/>
                </token>
                <token content="in" id="16-24"/>
                <token content="front" id="16-25"/>
                <token content="of" id="16-26"/>
                <token content="me" id="16-27">
                    <pos type="PRP"/>
                    <lemma type="I"/>
                    <dep head="16-14" type="prep"/>
                </token>
                <token content="." id="16-28"/>
            </sentence>
            <sentence id="17">
                <token content="When" id="17-1">
                    <pos type="WRB"/>
                    <lemma type="when"/>
                    <dep head="17-4" type="advmod"/>
                </token>
                <token content="the" id="17-2">
                    <pos type="DT"/>
                    <lemma type="the"/>
                </token>
                <token content="train" id="17-3">
                    <pos type="NN"/>
                    <lemma type="train"/>
                    <dep head="17-4" type="nsubj"/>
                </token>
                <token content="got" id="17-4">
                    <pos type="VBD"/>
                    <lemma type="get"/>
                    <dep head="17-10" type="advcl"/>
                </token>
                <token content="to" id="17-5"/>
                <token content="New" id="17-6">
                    <pos type="NNP"/>
                    <lemma type="New"/>
                </token>
                <token content="York" id="17-7">
                    <pos type="NNP"/>
                    <lemma type="York"/>
                </token>
                <token content="City" id="17-8">
                    <pos type="NNP"/>
                    <lemma type="City"/>
                    <dep head="17-4" type="prep"/>
                </token>
                <token content="I" id="17-9">
                    <pos type="PRP"/>
                    <lemma type="I"/>
                    <dep head="17-10" type="nsubj"/>
                </token>
                <token content="got" id="17-10">
                    <pos type="VBD"/>
                    <lemma type="get"/>
                </token>
                <token content="off" id="17-11">
                    <pos type="RP"/>
                    <lemma type="off"/>
                    <dep head="17-10" type="prt"/>
                </token>
                <token content="the" id="17-12">
                    <pos type="DT"/>
                    <lemma type="the"/>
                </token>
                <token content="train" id="17-13">
                    <pos type="NN"/>
                    <lemma type="train"/>
                    <dep head="17-10" type="dobj"/>
                </token>
                <token content="and" id="17-14"/>
                <token content="walked" id="17-15">
                    <pos type="VBD"/>
                    <lemma type="walk"/>
                    <dep head="17-10" type="conj"/>
                </token>
                <token content="out" id="17-16">
                    <pos type="RP"/>
                    <lemma type="out"/>
                    <dep head="17-15" type="prt"/>
                </token>
                <token content="onto" id="17-17"/>
                <token content="one" id="17-18">
                    <pos type="CD"/>
                    <lemma type="one"/>
                    <dep head="17-15" type="prep"/>
                </token>
                <token content="of" id="17-19"/>
                <token content="the" id="17-20">
                    <pos type="DT"/>
                    <lemma type="the"/>
                </token>
                <token content="platforms" id="17-21">
                    <pos type="NNS"/>
                    <lemma type="platform"/>
                </token>
                <token content="at" id="17-22"/>
                <token content="Grand" id="17-23">
                    <pos type="NNP"/>
                    <lemma type="Grand"/>
                </token>
                <token content="Central" id="17-24">
                    <pos type="NNP"/>
                    <lemma type="Central"/>
                </token>
                <token content="Station" id="17-25">
                    <pos type="NNP"/>
                    <lemma type="Station"/>
                    <dep head="17-15" type="prep"/>
                </token>
                <token content="." id="17-26"/>
            </sentence>
        </sentences>
    </text>
    <annotations>
        <participants>
            <label from="1-1" id="0" name="ScrPart_passenger" text="I" type="participant"/>
            <label from="1-4" id="1" name="NPart" text="bus" type="participant"/>
            <label from="1-7" id="2" name="ScrPart_train_station" text="train station" to="1-8" type="participant"/>
            <label from="1-8" id="3" name="ScrPart_train_station" text="station" type="participant"/>
            <label from="1-16" id="4" name="ScrPart_train_station" text="brick building" to="1-17" type="participant"/>
            <label from="1-17" id="5" name="ScrPart_train_station" text="building" type="participant"/>
            <label from="2-4" id="6" name="Head_of_Partitive" text="bank" type="participant"/>
            <label from="2-6" id="7" name="ScrPart_ticket_office/website" text="windows" type="participant"/>
            <label from="2-10" id="8" name="NPart" text="side" type="participant"/>
            <label from="2-13" id="9" name="ScrPart_train_station" text="building" type="participant"/>
            <label from="3-1" id="10" name="ScrPart_passenger" text="I" type="participant"/>
            <label from="3-7" id="11" name="ScrPart_ticket_office/website" text="them" type="participant"/>
            <label from="3-12" id="12" name="ScrPart_card/ticket" text="one way ticket" to="3-14" type="participant"/>
            <label from="3-14" id="13" name="ScrPart_card/ticket" text="ticket" type="participant"/>
            <label from="3-16" id="14" name="ScrPart_destination" text="New York City" to="3-18" type="participant"/>
            <label from="4-1" id="15" name="ScrPart_passenger" text="I" type="participant"/>
            <label from="4-5" id="16" name="ScrPart_card/ticket" text="ticket" type="participant"/>
            <label from="4-7" id="17" name="ScrPart_passenger" text="my" type="participant"/>
            <label from="4-8" id="18" name="ScrPart_payment_means" text="credit card" to="4-9" type="participant"/>
            <label from="4-9" id="19" name="ScrPart_payment_means" text="card" type="participant"/>
            <label from="4-19" id="20" name="ScrPart_other" text="booths" type="participant"/>
            <label from="4-22" id="21" name="Head_of_Partitive" text="middle" type="participant"/>
            <label from="4-25" id="22" name="ScrPart_train_station" text="station" type="participant"/>
            <label from="5-1" id="23" name="ScrPart_passenger" text="I" type="participant"/>
            <label from="5-7" id="24" name="ScrPart_time-table" text="arrival screen" to="5-8" type="participant"/>
            <label from="5-8" id="25" name="ScrPart_time-table" text="screen" type="participant"/>
            <label from="5-11" id="26" name="Head_of_Partitive" text="front" type="participant"/>
            <label from="5-14" id="27" name="ScrPart_train_station" text="station" type="participant"/>
            <label from="6-1" id="28" name="ScrPart_passenger" text="My" type="participant"/>
            <label from="6-2" id="29" name="ScrPart_train" text="train" type="participant"/>
            <label from="6-8" id="30" name="Head_of_Partitive" text="number" type="participant"/>
            <label from="6-10" id="31" name="ScrPart_train" text="others" type="participant"/>
            <label from="7-1" id="32" name="ScrPart_time-table" text="It" type="participant"/>
            <label from="7-4" id="33" name="ScrPart_train" text="train" type="participant"/>
            <label from="7-7" id="34" name="ScrPart_time_date" text="time" type="participant"/>
            <label from="7-13" id="35" name="ScrPart_train_station" text="station" type="participant"/>
            <label from="8-2" id="36" name="ScrPart_train" text="it" type="participant"/>
            <label from="8-9" id="37" name="NPart" text="announcement" type="participant"/>
            <label from="8-12" id="38" name="ScrPart_train" text="train" type="participant"/>
            <label from="8-14" id="39" name="ScrPart_destination" text="New York" to="8-15" type="participant"/>
            <label from="9-1" id="40" name="ScrPart_passenger" text="I" type="participant"/>
            <label from="9-10" id="41" name="ScrPart_passenger" text="travelers" type="participant"/>
            <label from="9-13" id="42" name="NPart" text="stairs" type="participant"/>
            <label from="9-18" id="43" name="NPart" text="hallway" type="participant"/>
            <label from="9-23" id="44" name="Head_of_Partitive" text="flight" type="participant"/>
            <label from="9-25" id="45" name="NPart" text="stairs" type="participant"/>
            <label from="9-30" id="46" name="ScrPart_platform" text="platform" type="participant"/>
            <label from="10-2" id="47" name="ScrPart_train" text="train" type="participant"/>
            <label from="10-8" id="48" name="ScrPart_platform" text="platform" type="participant"/>
            <label from="10-10" id="49" name="ScrPart_train" text="its" type="participant"/>
            <label from="10-11" id="50" name="ScrPart_door" text="doors" type="participant"/>
            <label from="11-1" id="51" name="ScrPart_passenger" text="I" type="participant"/>
            <label from="11-5" id="52" name="ScrPart_train" text="train" type="participant"/>
            <label from="11-9" id="53" name="ScrPart_seat" text="seat" type="participant"/>
            <label from="11-12" id="54" name="ScrPart_in-train_entertainment" text="window" type="participant"/>
            <label from="11-14" id="55" name="ScrPart_passenger" text="I" type="participant"/>
            <label from="11-17" id="56" name="NPart" text="things" type="participant"/>
            <label from="11-21" id="57" name="ScrPart_passenger" text="we" type="participant"/>
            <label from="12-3" id="58" name="ScrPart_train" text="train" type="participant"/>
            <label from="12-8" id="59" name="NPart" text="tracks" type="participant"/>
            <label from="13-3" id="60" name="No_label" text="while" type="participant"/>
            <label from="13-5" id="61" name="ScrPart_train" text="train" type="participant"/>
            <label from="13-7" id="62" name="ScrPart_train_staff" text="conductor" type="participant"/>
            <label from="13-11" id="63" name="ScrPart_coach" text="aisles" type="participant"/>
            <label from="13-14" id="64" name="ScrPart_card/ticket" text="Tickets" type="participant"/>
            <label from="14-1" id="65" name="ScrPart_card/ticket" text="Tickets" type="participant"/>
            <label from="16-1" id="66" name="ScrPart_passenger" text="I" type="participant"/>
            <label from="16-3" id="67" name="ScrPart_train_staff" text="him" type="participant"/>
            <label from="16-4" id="68" name="ScrPart_passenger" text="my" type="participant"/>
            <label from="16-5" id="69" name="ScrPart_card/ticket" text="ticket" type="participant"/>
            <label from="16-7" id="70" name="ScrPart_train_staff" text="he" type="participant"/>
            <label from="16-10" id="71" name="NPart" text="hole" type="participant"/>
            <label from="16-12" id="72" name="ScrPart_card/ticket" text="it" type="participant"/>
            <label from="16-16" id="73" name="NPart" text="ticket stub" to="16-17" type="participant"/>
            <label from="16-17" id="74" name="NPart" text="stub" type="participant"/>
            <label from="16-20" id="75" name="Head_of_Partitive" text="back" type="participant"/>
            <label from="16-23" id="76" name="ScrPart_seat" text="seat" type="participant"/>
            <label from="16-27" id="77" name="ScrPart_passenger" text="me" type="participant"/>
            <label from="17-3" id="78" name="ScrPart_train" text="train" type="participant"/>
            <label from="17-6" id="79" name="ScrPart_destination" text="New York City" to="17-8" type="participant"/>
            <label from="17-9" id="80" name="ScrPart_passenger" text="I" type="participant"/>
            <label from="17-13" id="81" name="ScrPart_train" text="train" type="participant"/>
            <label from="17-21" id="82" name="ScrPart_platform" text="platforms" type="participant"/>
            <label from="17-23" id="83" name="ScrPart_train_station" text="Grand Central Station" to="17-25" type="participant"/>
        </participants>
        <events>
            <label from="1-2" id="84" name="ScrEv_get_train_station" text="took" type="event"/>
            <label from="1-11" id="85" name="ScrEv_get_train_station" text="walked" type="event"/>
            <label from="2-2" id="86" name="UnrelEv" text="'s" type="event"/>
            <label from="3-2" id="87" name="RelNScrEv" text="went over" to="3-3" type="event"/>
            <label from="3-9" id="88" name="ScrEv_get_tickets" text="asked" type="event"/>
            <label from="4-2" id="89" name="ScrEv_get_tickets" text="paid" type="event"/>
            <label from="4-12" id="90" name="UnrelEv" text="went" type="event"/>
            <label from="4-14" id="91" name="ScrEv_wait" text="sit" type="event"/>
            <label from="5-2" id="92" name="ScrEv_check_time-table" text="looked up" to="5-3" type="event"/>
            <label from="6-4" id="93" name="ScrEv_check_time-table" text="listed" type="event"/>
            <label from="7-2" id="94" name="ScrEv_check_time-table" text="said" type="event"/>
            <label from="7-5" id="95" name="RelNScrEv" text="was" type="event"/>
            <label from="7-10" id="96" name="ScrEv_train_arrives" text="arrive" type="event"/>
            <label from="8-3" id="97" name="ScrEv_train_arrives" text="came in" to="8-4" type="event"/>
            <label from="8-7" id="98" name="RelNScrEv" text="was" type="event"/>
            <label from="8-17" id="99" name="ScrEv_get_on" text="boarding" type="event"/>
            <label from="9-2" id="100" name="RelNScrEv" text="got up" to="9-3" type="event"/>
            <label from="9-5" id="101" name="ScrEv_get_platform" text="walked" type="event"/>
            <label from="10-3" id="102" name="RelNScrEv" text="was" type="event"/>
            <label from="11-2" id="103" name="ScrEv_get_on" text="walked" type="event"/>
            <label from="11-7" id="104" name="ScrEv_find_place" text="took" type="event"/>
            <label from="11-16" id="105" name="ScrEv_spend_time_train" text="watch" type="event"/>
            <label from="11-18" id="106" name="RelNScrEv" text="go by" to="11-19" type="event"/>
            <label from="11-22" id="107" name="RelNScrEv" text="traveled" type="event"/>
            <label from="12-4" id="108" name="UnrelEv" text="started" type="event"/>
            <label from="12-5" id="109" name="ScrEv_train_departs" text="moving" type="event"/>
            <label from="13-8" id="110" name="RelNScrEv" text="walked down" to="13-9" type="event"/>
            <label from="13-12" id="111" name="RelNScrEv" text="saying" type="event"/>
            <label from="16-2" id="112" name="ScrEv_conductor_checks" text="handed" type="event"/>
            <label from="16-8" id="113" name="ScrEv_conductor_checks" text="punched" type="event"/>
            <label from="16-14" id="114" name="RelNScrEv" text="put" type="event"/>
            <label from="17-4" id="115" name="ScrEv_arrive_destination" text="got" type="event"/>
            <label from="17-10" id="116" name="ScrEv_get_off" text="got off" to="17-11" type="event"/>
            <label from="17-15" id="117" name="ScrEv_get_off" text="walked out" to="17-16" type="event"/>
        </events>
        <chains>
            <chain elements="3 5 9 22 27 35 83"/>
            <chain elements="0 10 15 17 23 28 40 51 55 66 68 77 80"/>
            <chain elements="7 11"/>
            <chain elements="13 16 64 65 69 72"/>
            <chain elements="29 31 33 36 38 47 49 52 58 61 78 81"/>
            <chain elements="25 32"/>
            <chain elements="14 39 79"/>
            <chain elements="46 48 82"/>
            <chain elements="41 57 55" name="coref_group_I_traveller"/>
            <chain elements="62 67 70"/>
            <chain elements="53 76"/>
        </chains>
    </annotations>
</story>
