<?xml version="1.0" encoding="UTF-8" standalone="no"?>
<!DOCTYPE story SYSTEM "../InScript.dtd">
<story id="040" scenario="train">
    <text>
        <content>My family decided to take a train in to the city and have an afternoon of shopping . 
We went to the station and bought tickets from the vending machine there . 
We often bought the ten-trip ticket because it was a good bargain . 
Then we had to wait for our train to arrive . 
When it did , we stepped through the open doors into the car , stepping carefully over the gap between the platform and the train . 
We found ourselves a nice seat . 
My sister took a seat by the window because she always likes to watch the moving landscape . 
We all enjoyed a train ride . 
The sound of the wheels on the tracks was soothing and the rides were n't too long . 
Before long , the conductor came and took our tickets . 
She was very polite and friendly . 
It was not long before the train went into the tunnel and we knew the ride was nearly over . </content>
        <sentences>
            <sentence id="1">
                <token content="My" id="1-1">
                    <pos type="PRP$"/>
                    <lemma type="my"/>
                </token>
                <token content="family" id="1-2">
                    <pos type="NN"/>
                    <lemma type="family"/>
                    <dep head="1-3" type="nsubj"/>
                </token>
                <token content="decided" id="1-3">
                    <pos type="VBD"/>
                    <lemma type="decide"/>
                </token>
                <token content="to" id="1-4">
                    <pos type="TO"/>
                    <lemma type="to"/>
                    <dep head="1-5" type="aux"/>
                </token>
                <token content="take" id="1-5">
                    <pos type="VB"/>
                    <lemma type="take"/>
                    <dep head="1-3" type="xcomp"/>
                </token>
                <token content="a" id="1-6">
                    <pos type="DT"/>
                    <lemma type="a"/>
                </token>
                <token content="train" id="1-7">
                    <pos type="NN"/>
                    <lemma type="train"/>
                    <dep head="1-5" type="dobj"/>
                </token>
                <token content="in" id="1-8">
                    <pos type="IN"/>
                    <lemma type="in"/>
                    <dep head="1-5" type="prep"/>
                </token>
                <token content="to" id="1-9">
                    <pos type="TO"/>
                    <lemma type="to"/>
                </token>
                <token content="the" id="1-10">
                    <pos type="DT"/>
                    <lemma type="the"/>
                </token>
                <token content="city" id="1-11">
                    <pos type="NN"/>
                    <lemma type="city"/>
                </token>
                <token content="and" id="1-12"/>
                <token content="have" id="1-13">
                    <pos type="VB"/>
                    <lemma type="have"/>
                    <dep head="1-5" type="conj"/>
                </token>
                <token content="an" id="1-14">
                    <pos type="DT"/>
                    <lemma type="a"/>
                </token>
                <token content="afternoon" id="1-15">
                    <pos type="NN"/>
                    <lemma type="afternoon"/>
                    <dep head="1-13" type="dobj"/>
                </token>
                <token content="of" id="1-16"/>
                <token content="shopping" id="1-17">
                    <pos type="NN"/>
                    <lemma type="shopping"/>
                </token>
                <token content="." id="1-18"/>
            </sentence>
            <sentence id="2">
                <token content="We" id="2-1">
                    <pos type="PRP"/>
                    <lemma type="we"/>
                    <dep head="2-2" type="nsubj"/>
                </token>
                <token content="went" id="2-2">
                    <pos type="VBD"/>
                    <lemma type="go"/>
                </token>
                <token content="to" id="2-3"/>
                <token content="the" id="2-4">
                    <pos type="DT"/>
                    <lemma type="the"/>
                </token>
                <token content="station" id="2-5">
                    <pos type="NN"/>
                    <lemma type="station"/>
                    <dep head="2-2" type="prep"/>
                </token>
                <token content="and" id="2-6"/>
                <token content="bought" id="2-7">
                    <pos type="VBD"/>
                    <lemma type="buy"/>
                    <dep head="2-2" type="conj"/>
                </token>
                <token content="tickets" id="2-8">
                    <pos type="NNS"/>
                    <lemma type="ticket"/>
                    <dep head="2-7" type="dobj"/>
                </token>
                <token content="from" id="2-9"/>
                <token content="the" id="2-10">
                    <pos type="DT"/>
                    <lemma type="the"/>
                </token>
                <token content="vending" id="2-11">
                    <pos type="VBG"/>
                    <lemma type="vend"/>
                </token>
                <token content="machine" id="2-12">
                    <pos type="NN"/>
                    <lemma type="machine"/>
                    <dep head="2-7" type="prep"/>
                </token>
                <token content="there" id="2-13">
                    <pos type="RB"/>
                    <lemma type="there"/>
                </token>
                <token content="." id="2-14"/>
            </sentence>
            <sentence id="3">
                <token content="We" id="3-1">
                    <pos type="PRP"/>
                    <lemma type="we"/>
                    <dep head="3-3" type="nsubj"/>
                </token>
                <token content="often" id="3-2">
                    <pos type="RB"/>
                    <lemma type="often"/>
                    <dep head="3-3" type="advmod"/>
                </token>
                <token content="bought" id="3-3">
                    <pos type="VBD"/>
                    <lemma type="buy"/>
                </token>
                <token content="the" id="3-4">
                    <pos type="DT"/>
                    <lemma type="the"/>
                </token>
                <token content="ten-trip" id="3-5">
                    <pos type="JJ"/>
                    <lemma type="ten-trip"/>
                </token>
                <token content="ticket" id="3-6">
                    <pos type="NN"/>
                    <lemma type="ticket"/>
                    <dep head="3-3" type="dobj"/>
                </token>
                <token content="because" id="3-7">
                    <pos type="IN"/>
                    <lemma type="because"/>
                </token>
                <token content="it" id="3-8">
                    <pos type="PRP"/>
                    <lemma type="it"/>
                </token>
                <token content="was" id="3-9">
                    <pos type="VBD"/>
                    <lemma type="be"/>
                </token>
                <token content="a" id="3-10">
                    <pos type="DT"/>
                    <lemma type="a"/>
                </token>
                <token content="good" id="3-11">
                    <pos type="JJ"/>
                    <lemma type="good"/>
                </token>
                <token content="bargain" id="3-12">
                    <pos type="NN"/>
                    <lemma type="bargain"/>
                    <dep head="3-3" type="advcl"/>
                </token>
                <token content="." id="3-13"/>
            </sentence>
            <sentence id="4">
                <token content="Then" id="4-1">
                    <pos type="RB"/>
                    <lemma type="then"/>
                    <dep head="4-3" type="advmod"/>
                </token>
                <token content="we" id="4-2">
                    <pos type="PRP"/>
                    <lemma type="we"/>
                    <dep head="4-3" type="nsubj"/>
                </token>
                <token content="had" id="4-3">
                    <pos type="VBD"/>
                    <lemma type="have"/>
                </token>
                <token content="to" id="4-4">
                    <pos type="TO"/>
                    <lemma type="to"/>
                    <dep head="4-5" type="aux"/>
                </token>
                <token content="wait" id="4-5">
                    <pos type="VB"/>
                    <lemma type="wait"/>
                    <dep head="4-3" type="xcomp"/>
                </token>
                <token content="for" id="4-6"/>
                <token content="our" id="4-7">
                    <pos type="PRP$"/>
                    <lemma type="we"/>
                </token>
                <token content="train" id="4-8">
                    <pos type="NN"/>
                    <lemma type="train"/>
                    <dep head="4-5" type="prep"/>
                </token>
                <token content="to" id="4-9">
                    <pos type="TO"/>
                    <lemma type="to"/>
                    <dep head="4-10" type="aux"/>
                </token>
                <token content="arrive" id="4-10">
                    <pos type="VB"/>
                    <lemma type="arrive"/>
                </token>
                <token content="." id="4-11"/>
            </sentence>
            <sentence id="5">
                <token content="When" id="5-1">
                    <pos type="WRB"/>
                    <lemma type="when"/>
                    <dep head="5-3" type="advmod"/>
                </token>
                <token content="it" id="5-2">
                    <pos type="PRP"/>
                    <lemma type="it"/>
                    <dep head="5-3" type="nsubj"/>
                </token>
                <token content="did" id="5-3">
                    <pos type="VBD"/>
                    <lemma type="do"/>
                    <dep head="5-6" type="advcl"/>
                </token>
                <token content="," id="5-4"/>
                <token content="we" id="5-5">
                    <pos type="PRP"/>
                    <lemma type="we"/>
                    <dep head="5-6" type="nsubj"/>
                </token>
                <token content="stepped" id="5-6">
                    <pos type="VBD"/>
                    <lemma type="step"/>
                </token>
                <token content="through" id="5-7"/>
                <token content="the" id="5-8">
                    <pos type="DT"/>
                    <lemma type="the"/>
                </token>
                <token content="open" id="5-9">
                    <pos type="JJ"/>
                    <lemma type="open"/>
                </token>
                <token content="doors" id="5-10">
                    <pos type="NNS"/>
                    <lemma type="door"/>
                    <dep head="5-6" type="prep"/>
                </token>
                <token content="into" id="5-11"/>
                <token content="the" id="5-12">
                    <pos type="DT"/>
                    <lemma type="the"/>
                </token>
                <token content="car" id="5-13">
                    <pos type="NN"/>
                    <lemma type="car"/>
                    <dep head="5-6" type="prep"/>
                </token>
                <token content="," id="5-14"/>
                <token content="stepping" id="5-15">
                    <pos type="VBG"/>
                    <lemma type="step"/>
                    <dep head="5-6" type="xcomp"/>
                </token>
                <token content="carefully" id="5-16">
                    <pos type="RB"/>
                    <lemma type="carefully"/>
                    <dep head="5-15" type="advmod"/>
                </token>
                <token content="over" id="5-17"/>
                <token content="the" id="5-18">
                    <pos type="DT"/>
                    <lemma type="the"/>
                </token>
                <token content="gap" id="5-19">
                    <pos type="NN"/>
                    <lemma type="gap"/>
                    <dep head="5-15" type="prep"/>
                </token>
                <token content="between" id="5-20"/>
                <token content="the" id="5-21">
                    <pos type="DT"/>
                    <lemma type="the"/>
                </token>
                <token content="platform" id="5-22">
                    <pos type="NN"/>
                    <lemma type="platform"/>
                </token>
                <token content="and" id="5-23"/>
                <token content="the" id="5-24">
                    <pos type="DT"/>
                    <lemma type="the"/>
                </token>
                <token content="train" id="5-25">
                    <pos type="NN"/>
                    <lemma type="train"/>
                </token>
                <token content="." id="5-26"/>
            </sentence>
            <sentence id="6">
                <token content="We" id="6-1">
                    <pos type="PRP"/>
                    <lemma type="we"/>
                    <dep head="6-2" type="nsubj"/>
                </token>
                <token content="found" id="6-2">
                    <pos type="VBD"/>
                    <lemma type="find"/>
                </token>
                <token content="ourselves" id="6-3">
                    <pos type="PRP"/>
                    <lemma type="ourselves"/>
                </token>
                <token content="a" id="6-4">
                    <pos type="DT"/>
                    <lemma type="a"/>
                </token>
                <token content="nice" id="6-5">
                    <pos type="JJ"/>
                    <lemma type="nice"/>
                </token>
                <token content="seat" id="6-6">
                    <pos type="NN"/>
                    <lemma type="seat"/>
                    <dep head="6-2" type="xcomp"/>
                </token>
                <token content="." id="6-7"/>
            </sentence>
            <sentence id="7">
                <token content="My" id="7-1">
                    <pos type="PRP$"/>
                    <lemma type="my"/>
                </token>
                <token content="sister" id="7-2">
                    <pos type="NN"/>
                    <lemma type="sister"/>
                    <dep head="7-3" type="nsubj"/>
                </token>
                <token content="took" id="7-3">
                    <pos type="VBD"/>
                    <lemma type="take"/>
                </token>
                <token content="a" id="7-4">
                    <pos type="DT"/>
                    <lemma type="a"/>
                </token>
                <token content="seat" id="7-5">
                    <pos type="NN"/>
                    <lemma type="seat"/>
                    <dep head="7-3" type="dobj"/>
                </token>
                <token content="by" id="7-6"/>
                <token content="the" id="7-7">
                    <pos type="DT"/>
                    <lemma type="the"/>
                </token>
                <token content="window" id="7-8">
                    <pos type="NN"/>
                    <lemma type="window"/>
                    <dep head="7-3" type="prep"/>
                </token>
                <token content="because" id="7-9">
                    <pos type="IN"/>
                    <lemma type="because"/>
                    <dep head="7-12" type="mark"/>
                </token>
                <token content="she" id="7-10">
                    <pos type="PRP"/>
                    <lemma type="she"/>
                    <dep head="7-12" type="nsubj"/>
                </token>
                <token content="always" id="7-11">
                    <pos type="RB"/>
                    <lemma type="always"/>
                    <dep head="7-12" type="advmod"/>
                </token>
                <token content="likes" id="7-12">
                    <pos type="VBZ"/>
                    <lemma type="like"/>
                    <dep head="7-3" type="advcl"/>
                </token>
                <token content="to" id="7-13">
                    <pos type="TO"/>
                    <lemma type="to"/>
                    <dep head="7-14" type="aux"/>
                </token>
                <token content="watch" id="7-14">
                    <pos type="VB"/>
                    <lemma type="watch"/>
                    <dep head="7-12" type="xcomp"/>
                </token>
                <token content="the" id="7-15">
                    <pos type="DT"/>
                    <lemma type="the"/>
                </token>
                <token content="moving" id="7-16">
                    <pos type="VBG"/>
                    <lemma type="move"/>
                </token>
                <token content="landscape" id="7-17">
                    <pos type="NN"/>
                    <lemma type="landscape"/>
                    <dep head="7-14" type="dobj"/>
                </token>
                <token content="." id="7-18"/>
            </sentence>
            <sentence id="8">
                <token content="We" id="8-1">
                    <pos type="PRP"/>
                    <lemma type="we"/>
                    <dep head="8-3" type="nsubj"/>
                </token>
                <token content="all" id="8-2">
                    <pos type="DT"/>
                    <lemma type="all"/>
                    <dep head="8-3" type="advmod"/>
                </token>
                <token content="enjoyed" id="8-3">
                    <pos type="VBD"/>
                    <lemma type="enjoy"/>
                </token>
                <token content="a" id="8-4">
                    <pos type="DT"/>
                    <lemma type="a"/>
                </token>
                <token content="train" id="8-5">
                    <pos type="NN"/>
                    <lemma type="train"/>
                </token>
                <token content="ride" id="8-6">
                    <pos type="NN"/>
                    <lemma type="ride"/>
                    <dep head="8-3" type="dobj"/>
                </token>
                <token content="." id="8-7"/>
            </sentence>
            <sentence id="9">
                <token content="The" id="9-1">
                    <pos type="DT"/>
                    <lemma type="the"/>
                </token>
                <token content="sound" id="9-2">
                    <pos type="NN"/>
                    <lemma type="sound"/>
                </token>
                <token content="of" id="9-3"/>
                <token content="the" id="9-4">
                    <pos type="DT"/>
                    <lemma type="the"/>
                </token>
                <token content="wheels" id="9-5">
                    <pos type="NNS"/>
                    <lemma type="wheel"/>
                </token>
                <token content="on" id="9-6"/>
                <token content="the" id="9-7">
                    <pos type="DT"/>
                    <lemma type="the"/>
                </token>
                <token content="tracks" id="9-8">
                    <pos type="NNS"/>
                    <lemma type="track"/>
                </token>
                <token content="was" id="9-9">
                    <pos type="VBD"/>
                    <lemma type="be"/>
                </token>
                <token content="soothing" id="9-10">
                    <pos type="JJ"/>
                    <lemma type="soothing"/>
                </token>
                <token content="and" id="9-11"/>
                <token content="the" id="9-12">
                    <pos type="DT"/>
                    <lemma type="the"/>
                </token>
                <token content="rides" id="9-13">
                    <pos type="NNS"/>
                    <lemma type="ride"/>
                </token>
                <token content="were" id="9-14">
                    <pos type="VBD"/>
                    <lemma type="be"/>
                </token>
                <token content="n't" id="9-15">
                    <pos type="RB"/>
                    <lemma type="not"/>
                </token>
                <token content="too" id="9-16">
                    <pos type="RB"/>
                    <lemma type="too"/>
                </token>
                <token content="long" id="9-17">
                    <pos type="JJ"/>
                    <lemma type="long"/>
                </token>
                <token content="." id="9-18"/>
            </sentence>
            <sentence id="10">
                <token content="Before" id="10-1">
                    <pos type="IN"/>
                    <lemma type="before"/>
                    <dep head="10-6" type="advmod"/>
                </token>
                <token content="long" id="10-2">
                    <pos type="RB"/>
                    <lemma type="long"/>
                </token>
                <token content="," id="10-3"/>
                <token content="the" id="10-4">
                    <pos type="DT"/>
                    <lemma type="the"/>
                </token>
                <token content="conductor" id="10-5">
                    <pos type="NN"/>
                    <lemma type="conductor"/>
                    <dep head="10-6" type="nsubj"/>
                </token>
                <token content="came" id="10-6">
                    <pos type="VBD"/>
                    <lemma type="come"/>
                </token>
                <token content="and" id="10-7"/>
                <token content="took" id="10-8">
                    <pos type="VBD"/>
                    <lemma type="take"/>
                    <dep head="10-6" type="conj"/>
                </token>
                <token content="our" id="10-9">
                    <pos type="PRP$"/>
                    <lemma type="we"/>
                </token>
                <token content="tickets" id="10-10">
                    <pos type="NNS"/>
                    <lemma type="ticket"/>
                    <dep head="10-8" type="dobj"/>
                </token>
                <token content="." id="10-11"/>
            </sentence>
            <sentence id="11">
                <token content="She" id="11-1">
                    <pos type="PRP"/>
                    <lemma type="she"/>
                </token>
                <token content="was" id="11-2">
                    <pos type="VBD"/>
                    <lemma type="be"/>
                </token>
                <token content="very" id="11-3">
                    <pos type="RB"/>
                    <lemma type="very"/>
                </token>
                <token content="polite" id="11-4">
                    <pos type="JJ"/>
                    <lemma type="polite"/>
                </token>
                <token content="and" id="11-5"/>
                <token content="friendly" id="11-6">
                    <pos type="JJ"/>
                    <lemma type="friendly"/>
                </token>
                <token content="." id="11-7"/>
            </sentence>
            <sentence id="12">
                <token content="It" id="12-1">
                    <pos type="PRP"/>
                    <lemma type="it"/>
                </token>
                <token content="was" id="12-2">
                    <pos type="VBD"/>
                    <lemma type="be"/>
                </token>
                <token content="not" id="12-3">
                    <pos type="RB"/>
                    <lemma type="not"/>
                </token>
                <token content="long" id="12-4">
                    <pos type="JJ"/>
                    <lemma type="long"/>
                </token>
                <token content="before" id="12-5">
                    <pos type="IN"/>
                    <lemma type="before"/>
                    <dep head="12-8" type="mark"/>
                </token>
                <token content="the" id="12-6">
                    <pos type="DT"/>
                    <lemma type="the"/>
                </token>
                <token content="train" id="12-7">
                    <pos type="NN"/>
                    <lemma type="train"/>
                    <dep head="12-8" type="nsubj"/>
                </token>
                <token content="went" id="12-8">
                    <pos type="VBD"/>
                    <lemma type="go"/>
                </token>
                <token content="into" id="12-9"/>
                <token content="the" id="12-10">
                    <pos type="DT"/>
                    <lemma type="the"/>
                </token>
                <token content="tunnel" id="12-11">
                    <pos type="NN"/>
                    <lemma type="tunnel"/>
                    <dep head="12-8" type="prep"/>
                </token>
                <token content="and" id="12-12"/>
                <token content="we" id="12-13">
                    <pos type="PRP"/>
                    <lemma type="we"/>
                    <dep head="12-14" type="nsubj"/>
                </token>
                <token content="knew" id="12-14">
                    <pos type="VBD"/>
                    <lemma type="know"/>
                </token>
                <token content="the" id="12-15">
                    <pos type="DT"/>
                    <lemma type="the"/>
                </token>
                <token content="ride" id="12-16">
                    <pos type="NN"/>
                    <lemma type="ride"/>
                </token>
                <token content="was" id="12-17">
                    <pos type="VBD"/>
                    <lemma type="be"/>
                </token>
                <token content="nearly" id="12-18">
                    <pos type="RB"/>
                    <lemma type="nearly"/>
                </token>
                <token content="over" id="12-19">
                    <pos type="JJ"/>
                    <lemma type="over"/>
                    <dep head="12-14" type="ccomp"/>
                </token>
                <token content="." id="12-20"/>
            </sentence>
        </sentences>
    </text>
    <annotations>
        <participants>
            <label from="1-1" id="0" name="ScrPart_passenger" text="My" type="participant"/>
            <label from="1-2" id="1" name="ScrPart_passenger" text="family" type="participant"/>
            <label from="1-7" id="2" name="ScrPart_train" text="train" type="participant"/>
            <label from="1-11" id="3" name="ScrPart_destination" text="city" type="participant"/>
            <label from="1-15" id="4" name="NPart" text="afternoon" type="participant"/>
            <label from="2-1" id="5" name="ScrPart_passenger" text="We" type="participant"/>
            <label from="2-5" id="6" name="ScrPart_train_station" text="station" type="participant"/>
            <label from="2-8" id="7" name="ScrPart_card/ticket" text="tickets" type="participant"/>
            <label from="2-11" id="8" name="ScrPart_ticket_office/website" text="vending machine" to="2-12" type="participant"/>
            <label from="2-12" id="9" name="ScrPart_ticket_office/website" text="machine" type="participant"/>
            <label from="3-1" id="10" name="ScrPart_passenger" text="We" type="participant"/>
            <label from="3-5" id="11" name="ScrPart_card/ticket" text="ten-trip ticket" to="3-6" type="participant"/>
            <label from="3-6" id="12" name="ScrPart_card/ticket" text="ticket" type="participant"/>
            <label from="3-8" id="13" name="ScrPart_card/ticket" text="it" type="participant"/>
            <label from="3-12" id="14" name="NPart" text="bargain" type="participant"/>
            <label from="4-2" id="15" name="ScrPart_passenger" text="we" type="participant"/>
            <label from="4-7" id="16" name="ScrPart_passenger" text="our" type="participant"/>
            <label from="4-8" id="17" name="ScrPart_train" text="train" type="participant"/>
            <label from="5-2" id="18" name="ScrPart_train" text="it" type="participant"/>
            <label from="5-5" id="19" name="ScrPart_passenger" text="we" type="participant"/>
            <label from="5-10" id="20" name="ScrPart_door" text="doors" type="participant"/>
            <label from="5-13" id="21" name="ScrPart_coach" text="car" type="participant"/>
            <label from="5-19" id="22" name="NPart" text="gap" type="participant"/>
            <label from="5-22" id="23" name="ScrPart_platform" text="platform" type="participant"/>
            <label from="5-25" id="24" name="ScrPart_train" text="train" type="participant"/>
            <label from="6-1" id="25" name="ScrPart_passenger" text="We" type="participant"/>
            <label from="6-3" id="26" name="ScrPart_passenger" text="ourselves" type="participant"/>
            <label from="6-6" id="27" name="ScrPart_seat" text="seat" type="participant"/>
            <label from="7-1" id="28" name="ScrPart_passenger" text="My" type="participant"/>
            <label from="7-2" id="29" name="ScrPart_passenger" text="sister" type="participant"/>
            <label from="7-5" id="30" name="ScrPart_seat" text="seat" type="participant"/>
            <label from="7-8" id="31" name="ScrPart_in-train_entertainment" text="window" type="participant"/>
            <label from="7-10" id="32" name="ScrPart_passenger" text="she" type="participant"/>
            <label from="7-17" id="33" name="ScrPart_location_train" text="landscape" type="participant"/>
            <label from="8-1" id="34" name="ScrPart_passenger" text="We" type="participant"/>
            <label from="8-5" id="35" name="ScrPart_trip" text="train ride" to="8-6" type="participant"/>
            <label from="8-6" id="36" name="ScrPart_trip" text="ride" type="participant"/>
            <label from="9-2" id="37" name="NPart" text="sound" type="participant"/>
            <label from="9-5" id="38" name="NPart" text="wheels" type="participant"/>
            <label from="9-8" id="39" name="NPart" text="tracks" type="participant"/>
            <label from="9-13" id="40" name="ScrPart_trip" text="rides" type="participant"/>
            <label from="10-5" id="41" name="ScrPart_train_staff" text="conductor" type="participant"/>
            <label from="10-9" id="42" name="ScrPart_passenger" text="our" type="participant"/>
            <label from="10-10" id="43" name="ScrPart_card/ticket" text="tickets" type="participant"/>
            <label from="11-1" id="44" name="ScrPart_train_staff" text="She" type="participant"/>
            <label from="12-1" id="45" name="No_label" text="It" type="participant"/>
            <label from="12-7" id="46" name="ScrPart_train" text="train" type="participant"/>
            <label from="12-11" id="47" name="ScrPart_location_train" text="tunnel" type="participant"/>
            <label from="12-13" id="48" name="ScrPart_passenger" text="we" type="participant"/>
            <label from="12-16" id="49" name="ScrPart_trip" text="ride" type="participant"/>
        </participants>
        <events>
            <label from="1-3" id="50" name="UnrelEv" text="decided" type="event"/>
            <label from="1-5" id="51" name="Evoking" text="take a train" to="1-7" type="event"/>
            <label from="1-13" id="52" name="UnrelEv" text="have" type="event"/>
            <label from="1-17" id="53" name="UnrelEv" text="shopping" type="event"/>
            <label from="2-2" id="54" name="ScrEv_get_train_station" text="went" type="event"/>
            <label from="2-7" id="55" name="ScrEv_get_tickets" text="bought" type="event"/>
            <label from="3-3" id="56" name="ScrEv_get_tickets" text="bought" type="event"/>
            <label from="3-9" id="57" name="UnrelEv" text="was" type="event"/>
            <label from="4-5" id="58" name="ScrEv_wait" text="wait" type="event"/>
            <label from="4-10" id="59" name="ScrEv_train_arrives" text="arrive" type="event"/>
            <label from="5-3" id="60" name="UnrelEv" text="did" type="event"/>
            <label from="5-6" id="61" name="ScrEv_get_on" text="stepped" type="event"/>
            <label from="5-15" id="62" name="ScrEv_get_on" text="stepping" type="event"/>
            <label from="6-2" id="63" name="ScrEv_find_place" text="found" type="event"/>
            <label from="7-3" id="64" name="ScrEv_find_place" text="took" type="event"/>
            <label from="7-12" id="65" name="UnrelEv" text="likes" type="event"/>
            <label from="7-14" id="66" name="ScrEv_spend_time_train" text="watch" type="event"/>
            <label from="7-16" id="67" name="RelNScrEv" text="moving" type="event"/>
            <label from="8-3" id="68" name="ScrEv_spend_time_train" text="enjoyed" type="event"/>
            <label from="9-10" id="69" name="UnrelEv" text="soothing" type="event"/>
            <label from="9-14" id="70" name="UnrelEv" text="were" type="event"/>
            <label from="10-6" id="71" name="RelNScrEv" text="came" type="event"/>
            <label from="10-8" id="72" name="ScrEv_conductor_checks" text="took" type="event"/>
            <label from="11-2" id="73" name="UnrelEv" text="was" type="event"/>
            <label from="12-2" id="74" name="UnrelEv" text="was" type="event"/>
            <label from="12-8" id="75" name="RelNScrEv" text="went" type="event"/>
            <label from="12-14" id="76" name="UnrelEv" text="knew" type="event"/>
            <label from="12-17" id="77" name="ScrEv_arrive_destination" text="was" type="event"/>
        </events>
        <chains>
            <chain elements="0 5 1" name="coref_group_I_family"/>
            <chain elements="5 10 15 16 19 25 26 34 42 48"/>
            <chain elements="7 12 13 43"/>
            <chain elements="2 17 18 24 46"/>
            <chain elements="0 28"/>
            <chain elements="1 29" name="coref_group_part_of_family"/>
            <chain elements="27 30"/>
            <chain elements="29 32"/>
            <chain elements="36 40 49"/>
            <chain elements="41 44"/>
        </chains>
    </annotations>
</story>
