<?xml version="1.0" encoding="UTF-8" standalone="no"?>
<!DOCTYPE story SYSTEM "../InScript.dtd">
<story id="049" scenario="train">
    <text>
        <content>Today was the big day , I was going to visit some friends in Florida , but I was going to do it in a different way . 
I was going to ride a train today for the first time ever . 
I loved trains since I was a child and now I would finally get to ride on one and see the countryside . 
I bought my tickets online , I did n't want to make a mistake and got to the wrong station . 
I had my bags all packed so I called for a cab and headed to the train station . 
Once there I took my luggage with me and waited for my train to pull up to the station . 
Once the train was here I boarded and found an open car . 
I set my luggage in the overhead compartment and sat and waited My ticket was checked before the train left the station . 
The train finally pulled out of the station , I was on my way my dream was being realized . </content>
        <sentences>
            <sentence id="1">
                <token content="Today" id="1-1">
                    <pos type="NNP"/>
                    <lemma type="Today"/>
                </token>
                <token content="was" id="1-2">
                    <pos type="VBD"/>
                    <lemma type="be"/>
                </token>
                <token content="the" id="1-3">
                    <pos type="DT"/>
                    <lemma type="the"/>
                </token>
                <token content="big" id="1-4">
                    <pos type="JJ"/>
                    <lemma type="big"/>
                </token>
                <token content="day" id="1-5">
                    <pos type="NN"/>
                    <lemma type="day"/>
                </token>
                <token content="," id="1-6"/>
                <token content="I" id="1-7">
                    <pos type="PRP"/>
                    <lemma type="I"/>
                    <dep head="1-9" type="nsubj"/>
                </token>
                <token content="was" id="1-8">
                    <pos type="VBD"/>
                    <lemma type="be"/>
                    <dep head="1-9" type="aux"/>
                </token>
                <token content="going" id="1-9">
                    <pos type="VBG"/>
                    <lemma type="go"/>
                </token>
                <token content="to" id="1-10">
                    <pos type="TO"/>
                    <lemma type="to"/>
                    <dep head="1-11" type="aux"/>
                </token>
                <token content="visit" id="1-11">
                    <pos type="VB"/>
                    <lemma type="visit"/>
                    <dep head="1-9" type="xcomp"/>
                </token>
                <token content="some" id="1-12">
                    <pos type="DT"/>
                    <lemma type="some"/>
                </token>
                <token content="friends" id="1-13">
                    <pos type="NNS"/>
                    <lemma type="friend"/>
                    <dep head="1-11" type="dobj"/>
                </token>
                <token content="in" id="1-14"/>
                <token content="Florida" id="1-15">
                    <pos type="NNP"/>
                    <lemma type="Florida"/>
                    <dep head="1-11" type="prep"/>
                </token>
                <token content="," id="1-16"/>
                <token content="but" id="1-17"/>
                <token content="I" id="1-18">
                    <pos type="PRP"/>
                    <lemma type="I"/>
                    <dep head="1-20" type="nsubj"/>
                </token>
                <token content="was" id="1-19">
                    <pos type="VBD"/>
                    <lemma type="be"/>
                    <dep head="1-20" type="aux"/>
                </token>
                <token content="going" id="1-20">
                    <pos type="VBG"/>
                    <lemma type="go"/>
                </token>
                <token content="to" id="1-21">
                    <pos type="TO"/>
                    <lemma type="to"/>
                    <dep head="1-22" type="aux"/>
                </token>
                <token content="do" id="1-22">
                    <pos type="VB"/>
                    <lemma type="do"/>
                    <dep head="1-20" type="xcomp"/>
                </token>
                <token content="it" id="1-23">
                    <pos type="PRP"/>
                    <lemma type="it"/>
                    <dep head="1-22" type="dobj"/>
                </token>
                <token content="in" id="1-24"/>
                <token content="a" id="1-25">
                    <pos type="DT"/>
                    <lemma type="a"/>
                </token>
                <token content="different" id="1-26">
                    <pos type="JJ"/>
                    <lemma type="different"/>
                </token>
                <token content="way" id="1-27">
                    <pos type="NN"/>
                    <lemma type="way"/>
                    <dep head="1-22" type="prep"/>
                </token>
                <token content="." id="1-28"/>
            </sentence>
            <sentence id="2">
                <token content="I" id="2-1">
                    <pos type="PRP"/>
                    <lemma type="I"/>
                    <dep head="2-3" type="nsubj"/>
                </token>
                <token content="was" id="2-2">
                    <pos type="VBD"/>
                    <lemma type="be"/>
                    <dep head="2-3" type="aux"/>
                </token>
                <token content="going" id="2-3">
                    <pos type="VBG"/>
                    <lemma type="go"/>
                </token>
                <token content="to" id="2-4">
                    <pos type="TO"/>
                    <lemma type="to"/>
                    <dep head="2-5" type="aux"/>
                </token>
                <token content="ride" id="2-5">
                    <pos type="VB"/>
                    <lemma type="ride"/>
                    <dep head="2-3" type="xcomp"/>
                </token>
                <token content="a" id="2-6">
                    <pos type="DT"/>
                    <lemma type="a"/>
                </token>
                <token content="train" id="2-7">
                    <pos type="NN"/>
                    <lemma type="train"/>
                </token>
                <token content="today" id="2-8">
                    <pos type="NN"/>
                    <lemma type="today"/>
                    <dep head="2-5" type="dobj"/>
                </token>
                <token content="for" id="2-9"/>
                <token content="the" id="2-10">
                    <pos type="DT"/>
                    <lemma type="the"/>
                </token>
                <token content="first" id="2-11">
                    <pos type="JJ"/>
                    <lemma type="first"/>
                </token>
                <token content="time" id="2-12">
                    <pos type="NN"/>
                    <lemma type="time"/>
                </token>
                <token content="ever" id="2-13">
                    <pos type="RB"/>
                    <lemma type="ever"/>
                    <dep head="2-5" type="advmod"/>
                </token>
                <token content="." id="2-14"/>
            </sentence>
            <sentence id="3">
                <token content="I" id="3-1">
                    <pos type="PRP"/>
                    <lemma type="I"/>
                    <dep head="3-2" type="nsubj"/>
                </token>
                <token content="loved" id="3-2">
                    <pos type="VBD"/>
                    <lemma type="love"/>
                </token>
                <token content="trains" id="3-3">
                    <pos type="NNS"/>
                    <lemma type="train"/>
                    <dep head="3-2" type="dobj"/>
                </token>
                <token content="since" id="3-4">
                    <pos type="IN"/>
                    <lemma type="since"/>
                </token>
                <token content="I" id="3-5">
                    <pos type="PRP"/>
                    <lemma type="I"/>
                </token>
                <token content="was" id="3-6">
                    <pos type="VBD"/>
                    <lemma type="be"/>
                </token>
                <token content="a" id="3-7">
                    <pos type="DT"/>
                    <lemma type="a"/>
                </token>
                <token content="child" id="3-8">
                    <pos type="NN"/>
                    <lemma type="child"/>
                    <dep head="3-2" type="advcl"/>
                </token>
                <token content="and" id="3-9"/>
                <token content="now" id="3-10">
                    <pos type="RB"/>
                    <lemma type="now"/>
                    <dep head="3-14" type="advmod"/>
                </token>
                <token content="I" id="3-11">
                    <pos type="PRP"/>
                    <lemma type="I"/>
                    <dep head="3-14" type="nsubj"/>
                </token>
                <token content="would" id="3-12">
                    <pos type="MD"/>
                    <lemma type="would"/>
                    <dep head="3-14" type="aux"/>
                </token>
                <token content="finally" id="3-13">
                    <pos type="RB"/>
                    <lemma type="finally"/>
                    <dep head="3-14" type="advmod"/>
                </token>
                <token content="get" id="3-14">
                    <pos type="VB"/>
                    <lemma type="get"/>
                    <dep head="3-2" type="conj"/>
                </token>
                <token content="to" id="3-15">
                    <pos type="TO"/>
                    <lemma type="to"/>
                    <dep head="3-16" type="aux"/>
                </token>
                <token content="ride" id="3-16">
                    <pos type="VB"/>
                    <lemma type="ride"/>
                    <dep head="3-14" type="xcomp"/>
                </token>
                <token content="on" id="3-17"/>
                <token content="one" id="3-18">
                    <pos type="CD"/>
                    <lemma type="one"/>
                    <dep head="3-16" type="prep"/>
                </token>
                <token content="and" id="3-19"/>
                <token content="see" id="3-20">
                    <pos type="VB"/>
                    <lemma type="see"/>
                    <dep head="3-16" type="conj"/>
                </token>
                <token content="the" id="3-21">
                    <pos type="DT"/>
                    <lemma type="the"/>
                </token>
                <token content="countryside" id="3-22">
                    <pos type="NN"/>
                    <lemma type="countryside"/>
                    <dep head="3-20" type="dobj"/>
                </token>
                <token content="." id="3-23"/>
            </sentence>
            <sentence id="4">
                <token content="I" id="4-1">
                    <pos type="PRP"/>
                    <lemma type="I"/>
                    <dep head="4-2" type="nsubj"/>
                </token>
                <token content="bought" id="4-2">
                    <pos type="VBD"/>
                    <lemma type="buy"/>
                    <dep head="4-10" type="ccomp"/>
                </token>
                <token content="my" id="4-3">
                    <pos type="PRP$"/>
                    <lemma type="my"/>
                </token>
                <token content="tickets" id="4-4">
                    <pos type="NNS"/>
                    <lemma type="ticket"/>
                    <dep head="4-2" type="dobj"/>
                </token>
                <token content="online" id="4-5">
                    <pos type="NN"/>
                    <lemma type="online"/>
                    <dep head="4-2" type="prep"/>
                </token>
                <token content="," id="4-6"/>
                <token content="I" id="4-7">
                    <pos type="PRP"/>
                    <lemma type="I"/>
                    <dep head="4-10" type="nsubj"/>
                </token>
                <token content="did" id="4-8">
                    <pos type="VBD"/>
                    <lemma type="do"/>
                    <dep head="4-10" type="aux"/>
                </token>
                <token content="n't" id="4-9">
                    <pos type="RB"/>
                    <lemma type="not"/>
                    <dep head="4-10" type="neg"/>
                </token>
                <token content="want" id="4-10">
                    <pos type="VB"/>
                    <lemma type="want"/>
                </token>
                <token content="to" id="4-11">
                    <pos type="TO"/>
                    <lemma type="to"/>
                    <dep head="4-12" type="aux"/>
                </token>
                <token content="make" id="4-12">
                    <pos type="VB"/>
                    <lemma type="make"/>
                    <dep head="4-10" type="xcomp"/>
                </token>
                <token content="a" id="4-13">
                    <pos type="DT"/>
                    <lemma type="a"/>
                </token>
                <token content="mistake" id="4-14">
                    <pos type="NN"/>
                    <lemma type="mistake"/>
                    <dep head="4-12" type="dobj"/>
                </token>
                <token content="and" id="4-15"/>
                <token content="got" id="4-16">
                    <pos type="VBD"/>
                    <lemma type="get"/>
                    <dep head="4-10" type="conj"/>
                </token>
                <token content="to" id="4-17"/>
                <token content="the" id="4-18">
                    <pos type="DT"/>
                    <lemma type="the"/>
                </token>
                <token content="wrong" id="4-19">
                    <pos type="JJ"/>
                    <lemma type="wrong"/>
                </token>
                <token content="station" id="4-20">
                    <pos type="NN"/>
                    <lemma type="station"/>
                    <dep head="4-16" type="prep"/>
                </token>
                <token content="." id="4-21"/>
            </sentence>
            <sentence id="5">
                <token content="I" id="5-1">
                    <pos type="PRP"/>
                    <lemma type="I"/>
                    <dep head="5-6" type="nsubj"/>
                </token>
                <token content="had" id="5-2">
                    <pos type="VBD"/>
                    <lemma type="have"/>
                    <dep head="5-6" type="aux"/>
                </token>
                <token content="my" id="5-3">
                    <pos type="PRP$"/>
                    <lemma type="my"/>
                </token>
                <token content="bags" id="5-4">
                    <pos type="NNS"/>
                    <lemma type="bag"/>
                    <dep head="5-6" type="dobj"/>
                </token>
                <token content="all" id="5-5">
                    <pos type="DT"/>
                    <lemma type="all"/>
                    <dep head="5-6" type="advmod"/>
                </token>
                <token content="packed" id="5-6">
                    <pos type="VBN"/>
                    <lemma type="pack"/>
                </token>
                <token content="so" id="5-7">
                    <pos type="IN"/>
                    <lemma type="so"/>
                    <dep head="5-9" type="mark"/>
                </token>
                <token content="I" id="5-8">
                    <pos type="PRP"/>
                    <lemma type="I"/>
                    <dep head="5-9" type="nsubj"/>
                </token>
                <token content="called" id="5-9">
                    <pos type="VBD"/>
                    <lemma type="call"/>
                    <dep head="5-6" type="advcl"/>
                </token>
                <token content="for" id="5-10"/>
                <token content="a" id="5-11">
                    <pos type="DT"/>
                    <lemma type="a"/>
                </token>
                <token content="cab" id="5-12">
                    <pos type="NN"/>
                    <lemma type="cab"/>
                    <dep head="5-9" type="prep"/>
                </token>
                <token content="and" id="5-13"/>
                <token content="headed" id="5-14">
                    <pos type="VBN"/>
                    <lemma type="head"/>
                    <dep head="5-6" type="conj"/>
                </token>
                <token content="to" id="5-15"/>
                <token content="the" id="5-16">
                    <pos type="DT"/>
                    <lemma type="the"/>
                </token>
                <token content="train" id="5-17">
                    <pos type="NN"/>
                    <lemma type="train"/>
                </token>
                <token content="station" id="5-18">
                    <pos type="NN"/>
                    <lemma type="station"/>
                    <dep head="5-14" type="prep"/>
                </token>
                <token content="." id="5-19"/>
            </sentence>
            <sentence id="6">
                <token content="Once" id="6-1">
                    <pos type="RB"/>
                    <lemma type="once"/>
                </token>
                <token content="there" id="6-2">
                    <pos type="RB"/>
                    <lemma type="there"/>
                    <dep head="6-4" type="advmod"/>
                </token>
                <token content="I" id="6-3">
                    <pos type="PRP"/>
                    <lemma type="I"/>
                    <dep head="6-4" type="nsubj"/>
                </token>
                <token content="took" id="6-4">
                    <pos type="VBD"/>
                    <lemma type="take"/>
                </token>
                <token content="my" id="6-5">
                    <pos type="PRP$"/>
                    <lemma type="my"/>
                </token>
                <token content="luggage" id="6-6">
                    <pos type="NN"/>
                    <lemma type="luggage"/>
                    <dep head="6-4" type="dobj"/>
                </token>
                <token content="with" id="6-7"/>
                <token content="me" id="6-8">
                    <pos type="PRP"/>
                    <lemma type="I"/>
                    <dep head="6-4" type="prep"/>
                </token>
                <token content="and" id="6-9"/>
                <token content="waited" id="6-10">
                    <pos type="VBD"/>
                    <lemma type="wait"/>
                    <dep head="6-4" type="conj"/>
                </token>
                <token content="for" id="6-11"/>
                <token content="my" id="6-12">
                    <pos type="PRP$"/>
                    <lemma type="my"/>
                </token>
                <token content="train" id="6-13">
                    <pos type="NN"/>
                    <lemma type="train"/>
                    <dep head="6-10" type="prep"/>
                </token>
                <token content="to" id="6-14">
                    <pos type="TO"/>
                    <lemma type="to"/>
                    <dep head="6-15" type="aux"/>
                </token>
                <token content="pull" id="6-15">
                    <pos type="VB"/>
                    <lemma type="pull"/>
                </token>
                <token content="up" id="6-16">
                    <pos type="RP"/>
                    <lemma type="up"/>
                    <dep head="6-15" type="prt"/>
                </token>
                <token content="to" id="6-17"/>
                <token content="the" id="6-18">
                    <pos type="DT"/>
                    <lemma type="the"/>
                </token>
                <token content="station" id="6-19">
                    <pos type="NN"/>
                    <lemma type="station"/>
                    <dep head="6-15" type="prep"/>
                </token>
                <token content="." id="6-20"/>
            </sentence>
            <sentence id="7">
                <token content="Once" id="7-1">
                    <pos type="IN"/>
                    <lemma type="once"/>
                    <dep head="7-4" type="mark"/>
                </token>
                <token content="the" id="7-2">
                    <pos type="DT"/>
                    <lemma type="the"/>
                </token>
                <token content="train" id="7-3">
                    <pos type="NN"/>
                    <lemma type="train"/>
                    <dep head="7-4" type="nsubj"/>
                </token>
                <token content="was" id="7-4">
                    <pos type="VBD"/>
                    <lemma type="be"/>
                    <dep head="7-7" type="advcl"/>
                </token>
                <token content="here" id="7-5">
                    <pos type="RB"/>
                    <lemma type="here"/>
                    <dep head="7-4" type="advmod"/>
                </token>
                <token content="I" id="7-6">
                    <pos type="PRP"/>
                    <lemma type="I"/>
                    <dep head="7-7" type="nsubj"/>
                </token>
                <token content="boarded" id="7-7">
                    <pos type="VBD"/>
                    <lemma type="board"/>
                </token>
                <token content="and" id="7-8"/>
                <token content="found" id="7-9">
                    <pos type="VBD"/>
                    <lemma type="find"/>
                    <dep head="7-7" type="conj"/>
                </token>
                <token content="an" id="7-10">
                    <pos type="DT"/>
                    <lemma type="a"/>
                </token>
                <token content="open" id="7-11">
                    <pos type="JJ"/>
                    <lemma type="open"/>
                </token>
                <token content="car" id="7-12">
                    <pos type="NN"/>
                    <lemma type="car"/>
                    <dep head="7-9" type="dobj"/>
                </token>
                <token content="." id="7-13"/>
            </sentence>
            <sentence id="8">
                <token content="I" id="8-1">
                    <pos type="PRP"/>
                    <lemma type="I"/>
                    <dep head="8-2" type="nsubj"/>
                </token>
                <token content="set" id="8-2">
                    <pos type="VBD"/>
                    <lemma type="set"/>
                </token>
                <token content="my" id="8-3">
                    <pos type="PRP$"/>
                    <lemma type="my"/>
                </token>
                <token content="luggage" id="8-4">
                    <pos type="NN"/>
                    <lemma type="luggage"/>
                    <dep head="8-2" type="dobj"/>
                </token>
                <token content="in" id="8-5"/>
                <token content="the" id="8-6">
                    <pos type="DT"/>
                    <lemma type="the"/>
                </token>
                <token content="overhead" id="8-7">
                    <pos type="JJ"/>
                    <lemma type="overhead"/>
                </token>
                <token content="compartment" id="8-8">
                    <pos type="NN"/>
                    <lemma type="compartment"/>
                    <dep head="8-2" type="prep"/>
                </token>
                <token content="and" id="8-9"/>
                <token content="sat" id="8-10">
                    <pos type="VBD"/>
                    <lemma type="sit"/>
                    <dep head="8-2" type="conj"/>
                </token>
                <token content="and" id="8-11"/>
                <token content="waited" id="8-12">
                    <pos type="VBD"/>
                    <lemma type="wait"/>
                    <dep head="8-10" type="conj"/>
                </token>
                <token content="My" id="8-13">
                    <pos type="PRP$"/>
                    <lemma type="my"/>
                </token>
                <token content="ticket" id="8-14">
                    <pos type="NN"/>
                    <lemma type="ticket"/>
                    <dep head="8-10" type="dobj"/>
                </token>
                <token content="was" id="8-15">
                    <pos type="VBD"/>
                    <lemma type="be"/>
                    <dep head="8-16" type="auxpass"/>
                </token>
                <token content="checked" id="8-16">
                    <pos type="VBN"/>
                    <lemma type="check"/>
                </token>
                <token content="before" id="8-17">
                    <pos type="IN"/>
                    <lemma type="before"/>
                    <dep head="8-20" type="mark"/>
                </token>
                <token content="the" id="8-18">
                    <pos type="DT"/>
                    <lemma type="the"/>
                </token>
                <token content="train" id="8-19">
                    <pos type="NN"/>
                    <lemma type="train"/>
                    <dep head="8-20" type="nsubj"/>
                </token>
                <token content="left" id="8-20">
                    <pos type="VBD"/>
                    <lemma type="leave"/>
                    <dep head="8-16" type="advcl"/>
                </token>
                <token content="the" id="8-21">
                    <pos type="DT"/>
                    <lemma type="the"/>
                </token>
                <token content="station" id="8-22">
                    <pos type="NN"/>
                    <lemma type="station"/>
                    <dep head="8-20" type="dobj"/>
                </token>
                <token content="." id="8-23"/>
            </sentence>
            <sentence id="9">
                <token content="The" id="9-1">
                    <pos type="DT"/>
                    <lemma type="the"/>
                </token>
                <token content="train" id="9-2">
                    <pos type="NN"/>
                    <lemma type="train"/>
                    <dep head="9-4" type="nsubj"/>
                </token>
                <token content="finally" id="9-3">
                    <pos type="RB"/>
                    <lemma type="finally"/>
                    <dep head="9-4" type="advmod"/>
                </token>
                <token content="pulled" id="9-4">
                    <pos type="VBD"/>
                    <lemma type="pull"/>
                    <dep head="9-11" type="ccomp"/>
                </token>
                <token content="out" id="9-5"/>
                <token content="of" id="9-6"/>
                <token content="the" id="9-7">
                    <pos type="DT"/>
                    <lemma type="the"/>
                </token>
                <token content="station" id="9-8">
                    <pos type="NN"/>
                    <lemma type="station"/>
                    <dep head="9-4" type="prep"/>
                </token>
                <token content="," id="9-9"/>
                <token content="I" id="9-10">
                    <pos type="PRP"/>
                    <lemma type="I"/>
                    <dep head="9-11" type="nsubj"/>
                </token>
                <token content="was" id="9-11">
                    <pos type="VBD"/>
                    <lemma type="be"/>
                </token>
                <token content="on" id="9-12"/>
                <token content="my" id="9-13">
                    <pos type="PRP$"/>
                    <lemma type="my"/>
                </token>
                <token content="way" id="9-14">
                    <pos type="NN"/>
                    <lemma type="way"/>
                    <dep head="9-11" type="prep"/>
                </token>
                <token content="my" id="9-15">
                    <pos type="PRP$"/>
                    <lemma type="my"/>
                </token>
                <token content="dream" id="9-16">
                    <pos type="NN"/>
                    <lemma type="dream"/>
                    <dep head="9-19" type="nsubjpass"/>
                </token>
                <token content="was" id="9-17">
                    <pos type="VBD"/>
                    <lemma type="be"/>
                    <dep head="9-19" type="aux"/>
                </token>
                <token content="being" id="9-18">
                    <pos type="VBG"/>
                    <lemma type="be"/>
                    <dep head="9-19" type="auxpass"/>
                </token>
                <token content="realized" id="9-19">
                    <pos type="VBN"/>
                    <lemma type="realize"/>
                </token>
                <token content="." id="9-20"/>
            </sentence>
        </sentences>
    </text>
    <annotations>
        <participants>
            <label from="1-5" id="0" name="ScrPart_time_date" text="day" type="participant"/>
            <label from="1-7" id="1" name="ScrPart_passenger" text="I" type="participant"/>
            <label from="1-13" id="2" name="NPart" text="friends" type="participant"/>
            <label from="1-15" id="3" name="NPart" text="Florida" type="participant"/>
            <label from="1-18" id="4" name="ScrPart_passenger" text="I" type="participant"/>
            <label from="1-23" id="5" name="No_label" text="it" type="participant"/>
            <label from="1-27" id="6" name="No_label" text="way" type="participant"/>
            <label from="2-1" id="7" name="ScrPart_passenger" text="I" type="participant"/>
            <label from="2-7" id="8" name="ScrPart_train" text="train" type="participant"/>
            <label from="2-12" id="9" name="No_label" text="time" type="participant"/>
            <label from="3-1" id="10" name="ScrPart_passenger" text="I" type="participant"/>
            <label from="3-3" id="11" name="ScrPart_train" text="trains" type="participant"/>
            <label from="3-5" id="12" name="ScrPart_passenger" text="I" type="participant"/>
            <label from="3-8" id="13" name="NPart" text="child" type="participant"/>
            <label from="3-11" id="14" name="ScrPart_passenger" text="I" type="participant"/>
            <label from="3-18" id="15" name="ScrPart_train" text="one" type="participant"/>
            <label from="3-22" id="16" name="ScrPart_location_train" text="countryside" type="participant"/>
            <label from="4-1" id="17" name="ScrPart_passenger" text="I" type="participant"/>
            <label from="4-3" id="18" name="ScrPart_passenger" text="my" type="participant"/>
            <label from="4-4" id="19" name="ScrPart_card/ticket" text="tickets" type="participant"/>
            <label from="4-7" id="20" name="ScrPart_passenger" text="I" type="participant"/>
            <label from="4-14" id="21" name="NPart" text="mistake" type="participant"/>
            <label from="4-20" id="22" name="ScrPart_train_station" text="station" type="participant"/>
            <label from="5-1" id="23" name="ScrPart_passenger" text="I" type="participant"/>
            <label from="5-3" id="24" name="ScrPart_passenger" text="my" type="participant"/>
            <label from="5-4" id="25" name="ScrPart_luggage" text="bags" type="participant"/>
            <label from="5-8" id="26" name="ScrPart_passenger" text="I" type="participant"/>
            <label from="5-12" id="27" name="NPart" text="cab" type="participant"/>
            <label from="5-17" id="28" name="ScrPart_train_station" text="train station" to="5-18" type="participant"/>
            <label from="5-18" id="29" name="ScrPart_train_station" text="station" type="participant"/>
            <label from="6-3" id="30" name="ScrPart_passenger" text="I" type="participant"/>
            <label from="6-5" id="31" name="ScrPart_passenger" text="my" type="participant"/>
            <label from="6-6" id="32" name="ScrPart_luggage" text="luggage" type="participant"/>
            <label from="6-8" id="33" name="ScrPart_passenger" text="me" type="participant"/>
            <label from="6-12" id="34" name="ScrPart_passenger" text="my" type="participant"/>
            <label from="6-13" id="35" name="ScrPart_train" text="train" type="participant"/>
            <label from="6-19" id="36" name="ScrPart_train_station" text="station" type="participant"/>
            <label from="7-3" id="37" name="ScrPart_train" text="train" type="participant"/>
            <label from="7-6" id="38" name="ScrPart_passenger" text="I" type="participant"/>
            <label from="7-12" id="39" name="ScrPart_coach" text="car" type="participant"/>
            <label from="8-1" id="40" name="ScrPart_passenger" text="I" type="participant"/>
            <label from="8-3" id="41" name="ScrPart_passenger" text="my" type="participant"/>
            <label from="8-4" id="42" name="ScrPart_luggage" text="luggage" type="participant"/>
            <label from="8-7" id="43" name="NPart" text="overhead compartment" to="8-8" type="participant"/>
            <label from="8-8" id="44" name="NPart" text="compartment" type="participant"/>
            <label from="8-13" id="45" name="ScrPart_passenger" text="My" type="participant"/>
            <label from="8-14" id="46" name="ScrPart_card/ticket" text="ticket" type="participant"/>
            <label from="8-19" id="47" name="ScrPart_train" text="train" type="participant"/>
            <label from="8-22" id="48" name="ScrPart_train_station" text="station" type="participant"/>
            <label from="9-2" id="49" name="ScrPart_train" text="train" type="participant"/>
            <label from="9-8" id="50" name="ScrPart_train_station" text="station" type="participant"/>
            <label from="9-10" id="51" name="ScrPart_passenger" text="I" type="participant"/>
            <label from="9-13" id="52" name="ScrPart_passenger" text="my" type="participant"/>
            <label from="9-14" id="53" name="NPart" text="way" type="participant"/>
            <label from="9-15" id="54" name="ScrPart_passenger" text="my" type="participant"/>
            <label from="9-16" id="55" name="NPart" text="dream" type="participant"/>
        </participants>
        <events>
            <label from="1-2" id="56" name="UnrelEv" text="was" type="event"/>
            <label from="1-11" id="57" name="UnrelEv" text="visit" type="event"/>
            <label from="1-22" id="58" name="UnrelEv" text="do" type="event"/>
            <label from="2-5" id="59" name="Evoking" text="ride a train" to="2-7" type="event"/>
            <label from="3-2" id="60" name="UnrelEv" text="loved" type="event"/>
            <label from="3-6" id="61" name="UnrelEv" text="was" type="event"/>
            <label from="3-14" id="62" name="UnrelEv" text="get" type="event"/>
            <label from="3-16" id="63" name="Evoking" text="ride on one" to="3-18" type="event"/>
            <label from="3-20" id="64" name="ScrEv_spend_time_train" text="see" type="event"/>
            <label from="4-2" id="65" name="ScrEv_get_tickets" text="bought" type="event"/>
            <label from="4-10" id="66" name="UnrelEv" text="want" type="event"/>
            <label from="4-12" id="67" name="UnrelEv" text="make" type="event"/>
            <label from="4-16" id="68" name="ScrEv_get_train_station" text="got" type="event"/>
            <label from="5-6" id="69" name="RelNScrEv" text="packed" type="event"/>
            <label from="5-9" id="70" name="RelNScrEv" text="called" type="event"/>
            <label from="5-14" id="71" name="ScrEv_get_train_station" text="headed" type="event"/>
            <label from="6-4" id="72" name="RelNScrEv" text="took" type="event"/>
            <label from="6-10" id="73" name="ScrEv_wait" text="waited" type="event"/>
            <label from="6-15" id="74" name="ScrEv_train_arrives" text="pull up" to="6-16" type="event"/>
            <label from="7-4" id="75" name="ScrEv_train_arrives" text="was" type="event"/>
            <label from="7-7" id="76" name="ScrEv_get_on" text="boarded" type="event"/>
            <label from="7-9" id="77" name="ScrEv_find_place" text="found" type="event"/>
            <label from="8-2" id="78" name="RelNScrEv" text="set" type="event"/>
            <label from="8-10" id="79" name="ScrEv_find_place" text="sat" type="event"/>
            <label from="8-12" id="80" name="ScrEv_wait" text="waited" type="event"/>
            <label from="8-16" id="81" name="ScrEv_conductor_checks" text="checked" type="event"/>
            <label from="8-20" id="82" name="ScrEv_train_departs" text="left" type="event"/>
            <label from="9-4" id="83" name="ScrEv_train_departs" text="pulled out" to="9-5" type="event"/>
            <label from="9-11" id="84" name="UnrelEv" text="was" type="event"/>
            <label from="9-19" id="85" name="UnrelEv" text="realized" type="event"/>
        </events>
        <chains>
            <chain elements="1 4 7 10 12 14 17 18 20 23 24 26 30 31 33 34 38 40 41 45 51 52 54"/>
            <chain elements="8 11 15 35 37 47 49"/>
            <chain elements="22 29 36 48 50"/>
            <chain elements="25 32"/>
            <chain elements="19 46"/>
        </chains>
    </annotations>
</story>
