<?xml version="1.0" encoding="UTF-8" standalone="no"?>
<!DOCTYPE story SYSTEM "../InScript.dtd">
<story id="059" scenario="train">
    <text>
        <content>I walked into the train station , stood in line , and purchased a round trip ticket to Chicago . 
I placed my ticket in my pocket and then walked outside to wait for the train . 
I stood next to many other people that were also waiting for the train . 
We heard the train coming when it was still a long distance away . 
It finally pulled up to the tracks . 
Everyone lined up to get inside the doors . 
The doors open and we all filed in . 
I found a seat by myself at the back of the train . 
I sat down and looked out the window at the passing towns . 
After awhile , the announcer said the next and final stop would be Chicago . 
I stood up and walked over to the doors . 
The train pulled into the station , making a loud screeching noise . 
It slowly came to a stop inside the station . 
The doors opened and all the passengers climbed off the train , and into Union Station in Chicago . </content>
        <sentences>
            <sentence id="1">
                <token content="I" id="1-1">
                    <pos type="PRP"/>
                    <lemma type="I"/>
                    <dep head="1-2" type="nsubj"/>
                </token>
                <token content="walked" id="1-2">
                    <pos type="VBD"/>
                    <lemma type="walk"/>
                </token>
                <token content="into" id="1-3"/>
                <token content="the" id="1-4">
                    <pos type="DT"/>
                    <lemma type="the"/>
                </token>
                <token content="train" id="1-5">
                    <pos type="NN"/>
                    <lemma type="train"/>
                </token>
                <token content="station" id="1-6">
                    <pos type="NN"/>
                    <lemma type="station"/>
                    <dep head="1-2" type="prep"/>
                </token>
                <token content="," id="1-7"/>
                <token content="stood" id="1-8">
                    <pos type="VBD"/>
                    <lemma type="stand"/>
                    <dep head="1-2" type="conj"/>
                </token>
                <token content="in" id="1-9"/>
                <token content="line" id="1-10">
                    <pos type="NN"/>
                    <lemma type="line"/>
                    <dep head="1-8" type="prep"/>
                </token>
                <token content="," id="1-11"/>
                <token content="and" id="1-12"/>
                <token content="purchased" id="1-13">
                    <pos type="VBD"/>
                    <lemma type="purchase"/>
                    <dep head="1-2" type="conj"/>
                </token>
                <token content="a" id="1-14">
                    <pos type="DT"/>
                    <lemma type="a"/>
                </token>
                <token content="round" id="1-15">
                    <pos type="NN"/>
                    <lemma type="round"/>
                </token>
                <token content="trip" id="1-16">
                    <pos type="NN"/>
                    <lemma type="trip"/>
                </token>
                <token content="ticket" id="1-17">
                    <pos type="NN"/>
                    <lemma type="ticket"/>
                    <dep head="1-13" type="dobj"/>
                </token>
                <token content="to" id="1-18"/>
                <token content="Chicago" id="1-19">
                    <pos type="NNP"/>
                    <lemma type="Chicago"/>
                    <dep head="1-13" type="prep"/>
                </token>
                <token content="." id="1-20"/>
            </sentence>
            <sentence id="2">
                <token content="I" id="2-1">
                    <pos type="PRP"/>
                    <lemma type="I"/>
                    <dep head="2-2" type="nsubj"/>
                </token>
                <token content="placed" id="2-2">
                    <pos type="VBD"/>
                    <lemma type="place"/>
                </token>
                <token content="my" id="2-3">
                    <pos type="PRP$"/>
                    <lemma type="my"/>
                </token>
                <token content="ticket" id="2-4">
                    <pos type="NN"/>
                    <lemma type="ticket"/>
                    <dep head="2-2" type="dobj"/>
                </token>
                <token content="in" id="2-5"/>
                <token content="my" id="2-6">
                    <pos type="PRP$"/>
                    <lemma type="my"/>
                </token>
                <token content="pocket" id="2-7">
                    <pos type="NN"/>
                    <lemma type="pocket"/>
                    <dep head="2-2" type="prep"/>
                </token>
                <token content="and" id="2-8"/>
                <token content="then" id="2-9">
                    <pos type="RB"/>
                    <lemma type="then"/>
                    <dep head="2-10" type="advmod"/>
                </token>
                <token content="walked" id="2-10">
                    <pos type="VBD"/>
                    <lemma type="walk"/>
                    <dep head="2-2" type="conj"/>
                </token>
                <token content="outside" id="2-11">
                    <pos type="RB"/>
                    <lemma type="outside"/>
                    <dep head="2-10" type="advmod"/>
                </token>
                <token content="to" id="2-12">
                    <pos type="TO"/>
                    <lemma type="to"/>
                    <dep head="2-13" type="aux"/>
                </token>
                <token content="wait" id="2-13">
                    <pos type="VB"/>
                    <lemma type="wait"/>
                    <dep head="2-10" type="xcomp"/>
                </token>
                <token content="for" id="2-14"/>
                <token content="the" id="2-15">
                    <pos type="DT"/>
                    <lemma type="the"/>
                </token>
                <token content="train" id="2-16">
                    <pos type="NN"/>
                    <lemma type="train"/>
                    <dep head="2-13" type="prep"/>
                </token>
                <token content="." id="2-17"/>
            </sentence>
            <sentence id="3">
                <token content="I" id="3-1">
                    <pos type="PRP"/>
                    <lemma type="I"/>
                    <dep head="3-2" type="nsubj"/>
                </token>
                <token content="stood" id="3-2">
                    <pos type="VBD"/>
                    <lemma type="stand"/>
                </token>
                <token content="next" id="3-3">
                    <pos type="JJ"/>
                    <lemma type="next"/>
                </token>
                <token content="to" id="3-4">
                    <pos type="TO"/>
                    <lemma type="to"/>
                </token>
                <token content="many" id="3-5">
                    <pos type="JJ"/>
                    <lemma type="many"/>
                </token>
                <token content="other" id="3-6">
                    <pos type="JJ"/>
                    <lemma type="other"/>
                </token>
                <token content="people" id="3-7">
                    <pos type="NNS"/>
                    <lemma type="people"/>
                    <dep head="3-2" type="dobj"/>
                </token>
                <token content="that" id="3-8">
                    <pos type="WDT"/>
                    <lemma type="that"/>
                    <dep head="3-11" type="nsubj"/>
                </token>
                <token content="were" id="3-9">
                    <pos type="VBD"/>
                    <lemma type="be"/>
                    <dep head="3-11" type="aux"/>
                </token>
                <token content="also" id="3-10">
                    <pos type="RB"/>
                    <lemma type="also"/>
                    <dep head="3-11" type="advmod"/>
                </token>
                <token content="waiting" id="3-11">
                    <pos type="VBG"/>
                    <lemma type="wait"/>
                </token>
                <token content="for" id="3-12"/>
                <token content="the" id="3-13">
                    <pos type="DT"/>
                    <lemma type="the"/>
                </token>
                <token content="train" id="3-14">
                    <pos type="NN"/>
                    <lemma type="train"/>
                    <dep head="3-11" type="prep"/>
                </token>
                <token content="." id="3-15"/>
            </sentence>
            <sentence id="4">
                <token content="We" id="4-1">
                    <pos type="PRP"/>
                    <lemma type="we"/>
                    <dep head="4-2" type="nsubj"/>
                </token>
                <token content="heard" id="4-2">
                    <pos type="VBD"/>
                    <lemma type="hear"/>
                </token>
                <token content="the" id="4-3">
                    <pos type="DT"/>
                    <lemma type="the"/>
                </token>
                <token content="train" id="4-4">
                    <pos type="NN"/>
                    <lemma type="train"/>
                    <dep head="4-2" type="dobj"/>
                </token>
                <token content="coming" id="4-5">
                    <pos type="VBG"/>
                    <lemma type="come"/>
                    <dep head="4-2" type="xcomp"/>
                </token>
                <token content="when" id="4-6">
                    <pos type="WRB"/>
                    <lemma type="when"/>
                </token>
                <token content="it" id="4-7">
                    <pos type="PRP"/>
                    <lemma type="it"/>
                </token>
                <token content="was" id="4-8">
                    <pos type="VBD"/>
                    <lemma type="be"/>
                </token>
                <token content="still" id="4-9">
                    <pos type="RB"/>
                    <lemma type="still"/>
                </token>
                <token content="a" id="4-10">
                    <pos type="DT"/>
                    <lemma type="a"/>
                </token>
                <token content="long" id="4-11">
                    <pos type="JJ"/>
                    <lemma type="long"/>
                </token>
                <token content="distance" id="4-12">
                    <pos type="NN"/>
                    <lemma type="distance"/>
                    <dep head="4-5" type="advcl"/>
                </token>
                <token content="away" id="4-13">
                    <pos type="RB"/>
                    <lemma type="away"/>
                </token>
                <token content="." id="4-14"/>
            </sentence>
            <sentence id="5">
                <token content="It" id="5-1">
                    <pos type="PRP"/>
                    <lemma type="it"/>
                    <dep head="5-3" type="nsubj"/>
                </token>
                <token content="finally" id="5-2">
                    <pos type="RB"/>
                    <lemma type="finally"/>
                    <dep head="5-3" type="advmod"/>
                </token>
                <token content="pulled" id="5-3">
                    <pos type="VBD"/>
                    <lemma type="pull"/>
                </token>
                <token content="up" id="5-4">
                    <pos type="RP"/>
                    <lemma type="up"/>
                    <dep head="5-3" type="prt"/>
                </token>
                <token content="to" id="5-5"/>
                <token content="the" id="5-6">
                    <pos type="DT"/>
                    <lemma type="the"/>
                </token>
                <token content="tracks" id="5-7">
                    <pos type="NNS"/>
                    <lemma type="track"/>
                    <dep head="5-3" type="prep"/>
                </token>
                <token content="." id="5-8"/>
            </sentence>
            <sentence id="6">
                <token content="Everyone" id="6-1">
                    <pos type="NN"/>
                    <lemma type="everyone"/>
                    <dep head="6-2" type="nsubj"/>
                </token>
                <token content="lined" id="6-2">
                    <pos type="VBD"/>
                    <lemma type="line"/>
                </token>
                <token content="up" id="6-3">
                    <pos type="RP"/>
                    <lemma type="up"/>
                    <dep head="6-2" type="prt"/>
                </token>
                <token content="to" id="6-4">
                    <pos type="TO"/>
                    <lemma type="to"/>
                    <dep head="6-5" type="aux"/>
                </token>
                <token content="get" id="6-5">
                    <pos type="VB"/>
                    <lemma type="get"/>
                    <dep head="6-2" type="xcomp"/>
                </token>
                <token content="inside" id="6-6"/>
                <token content="the" id="6-7">
                    <pos type="DT"/>
                    <lemma type="the"/>
                </token>
                <token content="doors" id="6-8">
                    <pos type="NNS"/>
                    <lemma type="door"/>
                    <dep head="6-5" type="prep"/>
                </token>
                <token content="." id="6-9"/>
            </sentence>
            <sentence id="7">
                <token content="The" id="7-1">
                    <pos type="DT"/>
                    <lemma type="the"/>
                </token>
                <token content="doors" id="7-2">
                    <pos type="NNS"/>
                    <lemma type="door"/>
                    <dep head="7-3" type="nsubj"/>
                </token>
                <token content="open" id="7-3">
                    <pos type="VBP"/>
                    <lemma type="open"/>
                </token>
                <token content="and" id="7-4"/>
                <token content="we" id="7-5">
                    <pos type="PRP"/>
                    <lemma type="we"/>
                    <dep head="7-7" type="nsubj"/>
                </token>
                <token content="all" id="7-6">
                    <pos type="DT"/>
                    <lemma type="all"/>
                    <dep head="7-7" type="advmod"/>
                </token>
                <token content="filed" id="7-7">
                    <pos type="VBD"/>
                    <lemma type="file"/>
                    <dep head="7-3" type="conj"/>
                </token>
                <token content="in" id="7-8">
                    <pos type="RP"/>
                    <lemma type="in"/>
                    <dep head="7-7" type="prt"/>
                </token>
                <token content="." id="7-9"/>
            </sentence>
            <sentence id="8">
                <token content="I" id="8-1">
                    <pos type="PRP"/>
                    <lemma type="I"/>
                    <dep head="8-2" type="nsubj"/>
                </token>
                <token content="found" id="8-2">
                    <pos type="VBD"/>
                    <lemma type="find"/>
                </token>
                <token content="a" id="8-3">
                    <pos type="DT"/>
                    <lemma type="a"/>
                </token>
                <token content="seat" id="8-4">
                    <pos type="NN"/>
                    <lemma type="seat"/>
                    <dep head="8-2" type="dobj"/>
                </token>
                <token content="by" id="8-5"/>
                <token content="myself" id="8-6">
                    <pos type="PRP"/>
                    <lemma type="myself"/>
                    <dep head="8-2" type="prep"/>
                </token>
                <token content="at" id="8-7"/>
                <token content="the" id="8-8">
                    <pos type="DT"/>
                    <lemma type="the"/>
                </token>
                <token content="back" id="8-9">
                    <pos type="NN"/>
                    <lemma type="back"/>
                    <dep head="8-2" type="prep"/>
                </token>
                <token content="of" id="8-10"/>
                <token content="the" id="8-11">
                    <pos type="DT"/>
                    <lemma type="the"/>
                </token>
                <token content="train" id="8-12">
                    <pos type="NN"/>
                    <lemma type="train"/>
                </token>
                <token content="." id="8-13"/>
            </sentence>
            <sentence id="9">
                <token content="I" id="9-1">
                    <pos type="PRP"/>
                    <lemma type="I"/>
                    <dep head="9-2" type="nsubj"/>
                </token>
                <token content="sat" id="9-2">
                    <pos type="VBD"/>
                    <lemma type="sit"/>
                </token>
                <token content="down" id="9-3">
                    <pos type="RP"/>
                    <lemma type="down"/>
                    <dep head="9-2" type="prt"/>
                </token>
                <token content="and" id="9-4"/>
                <token content="looked" id="9-5">
                    <pos type="VBD"/>
                    <lemma type="look"/>
                    <dep head="9-2" type="conj"/>
                </token>
                <token content="out" id="9-6">
                    <pos type="RP"/>
                    <lemma type="out"/>
                    <dep head="9-5" type="prt"/>
                </token>
                <token content="the" id="9-7">
                    <pos type="DT"/>
                    <lemma type="the"/>
                </token>
                <token content="window" id="9-8">
                    <pos type="NN"/>
                    <lemma type="window"/>
                    <dep head="9-5" type="dobj"/>
                </token>
                <token content="at" id="9-9"/>
                <token content="the" id="9-10">
                    <pos type="DT"/>
                    <lemma type="the"/>
                </token>
                <token content="passing" id="9-11">
                    <pos type="VBG"/>
                    <lemma type="pass"/>
                </token>
                <token content="towns" id="9-12">
                    <pos type="NNS"/>
                    <lemma type="town"/>
                </token>
                <token content="." id="9-13"/>
            </sentence>
            <sentence id="10">
                <token content="After" id="10-1">
                    <pos type="IN"/>
                    <lemma type="after"/>
                    <dep head="10-6" type="prep"/>
                </token>
                <token content="awhile" id="10-2">
                    <pos type="RB"/>
                    <lemma type="awhile"/>
                </token>
                <token content="," id="10-3"/>
                <token content="the" id="10-4">
                    <pos type="DT"/>
                    <lemma type="the"/>
                </token>
                <token content="announcer" id="10-5">
                    <pos type="NN"/>
                    <lemma type="announcer"/>
                    <dep head="10-6" type="nsubj"/>
                </token>
                <token content="said" id="10-6">
                    <pos type="VBD"/>
                    <lemma type="say"/>
                </token>
                <token content="the" id="10-7">
                    <pos type="DT"/>
                    <lemma type="the"/>
                </token>
                <token content="next" id="10-8">
                    <pos type="JJ"/>
                    <lemma type="next"/>
                </token>
                <token content="and" id="10-9"/>
                <token content="final" id="10-10">
                    <pos type="JJ"/>
                    <lemma type="final"/>
                </token>
                <token content="stop" id="10-11">
                    <pos type="NN"/>
                    <lemma type="stop"/>
                </token>
                <token content="would" id="10-12">
                    <pos type="MD"/>
                    <lemma type="would"/>
                </token>
                <token content="be" id="10-13">
                    <pos type="VB"/>
                    <lemma type="be"/>
                </token>
                <token content="Chicago" id="10-14">
                    <pos type="NNP"/>
                    <lemma type="Chicago"/>
                    <dep head="10-6" type="ccomp"/>
                </token>
                <token content="." id="10-15"/>
            </sentence>
            <sentence id="11">
                <token content="I" id="11-1">
                    <pos type="PRP"/>
                    <lemma type="I"/>
                    <dep head="11-2" type="nsubj"/>
                </token>
                <token content="stood" id="11-2">
                    <pos type="VBD"/>
                    <lemma type="stand"/>
                </token>
                <token content="up" id="11-3">
                    <pos type="RP"/>
                    <lemma type="up"/>
                    <dep head="11-2" type="prt"/>
                </token>
                <token content="and" id="11-4"/>
                <token content="walked" id="11-5">
                    <pos type="VBD"/>
                    <lemma type="walk"/>
                    <dep head="11-2" type="conj"/>
                </token>
                <token content="over" id="11-6">
                    <pos type="RP"/>
                    <lemma type="over"/>
                    <dep head="11-5" type="prt"/>
                </token>
                <token content="to" id="11-7"/>
                <token content="the" id="11-8">
                    <pos type="DT"/>
                    <lemma type="the"/>
                </token>
                <token content="doors" id="11-9">
                    <pos type="NNS"/>
                    <lemma type="door"/>
                    <dep head="11-5" type="prep"/>
                </token>
                <token content="." id="11-10"/>
            </sentence>
            <sentence id="12">
                <token content="The" id="12-1">
                    <pos type="DT"/>
                    <lemma type="the"/>
                </token>
                <token content="train" id="12-2">
                    <pos type="NN"/>
                    <lemma type="train"/>
                    <dep head="12-3" type="nsubj"/>
                </token>
                <token content="pulled" id="12-3">
                    <pos type="VBD"/>
                    <lemma type="pull"/>
                </token>
                <token content="into" id="12-4"/>
                <token content="the" id="12-5">
                    <pos type="DT"/>
                    <lemma type="the"/>
                </token>
                <token content="station" id="12-6">
                    <pos type="NN"/>
                    <lemma type="station"/>
                    <dep head="12-3" type="prep"/>
                </token>
                <token content="," id="12-7"/>
                <token content="making" id="12-8">
                    <pos type="VBG"/>
                    <lemma type="make"/>
                    <dep head="12-3" type="xcomp"/>
                </token>
                <token content="a" id="12-9">
                    <pos type="DT"/>
                    <lemma type="a"/>
                </token>
                <token content="loud" id="12-10">
                    <pos type="JJ"/>
                    <lemma type="loud"/>
                </token>
                <token content="screeching" id="12-11">
                    <pos type="VBG"/>
                    <lemma type="screech"/>
                </token>
                <token content="noise" id="12-12">
                    <pos type="NN"/>
                    <lemma type="noise"/>
                    <dep head="12-8" type="dobj"/>
                </token>
                <token content="." id="12-13"/>
            </sentence>
            <sentence id="13">
                <token content="It" id="13-1">
                    <pos type="PRP"/>
                    <lemma type="it"/>
                    <dep head="13-3" type="nsubj"/>
                </token>
                <token content="slowly" id="13-2">
                    <pos type="RB"/>
                    <lemma type="slowly"/>
                    <dep head="13-3" type="advmod"/>
                </token>
                <token content="came" id="13-3">
                    <pos type="VBD"/>
                    <lemma type="come"/>
                </token>
                <token content="to" id="13-4"/>
                <token content="a" id="13-5">
                    <pos type="DT"/>
                    <lemma type="a"/>
                </token>
                <token content="stop" id="13-6">
                    <pos type="NN"/>
                    <lemma type="stop"/>
                    <dep head="13-3" type="prep"/>
                </token>
                <token content="inside" id="13-7"/>
                <token content="the" id="13-8">
                    <pos type="DT"/>
                    <lemma type="the"/>
                </token>
                <token content="station" id="13-9">
                    <pos type="NN"/>
                    <lemma type="station"/>
                </token>
                <token content="." id="13-10"/>
            </sentence>
            <sentence id="14">
                <token content="The" id="14-1">
                    <pos type="DT"/>
                    <lemma type="the"/>
                </token>
                <token content="doors" id="14-2">
                    <pos type="NNS"/>
                    <lemma type="door"/>
                    <dep head="14-3" type="nsubj"/>
                </token>
                <token content="opened" id="14-3">
                    <pos type="VBD"/>
                    <lemma type="open"/>
                </token>
                <token content="and" id="14-4"/>
                <token content="all" id="14-5">
                    <pos type="PDT"/>
                    <lemma type="all"/>
                </token>
                <token content="the" id="14-6">
                    <pos type="DT"/>
                    <lemma type="the"/>
                </token>
                <token content="passengers" id="14-7">
                    <pos type="NNS"/>
                    <lemma type="passenger"/>
                    <dep head="14-8" type="nsubj"/>
                </token>
                <token content="climbed" id="14-8">
                    <pos type="VBD"/>
                    <lemma type="climb"/>
                    <dep head="14-8" type="conj"/>
                </token>
                <token content="off" id="14-9"/>
                <token content="the" id="14-10">
                    <pos type="DT"/>
                    <lemma type="the"/>
                </token>
                <token content="train" id="14-11">
                    <pos type="NN"/>
                    <lemma type="train"/>
                    <dep head="14-8" type="prep"/>
                </token>
                <token content="," id="14-12"/>
                <token content="and" id="14-13"/>
                <token content="into" id="14-14"/>
                <token content="Union" id="14-15">
                    <pos type="NNP"/>
                    <lemma type="Union"/>
                </token>
                <token content="Station" id="14-16">
                    <pos type="NNP"/>
                    <lemma type="Station"/>
                    <dep head="14-8" type="prep"/>
                </token>
                <token content="in" id="14-17"/>
                <token content="Chicago" id="14-18">
                    <pos type="NNP"/>
                    <lemma type="Chicago"/>
                    <dep head="14-8" type="prep"/>
                </token>
                <token content="." id="14-19"/>
            </sentence>
        </sentences>
    </text>
    <annotations>
        <participants>
            <label from="1-1" id="0" name="ScrPart_passenger" text="I" type="participant"/>
            <label from="1-5" id="1" name="ScrPart_train_station" text="train station" to="1-6" type="participant"/>
            <label from="1-6" id="2" name="ScrPart_train_station" text="station" type="participant"/>
            <label from="1-10" id="3" name="ScrPart_line" text="line" type="participant"/>
            <label from="1-16" id="4" name="ScrPart_trip" text="trip" type="participant"/>
            <label from="1-17" id="5" name="ScrPart_card/ticket" text="ticket" type="participant"/>
            <label from="1-19" id="6" name="ScrPart_destination" text="Chicago" type="participant"/>
            <label from="2-1" id="7" name="ScrPart_passenger" text="I" type="participant"/>
            <label from="2-3" id="8" name="ScrPart_passenger" text="my" type="participant"/>
            <label from="2-4" id="9" name="ScrPart_card/ticket" text="ticket" type="participant"/>
            <label from="2-6" id="10" name="ScrPart_passenger" text="my" type="participant"/>
            <label from="2-7" id="11" name="NPart" text="pocket" type="participant"/>
            <label from="2-16" id="12" name="ScrPart_train" text="train" type="participant"/>
            <label from="3-1" id="13" name="ScrPart_passenger" text="I" type="participant"/>
            <label from="3-7" id="14" name="ScrPart_passenger" text="people" type="participant"/>
            <label from="3-14" id="15" name="ScrPart_train" text="train" type="participant"/>
            <label from="4-1" id="16" name="ScrPart_passenger" text="We" type="participant"/>
            <label from="4-4" id="17" name="ScrPart_train" text="train" type="participant"/>
            <label from="4-7" id="18" name="ScrPart_train" text="it" type="participant"/>
            <label from="4-12" id="19" name="NPart" text="distance" type="participant"/>
            <label from="5-1" id="20" name="ScrPart_train" text="It" type="participant"/>
            <label from="5-7" id="21" name="No_label" text="tracks" type="participant"/>
            <label from="6-1" id="22" name="ScrPart_passenger" text="Everyone" type="participant"/>
            <label from="6-8" id="23" name="ScrPart_door" text="doors" type="participant"/>
            <label from="7-2" id="24" name="ScrPart_door" text="doors" type="participant"/>
            <label from="7-5" id="25" name="ScrPart_passenger" text="we" type="participant"/>
            <label from="8-1" id="26" name="ScrPart_passenger" text="I" type="participant"/>
            <label from="8-4" id="27" name="ScrPart_seat" text="seat" type="participant"/>
            <label from="8-6" id="28" name="ScrPart_passenger" text="myself" type="participant"/>
            <label from="8-9" id="29" name="NPart" text="back" type="participant"/>
            <label from="8-12" id="30" name="ScrPart_train" text="train" type="participant"/>
            <label from="9-1" id="31" name="ScrPart_passenger" text="I" type="participant"/>
            <label from="9-8" id="32" name="ScrPart_in-train_entertainment" text="window" type="participant"/>
            <label from="9-12" id="33" name="NPart" text="towns" type="participant"/>
            <label from="10-5" id="34" name="ScrPart_train_staff" text="announcer" type="participant"/>
            <label from="10-11" id="35" name="ScrPart_destination" text="stop" type="participant"/>
            <label from="10-14" id="36" name="ScrPart_destination" text="Chicago" type="participant"/>
            <label from="11-1" id="37" name="ScrPart_passenger" text="I" type="participant"/>
            <label from="11-9" id="38" name="ScrPart_door" text="doors" type="participant"/>
            <label from="12-2" id="39" name="ScrPart_train" text="train" type="participant"/>
            <label from="12-6" id="40" name="ScrPart_destination" text="station" type="participant"/>
            <label from="12-12" id="41" name="NPart" text="noise" type="participant"/>
            <label from="13-1" id="42" name="ScrPart_train" text="It" type="participant"/>
            <label from="13-6" id="43" name="SuppVComp" text="stop" type="participant"/>
            <label from="13-9" id="44" name="ScrPart_destination" text="station" type="participant"/>
            <label from="14-2" id="45" name="ScrPart_door" text="doors" type="participant"/>
            <label from="14-7" id="46" name="ScrPart_passenger" text="passengers" type="participant"/>
            <label from="14-11" id="47" name="ScrPart_train" text="train" type="participant"/>
            <label from="14-15" id="48" name="NPart" text="Union Station" to="14-16" type="participant"/>
            <label from="14-18" id="49" name="ScrPart_destination" text="Chicago" type="participant"/>
        </participants>
        <events>
            <label from="1-2" id="50" name="Evoking" text="walked into the train station" to="1-6" type="event"/>
            <label from="1-2" id="51" name="ScrEv_get_train_station" text="walked" type="event"/>
            <label from="1-8" id="52" name="ScrEv_other" text="stood" type="event"/>
            <label from="1-13" id="53" name="ScrEv_get_tickets" text="purchased" type="event"/>
            <label from="2-2" id="54" name="UnrelEv" text="placed" type="event"/>
            <label from="2-10" id="55" name="ScrEv_get_platform" text="walked" type="event"/>
            <label from="2-13" id="56" name="ScrEv_wait" text="wait" type="event"/>
            <label from="3-2" id="57" name="UnrelEv" text="stood" type="event"/>
            <label from="3-11" id="58" name="ScrEv_wait" text="waiting" type="event"/>
            <label from="4-2" id="59" name="UnrelEv" text="heard" type="event"/>
            <label from="4-5" id="60" name="ScrEv_train_arrives" text="coming" type="event"/>
            <label from="4-8" id="61" name="UnrelEv" text="was" type="event"/>
            <label from="5-3" id="62" name="ScrEv_train_arrives" text="pulled" type="event"/>
            <label from="6-2" id="63" name="RelNScrEv" text="lined up" to="6-3" type="event"/>
            <label from="6-2" id="64" name="RelNScrEv" text="lined" type="event"/>
            <label from="6-5" id="65" name="RelNScrEv" text="get inside" to="6-6" type="event"/>
            <label from="6-5" id="66" name="RelNScrEv" text="get" type="event"/>
            <label from="7-3" id="67" name="ScrEv_door_opens" text="open" type="event"/>
            <label from="7-7" id="68" name="ScrEv_get_on" text="filed" type="event"/>
            <label from="8-2" id="69" name="ScrEv_find_place" text="found" type="event"/>
            <label from="9-2" id="70" name="UnrelEv" text="sat down" to="9-3" type="event"/>
            <label from="9-2" id="71" name="UnrelEv" text="sat" type="event"/>
            <label from="9-5" id="72" name="ScrEv_spend_time_train" text="looked out" to="9-6" type="event"/>
            <label from="9-5" id="73" name="ScrEv_spend_time_train" text="looked" type="event"/>
            <label from="9-11" id="74" name="UnrelEv" text="passing" type="event"/>
            <label from="10-6" id="75" name="RelNScrEv" text="said" type="event"/>
            <label from="10-13" id="76" name="UnrelEv" text="be" type="event"/>
            <label from="11-2" id="77" name="ScrEv_move_exit" text="stood up" to="11-3" type="event"/>
            <label from="11-2" id="78" name="ScrEv_move_exit" text="stood" type="event"/>
            <label from="11-5" id="79" name="ScrEv_move_exit" text="walked over" to="11-6" type="event"/>
            <label from="11-5" id="80" name="ScrEv_move_exit" text="walked" type="event"/>
            <label from="12-3" id="81" name="ScrEv_arrive_destination" text="pulled" type="event"/>
            <label from="12-8" id="82" name="UnrelEv" text="making" type="event"/>
            <label from="13-3" id="83" name="RelNScrEv" text="came" type="event"/>
            <label from="14-3" id="84" name="ScrEv_door_opens" text="opened" type="event"/>
            <label from="14-8" id="85" name="ScrEv_get_off" text="climbed" type="event"/>
        </events>
        <chains>
            <chain elements="0 7 8 10 13 26 28 31 37"/>
            <chain elements="13 14 16" name="group_I_people"/>
            <chain elements="12 15 17 18 20 30 39 42 47"/>
            <chain elements="16 22 25 46"/>
            <chain elements="23 24 38 45"/>
            <chain elements="6 35 36 49"/>
            <chain elements="2 40 44"/>
        </chains>
    </annotations>
</story>
