<?xml version="1.0" encoding="UTF-8" standalone="no"?>
<!DOCTYPE story SYSTEM "../InScript.dtd">
<story id="051" scenario="train">
    <text>
        <content>A few months ago , I took a train to Sacramento to visit my friend and her family . 
I had decided to take the train because Sacramento is 72 miles from the city I live in and I am not a good driver . 
I ordered the train tickets online a week before my trip and wrote down my confirmation number . 
When I got to the train station , I went to a small self-service kiosk in the lobby and entered my personal information including my confirmation number , and printed out my train ticket . 
After that , I walked up to the platform and waited for my train . 
There were several electronic displays that said when the train would come , and I watched them impatiently . 
When the train arrived , I boarded behind another passenger and found a window seat so I could enjoy the view . 
I also liked the seat because it had a table in front of it . 
I had a backpack with me which I put in the compartment above my seat . 
I put my ticket on top of the table so it would be easy to find . 
A few minutes later , a worker came by to check passenger 's tickets , and after I showed him and he stamped it , I put my ticket in my pocket . 
There were not many people traveling so no one sat near me . 
The train departed the station shortly after that . 
I fell asleep on the train , but I woke up well before my stop . 
When the train stopped at my station , I grabbed my backpack and off boarded onto the platform . 
Then I went in to the train station and met my friend who had come to pick me up . </content>
        <sentences>
            <sentence id="1">
                <token content="A" id="1-1">
                    <pos type="DT"/>
                    <lemma type="a"/>
                </token>
                <token content="few" id="1-2">
                    <pos type="JJ"/>
                    <lemma type="few"/>
                </token>
                <token content="months" id="1-3">
                    <pos type="NNS"/>
                    <lemma type="month"/>
                </token>
                <token content="ago" id="1-4">
                    <pos type="RB"/>
                    <lemma type="ago"/>
                    <dep head="1-7" type="advmod"/>
                </token>
                <token content="," id="1-5"/>
                <token content="I" id="1-6">
                    <pos type="PRP"/>
                    <lemma type="I"/>
                    <dep head="1-7" type="nsubj"/>
                </token>
                <token content="took" id="1-7">
                    <pos type="VBD"/>
                    <lemma type="take"/>
                </token>
                <token content="a" id="1-8">
                    <pos type="DT"/>
                    <lemma type="a"/>
                </token>
                <token content="train" id="1-9">
                    <pos type="NN"/>
                    <lemma type="train"/>
                    <dep head="1-7" type="dobj"/>
                </token>
                <token content="to" id="1-10"/>
                <token content="Sacramento" id="1-11">
                    <pos type="NNP"/>
                    <lemma type="Sacramento"/>
                    <dep head="1-7" type="prep"/>
                </token>
                <token content="to" id="1-12">
                    <pos type="TO"/>
                    <lemma type="to"/>
                    <dep head="1-13" type="aux"/>
                </token>
                <token content="visit" id="1-13">
                    <pos type="VB"/>
                    <lemma type="visit"/>
                    <dep head="1-7" type="vmod"/>
                </token>
                <token content="my" id="1-14">
                    <pos type="PRP$"/>
                    <lemma type="my"/>
                </token>
                <token content="friend" id="1-15">
                    <pos type="NN"/>
                    <lemma type="friend"/>
                    <dep head="1-13" type="dobj"/>
                </token>
                <token content="and" id="1-16"/>
                <token content="her" id="1-17">
                    <pos type="PRP$"/>
                    <lemma type="she"/>
                </token>
                <token content="family" id="1-18">
                    <pos type="NN"/>
                    <lemma type="family"/>
                </token>
                <token content="." id="1-19"/>
            </sentence>
            <sentence id="2">
                <token content="I" id="2-1">
                    <pos type="PRP"/>
                    <lemma type="I"/>
                    <dep head="2-3" type="nsubj"/>
                </token>
                <token content="had" id="2-2">
                    <pos type="VBD"/>
                    <lemma type="have"/>
                    <dep head="2-3" type="aux"/>
                </token>
                <token content="decided" id="2-3">
                    <pos type="VBN"/>
                    <lemma type="decide"/>
                </token>
                <token content="to" id="2-4">
                    <pos type="TO"/>
                    <lemma type="to"/>
                    <dep head="2-5" type="aux"/>
                </token>
                <token content="take" id="2-5">
                    <pos type="VB"/>
                    <lemma type="take"/>
                    <dep head="2-3" type="xcomp"/>
                </token>
                <token content="the" id="2-6">
                    <pos type="DT"/>
                    <lemma type="the"/>
                </token>
                <token content="train" id="2-7">
                    <pos type="NN"/>
                    <lemma type="train"/>
                    <dep head="2-5" type="dobj"/>
                </token>
                <token content="because" id="2-8">
                    <pos type="IN"/>
                    <lemma type="because"/>
                    <dep head="2-10" type="mark"/>
                </token>
                <token content="Sacramento" id="2-9">
                    <pos type="NNP"/>
                    <lemma type="Sacramento"/>
                    <dep head="2-10" type="nsubj"/>
                </token>
                <token content="is" id="2-10">
                    <pos type="VBZ"/>
                    <lemma type="be"/>
                    <dep head="2-5" type="advcl"/>
                </token>
                <token content="72" id="2-11">
                    <pos type="CD"/>
                    <lemma type="72"/>
                </token>
                <token content="miles" id="2-12">
                    <pos type="NNS"/>
                    <lemma type="mile"/>
                    <dep head="2-10" type="npadvmod"/>
                </token>
                <token content="from" id="2-13"/>
                <token content="the" id="2-14">
                    <pos type="DT"/>
                    <lemma type="the"/>
                </token>
                <token content="city" id="2-15">
                    <pos type="NN"/>
                    <lemma type="city"/>
                    <dep head="2-10" type="prep"/>
                </token>
                <token content="I" id="2-16">
                    <pos type="PRP"/>
                    <lemma type="I"/>
                    <dep head="2-17" type="nsubj"/>
                </token>
                <token content="live" id="2-17">
                    <pos type="VBP"/>
                    <lemma type="live"/>
                </token>
                <token content="in" id="2-18">
                    <pos type="RP"/>
                    <lemma type="in"/>
                    <dep head="2-17" type="prt"/>
                </token>
                <token content="and" id="2-19"/>
                <token content="I" id="2-20">
                    <pos type="PRP"/>
                    <lemma type="I"/>
                </token>
                <token content="am" id="2-21">
                    <pos type="VBP"/>
                    <lemma type="be"/>
                </token>
                <token content="not" id="2-22">
                    <pos type="RB"/>
                    <lemma type="not"/>
                </token>
                <token content="a" id="2-23">
                    <pos type="DT"/>
                    <lemma type="a"/>
                </token>
                <token content="good" id="2-24">
                    <pos type="JJ"/>
                    <lemma type="good"/>
                </token>
                <token content="driver" id="2-25">
                    <pos type="NN"/>
                    <lemma type="driver"/>
                    <dep head="2-3" type="conj"/>
                </token>
                <token content="." id="2-26"/>
            </sentence>
            <sentence id="3">
                <token content="I" id="3-1">
                    <pos type="PRP"/>
                    <lemma type="I"/>
                    <dep head="3-2" type="nsubj"/>
                </token>
                <token content="ordered" id="3-2">
                    <pos type="VBD"/>
                    <lemma type="order"/>
                </token>
                <token content="the" id="3-3">
                    <pos type="DT"/>
                    <lemma type="the"/>
                </token>
                <token content="train" id="3-4">
                    <pos type="NN"/>
                    <lemma type="train"/>
                </token>
                <token content="tickets" id="3-5">
                    <pos type="NNS"/>
                    <lemma type="ticket"/>
                    <dep head="3-2" type="dobj"/>
                </token>
                <token content="online" id="3-6">
                    <pos type="NN"/>
                    <lemma type="online"/>
                    <dep head="3-2" type="prep"/>
                </token>
                <token content="a" id="3-7">
                    <pos type="DT"/>
                    <lemma type="a"/>
                </token>
                <token content="week" id="3-8">
                    <pos type="NN"/>
                    <lemma type="week"/>
                </token>
                <token content="before" id="3-9"/>
                <token content="my" id="3-10">
                    <pos type="PRP$"/>
                    <lemma type="my"/>
                </token>
                <token content="trip" id="3-11">
                    <pos type="NN"/>
                    <lemma type="trip"/>
                    <dep head="3-2" type="prep"/>
                </token>
                <token content="and" id="3-12"/>
                <token content="wrote" id="3-13">
                    <pos type="VBD"/>
                    <lemma type="write"/>
                    <dep head="3-2" type="conj"/>
                </token>
                <token content="down" id="3-14">
                    <pos type="RP"/>
                    <lemma type="down"/>
                    <dep head="3-13" type="prt"/>
                </token>
                <token content="my" id="3-15">
                    <pos type="PRP$"/>
                    <lemma type="my"/>
                </token>
                <token content="confirmation" id="3-16">
                    <pos type="NN"/>
                    <lemma type="confirmation"/>
                </token>
                <token content="number" id="3-17">
                    <pos type="NN"/>
                    <lemma type="number"/>
                    <dep head="3-13" type="dobj"/>
                </token>
                <token content="." id="3-18"/>
            </sentence>
            <sentence id="4">
                <token content="When" id="4-1">
                    <pos type="WRB"/>
                    <lemma type="when"/>
                    <dep head="4-3" type="advmod"/>
                </token>
                <token content="I" id="4-2">
                    <pos type="PRP"/>
                    <lemma type="I"/>
                    <dep head="4-3" type="nsubj"/>
                </token>
                <token content="got" id="4-3">
                    <pos type="VBD"/>
                    <lemma type="get"/>
                    <dep head="4-10" type="advcl"/>
                </token>
                <token content="to" id="4-4"/>
                <token content="the" id="4-5">
                    <pos type="DT"/>
                    <lemma type="the"/>
                </token>
                <token content="train" id="4-6">
                    <pos type="NN"/>
                    <lemma type="train"/>
                </token>
                <token content="station" id="4-7">
                    <pos type="NN"/>
                    <lemma type="station"/>
                    <dep head="4-3" type="prep"/>
                </token>
                <token content="," id="4-8"/>
                <token content="I" id="4-9">
                    <pos type="PRP"/>
                    <lemma type="I"/>
                    <dep head="4-10" type="nsubj"/>
                </token>
                <token content="went" id="4-10">
                    <pos type="VBD"/>
                    <lemma type="go"/>
                </token>
                <token content="to" id="4-11"/>
                <token content="a" id="4-12">
                    <pos type="DT"/>
                    <lemma type="a"/>
                </token>
                <token content="small" id="4-13">
                    <pos type="JJ"/>
                    <lemma type="small"/>
                </token>
                <token content="self-service" id="4-14">
                    <pos type="JJ"/>
                    <lemma type="self-service"/>
                </token>
                <token content="kiosk" id="4-15">
                    <pos type="NN"/>
                    <lemma type="kiosk"/>
                    <dep head="4-10" type="prep"/>
                </token>
                <token content="in" id="4-16"/>
                <token content="the" id="4-17">
                    <pos type="DT"/>
                    <lemma type="the"/>
                </token>
                <token content="lobby" id="4-18">
                    <pos type="NN"/>
                    <lemma type="lobby"/>
                    <dep head="4-10" type="prep"/>
                </token>
                <token content="and" id="4-19"/>
                <token content="entered" id="4-20">
                    <pos type="VBD"/>
                    <lemma type="enter"/>
                    <dep head="4-10" type="conj"/>
                </token>
                <token content="my" id="4-21">
                    <pos type="PRP$"/>
                    <lemma type="my"/>
                </token>
                <token content="personal" id="4-22">
                    <pos type="JJ"/>
                    <lemma type="personal"/>
                </token>
                <token content="information" id="4-23">
                    <pos type="NN"/>
                    <lemma type="information"/>
                    <dep head="4-20" type="dobj"/>
                </token>
                <token content="including" id="4-24"/>
                <token content="my" id="4-25">
                    <pos type="PRP$"/>
                    <lemma type="my"/>
                </token>
                <token content="confirmation" id="4-26">
                    <pos type="NN"/>
                    <lemma type="confirmation"/>
                </token>
                <token content="number" id="4-27">
                    <pos type="NN"/>
                    <lemma type="number"/>
                </token>
                <token content="," id="4-28"/>
                <token content="and" id="4-29"/>
                <token content="printed" id="4-30">
                    <pos type="VBD"/>
                    <lemma type="print"/>
                    <dep head="4-10" type="conj"/>
                </token>
                <token content="out" id="4-31">
                    <pos type="RP"/>
                    <lemma type="out"/>
                    <dep head="4-30" type="prt"/>
                </token>
                <token content="my" id="4-32">
                    <pos type="PRP$"/>
                    <lemma type="my"/>
                </token>
                <token content="train" id="4-33">
                    <pos type="NN"/>
                    <lemma type="train"/>
                </token>
                <token content="ticket" id="4-34">
                    <pos type="NN"/>
                    <lemma type="ticket"/>
                    <dep head="4-30" type="dobj"/>
                </token>
                <token content="." id="4-35"/>
            </sentence>
            <sentence id="5">
                <token content="After" id="5-1"/>
                <token content="that" id="5-2">
                    <pos type="DT"/>
                    <lemma type="that"/>
                    <dep head="5-5" type="prep"/>
                </token>
                <token content="," id="5-3"/>
                <token content="I" id="5-4">
                    <pos type="PRP"/>
                    <lemma type="I"/>
                    <dep head="5-5" type="nsubj"/>
                </token>
                <token content="walked" id="5-5">
                    <pos type="VBD"/>
                    <lemma type="walk"/>
                </token>
                <token content="up" id="5-6">
                    <pos type="RP"/>
                    <lemma type="up"/>
                    <dep head="5-5" type="prt"/>
                </token>
                <token content="to" id="5-7"/>
                <token content="the" id="5-8">
                    <pos type="DT"/>
                    <lemma type="the"/>
                </token>
                <token content="platform" id="5-9">
                    <pos type="NN"/>
                    <lemma type="platform"/>
                    <dep head="5-5" type="prep"/>
                </token>
                <token content="and" id="5-10"/>
                <token content="waited" id="5-11">
                    <pos type="VBD"/>
                    <lemma type="wait"/>
                    <dep head="5-5" type="conj"/>
                </token>
                <token content="for" id="5-12"/>
                <token content="my" id="5-13">
                    <pos type="PRP$"/>
                    <lemma type="my"/>
                </token>
                <token content="train" id="5-14">
                    <pos type="NN"/>
                    <lemma type="train"/>
                    <dep head="5-11" type="prep"/>
                </token>
                <token content="." id="5-15"/>
            </sentence>
            <sentence id="6">
                <token content="There" id="6-1">
                    <pos type="EX"/>
                    <lemma type="there"/>
                    <dep head="6-2" type="expl"/>
                </token>
                <token content="were" id="6-2">
                    <pos type="VBD"/>
                    <lemma type="be"/>
                </token>
                <token content="several" id="6-3">
                    <pos type="JJ"/>
                    <lemma type="several"/>
                </token>
                <token content="electronic" id="6-4">
                    <pos type="JJ"/>
                    <lemma type="electronic"/>
                </token>
                <token content="displays" id="6-5">
                    <pos type="NNS"/>
                    <lemma type="display"/>
                    <dep head="6-2" type="nsubj"/>
                </token>
                <token content="that" id="6-6">
                    <pos type="WDT"/>
                    <lemma type="that"/>
                    <dep head="6-7" type="nsubj"/>
                </token>
                <token content="said" id="6-7">
                    <pos type="VBD"/>
                    <lemma type="say"/>
                </token>
                <token content="when" id="6-8">
                    <pos type="WRB"/>
                    <lemma type="when"/>
                    <dep head="6-12" type="advmod"/>
                </token>
                <token content="the" id="6-9">
                    <pos type="DT"/>
                    <lemma type="the"/>
                </token>
                <token content="train" id="6-10">
                    <pos type="NN"/>
                    <lemma type="train"/>
                    <dep head="6-12" type="nsubj"/>
                </token>
                <token content="would" id="6-11">
                    <pos type="MD"/>
                    <lemma type="would"/>
                    <dep head="6-12" type="aux"/>
                </token>
                <token content="come" id="6-12">
                    <pos type="VB"/>
                    <lemma type="come"/>
                    <dep head="6-7" type="advcl"/>
                </token>
                <token content="," id="6-13"/>
                <token content="and" id="6-14"/>
                <token content="I" id="6-15">
                    <pos type="PRP"/>
                    <lemma type="I"/>
                    <dep head="6-16" type="nsubj"/>
                </token>
                <token content="watched" id="6-16">
                    <pos type="VBD"/>
                    <lemma type="watch"/>
                    <dep head="6-2" type="conj"/>
                </token>
                <token content="them" id="6-17">
                    <pos type="PRP"/>
                    <lemma type="they"/>
                    <dep head="6-16" type="dobj"/>
                </token>
                <token content="impatiently" id="6-18">
                    <pos type="RB"/>
                    <lemma type="impatiently"/>
                    <dep head="6-16" type="advmod"/>
                </token>
                <token content="." id="6-19"/>
            </sentence>
            <sentence id="7">
                <token content="When" id="7-1">
                    <pos type="WRB"/>
                    <lemma type="when"/>
                    <dep head="7-4" type="advmod"/>
                </token>
                <token content="the" id="7-2">
                    <pos type="DT"/>
                    <lemma type="the"/>
                </token>
                <token content="train" id="7-3">
                    <pos type="NN"/>
                    <lemma type="train"/>
                    <dep head="7-4" type="nsubj"/>
                </token>
                <token content="arrived" id="7-4">
                    <pos type="VBD"/>
                    <lemma type="arrive"/>
                    <dep head="7-7" type="advcl"/>
                </token>
                <token content="," id="7-5"/>
                <token content="I" id="7-6">
                    <pos type="PRP"/>
                    <lemma type="I"/>
                    <dep head="7-7" type="nsubj"/>
                </token>
                <token content="boarded" id="7-7">
                    <pos type="VBD"/>
                    <lemma type="board"/>
                </token>
                <token content="behind" id="7-8"/>
                <token content="another" id="7-9">
                    <pos type="DT"/>
                    <lemma type="another"/>
                </token>
                <token content="passenger" id="7-10">
                    <pos type="NN"/>
                    <lemma type="passenger"/>
                    <dep head="7-7" type="prep"/>
                </token>
                <token content="and" id="7-11"/>
                <token content="found" id="7-12">
                    <pos type="VBD"/>
                    <lemma type="find"/>
                    <dep head="7-7" type="conj"/>
                </token>
                <token content="a" id="7-13">
                    <pos type="DT"/>
                    <lemma type="a"/>
                </token>
                <token content="window" id="7-14">
                    <pos type="NN"/>
                    <lemma type="window"/>
                </token>
                <token content="seat" id="7-15">
                    <pos type="NN"/>
                    <lemma type="seat"/>
                    <dep head="7-12" type="dobj"/>
                </token>
                <token content="so" id="7-16">
                    <pos type="IN"/>
                    <lemma type="so"/>
                    <dep head="7-19" type="mark"/>
                </token>
                <token content="I" id="7-17">
                    <pos type="PRP"/>
                    <lemma type="I"/>
                    <dep head="7-19" type="nsubj"/>
                </token>
                <token content="could" id="7-18">
                    <pos type="MD"/>
                    <lemma type="could"/>
                    <dep head="7-19" type="aux"/>
                </token>
                <token content="enjoy" id="7-19">
                    <pos type="VB"/>
                    <lemma type="enjoy"/>
                    <dep head="7-12" type="advcl"/>
                </token>
                <token content="the" id="7-20">
                    <pos type="DT"/>
                    <lemma type="the"/>
                </token>
                <token content="view" id="7-21">
                    <pos type="NN"/>
                    <lemma type="view"/>
                    <dep head="7-19" type="dobj"/>
                </token>
                <token content="." id="7-22"/>
            </sentence>
            <sentence id="8">
                <token content="I" id="8-1">
                    <pos type="PRP"/>
                    <lemma type="I"/>
                    <dep head="8-3" type="nsubj"/>
                </token>
                <token content="also" id="8-2">
                    <pos type="RB"/>
                    <lemma type="also"/>
                    <dep head="8-3" type="advmod"/>
                </token>
                <token content="liked" id="8-3">
                    <pos type="VBD"/>
                    <lemma type="like"/>
                </token>
                <token content="the" id="8-4">
                    <pos type="DT"/>
                    <lemma type="the"/>
                </token>
                <token content="seat" id="8-5">
                    <pos type="NN"/>
                    <lemma type="seat"/>
                    <dep head="8-3" type="dobj"/>
                </token>
                <token content="because" id="8-6">
                    <pos type="IN"/>
                    <lemma type="because"/>
                    <dep head="8-8" type="mark"/>
                </token>
                <token content="it" id="8-7">
                    <pos type="PRP"/>
                    <lemma type="it"/>
                    <dep head="8-8" type="nsubj"/>
                </token>
                <token content="had" id="8-8">
                    <pos type="VBD"/>
                    <lemma type="have"/>
                    <dep head="8-3" type="advcl"/>
                </token>
                <token content="a" id="8-9">
                    <pos type="DT"/>
                    <lemma type="a"/>
                </token>
                <token content="table" id="8-10">
                    <pos type="NN"/>
                    <lemma type="table"/>
                    <dep head="8-8" type="dobj"/>
                </token>
                <token content="in" id="8-11"/>
                <token content="front" id="8-12"/>
                <token content="of" id="8-13"/>
                <token content="it" id="8-14">
                    <pos type="PRP"/>
                    <lemma type="it"/>
                </token>
                <token content="." id="8-15"/>
            </sentence>
            <sentence id="9">
                <token content="I" id="9-1">
                    <pos type="PRP"/>
                    <lemma type="I"/>
                    <dep head="9-2" type="nsubj"/>
                </token>
                <token content="had" id="9-2">
                    <pos type="VBD"/>
                    <lemma type="have"/>
                </token>
                <token content="a" id="9-3">
                    <pos type="DT"/>
                    <lemma type="a"/>
                </token>
                <token content="backpack" id="9-4">
                    <pos type="NN"/>
                    <lemma type="backpack"/>
                    <dep head="9-2" type="dobj"/>
                </token>
                <token content="with" id="9-5"/>
                <token content="me" id="9-6">
                    <pos type="PRP"/>
                    <lemma type="I"/>
                </token>
                <token content="which" id="9-7">
                    <pos type="WDT"/>
                    <lemma type="which"/>
                    <dep head="9-9" type="dobj"/>
                </token>
                <token content="I" id="9-8">
                    <pos type="PRP"/>
                    <lemma type="I"/>
                    <dep head="9-9" type="nsubj"/>
                </token>
                <token content="put" id="9-9">
                    <pos type="VBD"/>
                    <lemma type="put"/>
                </token>
                <token content="in" id="9-10"/>
                <token content="the" id="9-11">
                    <pos type="DT"/>
                    <lemma type="the"/>
                </token>
                <token content="compartment" id="9-12">
                    <pos type="NN"/>
                    <lemma type="compartment"/>
                    <dep head="9-9" type="prep"/>
                </token>
                <token content="above" id="9-13"/>
                <token content="my" id="9-14">
                    <pos type="PRP$"/>
                    <lemma type="my"/>
                </token>
                <token content="seat" id="9-15">
                    <pos type="NN"/>
                    <lemma type="seat"/>
                    <dep head="9-9" type="prep"/>
                </token>
                <token content="." id="9-16"/>
            </sentence>
            <sentence id="10">
                <token content="I" id="10-1">
                    <pos type="PRP"/>
                    <lemma type="I"/>
                    <dep head="10-2" type="nsubj"/>
                </token>
                <token content="put" id="10-2">
                    <pos type="VBD"/>
                    <lemma type="put"/>
                </token>
                <token content="my" id="10-3">
                    <pos type="PRP$"/>
                    <lemma type="my"/>
                </token>
                <token content="ticket" id="10-4">
                    <pos type="NN"/>
                    <lemma type="ticket"/>
                    <dep head="10-2" type="dobj"/>
                </token>
                <token content="on" id="10-5"/>
                <token content="top" id="10-6"/>
                <token content="of" id="10-7"/>
                <token content="the" id="10-8">
                    <pos type="DT"/>
                    <lemma type="the"/>
                </token>
                <token content="table" id="10-9">
                    <pos type="NN"/>
                    <lemma type="table"/>
                    <dep head="10-2" type="prep"/>
                </token>
                <token content="so" id="10-10">
                    <pos type="IN"/>
                    <lemma type="so"/>
                </token>
                <token content="it" id="10-11">
                    <pos type="PRP"/>
                    <lemma type="it"/>
                </token>
                <token content="would" id="10-12">
                    <pos type="MD"/>
                    <lemma type="would"/>
                </token>
                <token content="be" id="10-13">
                    <pos type="VB"/>
                    <lemma type="be"/>
                </token>
                <token content="easy" id="10-14">
                    <pos type="JJ"/>
                    <lemma type="easy"/>
                    <dep head="10-2" type="advcl"/>
                </token>
                <token content="to" id="10-15">
                    <pos type="TO"/>
                    <lemma type="to"/>
                    <dep head="10-16" type="aux"/>
                </token>
                <token content="find" id="10-16">
                    <pos type="VB"/>
                    <lemma type="find"/>
                </token>
                <token content="." id="10-17"/>
            </sentence>
            <sentence id="11">
                <token content="A" id="11-1">
                    <pos type="DT"/>
                    <lemma type="a"/>
                </token>
                <token content="few" id="11-2">
                    <pos type="JJ"/>
                    <lemma type="few"/>
                </token>
                <token content="minutes" id="11-3">
                    <pos type="NNS"/>
                    <lemma type="minute"/>
                </token>
                <token content="later" id="11-4">
                    <pos type="RB"/>
                    <lemma type="later"/>
                    <dep head="11-8" type="advmod"/>
                </token>
                <token content="," id="11-5"/>
                <token content="a" id="11-6">
                    <pos type="DT"/>
                    <lemma type="a"/>
                </token>
                <token content="worker" id="11-7">
                    <pos type="NN"/>
                    <lemma type="worker"/>
                    <dep head="11-8" type="nsubj"/>
                </token>
                <token content="came" id="11-8">
                    <pos type="VBD"/>
                    <lemma type="come"/>
                </token>
                <token content="by" id="11-9">
                    <pos type="RP"/>
                    <lemma type="by"/>
                    <dep head="11-8" type="prt"/>
                </token>
                <token content="to" id="11-10">
                    <pos type="TO"/>
                    <lemma type="to"/>
                    <dep head="11-11" type="aux"/>
                </token>
                <token content="check" id="11-11">
                    <pos type="VB"/>
                    <lemma type="check"/>
                    <dep head="11-8" type="xcomp"/>
                </token>
                <token content="passenger" id="11-12">
                    <pos type="NN"/>
                    <lemma type="passenger"/>
                </token>
                <token content="'s" id="11-13"/>
                <token content="tickets" id="11-14">
                    <pos type="NNS"/>
                    <lemma type="ticket"/>
                    <dep head="11-11" type="dobj"/>
                </token>
                <token content="," id="11-15"/>
                <token content="and" id="11-16"/>
                <token content="after" id="11-17">
                    <pos type="IN"/>
                    <lemma type="after"/>
                    <dep head="11-19" type="mark"/>
                </token>
                <token content="I" id="11-18">
                    <pos type="PRP"/>
                    <lemma type="I"/>
                    <dep head="11-19" type="nsubj"/>
                </token>
                <token content="showed" id="11-19">
                    <pos type="VBD"/>
                    <lemma type="show"/>
                    <dep head="11-27" type="advcl"/>
                </token>
                <token content="him" id="11-20">
                    <pos type="PRP"/>
                    <lemma type="he"/>
                    <dep head="11-23" type="nsubj"/>
                </token>
                <token content="and" id="11-21"/>
                <token content="he" id="11-22">
                    <pos type="PRP"/>
                    <lemma type="he"/>
                </token>
                <token content="stamped" id="11-23">
                    <pos type="VBD"/>
                    <lemma type="stamp"/>
                    <dep head="11-19" type="ccomp"/>
                </token>
                <token content="it" id="11-24">
                    <pos type="PRP"/>
                    <lemma type="it"/>
                    <dep head="11-23" type="dobj"/>
                </token>
                <token content="," id="11-25"/>
                <token content="I" id="11-26">
                    <pos type="PRP"/>
                    <lemma type="I"/>
                    <dep head="11-27" type="nsubj"/>
                </token>
                <token content="put" id="11-27">
                    <pos type="VBD"/>
                    <lemma type="put"/>
                    <dep head="11-8" type="conj"/>
                </token>
                <token content="my" id="11-28">
                    <pos type="PRP$"/>
                    <lemma type="my"/>
                </token>
                <token content="ticket" id="11-29">
                    <pos type="NN"/>
                    <lemma type="ticket"/>
                    <dep head="11-27" type="dobj"/>
                </token>
                <token content="in" id="11-30"/>
                <token content="my" id="11-31">
                    <pos type="PRP$"/>
                    <lemma type="my"/>
                </token>
                <token content="pocket" id="11-32">
                    <pos type="NN"/>
                    <lemma type="pocket"/>
                    <dep head="11-27" type="prep"/>
                </token>
                <token content="." id="11-33"/>
            </sentence>
            <sentence id="12">
                <token content="There" id="12-1">
                    <pos type="EX"/>
                    <lemma type="there"/>
                    <dep head="12-2" type="expl"/>
                </token>
                <token content="were" id="12-2">
                    <pos type="VBD"/>
                    <lemma type="be"/>
                </token>
                <token content="not" id="12-3">
                    <pos type="RB"/>
                    <lemma type="not"/>
                    <dep head="12-2" type="neg"/>
                </token>
                <token content="many" id="12-4">
                    <pos type="JJ"/>
                    <lemma type="many"/>
                </token>
                <token content="people" id="12-5">
                    <pos type="NNS"/>
                    <lemma type="people"/>
                    <dep head="12-2" type="nsubj"/>
                </token>
                <token content="traveling" id="12-6">
                    <pos type="VBG"/>
                    <lemma type="travel"/>
                </token>
                <token content="so" id="12-7">
                    <pos type="IN"/>
                    <lemma type="so"/>
                    <dep head="12-10" type="mark"/>
                </token>
                <token content="no" id="12-8">
                    <pos type="DT"/>
                    <lemma type="no"/>
                </token>
                <token content="one" id="12-9">
                    <pos type="NN"/>
                    <lemma type="one"/>
                    <dep head="12-10" type="nsubj"/>
                </token>
                <token content="sat" id="12-10">
                    <pos type="VBD"/>
                    <lemma type="sit"/>
                    <dep head="12-6" type="advcl"/>
                </token>
                <token content="near" id="12-11"/>
                <token content="me" id="12-12">
                    <pos type="PRP"/>
                    <lemma type="I"/>
                    <dep head="12-10" type="prep"/>
                </token>
                <token content="." id="12-13"/>
            </sentence>
            <sentence id="13">
                <token content="The" id="13-1">
                    <pos type="DT"/>
                    <lemma type="the"/>
                </token>
                <token content="train" id="13-2">
                    <pos type="NN"/>
                    <lemma type="train"/>
                    <dep head="13-3" type="nsubj"/>
                </token>
                <token content="departed" id="13-3">
                    <pos type="VBD"/>
                    <lemma type="depart"/>
                </token>
                <token content="the" id="13-4">
                    <pos type="DT"/>
                    <lemma type="the"/>
                </token>
                <token content="station" id="13-5">
                    <pos type="NN"/>
                    <lemma type="station"/>
                    <dep head="13-3" type="dobj"/>
                </token>
                <token content="shortly" id="13-6">
                    <pos type="RB"/>
                    <lemma type="shortly"/>
                    <dep head="13-3" type="advmod"/>
                </token>
                <token content="after" id="13-7"/>
                <token content="that" id="13-8">
                    <pos type="DT"/>
                    <lemma type="that"/>
                    <dep head="13-3" type="prep"/>
                </token>
                <token content="." id="13-9"/>
            </sentence>
            <sentence id="14">
                <token content="I" id="14-1">
                    <pos type="PRP"/>
                    <lemma type="I"/>
                    <dep head="14-2" type="nsubj"/>
                </token>
                <token content="fell" id="14-2">
                    <pos type="VBD"/>
                    <lemma type="fall"/>
                </token>
                <token content="asleep" id="14-3">
                    <pos type="RB"/>
                    <lemma type="asleep"/>
                    <dep head="14-2" type="acomp"/>
                </token>
                <token content="on" id="14-4"/>
                <token content="the" id="14-5">
                    <pos type="DT"/>
                    <lemma type="the"/>
                </token>
                <token content="train" id="14-6">
                    <pos type="NN"/>
                    <lemma type="train"/>
                    <dep head="14-2" type="prep"/>
                </token>
                <token content="," id="14-7"/>
                <token content="but" id="14-8"/>
                <token content="I" id="14-9">
                    <pos type="PRP"/>
                    <lemma type="I"/>
                    <dep head="14-10" type="nsubj"/>
                </token>
                <token content="woke" id="14-10">
                    <pos type="VBD"/>
                    <lemma type="wake"/>
                    <dep head="14-2" type="conj"/>
                </token>
                <token content="up" id="14-11">
                    <pos type="RB"/>
                    <lemma type="up"/>
                </token>
                <token content="well" id="14-12">
                    <pos type="RB"/>
                    <lemma type="well"/>
                    <dep head="14-10" type="advmod"/>
                </token>
                <token content="before" id="14-13"/>
                <token content="my" id="14-14">
                    <pos type="PRP$"/>
                    <lemma type="my"/>
                </token>
                <token content="stop" id="14-15">
                    <pos type="NN"/>
                    <lemma type="stop"/>
                    <dep head="14-10" type="prep"/>
                </token>
                <token content="." id="14-16"/>
            </sentence>
            <sentence id="15">
                <token content="When" id="15-1">
                    <pos type="WRB"/>
                    <lemma type="when"/>
                    <dep head="15-4" type="advmod"/>
                </token>
                <token content="the" id="15-2">
                    <pos type="DT"/>
                    <lemma type="the"/>
                </token>
                <token content="train" id="15-3">
                    <pos type="NN"/>
                    <lemma type="train"/>
                    <dep head="15-4" type="nsubj"/>
                </token>
                <token content="stopped" id="15-4">
                    <pos type="VBD"/>
                    <lemma type="stop"/>
                    <dep head="15-10" type="advcl"/>
                </token>
                <token content="at" id="15-5"/>
                <token content="my" id="15-6">
                    <pos type="PRP$"/>
                    <lemma type="my"/>
                </token>
                <token content="station" id="15-7">
                    <pos type="NN"/>
                    <lemma type="station"/>
                    <dep head="15-4" type="prep"/>
                </token>
                <token content="," id="15-8"/>
                <token content="I" id="15-9">
                    <pos type="PRP"/>
                    <lemma type="I"/>
                    <dep head="15-10" type="nsubj"/>
                </token>
                <token content="grabbed" id="15-10">
                    <pos type="VBD"/>
                    <lemma type="grab"/>
                </token>
                <token content="my" id="15-11">
                    <pos type="PRP$"/>
                    <lemma type="my"/>
                </token>
                <token content="backpack" id="15-12">
                    <pos type="NN"/>
                    <lemma type="backpack"/>
                    <dep head="15-10" type="dobj"/>
                </token>
                <token content="and" id="15-13"/>
                <token content="off" id="15-14">
                    <pos type="RB"/>
                    <lemma type="off"/>
                    <dep head="15-15" type="advmod"/>
                </token>
                <token content="boarded" id="15-15">
                    <pos type="VBD"/>
                    <lemma type="board"/>
                    <dep head="15-10" type="conj"/>
                </token>
                <token content="onto" id="15-16"/>
                <token content="the" id="15-17">
                    <pos type="DT"/>
                    <lemma type="the"/>
                </token>
                <token content="platform" id="15-18">
                    <pos type="NN"/>
                    <lemma type="platform"/>
                    <dep head="15-15" type="prep"/>
                </token>
                <token content="." id="15-19"/>
            </sentence>
            <sentence id="16">
                <token content="Then" id="16-1">
                    <pos type="RB"/>
                    <lemma type="then"/>
                    <dep head="16-3" type="advmod"/>
                </token>
                <token content="I" id="16-2">
                    <pos type="PRP"/>
                    <lemma type="I"/>
                    <dep head="16-3" type="nsubj"/>
                </token>
                <token content="went" id="16-3">
                    <pos type="VBD"/>
                    <lemma type="go"/>
                </token>
                <token content="in" id="16-4">
                    <pos type="RP"/>
                    <lemma type="in"/>
                    <dep head="16-3" type="prt"/>
                </token>
                <token content="to" id="16-5"/>
                <token content="the" id="16-6">
                    <pos type="DT"/>
                    <lemma type="the"/>
                </token>
                <token content="train" id="16-7">
                    <pos type="NN"/>
                    <lemma type="train"/>
                </token>
                <token content="station" id="16-8">
                    <pos type="NN"/>
                    <lemma type="station"/>
                    <dep head="16-3" type="prep"/>
                </token>
                <token content="and" id="16-9"/>
                <token content="met" id="16-10">
                    <pos type="VBD"/>
                    <lemma type="meet"/>
                    <dep head="16-3" type="conj"/>
                </token>
                <token content="my" id="16-11">
                    <pos type="PRP$"/>
                    <lemma type="my"/>
                </token>
                <token content="friend" id="16-12">
                    <pos type="NN"/>
                    <lemma type="friend"/>
                    <dep head="16-10" type="dobj"/>
                </token>
                <token content="who" id="16-13">
                    <pos type="WP"/>
                    <lemma type="who"/>
                    <dep head="16-15" type="nsubj"/>
                </token>
                <token content="had" id="16-14">
                    <pos type="VBD"/>
                    <lemma type="have"/>
                    <dep head="16-15" type="aux"/>
                </token>
                <token content="come" id="16-15">
                    <pos type="VBN"/>
                    <lemma type="come"/>
                </token>
                <token content="to" id="16-16">
                    <pos type="TO"/>
                    <lemma type="to"/>
                    <dep head="16-17" type="aux"/>
                </token>
                <token content="pick" id="16-17">
                    <pos type="VB"/>
                    <lemma type="pick"/>
                    <dep head="16-15" type="xcomp"/>
                </token>
                <token content="me" id="16-18">
                    <pos type="PRP"/>
                    <lemma type="I"/>
                    <dep head="16-17" type="dobj"/>
                </token>
                <token content="up" id="16-19">
                    <pos type="RP"/>
                    <lemma type="up"/>
                    <dep head="16-17" type="prt"/>
                </token>
                <token content="." id="16-20"/>
            </sentence>
        </sentences>
    </text>
    <annotations>
        <participants>
            <label from="1-3" id="0" name="NPart" text="months" type="participant"/>
            <label from="1-6" id="1" name="ScrPart_passenger" text="I" type="participant"/>
            <label from="1-9" id="2" name="ScrPart_train" text="train" type="participant"/>
            <label from="1-11" id="3" name="ScrPart_destination" text="Sacramento" type="participant"/>
            <label from="1-14" id="4" name="ScrPart_passenger" text="my" type="participant"/>
            <label from="1-15" id="5" name="NPart" text="friend" type="participant"/>
            <label from="1-17" id="6" name="NPart" text="her" type="participant"/>
            <label from="1-18" id="7" name="NPart" text="family" type="participant"/>
            <label from="2-1" id="8" name="ScrPart_passenger" text="I" type="participant"/>
            <label from="2-7" id="9" name="ScrPart_train" text="train" type="participant"/>
            <label from="2-9" id="10" name="ScrPart_destination" text="Sacramento" type="participant"/>
            <label from="2-12" id="11" name="NPart" text="miles" type="participant"/>
            <label from="2-15" id="12" name="NPart" text="city" type="participant"/>
            <label from="2-16" id="13" name="ScrPart_passenger" text="I" type="participant"/>
            <label from="2-20" id="14" name="ScrPart_passenger" text="I" type="participant"/>
            <label from="2-25" id="15" name="NPart" text="driver" type="participant"/>
            <label from="3-1" id="16" name="ScrPart_passenger" text="I" type="participant"/>
            <label from="3-4" id="17" name="ScrPart_card/ticket" text="train tickets" to="3-5" type="participant"/>
            <label from="3-5" id="18" name="ScrPart_card/ticket" text="tickets" type="participant"/>
            <label from="3-6" id="19" name="No_label" text="online" type="participant"/>
            <label from="3-8" id="20" name="ScrPart_time_date" text="week" type="participant"/>
            <label from="3-10" id="21" name="ScrPart_passenger" text="my" type="participant"/>
            <label from="3-11" id="22" name="ScrPart_trip" text="trip" type="participant"/>
            <label from="3-15" id="23" name="ScrPart_passenger" text="my" type="participant"/>
            <label from="3-16" id="24" name="ScrPart_other" text="confirmation number" to="3-17" type="participant"/>
            <label from="3-17" id="25" name="ScrPart_other" text="number" type="participant"/>
            <label from="4-2" id="26" name="ScrPart_passenger" text="I" type="participant"/>
            <label from="4-6" id="27" name="ScrPart_train_station" text="train station" to="4-7" type="participant"/>
            <label from="4-7" id="28" name="ScrPart_train_station" text="station" type="participant"/>
            <label from="4-9" id="29" name="ScrPart_passenger" text="I" type="participant"/>
            <label from="4-15" id="30" name="ScrPart_other" text="kiosk" type="participant"/>
            <label from="4-18" id="31" name="ScrPart_other" text="lobby" type="participant"/>
            <label from="4-21" id="32" name="ScrPart_passenger" text="my" type="participant"/>
            <label from="4-23" id="33" name="ScrPart_other" text="information" type="participant"/>
            <label from="4-25" id="34" name="ScrPart_passenger" text="my" type="participant"/>
            <label from="4-26" id="35" name="ScrPart_other" text="confirmation number" to="4-27" type="participant"/>
            <label from="4-27" id="36" name="ScrPart_other" text="number" type="participant"/>
            <label from="4-32" id="37" name="ScrPart_passenger" text="my" type="participant"/>
            <label from="4-33" id="38" name="ScrPart_card/ticket" text="train ticket" to="4-34" type="participant"/>
            <label from="4-34" id="39" name="ScrPart_card/ticket" text="ticket" type="participant"/>
            <label from="5-4" id="40" name="ScrPart_passenger" text="I" type="participant"/>
            <label from="5-9" id="41" name="ScrPart_platform" text="platform" type="participant"/>
            <label from="5-13" id="42" name="ScrPart_passenger" text="my" type="participant"/>
            <label from="5-14" id="43" name="ScrPart_train" text="train" type="participant"/>
            <label from="6-5" id="44" name="ScrPart_time-table" text="displays" type="participant"/>
            <label from="6-10" id="45" name="ScrPart_train" text="train" type="participant"/>
            <label from="6-15" id="46" name="ScrPart_passenger" text="I" type="participant"/>
            <label from="6-17" id="47" name="ScrPart_time-table" text="them" type="participant"/>
            <label from="7-3" id="48" name="ScrPart_train" text="train" type="participant"/>
            <label from="7-6" id="49" name="ScrPart_passenger" text="I" type="participant"/>
            <label from="7-10" id="50" name="ScrPart_passenger" text="passenger" type="participant"/>
            <label from="7-14" id="51" name="NPart" text="window" type="participant"/>
            <label from="7-15" id="52" name="ScrPart_seat" text="seat" type="participant"/>
            <label from="7-17" id="53" name="ScrPart_passenger" text="I" type="participant"/>
            <label from="7-21" id="54" name="NPart" text="view" type="participant"/>
            <label from="8-1" id="55" name="ScrPart_passenger" text="I" type="participant"/>
            <label from="8-5" id="56" name="ScrPart_seat" text="seat" type="participant"/>
            <label from="8-7" id="57" name="ScrPart_seat" text="it" type="participant"/>
            <label from="8-10" id="58" name="ScrPart_other" text="table" type="participant"/>
            <label from="8-12" id="59" name="NPart" text="front" type="participant"/>
            <label from="8-14" id="60" name="ScrPart_seat" text="it" type="participant"/>
            <label from="9-1" id="61" name="ScrPart_passenger" text="I" type="participant"/>
            <label from="9-4" id="62" name="ScrPart_luggage" text="backpack" type="participant"/>
            <label from="9-6" id="63" name="ScrPart_passenger" text="me" type="participant"/>
            <label from="9-8" id="64" name="ScrPart_passenger" text="I" type="participant"/>
            <label from="9-12" id="65" name="ScrPart_other" text="compartment" type="participant"/>
            <label from="9-14" id="66" name="ScrPart_passenger" text="my" type="participant"/>
            <label from="9-15" id="67" name="ScrPart_seat" text="seat" type="participant"/>
            <label from="10-1" id="68" name="ScrPart_passenger" text="I" type="participant"/>
            <label from="10-3" id="69" name="ScrPart_passenger" text="my" type="participant"/>
            <label from="10-4" id="70" name="ScrPart_card/ticket" text="ticket" type="participant"/>
            <label from="10-6" id="71" name="NPart" text="top" type="participant"/>
            <label from="10-9" id="72" name="ScrPart_other" text="table" type="participant"/>
            <label from="10-11" id="73" name="ScrPart_card/ticket" text="it" type="participant"/>
            <label from="11-3" id="74" name="ScrPart_time_date" text="minutes" type="participant"/>
            <label from="11-7" id="75" name="ScrPart_train_staff" text="worker" type="participant"/>
            <label from="11-12" id="76" name="ScrPart_passenger" text="passenger" type="participant"/>
            <label from="11-14" id="77" name="ScrPart_card/ticket" text="tickets" type="participant"/>
            <label from="11-18" id="78" name="ScrPart_passenger" text="I" type="participant"/>
            <label from="11-20" id="79" name="ScrPart_train_staff" text="him" type="participant"/>
            <label from="11-22" id="80" name="ScrPart_train_staff" text="he" type="participant"/>
            <label from="11-24" id="81" name="ScrPart_card/ticket" text="it" type="participant"/>
            <label from="11-26" id="82" name="ScrPart_passenger" text="I" type="participant"/>
            <label from="11-28" id="83" name="ScrPart_passenger" text="my" type="participant"/>
            <label from="11-29" id="84" name="ScrPart_card/ticket" text="ticket" type="participant"/>
            <label from="11-31" id="85" name="ScrPart_passenger" text="my" type="participant"/>
            <label from="11-32" id="86" name="NPart" text="pocket" type="participant"/>
            <label from="12-5" id="87" name="ScrPart_passenger" text="people" type="participant"/>
            <label from="12-9" id="88" name="No_label" text="one" type="participant"/>
            <label from="12-12" id="89" name="ScrPart_passenger" text="me" type="participant"/>
            <label from="13-2" id="90" name="ScrPart_train" text="train" type="participant"/>
            <label from="13-5" id="91" name="ScrPart_train_station" text="station" type="participant"/>
            <label from="14-1" id="92" name="ScrPart_passenger" text="I" type="participant"/>
            <label from="14-6" id="93" name="ScrPart_train" text="train" type="participant"/>
            <label from="14-9" id="94" name="ScrPart_passenger" text="I" type="participant"/>
            <label from="14-14" id="95" name="ScrPart_passenger" text="my" type="participant"/>
            <label from="14-15" id="96" name="ScrPart_destination" text="stop" type="participant"/>
            <label from="15-3" id="97" name="ScrPart_train" text="train" type="participant"/>
            <label from="15-6" id="98" name="ScrPart_passenger" text="my" type="participant"/>
            <label from="15-7" id="99" name="ScrPart_train_station" text="station" type="participant"/>
            <label from="15-9" id="100" name="ScrPart_passenger" text="I" type="participant"/>
            <label from="15-11" id="101" name="ScrPart_passenger" text="my" type="participant"/>
            <label from="15-12" id="102" name="ScrPart_luggage" text="backpack" type="participant"/>
            <label from="15-18" id="103" name="ScrPart_platform" text="platform" type="participant"/>
            <label from="16-2" id="104" name="ScrPart_passenger" text="I" type="participant"/>
            <label from="16-7" id="105" name="ScrPart_train_station" text="train station" to="16-8" type="participant"/>
            <label from="16-8" id="106" name="ScrPart_train_station" text="station" type="participant"/>
            <label from="16-11" id="107" name="ScrPart_passenger" text="my" type="participant"/>
            <label from="16-12" id="108" name="NPart" text="friend" type="participant"/>
            <label from="16-18" id="109" name="ScrPart_passenger" text="me" type="participant"/>
        </participants>
        <events>
            <label from="1-7" id="110" name="Evoking" text="took a train" to="1-9" type="event"/>
            <label from="1-13" id="111" name="UnrelEv" text="visit" type="event"/>
            <label from="2-3" id="112" name="UnrelEv" text="decided" type="event"/>
            <label from="2-5" id="113" name="Evoking" text="take the train" to="2-7" type="event"/>
            <label from="2-10" id="114" name="UnrelEv" text="is" type="event"/>
            <label from="2-17" id="115" name="UnrelEv" text="live" type="event"/>
            <label from="2-21" id="116" name="UnrelEv" text="am" type="event"/>
            <label from="3-2" id="117" name="ScrEv_get_tickets" text="ordered" type="event"/>
            <label from="3-13" id="118" name="ScrEv_other" text="wrote down" to="3-14" type="event"/>
            <label from="3-13" id="119" name="ScrEv_other" text="wrote" type="event"/>
            <label from="4-3" id="120" name="ScrEv_other" text="got" type="event"/>
            <label from="4-10" id="121" name="UnrelEv" text="went" type="event"/>
            <label from="4-20" id="122" name="ScrEv_other" text="entered" type="event"/>
            <label from="4-30" id="123" name="ScrEv_get_tickets" text="printed" type="event"/>
            <label from="5-5" id="124" name="ScrEv_get_platform" text="walked up" to="5-6" type="event"/>
            <label from="5-5" id="125" name="ScrEv_get_platform" text="walked" type="event"/>
            <label from="5-11" id="126" name="ScrEv_wait" text="waited" type="event"/>
            <label from="6-2" id="127" name="UnrelEv" text="were" type="event"/>
            <label from="6-7" id="128" name="UnrelEv" text="said" type="event"/>
            <label from="6-12" id="129" name="RelNScrEv" text="come" type="event"/>
            <label from="6-16" id="130" name="RelNScrEv" text="watched" type="event"/>
            <label from="7-4" id="131" name="ScrEv_train_arrives" text="arrived" type="event"/>
            <label from="7-7" id="132" name="ScrEv_get_on" text="boarded" type="event"/>
            <label from="7-12" id="133" name="ScrEv_find_place" text="found" type="event"/>
            <label from="7-19" id="134" name="ScrEv_spend_time_train" text="enjoy" type="event"/>
            <label from="8-3" id="135" name="UnrelEv" text="liked" type="event"/>
            <label from="8-8" id="136" name="UnrelEv" text="had" type="event"/>
            <label from="9-2" id="137" name="UnrelEv" text="had" type="event"/>
            <label from="9-9" id="138" name="ScrEv_other" text="put" type="event"/>
            <label from="10-2" id="139" name="UnrelEv" text="put" type="event"/>
            <label from="10-13" id="140" name="UnrelEv" text="be" type="event"/>
            <label from="10-16" id="141" name="UnrelEv" text="find" type="event"/>
            <label from="11-8" id="142" name="ScrEv_conductor_checks" text="came by" to="11-9" type="event"/>
            <label from="11-8" id="143" name="ScrEv_conductor_checks" text="came" type="event"/>
            <label from="11-11" id="144" name="ScrEv_conductor_checks" text="check" type="event"/>
            <label from="11-19" id="145" name="RelNScrEv" text="showed" type="event"/>
            <label from="11-23" id="146" name="RelNScrEv" text="stamped" type="event"/>
            <label from="11-27" id="147" name="UnrelEv" text="put" type="event"/>
            <label from="12-2" id="148" name="UnrelEv" text="were" type="event"/>
            <label from="12-6" id="149" name="UnrelEv" text="traveling" type="event"/>
            <label from="12-10" id="150" name="UnrelEv" text="sat" type="event"/>
            <label from="13-3" id="151" name="ScrEv_train_departs" text="departed" type="event"/>
            <label from="14-2" id="152" name="ScrEv_spend_time_train" text="fell asleep" to="14-3" type="event"/>
            <label from="14-2" id="153" name="ScrEv_spend_time_train" text="fell" type="event"/>
            <label from="14-10" id="154" name="ScrEv_spend_time_train" text="woke up" to="14-11" type="event"/>
            <label from="14-10" id="155" name="ScrEv_spend_time_train" text="woke" type="event"/>
            <label from="15-4" id="156" name="ScrEv_arrive_destination" text="stopped" type="event"/>
            <label from="15-10" id="157" name="ScrEv_other" text="grabbed" type="event"/>
            <label from="15-14" id="158" name="ScrEv_get_off" text="off boarded" to="15-15" type="event"/>
            <label from="15-15" id="159" name="ScrEv_get_off" text="boarded" type="event"/>
            <label from="16-3" id="160" name="RelNScrEv" text="went" type="event"/>
            <label from="16-10" id="161" name="UnrelEv" text="met" type="event"/>
            <label from="16-17" id="162" name="UnrelEv" text="pick" type="event"/>
        </events>
        <chains>
            <chain elements="1 4 8 13 14 16 21 23 26 29 32 34 37 40 42 46 49 53 55 61 63 64 66 68 69 78 82 83 85 89 92 94 95 98 100 101 104 107 109"/>
            <chain elements="2 9 43 45 48 90 93 97"/>
            <chain elements="3 10"/>
            <chain elements="25 36"/>
            <chain elements="18 39 70"/>
            <chain elements="44 47"/>
            <chain elements="52 56 60 67"/>
            <chain elements="58 72"/>
            <chain elements="75 79 80"/>
            <chain elements="77 81 84"/>
            <chain elements="28 91 99 106"/>
        </chains>
    </annotations>
</story>
