<?xml version="1.0" encoding="UTF-8" standalone="no"?>
<!DOCTYPE story SYSTEM "../InScript.dtd">
<story id="065" scenario="train">
    <text>
        <content>Yesterday I traveled from London in the United Kingdom to my home in Manchester . 
I visited a website for train times and tickets the day before . 
I knew when I needed to arrive in Manchester so I searched using my desired arrival time . 
I selected a ticket that worked for me and had the lowest price . 
I used my debit card to pay and selected the option to collect the ticket at the train station . 
I arrived at the train station in plenty of time because I know there can be long queues at the machines where tickets are collected . 
When it was my turn at the ticket machine , I followed the instructions and input my ticket reference number , which I had stored on my smartphone . 
The machine printed out my tickets and I picked them up , checking them to make sure they were correct . 
Next I needed to determine which platform my train would be departing from . 
I walked over to the large electronic display boards . 
Lots of destinations were listed and I had to wait a little while before Manchester showed up . 
There was more than one train to Manchester , so I confirmed which one was mine by the train company and the departure time . 
It said it would leave from Platform 6 so I followed the signs to the platform . 
Once at the platform I sat and waited until my train arrived . 
After all of the arriving people got off , I boarded the car indicated on my ticket and took my reserved seat , ready for the journey . </content>
        <sentences>
            <sentence id="1">
                <token content="Yesterday" id="1-1">
                    <pos type="NN"/>
                    <lemma type="yesterday"/>
                    <dep head="1-3" type="tmod"/>
                </token>
                <token content="I" id="1-2">
                    <pos type="PRP"/>
                    <lemma type="I"/>
                    <dep head="1-3" type="nsubj"/>
                </token>
                <token content="traveled" id="1-3">
                    <pos type="VBD"/>
                    <lemma type="travel"/>
                </token>
                <token content="from" id="1-4"/>
                <token content="London" id="1-5">
                    <pos type="NNP"/>
                    <lemma type="London"/>
                    <dep head="1-3" type="prep"/>
                </token>
                <token content="in" id="1-6"/>
                <token content="the" id="1-7">
                    <pos type="DT"/>
                    <lemma type="the"/>
                </token>
                <token content="United" id="1-8">
                    <pos type="NNP"/>
                    <lemma type="United"/>
                </token>
                <token content="Kingdom" id="1-9">
                    <pos type="NNP"/>
                    <lemma type="Kingdom"/>
                </token>
                <token content="to" id="1-10"/>
                <token content="my" id="1-11">
                    <pos type="PRP$"/>
                    <lemma type="my"/>
                </token>
                <token content="home" id="1-12">
                    <pos type="NN"/>
                    <lemma type="home"/>
                    <dep head="1-3" type="prep"/>
                </token>
                <token content="in" id="1-13"/>
                <token content="Manchester" id="1-14">
                    <pos type="NNP"/>
                    <lemma type="Manchester"/>
                </token>
                <token content="." id="1-15"/>
            </sentence>
            <sentence id="2">
                <token content="I" id="2-1">
                    <pos type="PRP"/>
                    <lemma type="I"/>
                    <dep head="2-2" type="nsubj"/>
                </token>
                <token content="visited" id="2-2">
                    <pos type="VBD"/>
                    <lemma type="visit"/>
                </token>
                <token content="a" id="2-3">
                    <pos type="DT"/>
                    <lemma type="a"/>
                </token>
                <token content="website" id="2-4">
                    <pos type="NN"/>
                    <lemma type="website"/>
                    <dep head="2-2" type="dobj"/>
                </token>
                <token content="for" id="2-5"/>
                <token content="train" id="2-6">
                    <pos type="NN"/>
                    <lemma type="train"/>
                </token>
                <token content="times" id="2-7">
                    <pos type="NNS"/>
                    <lemma type="time"/>
                    <dep head="2-2" type="prep"/>
                </token>
                <token content="and" id="2-8"/>
                <token content="tickets" id="2-9">
                    <pos type="NNS"/>
                    <lemma type="ticket"/>
                </token>
                <token content="the" id="2-10">
                    <pos type="DT"/>
                    <lemma type="the"/>
                </token>
                <token content="day" id="2-11">
                    <pos type="NN"/>
                    <lemma type="day"/>
                </token>
                <token content="before" id="2-12">
                    <pos type="IN"/>
                    <lemma type="before"/>
                    <dep head="2-2" type="prep"/>
                </token>
                <token content="." id="2-13"/>
            </sentence>
            <sentence id="3">
                <token content="I" id="3-1">
                    <pos type="PRP"/>
                    <lemma type="I"/>
                    <dep head="3-2" type="nsubj"/>
                </token>
                <token content="knew" id="3-2">
                    <pos type="VBD"/>
                    <lemma type="know"/>
                </token>
                <token content="when" id="3-3">
                    <pos type="WRB"/>
                    <lemma type="when"/>
                    <dep head="3-5" type="advmod"/>
                </token>
                <token content="I" id="3-4">
                    <pos type="PRP"/>
                    <lemma type="I"/>
                    <dep head="3-5" type="nsubj"/>
                </token>
                <token content="needed" id="3-5">
                    <pos type="VBD"/>
                    <lemma type="need"/>
                    <dep head="3-2" type="ccomp"/>
                </token>
                <token content="to" id="3-6">
                    <pos type="TO"/>
                    <lemma type="to"/>
                    <dep head="3-7" type="aux"/>
                </token>
                <token content="arrive" id="3-7">
                    <pos type="VB"/>
                    <lemma type="arrive"/>
                    <dep head="3-5" type="xcomp"/>
                </token>
                <token content="in" id="3-8"/>
                <token content="Manchester" id="3-9">
                    <pos type="NNP"/>
                    <lemma type="Manchester"/>
                    <dep head="3-7" type="prep"/>
                </token>
                <token content="so" id="3-10">
                    <pos type="IN"/>
                    <lemma type="so"/>
                    <dep head="3-12" type="mark"/>
                </token>
                <token content="I" id="3-11">
                    <pos type="PRP"/>
                    <lemma type="I"/>
                    <dep head="3-12" type="nsubj"/>
                </token>
                <token content="searched" id="3-12">
                    <pos type="VBD"/>
                    <lemma type="search"/>
                    <dep head="3-7" type="advcl"/>
                </token>
                <token content="using" id="3-13">
                    <pos type="VBG"/>
                    <lemma type="use"/>
                    <dep head="3-12" type="xcomp"/>
                </token>
                <token content="my" id="3-14">
                    <pos type="PRP$"/>
                    <lemma type="my"/>
                </token>
                <token content="desired" id="3-15">
                    <pos type="VBN"/>
                    <lemma type="desire"/>
                </token>
                <token content="arrival" id="3-16">
                    <pos type="NN"/>
                    <lemma type="arrival"/>
                </token>
                <token content="time" id="3-17">
                    <pos type="NN"/>
                    <lemma type="time"/>
                    <dep head="3-13" type="dobj"/>
                </token>
                <token content="." id="3-18"/>
            </sentence>
            <sentence id="4">
                <token content="I" id="4-1">
                    <pos type="PRP"/>
                    <lemma type="I"/>
                    <dep head="4-2" type="nsubj"/>
                </token>
                <token content="selected" id="4-2">
                    <pos type="VBD"/>
                    <lemma type="select"/>
                </token>
                <token content="a" id="4-3">
                    <pos type="DT"/>
                    <lemma type="a"/>
                </token>
                <token content="ticket" id="4-4">
                    <pos type="NN"/>
                    <lemma type="ticket"/>
                    <dep head="4-2" type="dobj"/>
                </token>
                <token content="that" id="4-5">
                    <pos type="WDT"/>
                    <lemma type="that"/>
                    <dep head="4-6" type="nsubj"/>
                </token>
                <token content="worked" id="4-6">
                    <pos type="VBD"/>
                    <lemma type="work"/>
                </token>
                <token content="for" id="4-7"/>
                <token content="me" id="4-8">
                    <pos type="PRP"/>
                    <lemma type="I"/>
                    <dep head="4-6" type="prep"/>
                </token>
                <token content="and" id="4-9"/>
                <token content="had" id="4-10">
                    <pos type="VBD"/>
                    <lemma type="have"/>
                    <dep head="4-6" type="conj"/>
                </token>
                <token content="the" id="4-11">
                    <pos type="DT"/>
                    <lemma type="the"/>
                </token>
                <token content="lowest" id="4-12">
                    <pos type="JJS"/>
                    <lemma type="lowest"/>
                </token>
                <token content="price" id="4-13">
                    <pos type="NN"/>
                    <lemma type="price"/>
                    <dep head="4-10" type="dobj"/>
                </token>
                <token content="." id="4-14"/>
            </sentence>
            <sentence id="5">
                <token content="I" id="5-1">
                    <pos type="PRP"/>
                    <lemma type="I"/>
                    <dep head="5-2" type="nsubj"/>
                </token>
                <token content="used" id="5-2">
                    <pos type="VBD"/>
                    <lemma type="use"/>
                </token>
                <token content="my" id="5-3">
                    <pos type="PRP$"/>
                    <lemma type="my"/>
                </token>
                <token content="debit" id="5-4">
                    <pos type="NN"/>
                    <lemma type="debit"/>
                </token>
                <token content="card" id="5-5">
                    <pos type="NN"/>
                    <lemma type="card"/>
                    <dep head="5-2" type="dobj"/>
                </token>
                <token content="to" id="5-6">
                    <pos type="TO"/>
                    <lemma type="to"/>
                    <dep head="5-7" type="aux"/>
                </token>
                <token content="pay" id="5-7">
                    <pos type="VB"/>
                    <lemma type="pay"/>
                    <dep head="5-2" type="vmod"/>
                </token>
                <token content="and" id="5-8"/>
                <token content="selected" id="5-9">
                    <pos type="VBD"/>
                    <lemma type="select"/>
                    <dep head="5-2" type="conj"/>
                </token>
                <token content="the" id="5-10">
                    <pos type="DT"/>
                    <lemma type="the"/>
                </token>
                <token content="option" id="5-11">
                    <pos type="NN"/>
                    <lemma type="option"/>
                    <dep head="5-9" type="dobj"/>
                </token>
                <token content="to" id="5-12">
                    <pos type="TO"/>
                    <lemma type="to"/>
                    <dep head="5-13" type="aux"/>
                </token>
                <token content="collect" id="5-13">
                    <pos type="VB"/>
                    <lemma type="collect"/>
                    <dep head="5-9" type="vmod"/>
                </token>
                <token content="the" id="5-14">
                    <pos type="DT"/>
                    <lemma type="the"/>
                </token>
                <token content="ticket" id="5-15">
                    <pos type="NN"/>
                    <lemma type="ticket"/>
                    <dep head="5-13" type="dobj"/>
                </token>
                <token content="at" id="5-16"/>
                <token content="the" id="5-17">
                    <pos type="DT"/>
                    <lemma type="the"/>
                </token>
                <token content="train" id="5-18">
                    <pos type="NN"/>
                    <lemma type="train"/>
                </token>
                <token content="station" id="5-19">
                    <pos type="NN"/>
                    <lemma type="station"/>
                    <dep head="5-13" type="prep"/>
                </token>
                <token content="." id="5-20"/>
            </sentence>
            <sentence id="6">
                <token content="I" id="6-1">
                    <pos type="PRP"/>
                    <lemma type="I"/>
                    <dep head="6-2" type="nsubj"/>
                </token>
                <token content="arrived" id="6-2">
                    <pos type="VBD"/>
                    <lemma type="arrive"/>
                </token>
                <token content="at" id="6-3"/>
                <token content="the" id="6-4">
                    <pos type="DT"/>
                    <lemma type="the"/>
                </token>
                <token content="train" id="6-5">
                    <pos type="NN"/>
                    <lemma type="train"/>
                </token>
                <token content="station" id="6-6">
                    <pos type="NN"/>
                    <lemma type="station"/>
                    <dep head="6-2" type="prep"/>
                </token>
                <token content="in" id="6-7">
                    <pos type="IN"/>
                    <lemma type="in"/>
                </token>
                <token content="plenty" id="6-8">
                    <pos type="RB"/>
                    <lemma type="plenty"/>
                </token>
                <token content="of" id="6-9"/>
                <token content="time" id="6-10">
                    <pos type="NN"/>
                    <lemma type="time"/>
                </token>
                <token content="because" id="6-11">
                    <pos type="IN"/>
                    <lemma type="because"/>
                    <dep head="6-13" type="mark"/>
                </token>
                <token content="I" id="6-12">
                    <pos type="PRP"/>
                    <lemma type="I"/>
                    <dep head="6-13" type="nsubj"/>
                </token>
                <token content="know" id="6-13">
                    <pos type="VBP"/>
                    <lemma type="know"/>
                    <dep head="6-2" type="advcl"/>
                </token>
                <token content="there" id="6-14">
                    <pos type="EX"/>
                    <lemma type="there"/>
                </token>
                <token content="can" id="6-15">
                    <pos type="MD"/>
                    <lemma type="can"/>
                </token>
                <token content="be" id="6-16">
                    <pos type="VB"/>
                    <lemma type="be"/>
                </token>
                <token content="long" id="6-17">
                    <pos type="JJ"/>
                    <lemma type="long"/>
                </token>
                <token content="queues" id="6-18">
                    <pos type="NNS"/>
                    <lemma type="queue"/>
                    <dep head="6-13" type="ccomp"/>
                </token>
                <token content="at" id="6-19"/>
                <token content="the" id="6-20">
                    <pos type="DT"/>
                    <lemma type="the"/>
                </token>
                <token content="machines" id="6-21">
                    <pos type="NNS"/>
                    <lemma type="machine"/>
                </token>
                <token content="where" id="6-22">
                    <pos type="WRB"/>
                    <lemma type="where"/>
                    <dep head="6-25" type="advmod"/>
                </token>
                <token content="tickets" id="6-23">
                    <pos type="NNS"/>
                    <lemma type="ticket"/>
                    <dep head="6-25" type="nsubjpass"/>
                </token>
                <token content="are" id="6-24">
                    <pos type="VBP"/>
                    <lemma type="be"/>
                    <dep head="6-25" type="auxpass"/>
                </token>
                <token content="collected" id="6-25">
                    <pos type="VBN"/>
                    <lemma type="collect"/>
                </token>
                <token content="." id="6-26"/>
            </sentence>
            <sentence id="7">
                <token content="When" id="7-1">
                    <pos type="WRB"/>
                    <lemma type="when"/>
                </token>
                <token content="it" id="7-2">
                    <pos type="PRP"/>
                    <lemma type="it"/>
                </token>
                <token content="was" id="7-3">
                    <pos type="VBD"/>
                    <lemma type="be"/>
                </token>
                <token content="my" id="7-4">
                    <pos type="PRP$"/>
                    <lemma type="my"/>
                </token>
                <token content="turn" id="7-5">
                    <pos type="NN"/>
                    <lemma type="turn"/>
                    <dep head="7-12" type="advcl"/>
                </token>
                <token content="at" id="7-6"/>
                <token content="the" id="7-7">
                    <pos type="DT"/>
                    <lemma type="the"/>
                </token>
                <token content="ticket" id="7-8">
                    <pos type="NN"/>
                    <lemma type="ticket"/>
                </token>
                <token content="machine" id="7-9">
                    <pos type="NN"/>
                    <lemma type="machine"/>
                </token>
                <token content="," id="7-10"/>
                <token content="I" id="7-11">
                    <pos type="PRP"/>
                    <lemma type="I"/>
                    <dep head="7-12" type="nsubj"/>
                </token>
                <token content="followed" id="7-12">
                    <pos type="VBD"/>
                    <lemma type="follow"/>
                </token>
                <token content="the" id="7-13">
                    <pos type="DT"/>
                    <lemma type="the"/>
                </token>
                <token content="instructions" id="7-14">
                    <pos type="NNS"/>
                    <lemma type="instruction"/>
                    <dep head="7-12" type="iobj"/>
                </token>
                <token content="and" id="7-15"/>
                <token content="input" id="7-16">
                    <pos type="NN"/>
                    <lemma type="input"/>
                </token>
                <token content="my" id="7-17">
                    <pos type="PRP$"/>
                    <lemma type="my"/>
                </token>
                <token content="ticket" id="7-18">
                    <pos type="NN"/>
                    <lemma type="ticket"/>
                </token>
                <token content="reference" id="7-19">
                    <pos type="NN"/>
                    <lemma type="reference"/>
                </token>
                <token content="number" id="7-20">
                    <pos type="NN"/>
                    <lemma type="number"/>
                    <dep head="7-12" type="dobj"/>
                </token>
                <token content="," id="7-21"/>
                <token content="which" id="7-22">
                    <pos type="WDT"/>
                    <lemma type="which"/>
                    <dep head="7-25" type="dobj"/>
                </token>
                <token content="I" id="7-23">
                    <pos type="PRP"/>
                    <lemma type="I"/>
                    <dep head="7-25" type="nsubj"/>
                </token>
                <token content="had" id="7-24">
                    <pos type="VBD"/>
                    <lemma type="have"/>
                    <dep head="7-25" type="aux"/>
                </token>
                <token content="stored" id="7-25">
                    <pos type="VBN"/>
                    <lemma type="store"/>
                </token>
                <token content="on" id="7-26"/>
                <token content="my" id="7-27">
                    <pos type="PRP$"/>
                    <lemma type="my"/>
                </token>
                <token content="smartphone" id="7-28">
                    <pos type="NN"/>
                    <lemma type="smartphone"/>
                    <dep head="7-25" type="prep"/>
                </token>
                <token content="." id="7-29"/>
            </sentence>
            <sentence id="8">
                <token content="The" id="8-1">
                    <pos type="DT"/>
                    <lemma type="the"/>
                </token>
                <token content="machine" id="8-2">
                    <pos type="NN"/>
                    <lemma type="machine"/>
                    <dep head="8-3" type="nsubj"/>
                </token>
                <token content="printed" id="8-3">
                    <pos type="VBN"/>
                    <lemma type="print"/>
                </token>
                <token content="out" id="8-4">
                    <pos type="RP"/>
                    <lemma type="out"/>
                    <dep head="8-3" type="prt"/>
                </token>
                <token content="my" id="8-5">
                    <pos type="PRP$"/>
                    <lemma type="my"/>
                </token>
                <token content="tickets" id="8-6">
                    <pos type="NNS"/>
                    <lemma type="ticket"/>
                    <dep head="8-3" type="dobj"/>
                </token>
                <token content="and" id="8-7"/>
                <token content="I" id="8-8">
                    <pos type="PRP"/>
                    <lemma type="I"/>
                    <dep head="8-9" type="nsubj"/>
                </token>
                <token content="picked" id="8-9">
                    <pos type="VBD"/>
                    <lemma type="pick"/>
                    <dep head="8-3" type="conj"/>
                </token>
                <token content="them" id="8-10">
                    <pos type="PRP"/>
                    <lemma type="they"/>
                    <dep head="8-9" type="dobj"/>
                </token>
                <token content="up" id="8-11">
                    <pos type="RP"/>
                    <lemma type="up"/>
                    <dep head="8-9" type="prt"/>
                </token>
                <token content="," id="8-12"/>
                <token content="checking" id="8-13">
                    <pos type="VBG"/>
                    <lemma type="check"/>
                    <dep head="8-9" type="xcomp"/>
                </token>
                <token content="them" id="8-14">
                    <pos type="PRP"/>
                    <lemma type="they"/>
                    <dep head="8-13" type="dobj"/>
                </token>
                <token content="to" id="8-15">
                    <pos type="TO"/>
                    <lemma type="to"/>
                    <dep head="8-16" type="aux"/>
                </token>
                <token content="make" id="8-16">
                    <pos type="VB"/>
                    <lemma type="make"/>
                    <dep head="8-13" type="xcomp"/>
                </token>
                <token content="sure" id="8-17">
                    <pos type="JJ"/>
                    <lemma type="sure"/>
                    <dep head="8-16" type="acomp"/>
                </token>
                <token content="they" id="8-18">
                    <pos type="PRP"/>
                    <lemma type="they"/>
                </token>
                <token content="were" id="8-19">
                    <pos type="VBD"/>
                    <lemma type="be"/>
                </token>
                <token content="correct" id="8-20">
                    <pos type="JJ"/>
                    <lemma type="correct"/>
                </token>
                <token content="." id="8-21"/>
            </sentence>
            <sentence id="9">
                <token content="Next" id="9-1">
                    <pos type="RB"/>
                    <lemma type="next"/>
                    <dep head="9-3" type="advmod"/>
                </token>
                <token content="I" id="9-2">
                    <pos type="PRP"/>
                    <lemma type="I"/>
                    <dep head="9-3" type="nsubj"/>
                </token>
                <token content="needed" id="9-3">
                    <pos type="VBD"/>
                    <lemma type="need"/>
                </token>
                <token content="to" id="9-4">
                    <pos type="TO"/>
                    <lemma type="to"/>
                    <dep head="9-5" type="aux"/>
                </token>
                <token content="determine" id="9-5">
                    <pos type="VB"/>
                    <lemma type="determine"/>
                    <dep head="9-3" type="xcomp"/>
                </token>
                <token content="which" id="9-6">
                    <pos type="WDT"/>
                    <lemma type="which"/>
                </token>
                <token content="platform" id="9-7">
                    <pos type="NN"/>
                    <lemma type="platform"/>
                    <dep head="9-12" type="prep"/>
                </token>
                <token content="my" id="9-8">
                    <pos type="PRP$"/>
                    <lemma type="my"/>
                </token>
                <token content="train" id="9-9">
                    <pos type="NN"/>
                    <lemma type="train"/>
                    <dep head="9-12" type="nsubjpass"/>
                </token>
                <token content="would" id="9-10">
                    <pos type="MD"/>
                    <lemma type="would"/>
                    <dep head="9-12" type="aux"/>
                </token>
                <token content="be" id="9-11">
                    <pos type="VB"/>
                    <lemma type="be"/>
                    <dep head="9-12" type="auxpass"/>
                </token>
                <token content="departing" id="9-12">
                    <pos type="VBN"/>
                    <lemma type="depart"/>
                    <dep head="9-5" type="ccomp"/>
                </token>
                <token content="from" id="9-13"/>
                <token content="." id="9-14"/>
            </sentence>
            <sentence id="10">
                <token content="I" id="10-1">
                    <pos type="PRP"/>
                    <lemma type="I"/>
                    <dep head="10-2" type="nsubj"/>
                </token>
                <token content="walked" id="10-2">
                    <pos type="VBD"/>
                    <lemma type="walk"/>
                </token>
                <token content="over" id="10-3">
                    <pos type="RP"/>
                    <lemma type="over"/>
                    <dep head="10-2" type="prt"/>
                </token>
                <token content="to" id="10-4"/>
                <token content="the" id="10-5">
                    <pos type="DT"/>
                    <lemma type="the"/>
                </token>
                <token content="large" id="10-6">
                    <pos type="JJ"/>
                    <lemma type="large"/>
                </token>
                <token content="electronic" id="10-7">
                    <pos type="JJ"/>
                    <lemma type="electronic"/>
                </token>
                <token content="display" id="10-8">
                    <pos type="NN"/>
                    <lemma type="display"/>
                </token>
                <token content="boards" id="10-9">
                    <pos type="NNS"/>
                    <lemma type="board"/>
                    <dep head="10-2" type="prep"/>
                </token>
                <token content="." id="10-10"/>
            </sentence>
            <sentence id="11">
                <token content="Lots" id="11-1">
                    <pos type="NNS"/>
                    <lemma type="lot"/>
                    <dep head="11-5" type="nsubjpass"/>
                </token>
                <token content="of" id="11-2"/>
                <token content="destinations" id="11-3">
                    <pos type="NNS"/>
                    <lemma type="destination"/>
                </token>
                <token content="were" id="11-4">
                    <pos type="VBD"/>
                    <lemma type="be"/>
                    <dep head="11-5" type="auxpass"/>
                </token>
                <token content="listed" id="11-5">
                    <pos type="VBN"/>
                    <lemma type="list"/>
                </token>
                <token content="and" id="11-6"/>
                <token content="I" id="11-7">
                    <pos type="PRP"/>
                    <lemma type="I"/>
                    <dep head="11-8" type="nsubj"/>
                </token>
                <token content="had" id="11-8">
                    <pos type="VBD"/>
                    <lemma type="have"/>
                    <dep head="11-5" type="conj"/>
                </token>
                <token content="to" id="11-9">
                    <pos type="TO"/>
                    <lemma type="to"/>
                    <dep head="11-10" type="aux"/>
                </token>
                <token content="wait" id="11-10">
                    <pos type="VB"/>
                    <lemma type="wait"/>
                    <dep head="11-8" type="xcomp"/>
                </token>
                <token content="a" id="11-11">
                    <pos type="DT"/>
                    <lemma type="a"/>
                </token>
                <token content="little" id="11-12">
                    <pos type="JJ"/>
                    <lemma type="little"/>
                </token>
                <token content="while" id="11-13">
                    <pos type="NN"/>
                    <lemma type="while"/>
                    <dep head="11-10" type="dobj"/>
                </token>
                <token content="before" id="11-14">
                    <pos type="IN"/>
                    <lemma type="before"/>
                    <dep head="11-16" type="mark"/>
                </token>
                <token content="Manchester" id="11-15">
                    <pos type="NNP"/>
                    <lemma type="Manchester"/>
                    <dep head="11-16" type="nsubj"/>
                </token>
                <token content="showed" id="11-16">
                    <pos type="VBD"/>
                    <lemma type="show"/>
                    <dep head="11-10" type="advcl"/>
                </token>
                <token content="up" id="11-17">
                    <pos type="RP"/>
                    <lemma type="up"/>
                    <dep head="11-16" type="prt"/>
                </token>
                <token content="." id="11-18"/>
            </sentence>
            <sentence id="12">
                <token content="There" id="12-1">
                    <pos type="EX"/>
                    <lemma type="there"/>
                    <dep head="12-2" type="expl"/>
                </token>
                <token content="was" id="12-2">
                    <pos type="VBD"/>
                    <lemma type="be"/>
                </token>
                <token content="more" id="12-3">
                    <pos type="JJR"/>
                    <lemma type="more"/>
                </token>
                <token content="than" id="12-4">
                    <pos type="IN"/>
                    <lemma type="than"/>
                </token>
                <token content="one" id="12-5">
                    <pos type="CD"/>
                    <lemma type="one"/>
                </token>
                <token content="train" id="12-6">
                    <pos type="NN"/>
                    <lemma type="train"/>
                    <dep head="12-2" type="nsubj"/>
                </token>
                <token content="to" id="12-7"/>
                <token content="Manchester" id="12-8">
                    <pos type="NNP"/>
                    <lemma type="Manchester"/>
                    <dep head="12-2" type="prep"/>
                </token>
                <token content="," id="12-9"/>
                <token content="so" id="12-10">
                    <pos type="IN"/>
                    <lemma type="so"/>
                    <dep head="12-2" type="dep"/>
                </token>
                <token content="I" id="12-11">
                    <pos type="PRP"/>
                    <lemma type="I"/>
                    <dep head="12-12" type="nsubj"/>
                </token>
                <token content="confirmed" id="12-12">
                    <pos type="VBD"/>
                    <lemma type="confirm"/>
                    <dep head="12-2" type="parataxis"/>
                </token>
                <token content="which" id="12-13">
                    <pos type="WDT"/>
                    <lemma type="which"/>
                </token>
                <token content="one" id="12-14">
                    <pos type="PRP"/>
                    <lemma type="one"/>
                </token>
                <token content="was" id="12-15">
                    <pos type="VBD"/>
                    <lemma type="be"/>
                </token>
                <token content="mine" id="12-16">
                    <pos type="NN"/>
                    <lemma type="mine"/>
                    <dep head="12-12" type="ccomp"/>
                </token>
                <token content="by" id="12-17"/>
                <token content="the" id="12-18">
                    <pos type="DT"/>
                    <lemma type="the"/>
                </token>
                <token content="train" id="12-19">
                    <pos type="NN"/>
                    <lemma type="train"/>
                </token>
                <token content="company" id="12-20">
                    <pos type="NN"/>
                    <lemma type="company"/>
                </token>
                <token content="and" id="12-21"/>
                <token content="the" id="12-22">
                    <pos type="DT"/>
                    <lemma type="the"/>
                </token>
                <token content="departure" id="12-23">
                    <pos type="NN"/>
                    <lemma type="departure"/>
                </token>
                <token content="time" id="12-24">
                    <pos type="NN"/>
                    <lemma type="time"/>
                </token>
                <token content="." id="12-25"/>
            </sentence>
            <sentence id="13">
                <token content="It" id="13-1">
                    <pos type="PRP"/>
                    <lemma type="it"/>
                    <dep head="13-2" type="nsubj"/>
                </token>
                <token content="said" id="13-2">
                    <pos type="VBD"/>
                    <lemma type="say"/>
                </token>
                <token content="it" id="13-3">
                    <pos type="PRP"/>
                    <lemma type="it"/>
                    <dep head="13-5" type="nsubj"/>
                </token>
                <token content="would" id="13-4">
                    <pos type="MD"/>
                    <lemma type="would"/>
                    <dep head="13-5" type="aux"/>
                </token>
                <token content="leave" id="13-5">
                    <pos type="VB"/>
                    <lemma type="leave"/>
                    <dep head="13-2" type="ccomp"/>
                </token>
                <token content="from" id="13-6"/>
                <token content="Platform" id="13-7">
                    <pos type="NNP"/>
                    <lemma type="Platform"/>
                    <dep head="13-5" type="prep"/>
                </token>
                <token content="6" id="13-8">
                    <pos type="CD"/>
                    <lemma type="6"/>
                </token>
                <token content="so" id="13-9">
                    <pos type="IN"/>
                    <lemma type="so"/>
                    <dep head="13-11" type="mark"/>
                </token>
                <token content="I" id="13-10">
                    <pos type="PRP"/>
                    <lemma type="I"/>
                    <dep head="13-11" type="nsubj"/>
                </token>
                <token content="followed" id="13-11">
                    <pos type="VBD"/>
                    <lemma type="follow"/>
                    <dep head="13-5" type="advcl"/>
                </token>
                <token content="the" id="13-12">
                    <pos type="DT"/>
                    <lemma type="the"/>
                </token>
                <token content="signs" id="13-13">
                    <pos type="NNS"/>
                    <lemma type="sign"/>
                    <dep head="13-11" type="dobj"/>
                </token>
                <token content="to" id="13-14"/>
                <token content="the" id="13-15">
                    <pos type="DT"/>
                    <lemma type="the"/>
                </token>
                <token content="platform" id="13-16">
                    <pos type="NN"/>
                    <lemma type="platform"/>
                    <dep head="13-11" type="prep"/>
                </token>
                <token content="." id="13-17"/>
            </sentence>
            <sentence id="14">
                <token content="Once" id="14-1">
                    <pos type="RB"/>
                    <lemma type="once"/>
                    <dep head="14-6" type="advmod"/>
                </token>
                <token content="at" id="14-2"/>
                <token content="the" id="14-3">
                    <pos type="DT"/>
                    <lemma type="the"/>
                </token>
                <token content="platform" id="14-4">
                    <pos type="NN"/>
                    <lemma type="platform"/>
                </token>
                <token content="I" id="14-5">
                    <pos type="PRP"/>
                    <lemma type="I"/>
                    <dep head="14-6" type="nsubj"/>
                </token>
                <token content="sat" id="14-6">
                    <pos type="VBD"/>
                    <lemma type="sit"/>
                </token>
                <token content="and" id="14-7"/>
                <token content="waited" id="14-8">
                    <pos type="VBD"/>
                    <lemma type="wait"/>
                    <dep head="14-6" type="conj"/>
                </token>
                <token content="until" id="14-9">
                    <pos type="IN"/>
                    <lemma type="until"/>
                    <dep head="14-12" type="mark"/>
                </token>
                <token content="my" id="14-10">
                    <pos type="PRP$"/>
                    <lemma type="my"/>
                </token>
                <token content="train" id="14-11">
                    <pos type="NN"/>
                    <lemma type="train"/>
                    <dep head="14-12" type="nsubj"/>
                </token>
                <token content="arrived" id="14-12">
                    <pos type="VBD"/>
                    <lemma type="arrive"/>
                    <dep head="14-8" type="advcl"/>
                </token>
                <token content="." id="14-13"/>
            </sentence>
            <sentence id="15">
                <token content="After" id="15-1">
                    <pos type="IN"/>
                    <lemma type="after"/>
                    <dep head="15-7" type="mark"/>
                </token>
                <token content="all" id="15-2">
                    <pos type="DT"/>
                    <lemma type="all"/>
                    <dep head="15-7" type="nsubj"/>
                </token>
                <token content="of" id="15-3"/>
                <token content="the" id="15-4">
                    <pos type="DT"/>
                    <lemma type="the"/>
                </token>
                <token content="arriving" id="15-5">
                    <pos type="JJ"/>
                    <lemma type="arriving"/>
                </token>
                <token content="people" id="15-6">
                    <pos type="NNS"/>
                    <lemma type="people"/>
                </token>
                <token content="got" id="15-7">
                    <pos type="VBD"/>
                    <lemma type="get"/>
                    <dep head="15-11" type="advcl"/>
                </token>
                <token content="off" id="15-8">
                    <pos type="RP"/>
                    <lemma type="off"/>
                    <dep head="15-7" type="prt"/>
                </token>
                <token content="," id="15-9"/>
                <token content="I" id="15-10">
                    <pos type="PRP"/>
                    <lemma type="I"/>
                    <dep head="15-11" type="nsubj"/>
                </token>
                <token content="boarded" id="15-11">
                    <pos type="VBD"/>
                    <lemma type="board"/>
                </token>
                <token content="the" id="15-12">
                    <pos type="DT"/>
                    <lemma type="the"/>
                </token>
                <token content="car" id="15-13">
                    <pos type="NN"/>
                    <lemma type="car"/>
                    <dep head="15-14" type="nsubj"/>
                </token>
                <token content="indicated" id="15-14">
                    <pos type="VBD"/>
                    <lemma type="indicate"/>
                    <dep head="15-11" type="ccomp"/>
                </token>
                <token content="on" id="15-15"/>
                <token content="my" id="15-16">
                    <pos type="PRP$"/>
                    <lemma type="my"/>
                </token>
                <token content="ticket" id="15-17">
                    <pos type="NN"/>
                    <lemma type="ticket"/>
                    <dep head="15-14" type="prep"/>
                </token>
                <token content="and" id="15-18"/>
                <token content="took" id="15-19">
                    <pos type="VBD"/>
                    <lemma type="take"/>
                    <dep head="15-14" type="conj"/>
                </token>
                <token content="my" id="15-20">
                    <pos type="PRP$"/>
                    <lemma type="my"/>
                </token>
                <token content="reserved" id="15-21">
                    <pos type="VBN"/>
                    <lemma type="reserve"/>
                </token>
                <token content="seat" id="15-22">
                    <pos type="NN"/>
                    <lemma type="seat"/>
                    <dep head="15-14" type="dobj"/>
                </token>
                <token content="," id="15-23"/>
                <token content="ready" id="15-24">
                    <pos type="JJ"/>
                    <lemma type="ready"/>
                    <dep head="15-11" type="dep"/>
                </token>
                <token content="for" id="15-25"/>
                <token content="the" id="15-26">
                    <pos type="DT"/>
                    <lemma type="the"/>
                </token>
                <token content="journey" id="15-27">
                    <pos type="NN"/>
                    <lemma type="journey"/>
                </token>
                <token content="." id="15-28"/>
            </sentence>
        </sentences>
    </text>
    <annotations>
        <participants>
            <label from="1-1" id="0" name="NPart" text="Yesterday" type="participant"/>
            <label from="1-2" id="1" name="ScrPart_passenger" text="I" type="participant"/>
            <label from="1-5" id="2" name="NPart" text="London" type="participant"/>
            <label from="1-8" id="3" name="NPart" text="United Kingdom" to="1-9" type="participant"/>
            <label from="1-11" id="4" name="ScrPart_passenger" text="my" type="participant"/>
            <label from="1-12" id="5" name="NPart" text="home" type="participant"/>
            <label from="1-14" id="6" name="ScrPart_destination" text="Manchester" type="participant"/>
            <label from="2-1" id="7" name="ScrPart_passenger" text="I" type="participant"/>
            <label from="2-4" id="8" name="ScrPart_ticket_office/website" text="website" type="participant"/>
            <label from="2-7" id="9" name="ScrPart_time_date" text="times" type="participant"/>
            <label from="2-9" id="10" name="ScrPart_card/ticket" text="tickets" type="participant"/>
            <label from="2-11" id="11" name="ScrPart_time_date" text="day" type="participant"/>
            <label from="3-1" id="12" name="ScrPart_passenger" text="I" type="participant"/>
            <label from="3-4" id="13" name="ScrPart_passenger" text="I" type="participant"/>
            <label from="3-9" id="14" name="ScrPart_destination" text="Manchester" type="participant"/>
            <label from="3-11" id="15" name="ScrPart_passenger" text="I" type="participant"/>
            <label from="3-14" id="16" name="ScrPart_passenger" text="my" type="participant"/>
            <label from="3-16" id="17" name="ScrPart_time_date" text="arrival time" to="3-17" type="participant"/>
            <label from="3-17" id="18" name="ScrPart_time_date" text="time" type="participant"/>
            <label from="4-1" id="19" name="ScrPart_passenger" text="I" type="participant"/>
            <label from="4-4" id="20" name="ScrPart_card/ticket" text="ticket" type="participant"/>
            <label from="4-8" id="21" name="ScrPart_passenger" text="me" type="participant"/>
            <label from="4-13" id="22" name="ScrPart_other" text="price" type="participant"/>
            <label from="5-1" id="23" name="ScrPart_passenger" text="I" type="participant"/>
            <label from="5-3" id="24" name="ScrPart_passenger" text="my" type="participant"/>
            <label from="5-4" id="25" name="NPart" text="debit card" to="5-5" type="participant"/>
            <label from="5-5" id="26" name="NPart" text="card" type="participant"/>
            <label from="5-11" id="27" name="NPart" text="option" type="participant"/>
            <label from="5-15" id="28" name="ScrPart_card/ticket" text="ticket" type="participant"/>
            <label from="5-18" id="29" name="ScrPart_train_station" text="train station" to="5-19" type="participant"/>
            <label from="5-19" id="30" name="ScrPart_train_station" text="station" type="participant"/>
            <label from="6-1" id="31" name="ScrPart_passenger" text="I" type="participant"/>
            <label from="6-5" id="32" name="ScrPart_train_station" text="train station" to="6-6" type="participant"/>
            <label from="6-6" id="33" name="ScrPart_train_station" text="station" type="participant"/>
            <label from="6-8" id="34" name="NPart" text="plenty" type="participant"/>
            <label from="6-10" id="35" name="ScrPart_time_date" text="time" type="participant"/>
            <label from="6-12" id="36" name="ScrPart_passenger" text="I" type="participant"/>
            <label from="6-18" id="37" name="ScrPart_line" text="queues" type="participant"/>
            <label from="6-21" id="38" name="ScrPart_other" text="machines" type="participant"/>
            <label from="6-23" id="39" name="ScrPart_card/ticket" text="tickets" type="participant"/>
            <label from="7-2" id="40" name="No_label" text="it" type="participant"/>
            <label from="7-4" id="41" name="ScrPart_passenger" text="my" type="participant"/>
            <label from="7-5" id="42" name="No_label" text="turn" type="participant"/>
            <label from="7-8" id="43" name="ScrPart_other" text="ticket machine" to="7-9" type="participant"/>
            <label from="7-9" id="44" name="ScrPart_other" text="machine" type="participant"/>
            <label from="7-11" id="45" name="ScrPart_passenger" text="I" type="participant"/>
            <label from="7-14" id="46" name="NPart" text="instructions" type="participant"/>
            <label from="7-17" id="47" name="ScrPart_passenger" text="my" type="participant"/>
            <label from="7-19" id="48" name="ScrPart_other" text="reference number" to="7-20" type="participant"/>
            <label from="7-20" id="49" name="ScrPart_other" text="number" type="participant"/>
            <label from="7-23" id="50" name="ScrPart_passenger" text="I" type="participant"/>
            <label from="7-27" id="51" name="ScrPart_passenger" text="my" type="participant"/>
            <label from="7-28" id="52" name="NPart" text="smartphone" type="participant"/>
            <label from="8-2" id="53" name="ScrPart_other" text="machine" type="participant"/>
            <label from="8-5" id="54" name="ScrPart_passenger" text="my" type="participant"/>
            <label from="8-6" id="55" name="ScrPart_card/ticket" text="tickets" type="participant"/>
            <label from="8-8" id="56" name="ScrPart_passenger" text="I" type="participant"/>
            <label from="8-10" id="57" name="ScrPart_card/ticket" text="them" type="participant"/>
            <label from="8-14" id="58" name="ScrPart_card/ticket" text="them" type="participant"/>
            <label from="8-18" id="59" name="ScrPart_card/ticket" text="they" type="participant"/>
            <label from="9-2" id="60" name="ScrPart_passenger" text="I" type="participant"/>
            <label from="9-7" id="61" name="ScrPart_platform" text="platform" type="participant"/>
            <label from="9-8" id="62" name="ScrPart_passenger" text="my" type="participant"/>
            <label from="9-9" id="63" name="ScrPart_train" text="train" type="participant"/>
            <label from="10-1" id="64" name="ScrPart_passenger" text="I" type="participant"/>
            <label from="10-8" id="65" name="ScrPart_time-table" text="display boards" to="10-9" type="participant"/>
            <label from="10-9" id="66" name="ScrPart_time-table" text="boards" type="participant"/>
            <label from="11-1" id="67" name="No_label" text="Lots" type="participant"/>
            <label from="11-3" id="68" name="ScrPart_destination" text="destinations" type="participant"/>
            <label from="11-7" id="69" name="ScrPart_passenger" text="I" type="participant"/>
            <label from="11-15" id="70" name="ScrPart_destination" text="Manchester" type="participant"/>
            <label from="12-6" id="71" name="ScrPart_train" text="train" type="participant"/>
            <label from="12-8" id="72" name="ScrPart_destination" text="Manchester" type="participant"/>
            <label from="12-11" id="73" name="ScrPart_passenger" text="I" type="participant"/>
            <label from="12-14" id="74" name="ScrPart_train" text="one" type="participant"/>
            <label from="12-16" id="75" name="ScrPart_passenger" text="mine" type="participant"/>
            <label from="12-19" id="76" name="ScrPart_other" text="train company" to="12-20" type="participant"/>
            <label from="12-20" id="77" name="ScrPart_other" text="company" type="participant"/>
            <label from="12-23" id="78" name="ScrPart_time_date" text="departure time" to="12-24" type="participant"/>
            <label from="12-24" id="79" name="ScrPart_time_date" text="time" type="participant"/>
            <label from="13-1" id="80" name="NPart" text="It" type="participant"/>
            <label from="13-3" id="81" name="ScrPart_train" text="it" type="participant"/>
            <label from="13-7" id="82" name="ScrPart_platform" text="Platform" type="participant"/>
            <label from="13-10" id="83" name="ScrPart_passenger" text="I" type="participant"/>
            <label from="13-13" id="84" name="ScrPart_other" text="signs" type="participant"/>
            <label from="13-16" id="85" name="ScrPart_platform" text="platform" type="participant"/>
            <label from="14-4" id="86" name="ScrPart_platform" text="platform" type="participant"/>
            <label from="14-5" id="87" name="ScrPart_passenger" text="I" type="participant"/>
            <label from="14-10" id="88" name="ScrPart_passenger" text="my" type="participant"/>
            <label from="14-11" id="89" name="ScrPart_train" text="train" type="participant"/>
            <label from="15-6" id="90" name="ScrPart_passenger" text="people" type="participant"/>
            <label from="15-10" id="91" name="ScrPart_passenger" text="I" type="participant"/>
            <label from="15-13" id="92" name="ScrPart_coach" text="car" type="participant"/>
            <label from="15-16" id="93" name="ScrPart_passenger" text="my" type="participant"/>
            <label from="15-17" id="94" name="ScrPart_card/ticket" text="ticket" type="participant"/>
            <label from="15-20" id="95" name="ScrPart_passenger" text="my" type="participant"/>
            <label from="15-22" id="96" name="ScrPart_seat" text="seat" type="participant"/>
            <label from="15-27" id="97" name="ScrPart_trip" text="journey" type="participant"/>
        </participants>
        <events>
            <label from="1-3" id="98" name="UnrelEv" text="traveled" type="event"/>
            <label from="2-2" id="99" name="RelNScrEv" text="visited" type="event"/>
            <label from="3-2" id="100" name="UnrelEv" text="knew" type="event"/>
            <label from="3-7" id="101" name="UnrelEv" text="arrive" type="event"/>
            <label from="3-12" id="102" name="RelNScrEv" text="searched" type="event"/>
            <label from="4-2" id="103" name="ScrEv_get_tickets" text="selected" type="event"/>
            <label from="4-6" id="104" name="UnrelEv" text="worked" type="event"/>
            <label from="4-10" id="105" name="UnrelEv" text="had" type="event"/>
            <label from="5-2" id="106" name="UnrelEv" text="used" type="event"/>
            <label from="5-7" id="107" name="RelNScrEv" text="pay" type="event"/>
            <label from="5-9" id="108" name="UnrelEv" text="selected" type="event"/>
            <label from="5-13" id="109" name="UnrelEv" text="collect" type="event"/>
            <label from="6-2" id="110" name="ScrEv_get_train_station" text="arrived" type="event"/>
            <label from="6-13" id="111" name="UnrelEv" text="know" type="event"/>
            <label from="6-16" id="112" name="UnrelEv" text="be" type="event"/>
            <label from="6-25" id="113" name="UnrelEv" text="collected" type="event"/>
            <label from="7-3" id="114" name="UnrelEv" text="was" type="event"/>
            <label from="7-12" id="115" name="UnrelEv" text="followed" type="event"/>
            <label from="7-16" id="116" name="RelNScrEv" text="input" type="event"/>
            <label from="7-25" id="117" name="UnrelEv" text="stored" type="event"/>
            <label from="8-3" id="118" name="UnrelEv" text="printed out" to="8-4" type="event"/>
            <label from="8-3" id="119" name="UnrelEv" text="printed" type="event"/>
            <label from="8-9" id="120" name="ScrEv_get_tickets" text="picked" type="event"/>
            <label from="8-13" id="121" name="RelNScrEv" text="checking" type="event"/>
            <label from="8-16" id="122" name="UnrelEv" text="make sure" to="8-17" type="event"/>
            <label from="8-16" id="123" name="UnrelEv" text="make" type="event"/>
            <label from="9-5" id="124" name="UnrelEv" text="determine" type="event"/>
            <label from="9-12" id="125" name="RelNScrEv" text="departing" type="event"/>
            <label from="10-2" id="126" name="UnrelEv" text="walked over" to="10-3" type="event"/>
            <label from="10-2" id="127" name="UnrelEv" text="walked" type="event"/>
            <label from="11-5" id="128" name="UnrelEv" text="listed" type="event"/>
            <label from="11-10" id="129" name="ScrEv_wait" text="wait" type="event"/>
            <label from="11-16" id="130" name="UnrelEv" text="showed up" to="11-17" type="event"/>
            <label from="11-16" id="131" name="UnrelEv" text="showed" type="event"/>
            <label from="12-2" id="132" name="UnrelEv" text="was" type="event"/>
            <label from="12-12" id="133" name="UnrelEv" text="confirmed" type="event"/>
            <label from="12-15" id="134" name="UnrelEv" text="was" type="event"/>
            <label from="13-2" id="135" name="UnrelEv" text="said" type="event"/>
            <label from="13-5" id="136" name="RelNScrEv" text="leave" type="event"/>
            <label from="13-11" id="137" name="ScrEv_get_platform" text="followed" type="event"/>
            <label from="14-6" id="138" name="UnrelEv" text="sat" type="event"/>
            <label from="14-8" id="139" name="ScrEv_wait" text="waited" type="event"/>
            <label from="14-12" id="140" name="ScrEv_train_arrives" text="arrived" type="event"/>
            <label from="15-5" id="141" name="ScrEv_train_arrives" text="arriving" type="event"/>
            <label from="15-7" id="142" name="ScrEv_get_off" text="got off" to="15-8" type="event"/>
            <label from="15-7" id="143" name="ScrEv_get_off" text="got" type="event"/>
            <label from="15-11" id="144" name="ScrEv_get_on" text="boarded" type="event"/>
            <label from="15-14" id="145" name="UnrelEv" text="indicated" type="event"/>
            <label from="15-19" id="146" name="ScrEv_find_place" text="took" type="event"/>
        </events>
        <chains>
            <chain elements="1 4 7 12 13 15 16 19 21 23 24 31 36 41 45 47 50 51 54 56 60 62 64 69 73 83 87 88 91 93 95"/>
            <chain elements="6 14 70 72"/>
            <chain elements="10 20 28 39 55 57 58 59 94"/>
            <chain elements="30 33"/>
            <chain elements="38 44 53"/>
            <chain elements="63 71 74 75 81 89"/>
            <chain elements="61 82 85 86"/>
        </chains>
    </annotations>
</story>
