<?xml version="1.0" encoding="UTF-8" standalone="no"?>
<!DOCTYPE story SYSTEM "../InScript.dtd">
<story id="009" scenario="train">
    <text>
        <content>Last summer , I got to visit my grandma in Seattle ! 
I took a train to visit her . 
In advance , I called the train station to see when the trains would be going to Seattle and how much the tickets would cost . 
I chose a day and arrived at the train station 1 hour before my train was scheduled to leave . 
There was a ticket counter in the station . 
I walked up the counter and bought my ticket from a lady behind the counter . 
After I got my ticket , I needed to wait for the train to board passengers . 
I sat on a big wooden bench inside the train station . 
When it was time to get on the train , the doors opened and a ticketperson took each of our tickets as we got on the train . 
We got to choose our seats . 
I choose a window seat and put my bags in the compartment nearby . 
Partway through the ride , a train employee came by with snacks and drinks . 
I looked out the window and read a book . 
When we arrived in Seattle , I grabbed my bags from the baggage compartment , exited the train , and hugged my waiting grandma ! </content>
        <sentences>
            <sentence id="1">
                <token content="Last" id="1-1">
                    <pos type="JJ"/>
                    <lemma type="last"/>
                </token>
                <token content="summer" id="1-2">
                    <pos type="NN"/>
                    <lemma type="summer"/>
                    <dep head="1-5" type="tmod"/>
                </token>
                <token content="," id="1-3"/>
                <token content="I" id="1-4">
                    <pos type="PRP"/>
                    <lemma type="I"/>
                    <dep head="1-5" type="nsubj"/>
                </token>
                <token content="got" id="1-5">
                    <pos type="VBD"/>
                    <lemma type="get"/>
                </token>
                <token content="to" id="1-6">
                    <pos type="TO"/>
                    <lemma type="to"/>
                    <dep head="1-7" type="aux"/>
                </token>
                <token content="visit" id="1-7">
                    <pos type="VB"/>
                    <lemma type="visit"/>
                    <dep head="1-5" type="xcomp"/>
                </token>
                <token content="my" id="1-8">
                    <pos type="PRP$"/>
                    <lemma type="my"/>
                </token>
                <token content="grandma" id="1-9">
                    <pos type="NN"/>
                    <lemma type="grandma"/>
                    <dep head="1-7" type="dobj"/>
                </token>
                <token content="in" id="1-10"/>
                <token content="Seattle" id="1-11">
                    <pos type="NNP"/>
                    <lemma type="Seattle"/>
                    <dep head="1-7" type="prep"/>
                </token>
                <token content="!" id="1-12"/>
            </sentence>
            <sentence id="2">
                <token content="I" id="2-1">
                    <pos type="PRP"/>
                    <lemma type="I"/>
                    <dep head="2-2" type="nsubj"/>
                </token>
                <token content="took" id="2-2">
                    <pos type="VBD"/>
                    <lemma type="take"/>
                </token>
                <token content="a" id="2-3">
                    <pos type="DT"/>
                    <lemma type="a"/>
                </token>
                <token content="train" id="2-4">
                    <pos type="NN"/>
                    <lemma type="train"/>
                    <dep head="2-2" type="dobj"/>
                </token>
                <token content="to" id="2-5">
                    <pos type="TO"/>
                    <lemma type="to"/>
                    <dep head="2-6" type="aux"/>
                </token>
                <token content="visit" id="2-6">
                    <pos type="VB"/>
                    <lemma type="visit"/>
                </token>
                <token content="her" id="2-7">
                    <pos type="PRP"/>
                    <lemma type="she"/>
                    <dep head="2-6" type="dobj"/>
                </token>
                <token content="." id="2-8"/>
            </sentence>
            <sentence id="3">
                <token content="In" id="3-1"/>
                <token content="advance" id="3-2">
                    <pos type="NN"/>
                    <lemma type="advance"/>
                    <dep head="3-5" type="prep"/>
                </token>
                <token content="," id="3-3"/>
                <token content="I" id="3-4">
                    <pos type="PRP"/>
                    <lemma type="I"/>
                    <dep head="3-5" type="nsubj"/>
                </token>
                <token content="called" id="3-5">
                    <pos type="VBD"/>
                    <lemma type="call"/>
                </token>
                <token content="the" id="3-6">
                    <pos type="DT"/>
                    <lemma type="the"/>
                </token>
                <token content="train" id="3-7">
                    <pos type="NN"/>
                    <lemma type="train"/>
                </token>
                <token content="station" id="3-8">
                    <pos type="NN"/>
                    <lemma type="station"/>
                    <dep head="3-5" type="dobj"/>
                </token>
                <token content="to" id="3-9">
                    <pos type="TO"/>
                    <lemma type="to"/>
                    <dep head="3-10" type="aux"/>
                </token>
                <token content="see" id="3-10">
                    <pos type="VB"/>
                    <lemma type="see"/>
                    <dep head="3-5" type="vmod"/>
                </token>
                <token content="when" id="3-11">
                    <pos type="WRB"/>
                    <lemma type="when"/>
                    <dep head="3-16" type="advmod"/>
                </token>
                <token content="the" id="3-12">
                    <pos type="DT"/>
                    <lemma type="the"/>
                </token>
                <token content="trains" id="3-13">
                    <pos type="NNS"/>
                    <lemma type="train"/>
                    <dep head="3-16" type="nsubj"/>
                </token>
                <token content="would" id="3-14">
                    <pos type="MD"/>
                    <lemma type="would"/>
                    <dep head="3-16" type="aux"/>
                </token>
                <token content="be" id="3-15">
                    <pos type="VB"/>
                    <lemma type="be"/>
                    <dep head="3-16" type="aux"/>
                </token>
                <token content="going" id="3-16">
                    <pos type="VBG"/>
                    <lemma type="go"/>
                    <dep head="3-10" type="advcl"/>
                </token>
                <token content="to" id="3-17"/>
                <token content="Seattle" id="3-18">
                    <pos type="NNP"/>
                    <lemma type="Seattle"/>
                    <dep head="3-16" type="prep"/>
                </token>
                <token content="and" id="3-19"/>
                <token content="how" id="3-20">
                    <pos type="WRB"/>
                    <lemma type="how"/>
                </token>
                <token content="much" id="3-21">
                    <pos type="JJ"/>
                    <lemma type="much"/>
                    <dep head="3-25" type="dep"/>
                </token>
                <token content="the" id="3-22">
                    <pos type="DT"/>
                    <lemma type="the"/>
                </token>
                <token content="tickets" id="3-23">
                    <pos type="NNS"/>
                    <lemma type="ticket"/>
                    <dep head="3-25" type="nsubj"/>
                </token>
                <token content="would" id="3-24">
                    <pos type="MD"/>
                    <lemma type="would"/>
                    <dep head="3-25" type="aux"/>
                </token>
                <token content="cost" id="3-25">
                    <pos type="VB"/>
                    <lemma type="cost"/>
                    <dep head="3-16" type="conj"/>
                </token>
                <token content="." id="3-26"/>
            </sentence>
            <sentence id="4">
                <token content="I" id="4-1">
                    <pos type="PRP"/>
                    <lemma type="I"/>
                    <dep head="4-2" type="nsubj"/>
                </token>
                <token content="chose" id="4-2">
                    <pos type="VBD"/>
                    <lemma type="choose"/>
                </token>
                <token content="a" id="4-3">
                    <pos type="DT"/>
                    <lemma type="a"/>
                </token>
                <token content="day" id="4-4">
                    <pos type="NN"/>
                    <lemma type="day"/>
                    <dep head="4-2" type="tmod"/>
                </token>
                <token content="and" id="4-5"/>
                <token content="arrived" id="4-6">
                    <pos type="VBD"/>
                    <lemma type="arrive"/>
                    <dep head="4-2" type="conj"/>
                </token>
                <token content="at" id="4-7"/>
                <token content="the" id="4-8">
                    <pos type="DT"/>
                    <lemma type="the"/>
                </token>
                <token content="train" id="4-9">
                    <pos type="NN"/>
                    <lemma type="train"/>
                </token>
                <token content="station" id="4-10">
                    <pos type="NN"/>
                    <lemma type="station"/>
                    <dep head="4-6" type="prep"/>
                </token>
                <token content="1" id="4-11">
                    <pos type="CD"/>
                    <lemma type="1"/>
                </token>
                <token content="hour" id="4-12">
                    <pos type="NN"/>
                    <lemma type="hour"/>
                </token>
                <token content="before" id="4-13">
                    <pos type="IN"/>
                    <lemma type="before"/>
                    <dep head="4-17" type="mark"/>
                </token>
                <token content="my" id="4-14">
                    <pos type="PRP$"/>
                    <lemma type="my"/>
                </token>
                <token content="train" id="4-15">
                    <pos type="NN"/>
                    <lemma type="train"/>
                    <dep head="4-17" type="nsubjpass"/>
                </token>
                <token content="was" id="4-16">
                    <pos type="VBD"/>
                    <lemma type="be"/>
                    <dep head="4-17" type="auxpass"/>
                </token>
                <token content="scheduled" id="4-17">
                    <pos type="VBN"/>
                    <lemma type="schedule"/>
                    <dep head="4-6" type="advcl"/>
                </token>
                <token content="to" id="4-18">
                    <pos type="TO"/>
                    <lemma type="to"/>
                    <dep head="4-19" type="aux"/>
                </token>
                <token content="leave" id="4-19">
                    <pos type="VB"/>
                    <lemma type="leave"/>
                    <dep head="4-17" type="xcomp"/>
                </token>
                <token content="." id="4-20"/>
            </sentence>
            <sentence id="5">
                <token content="There" id="5-1">
                    <pos type="EX"/>
                    <lemma type="there"/>
                    <dep head="5-2" type="expl"/>
                </token>
                <token content="was" id="5-2">
                    <pos type="VBD"/>
                    <lemma type="be"/>
                </token>
                <token content="a" id="5-3">
                    <pos type="DT"/>
                    <lemma type="a"/>
                </token>
                <token content="ticket" id="5-4">
                    <pos type="NN"/>
                    <lemma type="ticket"/>
                </token>
                <token content="counter" id="5-5">
                    <pos type="RB"/>
                    <lemma type="counter"/>
                    <dep head="5-2" type="advmod"/>
                </token>
                <token content="in" id="5-6"/>
                <token content="the" id="5-7">
                    <pos type="DT"/>
                    <lemma type="the"/>
                </token>
                <token content="station" id="5-8">
                    <pos type="NN"/>
                    <lemma type="station"/>
                    <dep head="5-2" type="prep"/>
                </token>
                <token content="." id="5-9"/>
            </sentence>
            <sentence id="6">
                <token content="I" id="6-1">
                    <pos type="PRP"/>
                    <lemma type="I"/>
                    <dep head="6-2" type="nsubj"/>
                </token>
                <token content="walked" id="6-2">
                    <pos type="VBD"/>
                    <lemma type="walk"/>
                </token>
                <token content="up" id="6-3">
                    <pos type="RP"/>
                    <lemma type="up"/>
                    <dep head="6-2" type="prt"/>
                </token>
                <token content="the" id="6-4">
                    <pos type="DT"/>
                    <lemma type="the"/>
                </token>
                <token content="counter" id="6-5">
                    <pos type="NN"/>
                    <lemma type="counter"/>
                    <dep head="6-2" type="dobj"/>
                </token>
                <token content="and" id="6-6"/>
                <token content="bought" id="6-7">
                    <pos type="VBD"/>
                    <lemma type="buy"/>
                    <dep head="6-2" type="conj"/>
                </token>
                <token content="my" id="6-8">
                    <pos type="PRP$"/>
                    <lemma type="my"/>
                </token>
                <token content="ticket" id="6-9">
                    <pos type="NN"/>
                    <lemma type="ticket"/>
                    <dep head="6-7" type="dobj"/>
                </token>
                <token content="from" id="6-10"/>
                <token content="a" id="6-11">
                    <pos type="DT"/>
                    <lemma type="a"/>
                </token>
                <token content="lady" id="6-12">
                    <pos type="NN"/>
                    <lemma type="lady"/>
                    <dep head="6-7" type="prep"/>
                </token>
                <token content="behind" id="6-13"/>
                <token content="the" id="6-14">
                    <pos type="DT"/>
                    <lemma type="the"/>
                </token>
                <token content="counter" id="6-15">
                    <pos type="NN"/>
                    <lemma type="counter"/>
                </token>
                <token content="." id="6-16"/>
            </sentence>
            <sentence id="7">
                <token content="After" id="7-1">
                    <pos type="IN"/>
                    <lemma type="after"/>
                    <dep head="7-3" type="mark"/>
                </token>
                <token content="I" id="7-2">
                    <pos type="PRP"/>
                    <lemma type="I"/>
                    <dep head="7-3" type="nsubj"/>
                </token>
                <token content="got" id="7-3">
                    <pos type="VBD"/>
                    <lemma type="get"/>
                    <dep head="7-8" type="advcl"/>
                </token>
                <token content="my" id="7-4">
                    <pos type="PRP$"/>
                    <lemma type="my"/>
                </token>
                <token content="ticket" id="7-5">
                    <pos type="NN"/>
                    <lemma type="ticket"/>
                    <dep head="7-3" type="dobj"/>
                </token>
                <token content="," id="7-6"/>
                <token content="I" id="7-7">
                    <pos type="PRP"/>
                    <lemma type="I"/>
                    <dep head="7-8" type="nsubj"/>
                </token>
                <token content="needed" id="7-8">
                    <pos type="VBD"/>
                    <lemma type="need"/>
                </token>
                <token content="to" id="7-9">
                    <pos type="TO"/>
                    <lemma type="to"/>
                    <dep head="7-10" type="aux"/>
                </token>
                <token content="wait" id="7-10">
                    <pos type="VB"/>
                    <lemma type="wait"/>
                    <dep head="7-8" type="xcomp"/>
                </token>
                <token content="for" id="7-11"/>
                <token content="the" id="7-12">
                    <pos type="DT"/>
                    <lemma type="the"/>
                </token>
                <token content="train" id="7-13">
                    <pos type="NN"/>
                    <lemma type="train"/>
                    <dep head="7-10" type="prep"/>
                </token>
                <token content="to" id="7-14"/>
                <token content="board" id="7-15">
                    <pos type="NN"/>
                    <lemma type="board"/>
                </token>
                <token content="passengers" id="7-16">
                    <pos type="NNS"/>
                    <lemma type="passenger"/>
                    <dep head="7-10" type="prep"/>
                </token>
                <token content="." id="7-17"/>
            </sentence>
            <sentence id="8">
                <token content="I" id="8-1">
                    <pos type="PRP"/>
                    <lemma type="I"/>
                    <dep head="8-2" type="nsubj"/>
                </token>
                <token content="sat" id="8-2">
                    <pos type="VBD"/>
                    <lemma type="sit"/>
                </token>
                <token content="on" id="8-3"/>
                <token content="a" id="8-4">
                    <pos type="DT"/>
                    <lemma type="a"/>
                </token>
                <token content="big" id="8-5">
                    <pos type="JJ"/>
                    <lemma type="big"/>
                </token>
                <token content="wooden" id="8-6">
                    <pos type="JJ"/>
                    <lemma type="wooden"/>
                </token>
                <token content="bench" id="8-7">
                    <pos type="NN"/>
                    <lemma type="bench"/>
                    <dep head="8-2" type="prep"/>
                </token>
                <token content="inside" id="8-8"/>
                <token content="the" id="8-9">
                    <pos type="DT"/>
                    <lemma type="the"/>
                </token>
                <token content="train" id="8-10">
                    <pos type="NN"/>
                    <lemma type="train"/>
                </token>
                <token content="station" id="8-11">
                    <pos type="NN"/>
                    <lemma type="station"/>
                </token>
                <token content="." id="8-12"/>
            </sentence>
            <sentence id="9">
                <token content="When" id="9-1">
                    <pos type="WRB"/>
                    <lemma type="when"/>
                </token>
                <token content="it" id="9-2">
                    <pos type="PRP"/>
                    <lemma type="it"/>
                </token>
                <token content="was" id="9-3">
                    <pos type="VBD"/>
                    <lemma type="be"/>
                </token>
                <token content="time" id="9-4">
                    <pos type="NN"/>
                    <lemma type="time"/>
                    <dep head="9-13" type="advcl"/>
                </token>
                <token content="to" id="9-5">
                    <pos type="TO"/>
                    <lemma type="to"/>
                    <dep head="9-6" type="aux"/>
                </token>
                <token content="get" id="9-6">
                    <pos type="VB"/>
                    <lemma type="get"/>
                </token>
                <token content="on" id="9-7"/>
                <token content="the" id="9-8">
                    <pos type="DT"/>
                    <lemma type="the"/>
                </token>
                <token content="train" id="9-9">
                    <pos type="NN"/>
                    <lemma type="train"/>
                    <dep head="9-6" type="prep"/>
                </token>
                <token content="," id="9-10"/>
                <token content="the" id="9-11">
                    <pos type="DT"/>
                    <lemma type="the"/>
                </token>
                <token content="doors" id="9-12">
                    <pos type="NNS"/>
                    <lemma type="door"/>
                    <dep head="9-13" type="nsubj"/>
                </token>
                <token content="opened" id="9-13">
                    <pos type="VBD"/>
                    <lemma type="open"/>
                </token>
                <token content="and" id="9-14"/>
                <token content="a" id="9-15">
                    <pos type="DT"/>
                    <lemma type="a"/>
                </token>
                <token content="ticketperson" id="9-16">
                    <pos type="NN"/>
                    <lemma type="ticketperson"/>
                    <dep head="9-17" type="nsubj"/>
                </token>
                <token content="took" id="9-17">
                    <pos type="VBD"/>
                    <lemma type="take"/>
                    <dep head="9-13" type="conj"/>
                </token>
                <token content="each" id="9-18">
                    <pos type="DT"/>
                    <lemma type="each"/>
                    <dep head="9-17" type="dobj"/>
                </token>
                <token content="of" id="9-19"/>
                <token content="our" id="9-20">
                    <pos type="PRP$"/>
                    <lemma type="we"/>
                </token>
                <token content="tickets" id="9-21">
                    <pos type="NNS"/>
                    <lemma type="ticket"/>
                </token>
                <token content="as" id="9-22">
                    <pos type="IN"/>
                    <lemma type="as"/>
                    <dep head="9-24" type="mark"/>
                </token>
                <token content="we" id="9-23">
                    <pos type="PRP"/>
                    <lemma type="we"/>
                    <dep head="9-24" type="nsubj"/>
                </token>
                <token content="got" id="9-24">
                    <pos type="VBD"/>
                    <lemma type="get"/>
                    <dep head="9-17" type="advcl"/>
                </token>
                <token content="on" id="9-25"/>
                <token content="the" id="9-26">
                    <pos type="DT"/>
                    <lemma type="the"/>
                </token>
                <token content="train" id="9-27">
                    <pos type="NN"/>
                    <lemma type="train"/>
                    <dep head="9-24" type="prep"/>
                </token>
                <token content="." id="9-28"/>
            </sentence>
            <sentence id="10">
                <token content="We" id="10-1">
                    <pos type="PRP"/>
                    <lemma type="we"/>
                    <dep head="10-2" type="nsubj"/>
                </token>
                <token content="got" id="10-2">
                    <pos type="VBD"/>
                    <lemma type="get"/>
                </token>
                <token content="to" id="10-3">
                    <pos type="TO"/>
                    <lemma type="to"/>
                    <dep head="10-4" type="aux"/>
                </token>
                <token content="choose" id="10-4">
                    <pos type="VB"/>
                    <lemma type="choose"/>
                    <dep head="10-2" type="xcomp"/>
                </token>
                <token content="our" id="10-5">
                    <pos type="PRP$"/>
                    <lemma type="we"/>
                </token>
                <token content="seats" id="10-6">
                    <pos type="NNS"/>
                    <lemma type="seat"/>
                    <dep head="10-4" type="dobj"/>
                </token>
                <token content="." id="10-7"/>
            </sentence>
            <sentence id="11">
                <token content="I" id="11-1">
                    <pos type="PRP"/>
                    <lemma type="I"/>
                    <dep head="11-2" type="nsubj"/>
                </token>
                <token content="choose" id="11-2">
                    <pos type="VBP"/>
                    <lemma type="choose"/>
                </token>
                <token content="a" id="11-3">
                    <pos type="DT"/>
                    <lemma type="a"/>
                </token>
                <token content="window" id="11-4">
                    <pos type="NN"/>
                    <lemma type="window"/>
                </token>
                <token content="seat" id="11-5">
                    <pos type="NN"/>
                    <lemma type="seat"/>
                    <dep head="11-2" type="dobj"/>
                </token>
                <token content="and" id="11-6"/>
                <token content="put" id="11-7">
                    <pos type="VBD"/>
                    <lemma type="put"/>
                    <dep head="11-2" type="conj"/>
                </token>
                <token content="my" id="11-8">
                    <pos type="PRP$"/>
                    <lemma type="my"/>
                </token>
                <token content="bags" id="11-9">
                    <pos type="NNS"/>
                    <lemma type="bag"/>
                    <dep head="11-7" type="dobj"/>
                </token>
                <token content="in" id="11-10"/>
                <token content="the" id="11-11">
                    <pos type="DT"/>
                    <lemma type="the"/>
                </token>
                <token content="compartment" id="11-12">
                    <pos type="NN"/>
                    <lemma type="compartment"/>
                    <dep head="11-7" type="prep"/>
                </token>
                <token content="nearby" id="11-13">
                    <pos type="RB"/>
                    <lemma type="nearby"/>
                    <dep head="11-7" type="advmod"/>
                </token>
                <token content="." id="11-14"/>
            </sentence>
            <sentence id="12">
                <token content="Partway" id="12-1">
                    <pos type="RB"/>
                    <lemma type="partway"/>
                    <dep head="12-9" type="advmod"/>
                </token>
                <token content="through" id="12-2"/>
                <token content="the" id="12-3">
                    <pos type="DT"/>
                    <lemma type="the"/>
                </token>
                <token content="ride" id="12-4">
                    <pos type="NN"/>
                    <lemma type="ride"/>
                    <dep head="12-9" type="prep"/>
                </token>
                <token content="," id="12-5"/>
                <token content="a" id="12-6">
                    <pos type="DT"/>
                    <lemma type="a"/>
                </token>
                <token content="train" id="12-7">
                    <pos type="NN"/>
                    <lemma type="train"/>
                </token>
                <token content="employee" id="12-8">
                    <pos type="NN"/>
                    <lemma type="employee"/>
                    <dep head="12-9" type="nsubj"/>
                </token>
                <token content="came" id="12-9">
                    <pos type="VBD"/>
                    <lemma type="come"/>
                </token>
                <token content="by" id="12-10">
                    <pos type="IN"/>
                    <lemma type="by"/>
                    <dep head="12-9" type="prep"/>
                </token>
                <token content="with" id="12-11">
                    <pos type="IN"/>
                    <lemma type="with"/>
                </token>
                <token content="snacks" id="12-12">
                    <pos type="NNS"/>
                    <lemma type="snack"/>
                </token>
                <token content="and" id="12-13"/>
                <token content="drinks" id="12-14">
                    <pos type="NNS"/>
                    <lemma type="drink"/>
                </token>
                <token content="." id="12-15"/>
            </sentence>
            <sentence id="13">
                <token content="I" id="13-1">
                    <pos type="PRP"/>
                    <lemma type="I"/>
                    <dep head="13-2" type="nsubj"/>
                </token>
                <token content="looked" id="13-2">
                    <pos type="VBD"/>
                    <lemma type="look"/>
                </token>
                <token content="out" id="13-3">
                    <pos type="RP"/>
                    <lemma type="out"/>
                    <dep head="13-2" type="prt"/>
                </token>
                <token content="the" id="13-4">
                    <pos type="DT"/>
                    <lemma type="the"/>
                </token>
                <token content="window" id="13-5">
                    <pos type="NN"/>
                    <lemma type="window"/>
                    <dep head="13-2" type="dobj"/>
                </token>
                <token content="and" id="13-6"/>
                <token content="read" id="13-7">
                    <pos type="VBD"/>
                    <lemma type="read"/>
                    <dep head="13-2" type="conj"/>
                </token>
                <token content="a" id="13-8">
                    <pos type="DT"/>
                    <lemma type="a"/>
                </token>
                <token content="book" id="13-9">
                    <pos type="NN"/>
                    <lemma type="book"/>
                    <dep head="13-7" type="dobj"/>
                </token>
                <token content="." id="13-10"/>
            </sentence>
            <sentence id="14">
                <token content="When" id="14-1">
                    <pos type="WRB"/>
                    <lemma type="when"/>
                    <dep head="14-3" type="advmod"/>
                </token>
                <token content="we" id="14-2">
                    <pos type="PRP"/>
                    <lemma type="we"/>
                    <dep head="14-3" type="nsubj"/>
                </token>
                <token content="arrived" id="14-3">
                    <pos type="VBD"/>
                    <lemma type="arrive"/>
                    <dep head="14-8" type="advcl"/>
                </token>
                <token content="in" id="14-4"/>
                <token content="Seattle" id="14-5">
                    <pos type="NNP"/>
                    <lemma type="Seattle"/>
                    <dep head="14-3" type="prep"/>
                </token>
                <token content="," id="14-6"/>
                <token content="I" id="14-7">
                    <pos type="PRP"/>
                    <lemma type="I"/>
                    <dep head="14-8" type="nsubj"/>
                </token>
                <token content="grabbed" id="14-8">
                    <pos type="VBD"/>
                    <lemma type="grab"/>
                </token>
                <token content="my" id="14-9">
                    <pos type="PRP$"/>
                    <lemma type="my"/>
                </token>
                <token content="bags" id="14-10">
                    <pos type="NNS"/>
                    <lemma type="bag"/>
                    <dep head="14-8" type="dobj"/>
                </token>
                <token content="from" id="14-11"/>
                <token content="the" id="14-12">
                    <pos type="DT"/>
                    <lemma type="the"/>
                </token>
                <token content="baggage" id="14-13">
                    <pos type="NN"/>
                    <lemma type="baggage"/>
                </token>
                <token content="compartment" id="14-14">
                    <pos type="NN"/>
                    <lemma type="compartment"/>
                    <dep head="14-8" type="prep"/>
                </token>
                <token content="," id="14-15"/>
                <token content="exited" id="14-16">
                    <pos type="VBD"/>
                    <lemma type="exit"/>
                    <dep head="14-8" type="conj"/>
                </token>
                <token content="the" id="14-17">
                    <pos type="DT"/>
                    <lemma type="the"/>
                </token>
                <token content="train" id="14-18">
                    <pos type="NN"/>
                    <lemma type="train"/>
                    <dep head="14-16" type="dobj"/>
                </token>
                <token content="," id="14-19"/>
                <token content="and" id="14-20"/>
                <token content="hugged" id="14-21">
                    <pos type="VBD"/>
                    <lemma type="hug"/>
                    <dep head="14-8" type="conj"/>
                </token>
                <token content="my" id="14-22">
                    <pos type="PRP$"/>
                    <lemma type="my"/>
                </token>
                <token content="waiting" id="14-23">
                    <pos type="VBG"/>
                    <lemma type="wait"/>
                </token>
                <token content="grandma" id="14-24">
                    <pos type="NN"/>
                    <lemma type="grandma"/>
                    <dep head="14-21" type="dobj"/>
                </token>
                <token content="!" id="14-25"/>
            </sentence>
        </sentences>
    </text>
    <annotations>
        <participants>
            <label from="1-2" id="0" name="ScrPart_time_date" text="summer" type="participant"/>
            <label from="1-4" id="1" name="ScrPart_passenger" text="I" type="participant"/>
            <label from="1-8" id="2" name="ScrPart_passenger" text="my" type="participant"/>
            <label from="1-9" id="3" name="NPart" text="grandma" type="participant"/>
            <label from="1-11" id="4" name="ScrPart_destination" text="Seattle" type="participant"/>
            <label from="2-1" id="5" name="ScrPart_passenger" text="I" type="participant"/>
            <label from="2-4" id="6" name="ScrPart_train" text="train" type="participant"/>
            <label from="2-7" id="7" name="NPart" text="her" type="participant"/>
            <label from="3-2" id="8" name="No_label" text="advance" type="participant"/>
            <label from="3-4" id="9" name="ScrPart_passenger" text="I" type="participant"/>
            <label from="3-7" id="10" name="ScrPart_train_station" text="train station" to="3-8" type="participant"/>
            <label from="3-8" id="11" name="ScrPart_train_station" text="station" type="participant"/>
            <label from="3-13" id="12" name="ScrPart_train" text="trains" type="participant"/>
            <label from="3-18" id="13" name="ScrPart_destination" text="Seattle" type="participant"/>
            <label from="3-23" id="14" name="ScrPart_card/ticket" text="tickets" type="participant"/>
            <label from="4-1" id="15" name="ScrPart_passenger" text="I" type="participant"/>
            <label from="4-4" id="16" name="ScrPart_time_date" text="day" type="participant"/>
            <label from="4-9" id="17" name="ScrPart_train_station" text="train station" to="4-10" type="participant"/>
            <label from="4-10" id="18" name="ScrPart_train_station" text="station" type="participant"/>
            <label from="4-12" id="19" name="ScrPart_time_date" text="hour" type="participant"/>
            <label from="4-14" id="20" name="ScrPart_passenger" text="my" type="participant"/>
            <label from="4-15" id="21" name="ScrPart_train" text="train" type="participant"/>
            <label from="5-4" id="22" name="ScrPart_ticket_office/website" text="ticket counter" to="5-5" type="participant"/>
            <label from="5-5" id="23" name="ScrPart_ticket_office/website" text="counter" type="participant"/>
            <label from="5-8" id="24" name="ScrPart_train_station" text="station" type="participant"/>
            <label from="6-1" id="25" name="ScrPart_passenger" text="I" type="participant"/>
            <label from="6-5" id="26" name="ScrPart_ticket_office/website" text="counter" type="participant"/>
            <label from="6-8" id="27" name="ScrPart_passenger" text="my" type="participant"/>
            <label from="6-9" id="28" name="ScrPart_card/ticket" text="ticket" type="participant"/>
            <label from="6-12" id="29" name="NPart" text="lady" type="participant"/>
            <label from="6-15" id="30" name="ScrPart_ticket_office/website" text="counter" type="participant"/>
            <label from="7-2" id="31" name="ScrPart_passenger" text="I" type="participant"/>
            <label from="7-4" id="32" name="ScrPart_passenger" text="my" type="participant"/>
            <label from="7-5" id="33" name="ScrPart_card/ticket" text="ticket" type="participant"/>
            <label from="7-7" id="34" name="ScrPart_passenger" text="I" type="participant"/>
            <label from="7-13" id="35" name="ScrPart_train" text="train" type="participant"/>
            <label from="7-16" id="36" name="ScrPart_passenger" text="passengers" type="participant"/>
            <label from="8-1" id="37" name="ScrPart_passenger" text="I" type="participant"/>
            <label from="8-7" id="38" name="NPart" text="bench" type="participant"/>
            <label from="8-10" id="39" name="ScrPart_train_station" text="train station" to="8-11" type="participant"/>
            <label from="8-11" id="40" name="ScrPart_train_station" text="station" type="participant"/>
            <label from="9-2" id="41" name="No_label" text="it" type="participant"/>
            <label from="9-4" id="42" name="ScrPart_time_date" text="time" type="participant"/>
            <label from="9-9" id="43" name="ScrPart_train" text="train" type="participant"/>
            <label from="9-12" id="44" name="ScrPart_door" text="doors" type="participant"/>
            <label from="9-16" id="45" name="ScrPart_train_staff" text="ticketperson" type="participant"/>
            <label from="9-18" id="46" name="ScrPart_card/ticket" text="each" type="participant"/>
            <label from="9-20" id="47" name="ScrPart_passenger" text="our" type="participant"/>
            <label from="9-21" id="48" name="ScrPart_card/ticket" text="tickets" type="participant"/>
            <label from="9-23" id="49" name="ScrPart_passenger" text="we" type="participant"/>
            <label from="9-27" id="50" name="ScrPart_train" text="train" type="participant"/>
            <label from="10-1" id="51" name="ScrPart_passenger" text="We" type="participant"/>
            <label from="10-5" id="52" name="ScrPart_passenger" text="our" type="participant"/>
            <label from="10-6" id="53" name="ScrPart_seat" text="seats" type="participant"/>
            <label from="11-1" id="54" name="ScrPart_passenger" text="I" type="participant"/>
            <label from="11-4" id="55" name="ScrPart_seat" text="window seat" to="11-5" type="participant"/>
            <label from="11-5" id="56" name="ScrPart_seat" text="seat" type="participant"/>
            <label from="11-8" id="57" name="ScrPart_passenger" text="my" type="participant"/>
            <label from="11-9" id="58" name="ScrPart_luggage" text="bags" type="participant"/>
            <label from="11-12" id="59" name="NPart" text="compartment" type="participant"/>
            <label from="12-1" id="60" name="No_label" text="Partway" type="participant"/>
            <label from="12-4" id="61" name="ScrPart_trip" text="ride" type="participant"/>
            <label from="12-7" id="62" name="ScrPart_train_staff" text="train employee" to="12-8" type="participant"/>
            <label from="12-8" id="63" name="ScrPart_train_staff" text="employee" type="participant"/>
            <label from="12-12" id="64" name="ScrPart_in-train_entertainment" text="snacks" type="participant"/>
            <label from="12-14" id="65" name="ScrPart_in-train_entertainment" text="drinks" type="participant"/>
            <label from="13-1" id="66" name="ScrPart_passenger" text="I" type="participant"/>
            <label from="13-5" id="67" name="ScrPart_in-train_entertainment" text="window" type="participant"/>
            <label from="13-9" id="68" name="ScrPart_in-train_entertainment" text="book" type="participant"/>
            <label from="14-2" id="69" name="ScrPart_passenger" text="we" type="participant"/>
            <label from="14-5" id="70" name="ScrPart_destination" text="Seattle" type="participant"/>
            <label from="14-7" id="71" name="ScrPart_passenger" text="I" type="participant"/>
            <label from="14-9" id="72" name="ScrPart_passenger" text="my" type="participant"/>
            <label from="14-10" id="73" name="ScrPart_luggage" text="bags" type="participant"/>
            <label from="14-13" id="74" name="NPart" text="baggage compartment" to="14-14" type="participant"/>
            <label from="14-14" id="75" name="NPart" text="compartment" type="participant"/>
            <label from="14-18" id="76" name="ScrPart_train" text="train" type="participant"/>
            <label from="14-22" id="77" name="ScrPart_passenger" text="my" type="participant"/>
            <label from="14-24" id="78" name="NPart" text="grandma" type="participant"/>
        </participants>
        <events>
            <label from="1-5" id="79" name="UnrelEv" text="got" type="event"/>
            <label from="1-7" id="80" name="RelNScrEv" text="visit" type="event"/>
            <label from="2-2" id="81" name="Evoking" text="took a train" to="2-4" type="event"/>
            <label from="2-6" id="82" name="RelNScrEv" text="visit" type="event"/>
            <label from="3-5" id="83" name="RelNScrEv" text="called" type="event"/>
            <label from="3-10" id="84" name="ScrEv_check_time-table" text="see" type="event"/>
            <label from="3-16" id="85" name="RelNScrEv" text="going" type="event"/>
            <label from="3-25" id="86" name="RelNScrEv" text="cost" type="event"/>
            <label from="4-2" id="87" name="RelNScrEv" text="chose" type="event"/>
            <label from="4-6" id="88" name="ScrEv_get_train_station" text="arrived" type="event"/>
            <label from="4-17" id="89" name="UnrelEv" text="scheduled" type="event"/>
            <label from="4-19" id="90" name="ScrEv_train_departs" text="leave" type="event"/>
            <label from="5-2" id="91" name="UnrelEv" text="was" type="event"/>
            <label from="6-2" id="92" name="RelNScrEv" text="walked" type="event"/>
            <label from="6-7" id="93" name="ScrEv_get_tickets" text="bought" type="event"/>
            <label from="7-3" id="94" name="ScrEv_get_tickets" text="got" type="event"/>
            <label from="7-10" id="95" name="ScrEv_wait" text="wait" type="event"/>
            <label from="7-15" id="96" name="ScrEv_get_on" text="board" type="event"/>
            <label from="8-2" id="97" name="ScrEv_wait" text="sat" type="event"/>
            <label from="9-3" id="98" name="UnrelEv" text="was" type="event"/>
            <label from="9-6" id="99" name="ScrEv_get_on" text="get on" to="9-7" type="event"/>
            <label from="9-13" id="100" name="RelNScrEv" text="opened" type="event"/>
            <label from="9-17" id="101" name="RelNScrEv" text="took" type="event"/>
            <label from="9-24" id="102" name="ScrEv_get_on" text="got on" to="9-25" type="event"/>
            <label from="10-2" id="103" name="UnrelEv" text="got" type="event"/>
            <label from="10-4" id="104" name="ScrEv_find_place" text="choose" type="event"/>
            <label from="11-2" id="105" name="ScrEv_find_place" text="choose" type="event"/>
            <label from="11-7" id="106" name="RelNScrEv" text="put" type="event"/>
            <label from="12-9" id="107" name="RelNScrEv" text="came by" to="12-10" type="event"/>
            <label from="13-2" id="108" name="ScrEv_spend_time_train" text="looked" type="event"/>
            <label from="13-7" id="109" name="ScrEv_spend_time_train" text="read" type="event"/>
            <label from="14-3" id="110" name="ScrEv_arrive_destination" text="arrived" type="event"/>
            <label from="14-8" id="111" name="RelNScrEv" text="grabbed" type="event"/>
            <label from="14-16" id="112" name="ScrEv_get_off" text="exited" type="event"/>
            <label from="14-21" id="113" name="UnrelEv" text="hugged" type="event"/>
            <label from="14-23" id="114" name="UnrelEv" text="waiting" type="event"/>
        </events>
        <chains>
            <chain elements="1 2 5 9 15 20 25 27 31 32 34 37 54 57 66 71 72 77"/>
            <chain elements="12 6" name="group_trains"/>
            <chain elements="3 7 78"/>
            <chain elements="4 13 70"/>
            <chain elements="11 18 24 40"/>
            <chain elements="6 21 35 43 50 76"/>
            <chain elements="23 26 30"/>
            <chain elements="14 28" name="group_tickets"/>
            <chain elements="28 33"/>
            <chain elements="36 34" name="group_passengers"/>
            <chain elements="14 46 48"/>
            <chain elements="36 49 51 52 69 47"/>
            <chain elements="53 56" name="group_seats"/>
            <chain elements="58 73"/>
            <chain elements="59 75"/>
        </chains>
    </annotations>
</story>
