<?xml version="1.0" encoding="UTF-8" standalone="no"?>
<!DOCTYPE story SYSTEM "../InScript.dtd">
<story id="054" scenario="train">
    <text>
        <content>I wanted to visit my friend in the city , but I did n't have a car . 
So , I decided to take the train . 
I walked to the train station and went up to the ticket counter . 
I asked for a ticket to the city where my friend lived and asked for the one that would depart the soonest . 
The ticket person sold me a ticket and I paid for it in cash . 
I called my friend and told them when I would be arriving to the train station near them . 
I waited by the train terminal for my train . 
When the train arrived I boarded the train and took a seat . 
The train passed many stops and finally I reached the stop that I wanted . 
I got off the train and saw my friend waiting for me to pick me up . 
The train had arrived at exactly the time that was stated on the ticket . </content>
        <sentences>
            <sentence id="1">
                <token content="I" id="1-1">
                    <pos type="PRP"/>
                    <lemma type="I"/>
                    <dep head="1-2" type="nsubj"/>
                </token>
                <token content="wanted" id="1-2">
                    <pos type="VBD"/>
                    <lemma type="want"/>
                </token>
                <token content="to" id="1-3">
                    <pos type="TO"/>
                    <lemma type="to"/>
                    <dep head="1-4" type="aux"/>
                </token>
                <token content="visit" id="1-4">
                    <pos type="VB"/>
                    <lemma type="visit"/>
                    <dep head="1-2" type="xcomp"/>
                </token>
                <token content="my" id="1-5">
                    <pos type="PRP$"/>
                    <lemma type="my"/>
                </token>
                <token content="friend" id="1-6">
                    <pos type="NN"/>
                    <lemma type="friend"/>
                    <dep head="1-4" type="dobj"/>
                </token>
                <token content="in" id="1-7"/>
                <token content="the" id="1-8">
                    <pos type="DT"/>
                    <lemma type="the"/>
                </token>
                <token content="city" id="1-9">
                    <pos type="NN"/>
                    <lemma type="city"/>
                    <dep head="1-4" type="prep"/>
                </token>
                <token content="," id="1-10"/>
                <token content="but" id="1-11"/>
                <token content="I" id="1-12">
                    <pos type="PRP"/>
                    <lemma type="I"/>
                    <dep head="1-15" type="nsubj"/>
                </token>
                <token content="did" id="1-13">
                    <pos type="VBD"/>
                    <lemma type="do"/>
                    <dep head="1-15" type="aux"/>
                </token>
                <token content="n't" id="1-14">
                    <pos type="RB"/>
                    <lemma type="not"/>
                    <dep head="1-15" type="neg"/>
                </token>
                <token content="have" id="1-15">
                    <pos type="VB"/>
                    <lemma type="have"/>
                    <dep head="1-2" type="conj"/>
                </token>
                <token content="a" id="1-16">
                    <pos type="DT"/>
                    <lemma type="a"/>
                </token>
                <token content="car" id="1-17">
                    <pos type="NN"/>
                    <lemma type="car"/>
                    <dep head="1-15" type="dobj"/>
                </token>
                <token content="." id="1-18"/>
            </sentence>
            <sentence id="2">
                <token content="So" id="2-1">
                    <pos type="RB"/>
                    <lemma type="so"/>
                    <dep head="2-4" type="advmod"/>
                </token>
                <token content="," id="2-2"/>
                <token content="I" id="2-3">
                    <pos type="PRP"/>
                    <lemma type="I"/>
                    <dep head="2-4" type="nsubj"/>
                </token>
                <token content="decided" id="2-4">
                    <pos type="VBD"/>
                    <lemma type="decide"/>
                </token>
                <token content="to" id="2-5">
                    <pos type="TO"/>
                    <lemma type="to"/>
                    <dep head="2-6" type="aux"/>
                </token>
                <token content="take" id="2-6">
                    <pos type="VB"/>
                    <lemma type="take"/>
                    <dep head="2-4" type="xcomp"/>
                </token>
                <token content="the" id="2-7">
                    <pos type="DT"/>
                    <lemma type="the"/>
                </token>
                <token content="train" id="2-8">
                    <pos type="NN"/>
                    <lemma type="train"/>
                    <dep head="2-6" type="dobj"/>
                </token>
                <token content="." id="2-9"/>
            </sentence>
            <sentence id="3">
                <token content="I" id="3-1">
                    <pos type="PRP"/>
                    <lemma type="I"/>
                    <dep head="3-2" type="nsubj"/>
                </token>
                <token content="walked" id="3-2">
                    <pos type="VBD"/>
                    <lemma type="walk"/>
                </token>
                <token content="to" id="3-3"/>
                <token content="the" id="3-4">
                    <pos type="DT"/>
                    <lemma type="the"/>
                </token>
                <token content="train" id="3-5">
                    <pos type="NN"/>
                    <lemma type="train"/>
                </token>
                <token content="station" id="3-6">
                    <pos type="NN"/>
                    <lemma type="station"/>
                    <dep head="3-2" type="prep"/>
                </token>
                <token content="and" id="3-7"/>
                <token content="went" id="3-8">
                    <pos type="VBD"/>
                    <lemma type="go"/>
                    <dep head="3-2" type="conj"/>
                </token>
                <token content="up" id="3-9">
                    <pos type="RP"/>
                    <lemma type="up"/>
                    <dep head="3-8" type="prt"/>
                </token>
                <token content="to" id="3-10"/>
                <token content="the" id="3-11">
                    <pos type="DT"/>
                    <lemma type="the"/>
                </token>
                <token content="ticket" id="3-12">
                    <pos type="NN"/>
                    <lemma type="ticket"/>
                </token>
                <token content="counter" id="3-13">
                    <pos type="NN"/>
                    <lemma type="counter"/>
                    <dep head="3-8" type="prep"/>
                </token>
                <token content="." id="3-14"/>
            </sentence>
            <sentence id="4">
                <token content="I" id="4-1">
                    <pos type="PRP"/>
                    <lemma type="I"/>
                    <dep head="4-2" type="nsubj"/>
                </token>
                <token content="asked" id="4-2">
                    <pos type="VBD"/>
                    <lemma type="ask"/>
                </token>
                <token content="for" id="4-3"/>
                <token content="a" id="4-4">
                    <pos type="DT"/>
                    <lemma type="a"/>
                </token>
                <token content="ticket" id="4-5">
                    <pos type="NN"/>
                    <lemma type="ticket"/>
                    <dep head="4-2" type="prep"/>
                </token>
                <token content="to" id="4-6"/>
                <token content="the" id="4-7">
                    <pos type="DT"/>
                    <lemma type="the"/>
                </token>
                <token content="city" id="4-8">
                    <pos type="NN"/>
                    <lemma type="city"/>
                </token>
                <token content="where" id="4-9">
                    <pos type="WRB"/>
                    <lemma type="where"/>
                    <dep head="4-12" type="advmod"/>
                </token>
                <token content="my" id="4-10">
                    <pos type="PRP$"/>
                    <lemma type="my"/>
                </token>
                <token content="friend" id="4-11">
                    <pos type="NN"/>
                    <lemma type="friend"/>
                    <dep head="4-12" type="nsubj"/>
                </token>
                <token content="lived" id="4-12">
                    <pos type="VBD"/>
                    <lemma type="live"/>
                    <dep head="4-2" type="ccomp"/>
                </token>
                <token content="and" id="4-13"/>
                <token content="asked" id="4-14">
                    <pos type="VBD"/>
                    <lemma type="ask"/>
                    <dep head="4-12" type="conj"/>
                </token>
                <token content="for" id="4-15"/>
                <token content="the" id="4-16">
                    <pos type="DT"/>
                    <lemma type="the"/>
                </token>
                <token content="one" id="4-17">
                    <pos type="NN"/>
                    <lemma type="one"/>
                    <dep head="4-12" type="prep"/>
                </token>
                <token content="that" id="4-18">
                    <pos type="WDT"/>
                    <lemma type="that"/>
                    <dep head="4-20" type="nsubj"/>
                </token>
                <token content="would" id="4-19">
                    <pos type="MD"/>
                    <lemma type="would"/>
                    <dep head="4-20" type="aux"/>
                </token>
                <token content="depart" id="4-20">
                    <pos type="VB"/>
                    <lemma type="depart"/>
                </token>
                <token content="the" id="4-21">
                    <pos type="DT"/>
                    <lemma type="the"/>
                </token>
                <token content="soonest" id="4-22">
                    <pos type="NN"/>
                    <lemma type="soonest"/>
                    <dep head="4-20" type="dobj"/>
                </token>
                <token content="." id="4-23"/>
            </sentence>
            <sentence id="5">
                <token content="The" id="5-1">
                    <pos type="DT"/>
                    <lemma type="the"/>
                </token>
                <token content="ticket" id="5-2">
                    <pos type="NN"/>
                    <lemma type="ticket"/>
                </token>
                <token content="person" id="5-3">
                    <pos type="NN"/>
                    <lemma type="person"/>
                    <dep head="5-4" type="nsubj"/>
                </token>
                <token content="sold" id="5-4">
                    <pos type="VBD"/>
                    <lemma type="sell"/>
                </token>
                <token content="me" id="5-5">
                    <pos type="PRP"/>
                    <lemma type="I"/>
                </token>
                <token content="a" id="5-6">
                    <pos type="DT"/>
                    <lemma type="a"/>
                </token>
                <token content="ticket" id="5-7">
                    <pos type="NN"/>
                    <lemma type="ticket"/>
                    <dep head="5-4" type="dep"/>
                </token>
                <token content="and" id="5-8"/>
                <token content="I" id="5-9">
                    <pos type="PRP"/>
                    <lemma type="I"/>
                    <dep head="5-10" type="nsubj"/>
                </token>
                <token content="paid" id="5-10">
                    <pos type="VBD"/>
                    <lemma type="pay"/>
                </token>
                <token content="for" id="5-11"/>
                <token content="it" id="5-12">
                    <pos type="PRP"/>
                    <lemma type="it"/>
                    <dep head="5-10" type="prep"/>
                </token>
                <token content="in" id="5-13"/>
                <token content="cash" id="5-14">
                    <pos type="NN"/>
                    <lemma type="cash"/>
                    <dep head="5-10" type="prep"/>
                </token>
                <token content="." id="5-15"/>
            </sentence>
            <sentence id="6">
                <token content="I" id="6-1">
                    <pos type="PRP"/>
                    <lemma type="I"/>
                    <dep head="6-2" type="nsubj"/>
                </token>
                <token content="called" id="6-2">
                    <pos type="VBD"/>
                    <lemma type="call"/>
                </token>
                <token content="my" id="6-3">
                    <pos type="PRP$"/>
                    <lemma type="my"/>
                </token>
                <token content="friend" id="6-4">
                    <pos type="NN"/>
                    <lemma type="friend"/>
                    <dep head="6-2" type="dobj"/>
                </token>
                <token content="and" id="6-5"/>
                <token content="told" id="6-6">
                    <pos type="VBD"/>
                    <lemma type="tell"/>
                    <dep head="6-2" type="conj"/>
                </token>
                <token content="them" id="6-7">
                    <pos type="PRP"/>
                    <lemma type="they"/>
                    <dep head="6-6" type="dobj"/>
                </token>
                <token content="when" id="6-8">
                    <pos type="WRB"/>
                    <lemma type="when"/>
                    <dep head="6-12" type="advmod"/>
                </token>
                <token content="I" id="6-9">
                    <pos type="PRP"/>
                    <lemma type="I"/>
                    <dep head="6-12" type="nsubj"/>
                </token>
                <token content="would" id="6-10">
                    <pos type="MD"/>
                    <lemma type="would"/>
                    <dep head="6-12" type="aux"/>
                </token>
                <token content="be" id="6-11">
                    <pos type="VB"/>
                    <lemma type="be"/>
                    <dep head="6-12" type="aux"/>
                </token>
                <token content="arriving" id="6-12">
                    <pos type="VBG"/>
                    <lemma type="arrive"/>
                    <dep head="6-6" type="ccomp"/>
                </token>
                <token content="to" id="6-13"/>
                <token content="the" id="6-14">
                    <pos type="DT"/>
                    <lemma type="the"/>
                </token>
                <token content="train" id="6-15">
                    <pos type="NN"/>
                    <lemma type="train"/>
                </token>
                <token content="station" id="6-16">
                    <pos type="NN"/>
                    <lemma type="station"/>
                    <dep head="6-12" type="prep"/>
                </token>
                <token content="near" id="6-17"/>
                <token content="them" id="6-18">
                    <pos type="PRP"/>
                    <lemma type="they"/>
                </token>
                <token content="." id="6-19"/>
            </sentence>
            <sentence id="7">
                <token content="I" id="7-1">
                    <pos type="PRP"/>
                    <lemma type="I"/>
                    <dep head="7-2" type="nsubj"/>
                </token>
                <token content="waited" id="7-2">
                    <pos type="VBD"/>
                    <lemma type="wait"/>
                </token>
                <token content="by" id="7-3"/>
                <token content="the" id="7-4">
                    <pos type="DT"/>
                    <lemma type="the"/>
                </token>
                <token content="train" id="7-5">
                    <pos type="NN"/>
                    <lemma type="train"/>
                </token>
                <token content="terminal" id="7-6">
                    <pos type="NN"/>
                    <lemma type="terminal"/>
                    <dep head="7-2" type="prep"/>
                </token>
                <token content="for" id="7-7"/>
                <token content="my" id="7-8">
                    <pos type="PRP$"/>
                    <lemma type="my"/>
                </token>
                <token content="train" id="7-9">
                    <pos type="NN"/>
                    <lemma type="train"/>
                    <dep head="7-2" type="prep"/>
                </token>
                <token content="." id="7-10"/>
            </sentence>
            <sentence id="8">
                <token content="When" id="8-1">
                    <pos type="WRB"/>
                    <lemma type="when"/>
                    <dep head="8-4" type="advmod"/>
                </token>
                <token content="the" id="8-2">
                    <pos type="DT"/>
                    <lemma type="the"/>
                </token>
                <token content="train" id="8-3">
                    <pos type="NN"/>
                    <lemma type="train"/>
                    <dep head="8-4" type="nsubj"/>
                </token>
                <token content="arrived" id="8-4">
                    <pos type="VBD"/>
                    <lemma type="arrive"/>
                    <dep head="8-6" type="advcl"/>
                </token>
                <token content="I" id="8-5">
                    <pos type="PRP"/>
                    <lemma type="I"/>
                    <dep head="8-6" type="nsubj"/>
                </token>
                <token content="boarded" id="8-6">
                    <pos type="VBD"/>
                    <lemma type="board"/>
                </token>
                <token content="the" id="8-7">
                    <pos type="DT"/>
                    <lemma type="the"/>
                </token>
                <token content="train" id="8-8">
                    <pos type="NN"/>
                    <lemma type="train"/>
                    <dep head="8-6" type="dobj"/>
                </token>
                <token content="and" id="8-9"/>
                <token content="took" id="8-10">
                    <pos type="VBD"/>
                    <lemma type="take"/>
                    <dep head="8-6" type="conj"/>
                </token>
                <token content="a" id="8-11">
                    <pos type="DT"/>
                    <lemma type="a"/>
                </token>
                <token content="seat" id="8-12">
                    <pos type="NN"/>
                    <lemma type="seat"/>
                    <dep head="8-10" type="dobj"/>
                </token>
                <token content="." id="8-13"/>
            </sentence>
            <sentence id="9">
                <token content="The" id="9-1">
                    <pos type="DT"/>
                    <lemma type="the"/>
                </token>
                <token content="train" id="9-2">
                    <pos type="NN"/>
                    <lemma type="train"/>
                    <dep head="9-3" type="nsubj"/>
                </token>
                <token content="passed" id="9-3">
                    <pos type="VBD"/>
                    <lemma type="pass"/>
                </token>
                <token content="many" id="9-4">
                    <pos type="JJ"/>
                    <lemma type="many"/>
                </token>
                <token content="stops" id="9-5">
                    <pos type="NNS"/>
                    <lemma type="stop"/>
                    <dep head="9-3" type="dobj"/>
                </token>
                <token content="and" id="9-6"/>
                <token content="finally" id="9-7">
                    <pos type="RB"/>
                    <lemma type="finally"/>
                    <dep head="9-9" type="advmod"/>
                </token>
                <token content="I" id="9-8">
                    <pos type="PRP"/>
                    <lemma type="I"/>
                    <dep head="9-9" type="nsubj"/>
                </token>
                <token content="reached" id="9-9">
                    <pos type="VBD"/>
                    <lemma type="reach"/>
                    <dep head="9-3" type="conj"/>
                </token>
                <token content="the" id="9-10">
                    <pos type="DT"/>
                    <lemma type="the"/>
                </token>
                <token content="stop" id="9-11">
                    <pos type="NN"/>
                    <lemma type="stop"/>
                    <dep head="9-9" type="dobj"/>
                </token>
                <token content="that" id="9-12">
                    <pos type="IN"/>
                    <lemma type="that"/>
                    <dep head="9-14" type="mark"/>
                </token>
                <token content="I" id="9-13">
                    <pos type="PRP"/>
                    <lemma type="I"/>
                    <dep head="9-14" type="nsubj"/>
                </token>
                <token content="wanted" id="9-14">
                    <pos type="VBD"/>
                    <lemma type="want"/>
                    <dep head="9-9" type="ccomp"/>
                </token>
                <token content="." id="9-15"/>
            </sentence>
            <sentence id="10">
                <token content="I" id="10-1">
                    <pos type="PRP"/>
                    <lemma type="I"/>
                    <dep head="10-2" type="nsubj"/>
                </token>
                <token content="got" id="10-2">
                    <pos type="VBD"/>
                    <lemma type="get"/>
                </token>
                <token content="off" id="10-3">
                    <pos type="RP"/>
                    <lemma type="off"/>
                    <dep head="10-2" type="prt"/>
                </token>
                <token content="the" id="10-4">
                    <pos type="DT"/>
                    <lemma type="the"/>
                </token>
                <token content="train" id="10-5">
                    <pos type="NN"/>
                    <lemma type="train"/>
                    <dep head="10-2" type="dobj"/>
                </token>
                <token content="and" id="10-6"/>
                <token content="saw" id="10-7">
                    <pos type="VBD"/>
                    <lemma type="see"/>
                    <dep head="10-2" type="conj"/>
                </token>
                <token content="my" id="10-8">
                    <pos type="PRP$"/>
                    <lemma type="my"/>
                </token>
                <token content="friend" id="10-9">
                    <pos type="NN"/>
                    <lemma type="friend"/>
                    <dep head="10-7" type="dobj"/>
                </token>
                <token content="waiting" id="10-10">
                    <pos type="VBG"/>
                    <lemma type="wait"/>
                    <dep head="10-7" type="xcomp"/>
                </token>
                <token content="for" id="10-11">
                    <pos type="IN"/>
                    <lemma type="for"/>
                    <dep head="10-14" type="mark"/>
                </token>
                <token content="me" id="10-12">
                    <pos type="PRP"/>
                    <lemma type="I"/>
                    <dep head="10-14" type="nsubj"/>
                </token>
                <token content="to" id="10-13">
                    <pos type="TO"/>
                    <lemma type="to"/>
                    <dep head="10-14" type="aux"/>
                </token>
                <token content="pick" id="10-14">
                    <pos type="VB"/>
                    <lemma type="pick"/>
                    <dep head="10-10" type="advcl"/>
                </token>
                <token content="me" id="10-15">
                    <pos type="PRP"/>
                    <lemma type="I"/>
                    <dep head="10-14" type="dobj"/>
                </token>
                <token content="up" id="10-16">
                    <pos type="RP"/>
                    <lemma type="up"/>
                    <dep head="10-14" type="prt"/>
                </token>
                <token content="." id="10-17"/>
            </sentence>
            <sentence id="11">
                <token content="The" id="11-1">
                    <pos type="DT"/>
                    <lemma type="the"/>
                </token>
                <token content="train" id="11-2">
                    <pos type="NN"/>
                    <lemma type="train"/>
                    <dep head="11-4" type="nsubj"/>
                </token>
                <token content="had" id="11-3">
                    <pos type="VBD"/>
                    <lemma type="have"/>
                    <dep head="11-4" type="aux"/>
                </token>
                <token content="arrived" id="11-4">
                    <pos type="VBN"/>
                    <lemma type="arrive"/>
                </token>
                <token content="at" id="11-5"/>
                <token content="exactly" id="11-6">
                    <pos type="RB"/>
                    <lemma type="exactly"/>
                </token>
                <token content="the" id="11-7">
                    <pos type="DT"/>
                    <lemma type="the"/>
                </token>
                <token content="time" id="11-8">
                    <pos type="NN"/>
                    <lemma type="time"/>
                    <dep head="11-4" type="prep"/>
                </token>
                <token content="that" id="11-9">
                    <pos type="WDT"/>
                    <lemma type="that"/>
                    <dep head="11-11" type="nsubjpass"/>
                </token>
                <token content="was" id="11-10">
                    <pos type="VBD"/>
                    <lemma type="be"/>
                    <dep head="11-11" type="auxpass"/>
                </token>
                <token content="stated" id="11-11">
                    <pos type="VBN"/>
                    <lemma type="state"/>
                </token>
                <token content="on" id="11-12"/>
                <token content="the" id="11-13">
                    <pos type="DT"/>
                    <lemma type="the"/>
                </token>
                <token content="ticket" id="11-14">
                    <pos type="NN"/>
                    <lemma type="ticket"/>
                    <dep head="11-11" type="prep"/>
                </token>
                <token content="." id="11-15"/>
            </sentence>
        </sentences>
    </text>
    <annotations>
        <participants>
            <label from="1-1" id="0" name="ScrPart_passenger" text="I" type="participant"/>
            <label from="1-5" id="1" name="ScrPart_passenger" text="my" type="participant"/>
            <label from="1-6" id="2" name="NPart" text="friend" type="participant"/>
            <label from="1-9" id="3" name="ScrPart_destination" text="city" type="participant"/>
            <label from="1-12" id="4" name="ScrPart_passenger" text="I" type="participant"/>
            <label from="1-17" id="5" name="NPart" text="car" type="participant"/>
            <label from="2-3" id="6" name="ScrPart_passenger" text="I" type="participant"/>
            <label from="2-8" id="7" name="ScrPart_train" text="train" type="participant"/>
            <label from="3-1" id="8" name="ScrPart_passenger" text="I" type="participant"/>
            <label from="3-5" id="9" name="ScrPart_train_station" text="train station" to="3-6" type="participant"/>
            <label from="3-6" id="10" name="ScrPart_train_station" text="station" type="participant"/>
            <label from="3-12" id="11" name="ScrPart_ticket_office/website" text="ticket counter" to="3-13" type="participant"/>
            <label from="3-13" id="12" name="ScrPart_ticket_office/website" text="counter" type="participant"/>
            <label from="4-1" id="13" name="ScrPart_passenger" text="I" type="participant"/>
            <label from="4-5" id="14" name="ScrPart_card/ticket" text="ticket" type="participant"/>
            <label from="4-8" id="15" name="ScrPart_destination" text="city" type="participant"/>
            <label from="4-10" id="16" name="ScrPart_passenger" text="my" type="participant"/>
            <label from="4-11" id="17" name="NPart" text="friend" type="participant"/>
            <label from="4-17" id="18" name="ScrPart_train" text="one" type="participant"/>
            <label from="5-2" id="19" name="ScrPart_train_staff" text="ticket person" to="5-3" type="participant"/>
            <label from="5-3" id="20" name="ScrPart_train_staff" text="person" type="participant"/>
            <label from="5-5" id="21" name="ScrPart_passenger" text="me" type="participant"/>
            <label from="5-7" id="22" name="ScrPart_card/ticket" text="ticket" type="participant"/>
            <label from="5-9" id="23" name="ScrPart_passenger" text="I" type="participant"/>
            <label from="5-12" id="24" name="ScrPart_card/ticket" text="it" type="participant"/>
            <label from="5-14" id="25" name="NPart" text="cash" type="participant"/>
            <label from="6-1" id="26" name="ScrPart_passenger" text="I" type="participant"/>
            <label from="6-3" id="27" name="ScrPart_passenger" text="my" type="participant"/>
            <label from="6-4" id="28" name="NPart" text="friend" type="participant"/>
            <label from="6-7" id="29" name="NPart" text="them" type="participant"/>
            <label from="6-9" id="30" name="ScrPart_passenger" text="I" type="participant"/>
            <label from="6-15" id="31" name="ScrPart_platform" text="train station" to="6-16" type="participant"/>
            <label from="6-16" id="32" name="ScrPart_platform" text="station" type="participant"/>
            <label from="6-18" id="33" name="NPart" text="them" type="participant"/>
            <label from="7-1" id="34" name="ScrPart_passenger" text="I" type="participant"/>
            <label from="7-5" id="35" name="ScrPart_platform" text="train terminal" to="7-6" type="participant"/>
            <label from="7-6" id="36" name="ScrPart_platform" text="terminal" type="participant"/>
            <label from="7-8" id="37" name="ScrPart_passenger" text="my" type="participant"/>
            <label from="7-9" id="38" name="ScrPart_train" text="train" type="participant"/>
            <label from="8-3" id="39" name="ScrPart_train" text="train" type="participant"/>
            <label from="8-5" id="40" name="ScrPart_passenger" text="I" type="participant"/>
            <label from="8-8" id="41" name="ScrPart_train" text="train" type="participant"/>
            <label from="8-12" id="42" name="ScrPart_seat" text="seat" type="participant"/>
            <label from="9-2" id="43" name="ScrPart_train" text="train" type="participant"/>
            <label from="9-5" id="44" name="ScrPart_other" text="stops" type="participant"/>
            <label from="9-8" id="45" name="ScrPart_passenger" text="I" type="participant"/>
            <label from="9-11" id="46" name="ScrPart_destination" text="stop" type="participant"/>
            <label from="9-13" id="47" name="ScrPart_passenger" text="I" type="participant"/>
            <label from="10-1" id="48" name="ScrPart_passenger" text="I" type="participant"/>
            <label from="10-5" id="49" name="ScrPart_train" text="train" type="participant"/>
            <label from="10-8" id="50" name="ScrPart_passenger" text="my" type="participant"/>
            <label from="10-9" id="51" name="NPart" text="friend" type="participant"/>
            <label from="10-12" id="52" name="ScrPart_passenger" text="me" type="participant"/>
            <label from="10-15" id="53" name="ScrPart_passenger" text="me" type="participant"/>
            <label from="11-2" id="54" name="ScrPart_train" text="train" type="participant"/>
            <label from="11-8" id="55" name="ScrPart_time_date" text="time" type="participant"/>
            <label from="11-14" id="56" name="ScrPart_card/ticket" text="ticket" type="participant"/>
        </participants>
        <events>
            <label from="1-2" id="57" name="UnrelEv" text="wanted" type="event"/>
            <label from="1-4" id="58" name="UnrelEv" text="visit" type="event"/>
            <label from="1-15" id="59" name="UnrelEv" text="have" type="event"/>
            <label from="2-4" id="60" name="UnrelEv" text="decided" type="event"/>
            <label from="2-6" id="61" name="Evoking" text="take the train" to="2-8" type="event"/>
            <label from="3-2" id="62" name="ScrEv_get_train_station" text="walked" type="event"/>
            <label from="3-8" id="63" name="UnrelEv" text="went up" to="3-9" type="event"/>
            <label from="3-8" id="64" name="UnrelEv" text="went" type="event"/>
            <label from="4-2" id="65" name="RelNScrEv" text="asked" type="event"/>
            <label from="4-12" id="66" name="UnrelEv" text="lived" type="event"/>
            <label from="4-14" id="67" name="RelNScrEv" text="asked" type="event"/>
            <label from="4-20" id="68" name="RelNScrEv" text="depart" type="event"/>
            <label from="5-4" id="69" name="ScrEv_get_tickets" text="sold" type="event"/>
            <label from="5-10" id="70" name="RelNScrEv" text="paid" type="event"/>
            <label from="6-2" id="71" name="UnrelEv" text="called" type="event"/>
            <label from="6-6" id="72" name="UnrelEv" text="told" type="event"/>
            <label from="6-12" id="73" name="RelNScrEv" text="arriving" type="event"/>
            <label from="7-2" id="74" name="ScrEv_wait" text="waited" type="event"/>
            <label from="8-4" id="75" name="ScrEv_arrive_destination" text="arrived" type="event"/>
            <label from="8-6" id="76" name="ScrEv_get_on" text="boarded" type="event"/>
            <label from="8-10" id="77" name="ScrEv_find_place" text="took" type="event"/>
            <label from="9-3" id="78" name="RelNScrEv" text="passed" type="event"/>
            <label from="9-9" id="79" name="ScrEv_arrive_destination" text="reached" type="event"/>
            <label from="9-14" id="80" name="UnrelEv" text="wanted" type="event"/>
            <label from="10-2" id="81" name="ScrEv_get_off" text="got off" to="10-3" type="event"/>
            <label from="10-2" id="82" name="ScrEv_get_off" text="got" type="event"/>
            <label from="10-7" id="83" name="UnrelEv" text="saw" type="event"/>
            <label from="10-10" id="84" name="RelNScrEv" text="waiting" type="event"/>
            <label from="10-14" id="85" name="RelNScrEv" text="pick" type="event"/>
            <label from="11-4" id="86" name="ScrEv_arrive_destination" text="arrived" type="event"/>
            <label from="11-11" id="87" name="UnrelEv" text="stated" type="event"/>
        </events>
        <chains>
            <chain elements="0 1 4 6 8 13 16 21 23 26 27 30 34 37 40 45 47 48 50 52 53"/>
            <chain elements="3 15"/>
            <chain elements="7 18 38 39 41 43 49 54"/>
            <chain elements="14 22 24 56"/>
            <chain elements="10 32"/>
        </chains>
    </annotations>
</story>
