<?xml version="1.0" encoding="UTF-8" standalone="no"?>
<!DOCTYPE story SYSTEM "../InScript.dtd">
<story id="035" scenario="train">
    <text>
        <content>Taking the train is an efficient method of transportation to get from place to place . 
Before taking the train , I will make sure my transit card has enough fare on it . 
This can be checked at the ticketing machines . 
If I am low , I will top-up the card with more money . 
Once this is all set , I will head towards the gate to scan my transit card . 
The gates will open and the fare will be collected . 
Usually I already know where I need to go , but in case I do not know . 
I will check the many maps posted around the station . 
Knowing which direction the train heads towards is the most important thing as you do n't want to waste time going the wrong way . 
Once this is determined , I will head towards the train platform and wait until the train arrives . 
Once the train is here , I am all set and I will board the train and get off at my destination . </content>
        <sentences>
            <sentence id="1">
                <token content="Taking" id="1-1">
                    <pos type="VBG"/>
                    <lemma type="take"/>
                </token>
                <token content="the" id="1-2">
                    <pos type="DT"/>
                    <lemma type="the"/>
                </token>
                <token content="train" id="1-3">
                    <pos type="NN"/>
                    <lemma type="train"/>
                    <dep head="1-1" type="dobj"/>
                </token>
                <token content="is" id="1-4">
                    <pos type="VBZ"/>
                    <lemma type="be"/>
                </token>
                <token content="an" id="1-5">
                    <pos type="DT"/>
                    <lemma type="a"/>
                </token>
                <token content="efficient" id="1-6">
                    <pos type="JJ"/>
                    <lemma type="efficient"/>
                </token>
                <token content="method" id="1-7">
                    <pos type="NN"/>
                    <lemma type="method"/>
                </token>
                <token content="of" id="1-8"/>
                <token content="transportation" id="1-9">
                    <pos type="NN"/>
                    <lemma type="transportation"/>
                </token>
                <token content="to" id="1-10">
                    <pos type="TO"/>
                    <lemma type="to"/>
                    <dep head="1-11" type="aux"/>
                </token>
                <token content="get" id="1-11">
                    <pos type="VB"/>
                    <lemma type="get"/>
                </token>
                <token content="from" id="1-12"/>
                <token content="place" id="1-13">
                    <pos type="NN"/>
                    <lemma type="place"/>
                    <dep head="1-11" type="prep"/>
                </token>
                <token content="to" id="1-14"/>
                <token content="place" id="1-15">
                    <pos type="NN"/>
                    <lemma type="place"/>
                    <dep head="1-11" type="prep"/>
                </token>
                <token content="." id="1-16"/>
            </sentence>
            <sentence id="2">
                <token content="Before" id="2-1"/>
                <token content="taking" id="2-2">
                    <pos type="VBG"/>
                    <lemma type="take"/>
                    <dep head="2-8" type="prepc"/>
                </token>
                <token content="the" id="2-3">
                    <pos type="DT"/>
                    <lemma type="the"/>
                </token>
                <token content="train" id="2-4">
                    <pos type="NN"/>
                    <lemma type="train"/>
                    <dep head="2-2" type="dobj"/>
                </token>
                <token content="," id="2-5"/>
                <token content="I" id="2-6">
                    <pos type="PRP"/>
                    <lemma type="I"/>
                    <dep head="2-8" type="nsubj"/>
                </token>
                <token content="will" id="2-7">
                    <pos type="MD"/>
                    <lemma type="will"/>
                    <dep head="2-8" type="aux"/>
                </token>
                <token content="make" id="2-8">
                    <pos type="VB"/>
                    <lemma type="make"/>
                </token>
                <token content="sure" id="2-9">
                    <pos type="JJ"/>
                    <lemma type="sure"/>
                    <dep head="2-8" type="acomp"/>
                </token>
                <token content="my" id="2-10">
                    <pos type="PRP$"/>
                    <lemma type="my"/>
                </token>
                <token content="transit" id="2-11">
                    <pos type="NN"/>
                    <lemma type="transit"/>
                </token>
                <token content="card" id="2-12">
                    <pos type="NN"/>
                    <lemma type="card"/>
                    <dep head="2-13" type="nsubj"/>
                </token>
                <token content="has" id="2-13">
                    <pos type="VBZ"/>
                    <lemma type="have"/>
                </token>
                <token content="enough" id="2-14">
                    <pos type="JJ"/>
                    <lemma type="enough"/>
                </token>
                <token content="fare" id="2-15">
                    <pos type="NN"/>
                    <lemma type="fare"/>
                    <dep head="2-13" type="dobj"/>
                </token>
                <token content="on" id="2-16"/>
                <token content="it" id="2-17">
                    <pos type="PRP"/>
                    <lemma type="it"/>
                </token>
                <token content="." id="2-18"/>
            </sentence>
            <sentence id="3">
                <token content="This" id="3-1">
                    <pos type="DT"/>
                    <lemma type="this"/>
                    <dep head="3-4" type="nsubjpass"/>
                </token>
                <token content="can" id="3-2">
                    <pos type="MD"/>
                    <lemma type="can"/>
                    <dep head="3-4" type="aux"/>
                </token>
                <token content="be" id="3-3">
                    <pos type="VB"/>
                    <lemma type="be"/>
                    <dep head="3-4" type="auxpass"/>
                </token>
                <token content="checked" id="3-4">
                    <pos type="VBN"/>
                    <lemma type="check"/>
                </token>
                <token content="at" id="3-5"/>
                <token content="the" id="3-6">
                    <pos type="DT"/>
                    <lemma type="the"/>
                </token>
                <token content="ticketing" id="3-7">
                    <pos type="VBG"/>
                    <lemma type="ticket"/>
                </token>
                <token content="machines" id="3-8">
                    <pos type="NNS"/>
                    <lemma type="machine"/>
                    <dep head="3-4" type="prep"/>
                </token>
                <token content="." id="3-9"/>
            </sentence>
            <sentence id="4">
                <token content="If" id="4-1">
                    <pos type="IN"/>
                    <lemma type="if"/>
                </token>
                <token content="I" id="4-2">
                    <pos type="PRP"/>
                    <lemma type="I"/>
                </token>
                <token content="am" id="4-3">
                    <pos type="VBP"/>
                    <lemma type="be"/>
                </token>
                <token content="low" id="4-4">
                    <pos type="JJ"/>
                    <lemma type="low"/>
                    <dep head="4-8" type="advcl"/>
                </token>
                <token content="," id="4-5"/>
                <token content="I" id="4-6">
                    <pos type="PRP"/>
                    <lemma type="I"/>
                    <dep head="4-8" type="nsubj"/>
                </token>
                <token content="will" id="4-7">
                    <pos type="MD"/>
                    <lemma type="will"/>
                    <dep head="4-8" type="aux"/>
                </token>
                <token content="top-up" id="4-8">
                    <pos type="VB"/>
                    <lemma type="top-up"/>
                </token>
                <token content="the" id="4-9">
                    <pos type="DT"/>
                    <lemma type="the"/>
                </token>
                <token content="card" id="4-10">
                    <pos type="NN"/>
                    <lemma type="card"/>
                    <dep head="4-8" type="dobj"/>
                </token>
                <token content="with" id="4-11"/>
                <token content="more" id="4-12">
                    <pos type="JJR"/>
                    <lemma type="more"/>
                </token>
                <token content="money" id="4-13">
                    <pos type="NN"/>
                    <lemma type="money"/>
                    <dep head="4-8" type="prep"/>
                </token>
                <token content="." id="4-14"/>
            </sentence>
            <sentence id="5">
                <token content="Once" id="5-1">
                    <pos type="IN"/>
                    <lemma type="once"/>
                    <dep head="5-5" type="mark"/>
                </token>
                <token content="this" id="5-2">
                    <pos type="DT"/>
                    <lemma type="this"/>
                    <dep head="5-5" type="nsubjpass"/>
                </token>
                <token content="is" id="5-3">
                    <pos type="VBZ"/>
                    <lemma type="be"/>
                    <dep head="5-5" type="auxpass"/>
                </token>
                <token content="all" id="5-4">
                    <pos type="RB"/>
                    <lemma type="all"/>
                    <dep head="5-5" type="advmod"/>
                </token>
                <token content="set" id="5-5">
                    <pos type="VBN"/>
                    <lemma type="set"/>
                    <dep head="5-9" type="advcl"/>
                </token>
                <token content="," id="5-6"/>
                <token content="I" id="5-7">
                    <pos type="PRP"/>
                    <lemma type="I"/>
                    <dep head="5-9" type="nsubj"/>
                </token>
                <token content="will" id="5-8">
                    <pos type="MD"/>
                    <lemma type="will"/>
                    <dep head="5-9" type="aux"/>
                </token>
                <token content="head" id="5-9">
                    <pos type="VB"/>
                    <lemma type="head"/>
                </token>
                <token content="towards" id="5-10"/>
                <token content="the" id="5-11">
                    <pos type="DT"/>
                    <lemma type="the"/>
                </token>
                <token content="gate" id="5-12">
                    <pos type="NN"/>
                    <lemma type="gate"/>
                    <dep head="5-9" type="prep"/>
                </token>
                <token content="to" id="5-13">
                    <pos type="TO"/>
                    <lemma type="to"/>
                    <dep head="5-14" type="aux"/>
                </token>
                <token content="scan" id="5-14">
                    <pos type="VB"/>
                    <lemma type="scan"/>
                </token>
                <token content="my" id="5-15">
                    <pos type="PRP$"/>
                    <lemma type="my"/>
                </token>
                <token content="transit" id="5-16">
                    <pos type="NN"/>
                    <lemma type="transit"/>
                </token>
                <token content="card" id="5-17">
                    <pos type="NN"/>
                    <lemma type="card"/>
                    <dep head="5-14" type="dobj"/>
                </token>
                <token content="." id="5-18"/>
            </sentence>
            <sentence id="6">
                <token content="The" id="6-1">
                    <pos type="DT"/>
                    <lemma type="the"/>
                </token>
                <token content="gates" id="6-2">
                    <pos type="NNS"/>
                    <lemma type="gate"/>
                    <dep head="6-4" type="nsubj"/>
                </token>
                <token content="will" id="6-3">
                    <pos type="MD"/>
                    <lemma type="will"/>
                    <dep head="6-4" type="aux"/>
                </token>
                <token content="open" id="6-4">
                    <pos type="VB"/>
                    <lemma type="open"/>
                </token>
                <token content="and" id="6-5"/>
                <token content="the" id="6-6">
                    <pos type="DT"/>
                    <lemma type="the"/>
                </token>
                <token content="fare" id="6-7">
                    <pos type="NN"/>
                    <lemma type="fare"/>
                    <dep head="6-10" type="nsubjpass"/>
                </token>
                <token content="will" id="6-8">
                    <pos type="MD"/>
                    <lemma type="will"/>
                    <dep head="6-10" type="aux"/>
                </token>
                <token content="be" id="6-9">
                    <pos type="VB"/>
                    <lemma type="be"/>
                    <dep head="6-10" type="auxpass"/>
                </token>
                <token content="collected" id="6-10">
                    <pos type="VBN"/>
                    <lemma type="collect"/>
                    <dep head="6-4" type="conj"/>
                </token>
                <token content="." id="6-11"/>
            </sentence>
            <sentence id="7">
                <token content="Usually" id="7-1">
                    <pos type="RB"/>
                    <lemma type="usually"/>
                    <dep head="7-4" type="advmod"/>
                </token>
                <token content="I" id="7-2">
                    <pos type="PRP"/>
                    <lemma type="I"/>
                    <dep head="7-4" type="nsubj"/>
                </token>
                <token content="already" id="7-3">
                    <pos type="RB"/>
                    <lemma type="already"/>
                    <dep head="7-4" type="advmod"/>
                </token>
                <token content="know" id="7-4">
                    <pos type="VBP"/>
                    <lemma type="know"/>
                </token>
                <token content="where" id="7-5">
                    <pos type="WRB"/>
                    <lemma type="where"/>
                    <dep head="7-7" type="advmod"/>
                </token>
                <token content="I" id="7-6">
                    <pos type="PRP"/>
                    <lemma type="I"/>
                    <dep head="7-7" type="nsubj"/>
                </token>
                <token content="need" id="7-7">
                    <pos type="VBP"/>
                    <lemma type="need"/>
                    <dep head="7-4" type="ccomp"/>
                </token>
                <token content="to" id="7-8">
                    <pos type="TO"/>
                    <lemma type="to"/>
                    <dep head="7-9" type="aux"/>
                </token>
                <token content="go" id="7-9">
                    <pos type="VB"/>
                    <lemma type="go"/>
                    <dep head="7-7" type="xcomp"/>
                </token>
                <token content="," id="7-10"/>
                <token content="but" id="7-11"/>
                <token content="in" id="7-12"/>
                <token content="case" id="7-13">
                    <pos type="NN"/>
                    <lemma type="case"/>
                    <dep head="7-17" type="prep"/>
                </token>
                <token content="I" id="7-14">
                    <pos type="PRP"/>
                    <lemma type="I"/>
                    <dep head="7-17" type="nsubj"/>
                </token>
                <token content="do" id="7-15">
                    <pos type="VBP"/>
                    <lemma type="do"/>
                    <dep head="7-17" type="aux"/>
                </token>
                <token content="not" id="7-16">
                    <pos type="RB"/>
                    <lemma type="not"/>
                    <dep head="7-17" type="neg"/>
                </token>
                <token content="know" id="7-17">
                    <pos type="VB"/>
                    <lemma type="know"/>
                    <dep head="7-4" type="conj"/>
                </token>
                <token content="." id="7-18"/>
            </sentence>
            <sentence id="8">
                <token content="I" id="8-1">
                    <pos type="PRP"/>
                    <lemma type="I"/>
                    <dep head="8-3" type="nsubj"/>
                </token>
                <token content="will" id="8-2">
                    <pos type="MD"/>
                    <lemma type="will"/>
                    <dep head="8-3" type="aux"/>
                </token>
                <token content="check" id="8-3">
                    <pos type="VB"/>
                    <lemma type="check"/>
                </token>
                <token content="the" id="8-4">
                    <pos type="DT"/>
                    <lemma type="the"/>
                </token>
                <token content="many" id="8-5">
                    <pos type="JJ"/>
                    <lemma type="many"/>
                </token>
                <token content="maps" id="8-6">
                    <pos type="NNS"/>
                    <lemma type="map"/>
                    <dep head="8-3" type="dobj"/>
                </token>
                <token content="posted" id="8-7">
                    <pos type="VBN"/>
                    <lemma type="post"/>
                </token>
                <token content="around" id="8-8"/>
                <token content="the" id="8-9">
                    <pos type="DT"/>
                    <lemma type="the"/>
                </token>
                <token content="station" id="8-10">
                    <pos type="NN"/>
                    <lemma type="station"/>
                    <dep head="8-7" type="prep"/>
                </token>
                <token content="." id="8-11"/>
            </sentence>
            <sentence id="9">
                <token content="Knowing" id="9-1">
                    <pos type="VBG"/>
                    <lemma type="know"/>
                </token>
                <token content="which" id="9-2">
                    <pos type="WDT"/>
                    <lemma type="which"/>
                    <dep head="9-6" type="prep"/>
                </token>
                <token content="direction" id="9-3">
                    <pos type="NN"/>
                    <lemma type="direction"/>
                    <dep head="9-6" type="nsubj"/>
                </token>
                <token content="the" id="9-4">
                    <pos type="DT"/>
                    <lemma type="the"/>
                </token>
                <token content="train" id="9-5">
                    <pos type="NN"/>
                    <lemma type="train"/>
                </token>
                <token content="heads" id="9-6">
                    <pos type="VBZ"/>
                    <lemma type="head"/>
                    <dep head="9-1" type="ccomp"/>
                </token>
                <token content="towards" id="9-7"/>
                <token content="is" id="9-8">
                    <pos type="VBZ"/>
                    <lemma type="be"/>
                </token>
                <token content="the" id="9-9">
                    <pos type="DT"/>
                    <lemma type="the"/>
                </token>
                <token content="most" id="9-10">
                    <pos type="RBS"/>
                    <lemma type="most"/>
                </token>
                <token content="important" id="9-11">
                    <pos type="JJ"/>
                    <lemma type="important"/>
                </token>
                <token content="thing" id="9-12">
                    <pos type="NN"/>
                    <lemma type="thing"/>
                </token>
                <token content="as" id="9-13">
                    <pos type="IN"/>
                    <lemma type="as"/>
                    <dep head="9-17" type="mark"/>
                </token>
                <token content="you" id="9-14">
                    <pos type="PRP"/>
                    <lemma type="you"/>
                    <dep head="9-17" type="nsubj"/>
                </token>
                <token content="do" id="9-15">
                    <pos type="VBP"/>
                    <lemma type="do"/>
                    <dep head="9-17" type="aux"/>
                </token>
                <token content="n't" id="9-16">
                    <pos type="RB"/>
                    <lemma type="not"/>
                    <dep head="9-17" type="neg"/>
                </token>
                <token content="want" id="9-17">
                    <pos type="VB"/>
                    <lemma type="want"/>
                </token>
                <token content="to" id="9-18">
                    <pos type="TO"/>
                    <lemma type="to"/>
                    <dep head="9-19" type="aux"/>
                </token>
                <token content="waste" id="9-19">
                    <pos type="VB"/>
                    <lemma type="waste"/>
                    <dep head="9-17" type="xcomp"/>
                </token>
                <token content="time" id="9-20">
                    <pos type="NN"/>
                    <lemma type="time"/>
                    <dep head="9-19" type="dobj"/>
                </token>
                <token content="going" id="9-21">
                    <pos type="VBG"/>
                    <lemma type="go"/>
                    <dep head="9-19" type="xcomp"/>
                </token>
                <token content="the" id="9-22">
                    <pos type="DT"/>
                    <lemma type="the"/>
                </token>
                <token content="wrong" id="9-23">
                    <pos type="JJ"/>
                    <lemma type="wrong"/>
                </token>
                <token content="way" id="9-24">
                    <pos type="NN"/>
                    <lemma type="way"/>
                    <dep head="9-21" type="dobj"/>
                </token>
                <token content="." id="9-25"/>
            </sentence>
            <sentence id="10">
                <token content="Once" id="10-1">
                    <pos type="IN"/>
                    <lemma type="once"/>
                    <dep head="10-4" type="mark"/>
                </token>
                <token content="this" id="10-2">
                    <pos type="DT"/>
                    <lemma type="this"/>
                    <dep head="10-4" type="nsubjpass"/>
                </token>
                <token content="is" id="10-3">
                    <pos type="VBZ"/>
                    <lemma type="be"/>
                    <dep head="10-4" type="auxpass"/>
                </token>
                <token content="determined" id="10-4">
                    <pos type="VBN"/>
                    <lemma type="determine"/>
                    <dep head="10-8" type="advcl"/>
                </token>
                <token content="," id="10-5"/>
                <token content="I" id="10-6">
                    <pos type="PRP"/>
                    <lemma type="I"/>
                    <dep head="10-8" type="nsubj"/>
                </token>
                <token content="will" id="10-7">
                    <pos type="MD"/>
                    <lemma type="will"/>
                    <dep head="10-8" type="aux"/>
                </token>
                <token content="head" id="10-8">
                    <pos type="VB"/>
                    <lemma type="head"/>
                </token>
                <token content="towards" id="10-9"/>
                <token content="the" id="10-10">
                    <pos type="DT"/>
                    <lemma type="the"/>
                </token>
                <token content="train" id="10-11">
                    <pos type="NN"/>
                    <lemma type="train"/>
                </token>
                <token content="platform" id="10-12">
                    <pos type="NN"/>
                    <lemma type="platform"/>
                    <dep head="10-8" type="prep"/>
                </token>
                <token content="and" id="10-13"/>
                <token content="wait" id="10-14">
                    <pos type="VB"/>
                    <lemma type="wait"/>
                    <dep head="10-8" type="conj"/>
                </token>
                <token content="until" id="10-15">
                    <pos type="IN"/>
                    <lemma type="until"/>
                    <dep head="10-18" type="mark"/>
                </token>
                <token content="the" id="10-16">
                    <pos type="DT"/>
                    <lemma type="the"/>
                </token>
                <token content="train" id="10-17">
                    <pos type="NN"/>
                    <lemma type="train"/>
                    <dep head="10-18" type="nsubj"/>
                </token>
                <token content="arrives" id="10-18">
                    <pos type="VBZ"/>
                    <lemma type="arrive"/>
                    <dep head="10-14" type="advcl"/>
                </token>
                <token content="." id="10-19"/>
            </sentence>
            <sentence id="11">
                <token content="Once" id="11-1">
                    <pos type="IN"/>
                    <lemma type="once"/>
                    <dep head="11-4" type="mark"/>
                </token>
                <token content="the" id="11-2">
                    <pos type="DT"/>
                    <lemma type="the"/>
                </token>
                <token content="train" id="11-3">
                    <pos type="NN"/>
                    <lemma type="train"/>
                    <dep head="11-4" type="nsubj"/>
                </token>
                <token content="is" id="11-4">
                    <pos type="VBZ"/>
                    <lemma type="be"/>
                    <dep head="11-10" type="advcl"/>
                </token>
                <token content="here" id="11-5">
                    <pos type="RB"/>
                    <lemma type="here"/>
                    <dep head="11-4" type="advmod"/>
                </token>
                <token content="," id="11-6"/>
                <token content="I" id="11-7">
                    <pos type="PRP"/>
                    <lemma type="I"/>
                    <dep head="11-10" type="nsubjpass"/>
                </token>
                <token content="am" id="11-8">
                    <pos type="VBP"/>
                    <lemma type="be"/>
                    <dep head="11-10" type="auxpass"/>
                </token>
                <token content="all" id="11-9">
                    <pos type="RB"/>
                    <lemma type="all"/>
                    <dep head="11-10" type="advmod"/>
                </token>
                <token content="set" id="11-10">
                    <pos type="VBN"/>
                    <lemma type="set"/>
                </token>
                <token content="and" id="11-11"/>
                <token content="I" id="11-12">
                    <pos type="PRP"/>
                    <lemma type="I"/>
                    <dep head="11-14" type="nsubj"/>
                </token>
                <token content="will" id="11-13">
                    <pos type="MD"/>
                    <lemma type="will"/>
                    <dep head="11-14" type="aux"/>
                </token>
                <token content="board" id="11-14">
                    <pos type="VB"/>
                    <lemma type="board"/>
                    <dep head="11-10" type="conj"/>
                </token>
                <token content="the" id="11-15">
                    <pos type="DT"/>
                    <lemma type="the"/>
                </token>
                <token content="train" id="11-16">
                    <pos type="NN"/>
                    <lemma type="train"/>
                    <dep head="11-14" type="dobj"/>
                </token>
                <token content="and" id="11-17"/>
                <token content="get" id="11-18">
                    <pos type="VB"/>
                    <lemma type="get"/>
                    <dep head="11-14" type="conj"/>
                </token>
                <token content="off" id="11-19">
                    <pos type="RP"/>
                    <lemma type="off"/>
                    <dep head="11-18" type="prt"/>
                </token>
                <token content="at" id="11-20"/>
                <token content="my" id="11-21">
                    <pos type="PRP$"/>
                    <lemma type="my"/>
                </token>
                <token content="destination" id="11-22">
                    <pos type="NN"/>
                    <lemma type="destination"/>
                    <dep head="11-18" type="prep"/>
                </token>
                <token content="." id="11-23"/>
            </sentence>
        </sentences>
    </text>
    <annotations>
        <participants>
            <label from="1-3" id="0" name="ScrPart_train" text="train" type="participant"/>
            <label from="1-7" id="1" name="NPart" text="method" type="participant"/>
            <label from="1-9" id="2" name="NPart" text="transportation" type="participant"/>
            <label from="1-13" id="3" name="NPart" text="place" type="participant"/>
            <label from="1-15" id="4" name="NPart" text="place" type="participant"/>
            <label from="2-4" id="5" name="ScrPart_train" text="train" type="participant"/>
            <label from="2-6" id="6" name="ScrPart_passenger" text="I" type="participant"/>
            <label from="2-10" id="7" name="ScrPart_passenger" text="my" type="participant"/>
            <label from="2-11" id="8" name="ScrPart_card/ticket" text="transit card" to="2-12" type="participant"/>
            <label from="2-12" id="9" name="ScrPart_card/ticket" text="card" type="participant"/>
            <label from="2-15" id="10" name="ScrPart_card/ticket" text="fare" type="participant"/>
            <label from="2-17" id="11" name="ScrPart_card/ticket" text="it" type="participant"/>
            <label from="3-1" id="12" name="NPart" text="This" type="participant"/>
            <label from="3-7" id="13" name="ScrPart_ticket_office/website" text="ticketing machines" to="3-8" type="participant"/>
            <label from="3-8" id="14" name="ScrPart_ticket_office/website" text="machines" type="participant"/>
            <label from="4-2" id="15" name="ScrPart_passenger" text="I" type="participant"/>
            <label from="4-6" id="16" name="ScrPart_passenger" text="I" type="participant"/>
            <label from="4-10" id="17" name="ScrPart_card/ticket" text="card" type="participant"/>
            <label from="4-13" id="18" name="ScrPart_payment_means" text="money" type="participant"/>
            <label from="5-7" id="19" name="ScrPart_passenger" text="I" type="participant"/>
            <label from="5-12" id="20" name="ScrPart_other" text="gate" type="participant"/>
            <label from="5-15" id="21" name="ScrPart_passenger" text="my" type="participant"/>
            <label from="5-16" id="22" name="ScrPart_card/ticket" text="transit card" to="5-17" type="participant"/>
            <label from="5-17" id="23" name="ScrPart_card/ticket" text="card" type="participant"/>
            <label from="6-2" id="24" name="ScrPart_other" text="gates" type="participant"/>
            <label from="6-7" id="25" name="ScrPart_card/ticket" text="fare" type="participant"/>
            <label from="7-2" id="26" name="ScrPart_passenger" text="I" type="participant"/>
            <label from="7-6" id="27" name="ScrPart_passenger" text="I" type="participant"/>
            <label from="7-13" id="28" name="No_label" text="case" type="participant"/>
            <label from="7-14" id="29" name="ScrPart_passenger" text="I" type="participant"/>
            <label from="8-1" id="30" name="ScrPart_passenger" text="I" type="participant"/>
            <label from="8-6" id="31" name="ScrPart_time-table" text="maps" type="participant"/>
            <label from="8-10" id="32" name="ScrPart_train_station" text="station" type="participant"/>
            <label from="9-3" id="33" name="NPart" text="direction" type="participant"/>
            <label from="9-5" id="34" name="ScrPart_train" text="train" type="participant"/>
            <label from="9-12" id="35" name="NPart" text="thing" type="participant"/>
            <label from="9-14" id="36" name="ScrPart_passenger" text="you" type="participant"/>
            <label from="9-20" id="37" name="No_label" text="time" type="participant"/>
            <label from="9-24" id="38" name="NPart" text="way" type="participant"/>
            <label from="10-2" id="39" name="NPart" text="this" type="participant"/>
            <label from="10-6" id="40" name="ScrPart_passenger" text="I" type="participant"/>
            <label from="10-11" id="41" name="ScrPart_platform" text="train platform" to="10-12" type="participant"/>
            <label from="10-12" id="42" name="ScrPart_platform" text="platform" type="participant"/>
            <label from="10-17" id="43" name="ScrPart_train" text="train" type="participant"/>
            <label from="11-3" id="44" name="ScrPart_train" text="train" type="participant"/>
            <label from="11-7" id="45" name="ScrPart_passenger" text="I" type="participant"/>
            <label from="11-12" id="46" name="ScrPart_passenger" text="I" type="participant"/>
            <label from="11-16" id="47" name="ScrPart_train" text="train" type="participant"/>
            <label from="11-21" id="48" name="ScrPart_passenger" text="my" type="participant"/>
            <label from="11-22" id="49" name="ScrPart_destination" text="destination" type="participant"/>
        </participants>
        <events>
            <label from="1-1" id="50" name="Evoking" text="Taking the train" to="1-3" type="event"/>
            <label from="1-4" id="51" name="UnrelEv" text="is" type="event"/>
            <label from="1-11" id="52" name="RelNScrEv" text="get" type="event"/>
            <label from="2-2" id="53" name="Evoking" text="taking the train" to="2-4" type="event"/>
            <label from="2-8" id="54" name="UnrelEv" text="make sure" to="2-9" type="event"/>
            <label from="2-13" id="55" name="RelNScrEv" text="has" type="event"/>
            <label from="3-4" id="56" name="RelNScrEv" text="checked" type="event"/>
            <label from="4-3" id="57" name="UnrelEv" text="am" type="event"/>
            <label from="4-8" id="58" name="ScrEv_get_tickets" text="top-up" type="event"/>
            <label from="5-5" id="59" name="UnrelEv" text="set" type="event"/>
            <label from="5-9" id="60" name="RelNScrEv" text="head" type="event"/>
            <label from="5-14" id="61" name="ScrEv_get_tickets" text="scan" type="event"/>
            <label from="6-4" id="62" name="RelNScrEv" text="open" type="event"/>
            <label from="6-10" id="63" name="ScrEv_get_tickets" text="collected" type="event"/>
            <label from="7-4" id="64" name="UnrelEv" text="know" type="event"/>
            <label from="7-9" id="65" name="RelNScrEv" text="go" type="event"/>
            <label from="7-17" id="66" name="UnrelEv" text="know" type="event"/>
            <label from="8-3" id="67" name="ScrEv_check_time-table" text="check" type="event"/>
            <label from="8-7" id="68" name="UnrelEv" text="posted" type="event"/>
            <label from="9-1" id="69" name="UnrelEv" text="Knowing" type="event"/>
            <label from="9-6" id="70" name="RelNScrEv" text="heads" type="event"/>
            <label from="9-8" id="71" name="UnrelEv" text="is" type="event"/>
            <label from="9-17" id="72" name="UnrelEv" text="want" type="event"/>
            <label from="9-19" id="73" name="UnrelEv" text="waste" type="event"/>
            <label from="9-21" id="74" name="RelNScrEv" text="going" type="event"/>
            <label from="10-4" id="75" name="ScrEv_check_time-table" text="determined" type="event"/>
            <label from="10-8" id="76" name="ScrEv_get_platform" text="head" type="event"/>
            <label from="10-14" id="77" name="ScrEv_wait" text="wait" type="event"/>
            <label from="10-18" id="78" name="ScrEv_train_arrives" text="arrives" type="event"/>
            <label from="11-4" id="79" name="ScrEv_train_arrives" text="is" type="event"/>
            <label from="11-10" id="80" name="UnrelEv" text="set" type="event"/>
            <label from="11-14" id="81" name="ScrEv_get_on" text="board" type="event"/>
            <label from="11-18" id="82" name="ScrEv_get_off" text="get off" to="11-19" type="event"/>
        </events>
        <chains>
            <chain elements="0 5 34 43 44 47"/>
            <chain elements="6 7 15 16 19 21 26 27 29 30 36 40 45 46 48"/>
            <chain elements="9 11 17 23"/>
            <chain elements="20 24"/>
            <chain elements="10 25"/>
        </chains>
    </annotations>
</story>
