<?xml version="1.0" encoding="UTF-8" standalone="no"?>
<!DOCTYPE story SYSTEM "../InScript.dtd">
<story id="044" scenario="train">
    <text>
        <content>When you need to go outside the city limits of London , it is best to take a train . 
Cars are a poor choice as they hit traffic often , as well as cost money to drive , for me it is far cheaper to take the train . 
This , of course , was when I lived in London which I do not do now . 
Anyway , when I wanted to visit the beach town of Brighton I took the train . 
I made sure to research the time schedule as to find the correct train and time . 
I found there was one going when I wanted and it was leaving from Victoria station . 
I made sure to get there early so as to purchase a ticket and get a good seat , I do n't like traveling backwards . 
Having bought my ticket at the counter I walked to the waiting train . 
It was very nice and new and I had little trouble finding a good seat . 
I settled in and closed my eyes , ready to rest on the exceedingly comfortable train that was taking me on an adventure . </content>
        <sentences>
            <sentence id="1">
                <token content="When" id="1-1">
                    <pos type="WRB"/>
                    <lemma type="when"/>
                    <dep head="1-3" type="advmod"/>
                </token>
                <token content="you" id="1-2">
                    <pos type="PRP"/>
                    <lemma type="you"/>
                    <dep head="1-3" type="nsubj"/>
                </token>
                <token content="need" id="1-3">
                    <pos type="VBP"/>
                    <lemma type="need"/>
                </token>
                <token content="to" id="1-4">
                    <pos type="TO"/>
                    <lemma type="to"/>
                    <dep head="1-5" type="aux"/>
                </token>
                <token content="go" id="1-5">
                    <pos type="VB"/>
                    <lemma type="go"/>
                    <dep head="1-3" type="xcomp"/>
                </token>
                <token content="outside" id="1-6"/>
                <token content="the" id="1-7">
                    <pos type="DT"/>
                    <lemma type="the"/>
                </token>
                <token content="city" id="1-8">
                    <pos type="NN"/>
                    <lemma type="city"/>
                </token>
                <token content="limits" id="1-9">
                    <pos type="NNS"/>
                    <lemma type="limit"/>
                    <dep head="1-5" type="prep"/>
                </token>
                <token content="of" id="1-10"/>
                <token content="London" id="1-11">
                    <pos type="NNP"/>
                    <lemma type="London"/>
                </token>
                <token content="," id="1-12"/>
                <token content="it" id="1-13">
                    <pos type="PRP"/>
                    <lemma type="it"/>
                </token>
                <token content="is" id="1-14">
                    <pos type="VBZ"/>
                    <lemma type="be"/>
                </token>
                <token content="best" id="1-15">
                    <pos type="JJS"/>
                    <lemma type="best"/>
                </token>
                <token content="to" id="1-16">
                    <pos type="TO"/>
                    <lemma type="to"/>
                    <dep head="1-17" type="aux"/>
                </token>
                <token content="take" id="1-17">
                    <pos type="VB"/>
                    <lemma type="take"/>
                </token>
                <token content="a" id="1-18">
                    <pos type="DT"/>
                    <lemma type="a"/>
                </token>
                <token content="train" id="1-19">
                    <pos type="NN"/>
                    <lemma type="train"/>
                    <dep head="1-17" type="dobj"/>
                </token>
                <token content="." id="1-20"/>
            </sentence>
            <sentence id="2">
                <token content="Cars" id="2-1">
                    <pos type="NNS"/>
                    <lemma type="car"/>
                </token>
                <token content="are" id="2-2">
                    <pos type="VBP"/>
                    <lemma type="be"/>
                </token>
                <token content="a" id="2-3">
                    <pos type="DT"/>
                    <lemma type="a"/>
                </token>
                <token content="poor" id="2-4">
                    <pos type="JJ"/>
                    <lemma type="poor"/>
                </token>
                <token content="choice" id="2-5">
                    <pos type="NN"/>
                    <lemma type="choice"/>
                </token>
                <token content="as" id="2-6">
                    <pos type="IN"/>
                    <lemma type="as"/>
                    <dep head="2-8" type="mark"/>
                </token>
                <token content="they" id="2-7">
                    <pos type="PRP"/>
                    <lemma type="they"/>
                    <dep head="2-8" type="nsubj"/>
                </token>
                <token content="hit" id="2-8">
                    <pos type="VBD"/>
                    <lemma type="hit"/>
                </token>
                <token content="traffic" id="2-9">
                    <pos type="NN"/>
                    <lemma type="traffic"/>
                    <dep head="2-8" type="dobj"/>
                </token>
                <token content="often" id="2-10">
                    <pos type="RB"/>
                    <lemma type="often"/>
                    <dep head="2-8" type="advmod"/>
                </token>
                <token content="," id="2-11"/>
                <token content="as" id="2-12"/>
                <token content="well" id="2-13"/>
                <token content="as" id="2-14"/>
                <token content="cost" id="2-15">
                    <pos type="NN"/>
                    <lemma type="cost"/>
                </token>
                <token content="money" id="2-16">
                    <pos type="NN"/>
                    <lemma type="money"/>
                </token>
                <token content="to" id="2-17">
                    <pos type="TO"/>
                    <lemma type="to"/>
                    <dep head="2-18" type="aux"/>
                </token>
                <token content="drive" id="2-18">
                    <pos type="VB"/>
                    <lemma type="drive"/>
                </token>
                <token content="," id="2-19"/>
                <token content="for" id="2-20"/>
                <token content="me" id="2-21">
                    <pos type="PRP"/>
                    <lemma type="I"/>
                    <dep head="2-18" type="prep"/>
                </token>
                <token content="it" id="2-22">
                    <pos type="PRP"/>
                    <lemma type="it"/>
                </token>
                <token content="is" id="2-23">
                    <pos type="VBZ"/>
                    <lemma type="be"/>
                </token>
                <token content="far" id="2-24">
                    <pos type="RB"/>
                    <lemma type="far"/>
                </token>
                <token content="cheaper" id="2-25">
                    <pos type="JJR"/>
                    <lemma type="cheaper"/>
                    <dep head="2-18" type="ccomp"/>
                </token>
                <token content="to" id="2-26">
                    <pos type="TO"/>
                    <lemma type="to"/>
                    <dep head="2-27" type="aux"/>
                </token>
                <token content="take" id="2-27">
                    <pos type="VB"/>
                    <lemma type="take"/>
                </token>
                <token content="the" id="2-28">
                    <pos type="DT"/>
                    <lemma type="the"/>
                </token>
                <token content="train" id="2-29">
                    <pos type="NN"/>
                    <lemma type="train"/>
                    <dep head="2-27" type="dobj"/>
                </token>
                <token content="." id="2-30"/>
            </sentence>
            <sentence id="3">
                <token content="This" id="3-1">
                    <pos type="DT"/>
                    <lemma type="this"/>
                    <dep head="3-6" type="nsubj"/>
                </token>
                <token content="," id="3-2"/>
                <token content="of" id="3-3"/>
                <token content="course" id="3-4">
                    <pos type="NN"/>
                    <lemma type="course"/>
                </token>
                <token content="," id="3-5"/>
                <token content="was" id="3-6">
                    <pos type="VBD"/>
                    <lemma type="be"/>
                </token>
                <token content="when" id="3-7">
                    <pos type="WRB"/>
                    <lemma type="when"/>
                    <dep head="3-9" type="advmod"/>
                </token>
                <token content="I" id="3-8">
                    <pos type="PRP"/>
                    <lemma type="I"/>
                    <dep head="3-9" type="nsubj"/>
                </token>
                <token content="lived" id="3-9">
                    <pos type="VBD"/>
                    <lemma type="live"/>
                    <dep head="3-6" type="advcl"/>
                </token>
                <token content="in" id="3-10"/>
                <token content="London" id="3-11">
                    <pos type="NNP"/>
                    <lemma type="London"/>
                    <dep head="3-9" type="prep"/>
                </token>
                <token content="which" id="3-12">
                    <pos type="WDT"/>
                    <lemma type="which"/>
                    <dep head="3-16" type="dobj"/>
                </token>
                <token content="I" id="3-13">
                    <pos type="PRP"/>
                    <lemma type="I"/>
                    <dep head="3-16" type="nsubj"/>
                </token>
                <token content="do" id="3-14">
                    <pos type="VBP"/>
                    <lemma type="do"/>
                    <dep head="3-16" type="aux"/>
                </token>
                <token content="not" id="3-15">
                    <pos type="RB"/>
                    <lemma type="not"/>
                    <dep head="3-16" type="neg"/>
                </token>
                <token content="do" id="3-16">
                    <pos type="VB"/>
                    <lemma type="do"/>
                    <dep head="3-9" type="ccomp"/>
                </token>
                <token content="now" id="3-17">
                    <pos type="RB"/>
                    <lemma type="now"/>
                    <dep head="3-16" type="advmod"/>
                </token>
                <token content="." id="3-18"/>
            </sentence>
            <sentence id="4">
                <token content="Anyway" id="4-1">
                    <pos type="RB"/>
                    <lemma type="anyway"/>
                    <dep head="4-14" type="advmod"/>
                </token>
                <token content="," id="4-2"/>
                <token content="when" id="4-3">
                    <pos type="WRB"/>
                    <lemma type="when"/>
                    <dep head="4-5" type="advmod"/>
                </token>
                <token content="I" id="4-4">
                    <pos type="PRP"/>
                    <lemma type="I"/>
                    <dep head="4-5" type="nsubj"/>
                </token>
                <token content="wanted" id="4-5">
                    <pos type="VBD"/>
                    <lemma type="want"/>
                    <dep head="4-14" type="advcl"/>
                </token>
                <token content="to" id="4-6">
                    <pos type="TO"/>
                    <lemma type="to"/>
                    <dep head="4-7" type="aux"/>
                </token>
                <token content="visit" id="4-7">
                    <pos type="VB"/>
                    <lemma type="visit"/>
                    <dep head="4-5" type="xcomp"/>
                </token>
                <token content="the" id="4-8">
                    <pos type="DT"/>
                    <lemma type="the"/>
                </token>
                <token content="beach" id="4-9">
                    <pos type="NN"/>
                    <lemma type="beach"/>
                </token>
                <token content="town" id="4-10">
                    <pos type="NN"/>
                    <lemma type="town"/>
                    <dep head="4-7" type="dobj"/>
                </token>
                <token content="of" id="4-11"/>
                <token content="Brighton" id="4-12">
                    <pos type="NNP"/>
                    <lemma type="Brighton"/>
                </token>
                <token content="I" id="4-13">
                    <pos type="PRP"/>
                    <lemma type="I"/>
                    <dep head="4-14" type="nsubj"/>
                </token>
                <token content="took" id="4-14">
                    <pos type="VBD"/>
                    <lemma type="take"/>
                </token>
                <token content="the" id="4-15">
                    <pos type="DT"/>
                    <lemma type="the"/>
                </token>
                <token content="train" id="4-16">
                    <pos type="NN"/>
                    <lemma type="train"/>
                    <dep head="4-14" type="dobj"/>
                </token>
                <token content="." id="4-17"/>
            </sentence>
            <sentence id="5">
                <token content="I" id="5-1">
                    <pos type="PRP"/>
                    <lemma type="I"/>
                    <dep head="5-2" type="nsubj"/>
                </token>
                <token content="made" id="5-2">
                    <pos type="VBD"/>
                    <lemma type="make"/>
                </token>
                <token content="sure" id="5-3">
                    <pos type="JJ"/>
                    <lemma type="sure"/>
                    <dep head="5-2" type="acomp"/>
                </token>
                <token content="to" id="5-4">
                    <pos type="TO"/>
                    <lemma type="to"/>
                    <dep head="5-5" type="aux"/>
                </token>
                <token content="research" id="5-5">
                    <pos type="VB"/>
                    <lemma type="research"/>
                </token>
                <token content="the" id="5-6">
                    <pos type="DT"/>
                    <lemma type="the"/>
                </token>
                <token content="time" id="5-7">
                    <pos type="NN"/>
                    <lemma type="time"/>
                </token>
                <token content="schedule" id="5-8">
                    <pos type="NN"/>
                    <lemma type="schedule"/>
                    <dep head="5-5" type="dobj"/>
                </token>
                <token content="as" id="5-9"/>
                <token content="to" id="5-10">
                    <pos type="TO"/>
                    <lemma type="to"/>
                    <dep head="5-11" type="aux"/>
                </token>
                <token content="find" id="5-11">
                    <pos type="VB"/>
                    <lemma type="find"/>
                    <dep head="5-5" type="prep"/>
                </token>
                <token content="the" id="5-12">
                    <pos type="DT"/>
                    <lemma type="the"/>
                </token>
                <token content="correct" id="5-13">
                    <pos type="JJ"/>
                    <lemma type="correct"/>
                </token>
                <token content="train" id="5-14">
                    <pos type="NN"/>
                    <lemma type="train"/>
                    <dep head="5-11" type="dobj"/>
                </token>
                <token content="and" id="5-15"/>
                <token content="time" id="5-16">
                    <pos type="NN"/>
                    <lemma type="time"/>
                    <dep head="5-11" type="conj"/>
                </token>
                <token content="." id="5-17"/>
            </sentence>
            <sentence id="6">
                <token content="I" id="6-1">
                    <pos type="PRP"/>
                    <lemma type="I"/>
                    <dep head="6-2" type="nsubj"/>
                </token>
                <token content="found" id="6-2">
                    <pos type="VBD"/>
                    <lemma type="find"/>
                </token>
                <token content="there" id="6-3">
                    <pos type="EX"/>
                    <lemma type="there"/>
                    <dep head="6-4" type="expl"/>
                </token>
                <token content="was" id="6-4">
                    <pos type="VBD"/>
                    <lemma type="be"/>
                    <dep head="6-2" type="ccomp"/>
                </token>
                <token content="one" id="6-5">
                    <pos type="CD"/>
                    <lemma type="one"/>
                    <dep head="6-4" type="nsubj"/>
                </token>
                <token content="going" id="6-6">
                    <pos type="VBG"/>
                    <lemma type="go"/>
                </token>
                <token content="when" id="6-7">
                    <pos type="WRB"/>
                    <lemma type="when"/>
                    <dep head="6-9" type="advmod"/>
                </token>
                <token content="I" id="6-8">
                    <pos type="PRP"/>
                    <lemma type="I"/>
                    <dep head="6-9" type="nsubj"/>
                </token>
                <token content="wanted" id="6-9">
                    <pos type="VBD"/>
                    <lemma type="want"/>
                    <dep head="6-6" type="advcl"/>
                </token>
                <token content="and" id="6-10"/>
                <token content="it" id="6-11">
                    <pos type="PRP"/>
                    <lemma type="it"/>
                    <dep head="6-13" type="nsubj"/>
                </token>
                <token content="was" id="6-12">
                    <pos type="VBD"/>
                    <lemma type="be"/>
                    <dep head="6-13" type="aux"/>
                </token>
                <token content="leaving" id="6-13">
                    <pos type="VBG"/>
                    <lemma type="leave"/>
                    <dep head="6-2" type="conj"/>
                </token>
                <token content="from" id="6-14"/>
                <token content="Victoria" id="6-15">
                    <pos type="NNP"/>
                    <lemma type="Victoria"/>
                </token>
                <token content="station" id="6-16">
                    <pos type="NN"/>
                    <lemma type="station"/>
                    <dep head="6-13" type="prep"/>
                </token>
                <token content="." id="6-17"/>
            </sentence>
            <sentence id="7">
                <token content="I" id="7-1">
                    <pos type="PRP"/>
                    <lemma type="I"/>
                    <dep head="7-2" type="nsubj"/>
                </token>
                <token content="made" id="7-2">
                    <pos type="VBD"/>
                    <lemma type="make"/>
                    <dep head="7-23" type="ccomp"/>
                </token>
                <token content="sure" id="7-3">
                    <pos type="JJ"/>
                    <lemma type="sure"/>
                    <dep head="7-2" type="acomp"/>
                </token>
                <token content="to" id="7-4">
                    <pos type="TO"/>
                    <lemma type="to"/>
                    <dep head="7-5" type="aux"/>
                </token>
                <token content="get" id="7-5">
                    <pos type="VB"/>
                    <lemma type="get"/>
                </token>
                <token content="there" id="7-6">
                    <pos type="RB"/>
                    <lemma type="there"/>
                </token>
                <token content="early" id="7-7">
                    <pos type="RB"/>
                    <lemma type="early"/>
                </token>
                <token content="so" id="7-8">
                    <pos type="RB"/>
                    <lemma type="so"/>
                </token>
                <token content="as" id="7-9">
                    <pos type="RB"/>
                    <lemma type="as"/>
                    <dep head="7-5" type="advmod"/>
                </token>
                <token content="to" id="7-10">
                    <pos type="TO"/>
                    <lemma type="to"/>
                    <dep head="7-11" type="aux"/>
                </token>
                <token content="purchase" id="7-11">
                    <pos type="VB"/>
                    <lemma type="purchase"/>
                    <dep head="7-5" type="xcomp"/>
                </token>
                <token content="a" id="7-12">
                    <pos type="DT"/>
                    <lemma type="a"/>
                </token>
                <token content="ticket" id="7-13">
                    <pos type="NN"/>
                    <lemma type="ticket"/>
                    <dep head="7-11" type="dobj"/>
                </token>
                <token content="and" id="7-14"/>
                <token content="get" id="7-15">
                    <pos type="VB"/>
                    <lemma type="get"/>
                    <dep head="7-11" type="conj"/>
                </token>
                <token content="a" id="7-16">
                    <pos type="DT"/>
                    <lemma type="a"/>
                </token>
                <token content="good" id="7-17">
                    <pos type="JJ"/>
                    <lemma type="good"/>
                </token>
                <token content="seat" id="7-18">
                    <pos type="NN"/>
                    <lemma type="seat"/>
                    <dep head="7-15" type="dobj"/>
                </token>
                <token content="," id="7-19"/>
                <token content="I" id="7-20">
                    <pos type="PRP"/>
                    <lemma type="I"/>
                    <dep head="7-23" type="nsubj"/>
                </token>
                <token content="do" id="7-21">
                    <pos type="VBP"/>
                    <lemma type="do"/>
                    <dep head="7-23" type="aux"/>
                </token>
                <token content="n't" id="7-22">
                    <pos type="RB"/>
                    <lemma type="not"/>
                    <dep head="7-23" type="neg"/>
                </token>
                <token content="like" id="7-23">
                    <pos type="VB"/>
                    <lemma type="like"/>
                </token>
                <token content="traveling" id="7-24">
                    <pos type="VBG"/>
                    <lemma type="travel"/>
                </token>
                <token content="backwards" id="7-25">
                    <pos type="NNS"/>
                    <lemma type="backward"/>
                    <dep head="7-23" type="dobj"/>
                </token>
                <token content="." id="7-26"/>
            </sentence>
            <sentence id="8">
                <token content="Having" id="8-1">
                    <pos type="VBG"/>
                    <lemma type="have"/>
                    <dep head="8-2" type="aux"/>
                </token>
                <token content="bought" id="8-2">
                    <pos type="VBN"/>
                    <lemma type="buy"/>
                    <dep head="8-9" type="dep"/>
                </token>
                <token content="my" id="8-3">
                    <pos type="PRP$"/>
                    <lemma type="my"/>
                </token>
                <token content="ticket" id="8-4">
                    <pos type="NN"/>
                    <lemma type="ticket"/>
                    <dep head="8-2" type="dobj"/>
                </token>
                <token content="at" id="8-5"/>
                <token content="the" id="8-6">
                    <pos type="DT"/>
                    <lemma type="the"/>
                </token>
                <token content="counter" id="8-7">
                    <pos type="NN"/>
                    <lemma type="counter"/>
                    <dep head="8-2" type="prep"/>
                </token>
                <token content="I" id="8-8">
                    <pos type="PRP"/>
                    <lemma type="I"/>
                    <dep head="8-9" type="nsubj"/>
                </token>
                <token content="walked" id="8-9">
                    <pos type="VBD"/>
                    <lemma type="walk"/>
                </token>
                <token content="to" id="8-10"/>
                <token content="the" id="8-11">
                    <pos type="DT"/>
                    <lemma type="the"/>
                </token>
                <token content="waiting" id="8-12">
                    <pos type="VBG"/>
                    <lemma type="wait"/>
                </token>
                <token content="train" id="8-13">
                    <pos type="NN"/>
                    <lemma type="train"/>
                    <dep head="8-9" type="prep"/>
                </token>
                <token content="." id="8-14"/>
            </sentence>
            <sentence id="9">
                <token content="It" id="9-1">
                    <pos type="PRP"/>
                    <lemma type="it"/>
                </token>
                <token content="was" id="9-2">
                    <pos type="VBD"/>
                    <lemma type="be"/>
                </token>
                <token content="very" id="9-3">
                    <pos type="RB"/>
                    <lemma type="very"/>
                </token>
                <token content="nice" id="9-4">
                    <pos type="JJ"/>
                    <lemma type="nice"/>
                </token>
                <token content="and" id="9-5"/>
                <token content="new" id="9-6">
                    <pos type="JJ"/>
                    <lemma type="new"/>
                </token>
                <token content="and" id="9-7"/>
                <token content="I" id="9-8">
                    <pos type="PRP"/>
                    <lemma type="I"/>
                    <dep head="9-9" type="nsubj"/>
                </token>
                <token content="had" id="9-9">
                    <pos type="VBD"/>
                    <lemma type="have"/>
                </token>
                <token content="little" id="9-10">
                    <pos type="JJ"/>
                    <lemma type="little"/>
                </token>
                <token content="trouble" id="9-11">
                    <pos type="NN"/>
                    <lemma type="trouble"/>
                    <dep head="9-9" type="dobj"/>
                </token>
                <token content="finding" id="9-12">
                    <pos type="VBG"/>
                    <lemma type="find"/>
                </token>
                <token content="a" id="9-13">
                    <pos type="DT"/>
                    <lemma type="a"/>
                </token>
                <token content="good" id="9-14">
                    <pos type="JJ"/>
                    <lemma type="good"/>
                </token>
                <token content="seat" id="9-15">
                    <pos type="NN"/>
                    <lemma type="seat"/>
                    <dep head="9-12" type="dobj"/>
                </token>
                <token content="." id="9-16"/>
            </sentence>
            <sentence id="10">
                <token content="I" id="10-1">
                    <pos type="PRP"/>
                    <lemma type="I"/>
                    <dep head="10-2" type="nsubj"/>
                </token>
                <token content="settled" id="10-2">
                    <pos type="VBD"/>
                    <lemma type="settle"/>
                </token>
                <token content="in" id="10-3">
                    <pos type="RP"/>
                    <lemma type="in"/>
                    <dep head="10-2" type="prt"/>
                </token>
                <token content="and" id="10-4"/>
                <token content="closed" id="10-5">
                    <pos type="VBD"/>
                    <lemma type="close"/>
                    <dep head="10-2" type="conj"/>
                </token>
                <token content="my" id="10-6">
                    <pos type="PRP$"/>
                    <lemma type="my"/>
                </token>
                <token content="eyes" id="10-7">
                    <pos type="NNS"/>
                    <lemma type="eye"/>
                    <dep head="10-5" type="dobj"/>
                </token>
                <token content="," id="10-8"/>
                <token content="ready" id="10-9">
                    <pos type="JJ"/>
                    <lemma type="ready"/>
                </token>
                <token content="to" id="10-10">
                    <pos type="TO"/>
                    <lemma type="to"/>
                    <dep head="10-11" type="aux"/>
                </token>
                <token content="rest" id="10-11">
                    <pos type="VB"/>
                    <lemma type="rest"/>
                </token>
                <token content="on" id="10-12"/>
                <token content="the" id="10-13">
                    <pos type="DT"/>
                    <lemma type="the"/>
                </token>
                <token content="exceedingly" id="10-14">
                    <pos type="RB"/>
                    <lemma type="exceedingly"/>
                </token>
                <token content="comfortable" id="10-15">
                    <pos type="JJ"/>
                    <lemma type="comfortable"/>
                </token>
                <token content="train" id="10-16">
                    <pos type="NN"/>
                    <lemma type="train"/>
                    <dep head="10-11" type="prep"/>
                </token>
                <token content="that" id="10-17">
                    <pos type="WDT"/>
                    <lemma type="that"/>
                    <dep head="10-19" type="nsubj"/>
                </token>
                <token content="was" id="10-18">
                    <pos type="VBD"/>
                    <lemma type="be"/>
                    <dep head="10-19" type="aux"/>
                </token>
                <token content="taking" id="10-19">
                    <pos type="VBG"/>
                    <lemma type="take"/>
                </token>
                <token content="me" id="10-20">
                    <pos type="PRP"/>
                    <lemma type="I"/>
                    <dep head="10-19" type="dobj"/>
                </token>
                <token content="on" id="10-21"/>
                <token content="an" id="10-22">
                    <pos type="DT"/>
                    <lemma type="a"/>
                </token>
                <token content="adventure" id="10-23">
                    <pos type="NN"/>
                    <lemma type="adventure"/>
                    <dep head="10-19" type="prep"/>
                </token>
                <token content="." id="10-24"/>
            </sentence>
        </sentences>
    </text>
    <annotations>
        <participants>
            <label from="1-2" id="0" name="ScrPart_passenger" text="you" type="participant"/>
            <label from="1-8" id="1" name="NPart" text="city limits" to="1-9" type="participant"/>
            <label from="1-9" id="2" name="NPart" text="limits" type="participant"/>
            <label from="1-11" id="3" name="NPart" text="London" type="participant"/>
            <label from="1-13" id="4" name="No_label" text="it" type="participant"/>
            <label from="1-19" id="5" name="ScrPart_train" text="train" type="participant"/>
            <label from="2-1" id="6" name="NPart" text="Cars" type="participant"/>
            <label from="2-5" id="7" name="NPart" text="choice" type="participant"/>
            <label from="2-7" id="8" name="NPart" text="they" type="participant"/>
            <label from="2-9" id="9" name="NPart" text="traffic" type="participant"/>
            <label from="2-16" id="10" name="NPart" text="money" type="participant"/>
            <label from="2-21" id="11" name="ScrPart_passenger" text="me" type="participant"/>
            <label from="2-22" id="12" name="No_label" text="it" type="participant"/>
            <label from="2-29" id="13" name="ScrPart_train" text="train" type="participant"/>
            <label from="3-8" id="14" name="ScrPart_passenger" text="I" type="participant"/>
            <label from="3-11" id="15" name="NPart" text="London" type="participant"/>
            <label from="3-13" id="16" name="ScrPart_passenger" text="I" type="participant"/>
            <label from="4-4" id="17" name="ScrPart_passenger" text="I" type="participant"/>
            <label from="4-9" id="18" name="ScrPart_destination" text="beach town" to="4-10" type="participant"/>
            <label from="4-10" id="19" name="ScrPart_destination" text="town" type="participant"/>
            <label from="4-12" id="20" name="ScrPart_destination" text="Brighton" type="participant"/>
            <label from="4-13" id="21" name="ScrPart_passenger" text="I" type="participant"/>
            <label from="4-16" id="22" name="ScrPart_train" text="train" type="participant"/>
            <label from="5-1" id="23" name="ScrPart_passenger" text="I" type="participant"/>
            <label from="5-7" id="24" name="ScrPart_time-table" text="time schedule" to="5-8" type="participant"/>
            <label from="5-8" id="25" name="ScrPart_time-table" text="schedule" type="participant"/>
            <label from="5-14" id="26" name="ScrPart_train" text="train" type="participant"/>
            <label from="5-16" id="27" name="ScrPart_time_date" text="time" type="participant"/>
            <label from="6-1" id="28" name="ScrPart_passenger" text="I" type="participant"/>
            <label from="6-5" id="29" name="ScrPart_train" text="one" type="participant"/>
            <label from="6-8" id="30" name="ScrPart_passenger" text="I" type="participant"/>
            <label from="6-11" id="31" name="ScrPart_train" text="it" type="participant"/>
            <label from="6-15" id="32" name="ScrPart_train_station" text="Victoria station" to="6-16" type="participant"/>
            <label from="6-16" id="33" name="ScrPart_train_station" text="station" type="participant"/>
            <label from="7-1" id="34" name="ScrPart_passenger" text="I" type="participant"/>
            <label from="7-13" id="35" name="ScrPart_card/ticket" text="ticket" type="participant"/>
            <label from="7-18" id="36" name="ScrPart_seat" text="seat" type="participant"/>
            <label from="7-20" id="37" name="ScrPart_passenger" text="I" type="participant"/>
            <label from="8-3" id="38" name="ScrPart_passenger" text="my" type="participant"/>
            <label from="8-4" id="39" name="ScrPart_card/ticket" text="ticket" type="participant"/>
            <label from="8-7" id="40" name="ScrPart_ticket_office/website" text="counter" type="participant"/>
            <label from="8-8" id="41" name="ScrPart_passenger" text="I" type="participant"/>
            <label from="8-13" id="42" name="ScrPart_train" text="train" type="participant"/>
            <label from="9-1" id="43" name="ScrPart_train" text="It" type="participant"/>
            <label from="9-8" id="44" name="ScrPart_passenger" text="I" type="participant"/>
            <label from="9-11" id="45" name="NPart" text="trouble" type="participant"/>
            <label from="9-15" id="46" name="ScrPart_seat" text="seat" type="participant"/>
            <label from="10-1" id="47" name="ScrPart_passenger" text="I" type="participant"/>
            <label from="10-6" id="48" name="ScrPart_passenger" text="my" type="participant"/>
            <label from="10-7" id="49" name="NPart" text="eyes" type="participant"/>
            <label from="10-16" id="50" name="ScrPart_train" text="train" type="participant"/>
            <label from="10-17" id="51" name="ScrPart_train" text="that" type="participant"/>
            <label from="10-20" id="52" name="ScrPart_passenger" text="me" type="participant"/>
            <label from="10-23" id="53" name="NPart" text="adventure" type="participant"/>
        </participants>
        <events>
            <label from="1-5" id="54" name="UnrelEv" text="go" type="event"/>
            <label from="1-14" id="55" name="UnrelEv" text="is" type="event"/>
            <label from="1-17" id="56" name="Evoking" text="take a train" to="1-19" type="event"/>
            <label from="2-2" id="57" name="UnrelEv" text="are" type="event"/>
            <label from="2-8" id="58" name="UnrelEv" text="hit" type="event"/>
            <label from="2-18" id="59" name="UnrelEv" text="drive" type="event"/>
            <label from="2-23" id="60" name="UnrelEv" text="is" type="event"/>
            <label from="2-27" id="61" name="Evoking" text="take the train" to="2-29" type="event"/>
            <label from="3-9" id="62" name="UnrelEv" text="lived" type="event"/>
            <label from="3-14" id="63" name="UnrelEv" text="do" type="event"/>
            <label from="3-16" id="64" name="UnrelEv" text="do" type="event"/>
            <label from="4-5" id="65" name="UnrelEv" text="wanted" type="event"/>
            <label from="4-7" id="66" name="UnrelEv" text="visit" type="event"/>
            <label from="4-14" id="67" name="Evoking" text="took the train" to="4-16" type="event"/>
            <label from="5-2" id="68" name="UnrelEv" text="made sure" to="5-3" type="event"/>
            <label from="5-5" id="69" name="ScrEv_check_time-table" text="research" type="event"/>
            <label from="5-11" id="70" name="ScrEv_check_time-table" text="find" type="event"/>
            <label from="6-2" id="71" name="ScrEv_check_time-table" text="found" type="event"/>
            <label from="6-4" id="72" name="UnrelEv" text="was" type="event"/>
            <label from="6-6" id="73" name="UnrelEv" text="going" type="event"/>
            <label from="6-9" id="74" name="UnrelEv" text="wanted" type="event"/>
            <label from="6-13" id="75" name="ScrEv_train_departs" text="leaving" type="event"/>
            <label from="7-2" id="76" name="UnrelEv" text="made sure" to="7-3" type="event"/>
            <label from="7-5" id="77" name="ScrEv_get_train_station" text="get" type="event"/>
            <label from="7-11" id="78" name="ScrEv_get_tickets" text="purchase" type="event"/>
            <label from="7-15" id="79" name="ScrEv_find_place" text="get" type="event"/>
            <label from="7-23" id="80" name="UnrelEv" text="like" type="event"/>
            <label from="7-24" id="81" name="Evoking" text="traveling" type="event"/>
            <label from="8-2" id="82" name="ScrEv_get_tickets" text="bought" type="event"/>
            <label from="8-9" id="83" name="ScrEv_get_platform" text="walked" type="event"/>
            <label from="8-12" id="84" name="RelNScrEv" text="waiting" type="event"/>
            <label from="9-2" id="85" name="UnrelEv" text="was" type="event"/>
            <label from="9-9" id="86" name="UnrelEv" text="had" type="event"/>
            <label from="9-12" id="87" name="ScrEv_find_place" text="finding" type="event"/>
            <label from="10-2" id="88" name="ScrEv_find_place" text="settled in" to="10-3" type="event"/>
            <label from="10-5" id="89" name="RelNScrEv" text="closed" type="event"/>
            <label from="10-11" id="90" name="ScrEv_spend_time_train" text="rest" type="event"/>
            <label from="10-19" id="91" name="UnrelEv" text="taking" type="event"/>
        </events>
        <chains>
            <chain elements="0 11 14 16 17 21 23 28 30 34 37 38 41 44 47 48 52"/>
            <chain elements="5 13 22 26 29 31 42 43 50 51"/>
            <chain elements="35 39"/>
            <chain elements="36 46"/>
            <chain elements="19 20"/>
        </chains>
    </annotations>
</story>
