<?xml version="1.0" encoding="UTF-8" standalone="no"?>
<!DOCTYPE story SYSTEM "../InScript.dtd">
<story id="085" scenario="train">
    <text>
        <content>The night before I take a train ride , I look at the train schedule . 
Usually I am going to New York City , so I check the train schedules for the trains heading there . 
When my husband and I take the train , we go early , so that morning I wake up early and get ready for the day . 
We then drive to the train station and park our car . 
Depending on which train station we are going to , the parking is free , but otherwise we pay for our parking . 
Once parked , we walk to the platform and buy our tickets at the automated teller . 
Then we wait for the train to arrive . 
When the train arrives , we find a good place to sit . 
We try to sit where there are n't too many people and where there are only 2 seats so that we do n't have to sit with strangers . 
Then the train takes off and we usually are on the train for an hour before we get to our destination . </content>
        <sentences>
            <sentence id="1">
                <token content="The" id="1-1">
                    <pos type="DT"/>
                    <lemma type="the"/>
                </token>
                <token content="night" id="1-2">
                    <pos type="NN"/>
                    <lemma type="night"/>
                    <dep head="1-11" type="tmod"/>
                </token>
                <token content="before" id="1-3">
                    <pos type="IN"/>
                    <lemma type="before"/>
                    <dep head="1-5" type="mark"/>
                </token>
                <token content="I" id="1-4">
                    <pos type="PRP"/>
                    <lemma type="I"/>
                    <dep head="1-5" type="nsubj"/>
                </token>
                <token content="take" id="1-5">
                    <pos type="VBP"/>
                    <lemma type="take"/>
                    <dep head="1-11" type="advcl"/>
                </token>
                <token content="a" id="1-6">
                    <pos type="DT"/>
                    <lemma type="a"/>
                </token>
                <token content="train" id="1-7">
                    <pos type="NN"/>
                    <lemma type="train"/>
                </token>
                <token content="ride" id="1-8">
                    <pos type="NN"/>
                    <lemma type="ride"/>
                    <dep head="1-5" type="dobj"/>
                </token>
                <token content="," id="1-9"/>
                <token content="I" id="1-10">
                    <pos type="PRP"/>
                    <lemma type="I"/>
                    <dep head="1-11" type="nsubj"/>
                </token>
                <token content="look" id="1-11">
                    <pos type="VBP"/>
                    <lemma type="look"/>
                </token>
                <token content="at" id="1-12"/>
                <token content="the" id="1-13">
                    <pos type="DT"/>
                    <lemma type="the"/>
                </token>
                <token content="train" id="1-14">
                    <pos type="NN"/>
                    <lemma type="train"/>
                </token>
                <token content="schedule" id="1-15">
                    <pos type="NN"/>
                    <lemma type="schedule"/>
                    <dep head="1-11" type="prep"/>
                </token>
                <token content="." id="1-16"/>
            </sentence>
            <sentence id="2">
                <token content="Usually" id="2-1">
                    <pos type="RB"/>
                    <lemma type="usually"/>
                    <dep head="2-4" type="advmod"/>
                </token>
                <token content="I" id="2-2">
                    <pos type="PRP"/>
                    <lemma type="I"/>
                    <dep head="2-4" type="nsubj"/>
                </token>
                <token content="am" id="2-3">
                    <pos type="VBP"/>
                    <lemma type="be"/>
                    <dep head="2-4" type="aux"/>
                </token>
                <token content="going" id="2-4">
                    <pos type="VBG"/>
                    <lemma type="go"/>
                </token>
                <token content="to" id="2-5"/>
                <token content="New" id="2-6">
                    <pos type="NNP"/>
                    <lemma type="New"/>
                </token>
                <token content="York" id="2-7">
                    <pos type="NNP"/>
                    <lemma type="York"/>
                </token>
                <token content="City" id="2-8">
                    <pos type="NNP"/>
                    <lemma type="City"/>
                    <dep head="2-4" type="prep"/>
                </token>
                <token content="," id="2-9"/>
                <token content="so" id="2-10">
                    <pos type="IN"/>
                    <lemma type="so"/>
                    <dep head="2-4" type="dep"/>
                </token>
                <token content="I" id="2-11">
                    <pos type="PRP"/>
                    <lemma type="I"/>
                    <dep head="2-12" type="nsubj"/>
                </token>
                <token content="check" id="2-12">
                    <pos type="VBP"/>
                    <lemma type="check"/>
                    <dep head="2-4" type="parataxis"/>
                </token>
                <token content="the" id="2-13">
                    <pos type="DT"/>
                    <lemma type="the"/>
                </token>
                <token content="train" id="2-14">
                    <pos type="NN"/>
                    <lemma type="train"/>
                </token>
                <token content="schedules" id="2-15">
                    <pos type="NNS"/>
                    <lemma type="schedule"/>
                    <dep head="2-12" type="dobj"/>
                </token>
                <token content="for" id="2-16"/>
                <token content="the" id="2-17">
                    <pos type="DT"/>
                    <lemma type="the"/>
                </token>
                <token content="trains" id="2-18">
                    <pos type="NNS"/>
                    <lemma type="train"/>
                    <dep head="2-12" type="prep"/>
                </token>
                <token content="heading" id="2-19">
                    <pos type="VBG"/>
                    <lemma type="head"/>
                </token>
                <token content="there" id="2-20">
                    <pos type="RB"/>
                    <lemma type="there"/>
                    <dep head="2-19" type="advmod"/>
                </token>
                <token content="." id="2-21"/>
            </sentence>
            <sentence id="3">
                <token content="When" id="3-1">
                    <pos type="WRB"/>
                    <lemma type="when"/>
                    <dep head="3-6" type="advmod"/>
                </token>
                <token content="my" id="3-2">
                    <pos type="PRP$"/>
                    <lemma type="my"/>
                </token>
                <token content="husband" id="3-3">
                    <pos type="NN"/>
                    <lemma type="husband"/>
                    <dep head="3-6" type="nsubj"/>
                </token>
                <token content="and" id="3-4"/>
                <token content="I" id="3-5">
                    <pos type="PRP"/>
                    <lemma type="I"/>
                </token>
                <token content="take" id="3-6">
                    <pos type="VBP"/>
                    <lemma type="take"/>
                    <dep head="3-11" type="advcl"/>
                </token>
                <token content="the" id="3-7">
                    <pos type="DT"/>
                    <lemma type="the"/>
                </token>
                <token content="train" id="3-8">
                    <pos type="NN"/>
                    <lemma type="train"/>
                    <dep head="3-6" type="dobj"/>
                </token>
                <token content="," id="3-9"/>
                <token content="we" id="3-10">
                    <pos type="PRP"/>
                    <lemma type="we"/>
                    <dep head="3-11" type="nsubj"/>
                </token>
                <token content="go" id="3-11">
                    <pos type="VBP"/>
                    <lemma type="go"/>
                </token>
                <token content="early" id="3-12">
                    <pos type="RB"/>
                    <lemma type="early"/>
                    <dep head="3-11" type="advmod"/>
                </token>
                <token content="," id="3-13"/>
                <token content="so" id="3-14">
                    <pos type="RB"/>
                    <lemma type="so"/>
                    <dep head="3-18" type="advmod"/>
                </token>
                <token content="that" id="3-15">
                    <pos type="IN"/>
                    <lemma type="that"/>
                    <dep head="3-18" type="mark"/>
                </token>
                <token content="morning" id="3-16">
                    <pos type="NN"/>
                    <lemma type="morning"/>
                    <dep head="3-18" type="tmod"/>
                </token>
                <token content="I" id="3-17">
                    <pos type="PRP"/>
                    <lemma type="I"/>
                    <dep head="3-18" type="nsubj"/>
                </token>
                <token content="wake" id="3-18">
                    <pos type="VBP"/>
                    <lemma type="wake"/>
                    <dep head="3-11" type="advcl"/>
                </token>
                <token content="up" id="3-19">
                    <pos type="RB"/>
                    <lemma type="up"/>
                </token>
                <token content="early" id="3-20">
                    <pos type="RB"/>
                    <lemma type="early"/>
                    <dep head="3-18" type="advmod"/>
                </token>
                <token content="and" id="3-21"/>
                <token content="get" id="3-22">
                    <pos type="VBP"/>
                    <lemma type="get"/>
                </token>
                <token content="ready" id="3-23">
                    <pos type="JJ"/>
                    <lemma type="ready"/>
                    <dep head="3-18" type="conj"/>
                </token>
                <token content="for" id="3-24"/>
                <token content="the" id="3-25">
                    <pos type="DT"/>
                    <lemma type="the"/>
                </token>
                <token content="day" id="3-26">
                    <pos type="NN"/>
                    <lemma type="day"/>
                </token>
                <token content="." id="3-27"/>
            </sentence>
            <sentence id="4">
                <token content="We" id="4-1">
                    <pos type="PRP"/>
                    <lemma type="we"/>
                    <dep head="4-3" type="nsubj"/>
                </token>
                <token content="then" id="4-2">
                    <pos type="RB"/>
                    <lemma type="then"/>
                    <dep head="4-3" type="advmod"/>
                </token>
                <token content="drive" id="4-3">
                    <pos type="VB"/>
                    <lemma type="drive"/>
                </token>
                <token content="to" id="4-4"/>
                <token content="the" id="4-5">
                    <pos type="DT"/>
                    <lemma type="the"/>
                </token>
                <token content="train" id="4-6">
                    <pos type="NN"/>
                    <lemma type="train"/>
                </token>
                <token content="station" id="4-7">
                    <pos type="NN"/>
                    <lemma type="station"/>
                    <dep head="4-3" type="prep"/>
                </token>
                <token content="and" id="4-8"/>
                <token content="park" id="4-9">
                    <pos type="VB"/>
                    <lemma type="park"/>
                    <dep head="4-3" type="conj"/>
                </token>
                <token content="our" id="4-10">
                    <pos type="PRP$"/>
                    <lemma type="we"/>
                </token>
                <token content="car" id="4-11">
                    <pos type="NN"/>
                    <lemma type="car"/>
                    <dep head="4-9" type="dobj"/>
                </token>
                <token content="." id="4-12"/>
            </sentence>
            <sentence id="5">
                <token content="Depending" id="5-1"/>
                <token content="on" id="5-2">
                    <pos type="IN"/>
                    <lemma type="on"/>
                </token>
                <token content="which" id="5-3">
                    <pos type="WDT"/>
                    <lemma type="which"/>
                </token>
                <token content="train" id="5-4">
                    <pos type="NN"/>
                    <lemma type="train"/>
                </token>
                <token content="station" id="5-5">
                    <pos type="NN"/>
                    <lemma type="station"/>
                    <dep head="5-8" type="prep"/>
                </token>
                <token content="we" id="5-6">
                    <pos type="PRP"/>
                    <lemma type="we"/>
                    <dep head="5-8" type="nsubj"/>
                </token>
                <token content="are" id="5-7">
                    <pos type="VBP"/>
                    <lemma type="be"/>
                    <dep head="5-8" type="aux"/>
                </token>
                <token content="going" id="5-8">
                    <pos type="VBG"/>
                    <lemma type="go"/>
                </token>
                <token content="to" id="5-9"/>
                <token content="," id="5-10"/>
                <token content="the" id="5-11">
                    <pos type="DT"/>
                    <lemma type="the"/>
                </token>
                <token content="parking" id="5-12">
                    <pos type="NN"/>
                    <lemma type="parking"/>
                </token>
                <token content="is" id="5-13">
                    <pos type="VBZ"/>
                    <lemma type="be"/>
                </token>
                <token content="free" id="5-14">
                    <pos type="JJ"/>
                    <lemma type="free"/>
                </token>
                <token content="," id="5-15"/>
                <token content="but" id="5-16"/>
                <token content="otherwise" id="5-17">
                    <pos type="RB"/>
                    <lemma type="otherwise"/>
                    <dep head="5-19" type="advmod"/>
                </token>
                <token content="we" id="5-18">
                    <pos type="PRP"/>
                    <lemma type="we"/>
                    <dep head="5-19" type="nsubj"/>
                </token>
                <token content="pay" id="5-19">
                    <pos type="VBP"/>
                    <lemma type="pay"/>
                </token>
                <token content="for" id="5-20"/>
                <token content="our" id="5-21">
                    <pos type="PRP$"/>
                    <lemma type="we"/>
                </token>
                <token content="parking" id="5-22">
                    <pos type="NN"/>
                    <lemma type="parking"/>
                    <dep head="5-19" type="prep"/>
                </token>
                <token content="." id="5-23"/>
            </sentence>
            <sentence id="6">
                <token content="Once" id="6-1">
                    <pos type="RB"/>
                    <lemma type="once"/>
                    <dep head="6-5" type="advmod"/>
                </token>
                <token content="parked" id="6-2">
                    <pos type="VBG"/>
                    <lemma type="park"/>
                </token>
                <token content="," id="6-3"/>
                <token content="we" id="6-4">
                    <pos type="PRP"/>
                    <lemma type="we"/>
                    <dep head="6-5" type="nsubj"/>
                </token>
                <token content="walk" id="6-5">
                    <pos type="VB"/>
                    <lemma type="walk"/>
                </token>
                <token content="to" id="6-6"/>
                <token content="the" id="6-7">
                    <pos type="DT"/>
                    <lemma type="the"/>
                </token>
                <token content="platform" id="6-8">
                    <pos type="NN"/>
                    <lemma type="platform"/>
                    <dep head="6-5" type="prep"/>
                </token>
                <token content="and" id="6-9"/>
                <token content="buy" id="6-10">
                    <pos type="VB"/>
                    <lemma type="buy"/>
                    <dep head="6-5" type="conj"/>
                </token>
                <token content="our" id="6-11">
                    <pos type="PRP$"/>
                    <lemma type="we"/>
                </token>
                <token content="tickets" id="6-12">
                    <pos type="NNS"/>
                    <lemma type="ticket"/>
                    <dep head="6-10" type="dobj"/>
                </token>
                <token content="at" id="6-13"/>
                <token content="the" id="6-14">
                    <pos type="DT"/>
                    <lemma type="the"/>
                </token>
                <token content="automated" id="6-15">
                    <pos type="VBN"/>
                    <lemma type="automate"/>
                </token>
                <token content="teller" id="6-16">
                    <pos type="NN"/>
                    <lemma type="teller"/>
                    <dep head="6-10" type="prep"/>
                </token>
                <token content="." id="6-17"/>
            </sentence>
            <sentence id="7">
                <token content="Then" id="7-1">
                    <pos type="RB"/>
                    <lemma type="then"/>
                    <dep head="7-3" type="advmod"/>
                </token>
                <token content="we" id="7-2">
                    <pos type="PRP"/>
                    <lemma type="we"/>
                    <dep head="7-3" type="nsubj"/>
                </token>
                <token content="wait" id="7-3">
                    <pos type="VBP"/>
                    <lemma type="wait"/>
                </token>
                <token content="for" id="7-4"/>
                <token content="the" id="7-5">
                    <pos type="DT"/>
                    <lemma type="the"/>
                </token>
                <token content="train" id="7-6">
                    <pos type="NN"/>
                    <lemma type="train"/>
                    <dep head="7-3" type="prep"/>
                </token>
                <token content="to" id="7-7">
                    <pos type="TO"/>
                    <lemma type="to"/>
                    <dep head="7-8" type="aux"/>
                </token>
                <token content="arrive" id="7-8">
                    <pos type="VB"/>
                    <lemma type="arrive"/>
                </token>
                <token content="." id="7-9"/>
            </sentence>
            <sentence id="8">
                <token content="When" id="8-1">
                    <pos type="WRB"/>
                    <lemma type="when"/>
                    <dep head="8-4" type="advmod"/>
                </token>
                <token content="the" id="8-2">
                    <pos type="DT"/>
                    <lemma type="the"/>
                </token>
                <token content="train" id="8-3">
                    <pos type="NN"/>
                    <lemma type="train"/>
                    <dep head="8-4" type="nsubj"/>
                </token>
                <token content="arrives" id="8-4">
                    <pos type="VBZ"/>
                    <lemma type="arrive"/>
                    <dep head="8-7" type="advcl"/>
                </token>
                <token content="," id="8-5"/>
                <token content="we" id="8-6">
                    <pos type="PRP"/>
                    <lemma type="we"/>
                    <dep head="8-7" type="nsubj"/>
                </token>
                <token content="find" id="8-7">
                    <pos type="VBP"/>
                    <lemma type="find"/>
                </token>
                <token content="a" id="8-8">
                    <pos type="DT"/>
                    <lemma type="a"/>
                </token>
                <token content="good" id="8-9">
                    <pos type="JJ"/>
                    <lemma type="good"/>
                </token>
                <token content="place" id="8-10">
                    <pos type="NN"/>
                    <lemma type="place"/>
                    <dep head="8-7" type="dobj"/>
                </token>
                <token content="to" id="8-11">
                    <pos type="TO"/>
                    <lemma type="to"/>
                    <dep head="8-12" type="aux"/>
                </token>
                <token content="sit" id="8-12">
                    <pos type="VB"/>
                    <lemma type="sit"/>
                </token>
                <token content="." id="8-13"/>
            </sentence>
            <sentence id="9">
                <token content="We" id="9-1">
                    <pos type="PRP"/>
                    <lemma type="we"/>
                    <dep head="9-2" type="nsubj"/>
                </token>
                <token content="try" id="9-2">
                    <pos type="VBP"/>
                    <lemma type="try"/>
                </token>
                <token content="to" id="9-3">
                    <pos type="TO"/>
                    <lemma type="to"/>
                    <dep head="9-4" type="aux"/>
                </token>
                <token content="sit" id="9-4">
                    <pos type="VB"/>
                    <lemma type="sit"/>
                    <dep head="9-2" type="xcomp"/>
                </token>
                <token content="where" id="9-5">
                    <pos type="WRB"/>
                    <lemma type="where"/>
                    <dep head="9-7" type="advmod"/>
                </token>
                <token content="there" id="9-6">
                    <pos type="EX"/>
                    <lemma type="there"/>
                    <dep head="9-7" type="expl"/>
                </token>
                <token content="are" id="9-7">
                    <pos type="VBP"/>
                    <lemma type="be"/>
                    <dep head="9-4" type="advcl"/>
                </token>
                <token content="n't" id="9-8">
                    <pos type="RB"/>
                    <lemma type="not"/>
                    <dep head="9-7" type="neg"/>
                </token>
                <token content="too" id="9-9">
                    <pos type="RB"/>
                    <lemma type="too"/>
                    <dep head="9-7" type="advmod"/>
                </token>
                <token content="many" id="9-10">
                    <pos type="JJ"/>
                    <lemma type="many"/>
                </token>
                <token content="people" id="9-11">
                    <pos type="NNS"/>
                    <lemma type="people"/>
                    <dep head="9-7" type="nsubj"/>
                </token>
                <token content="and" id="9-12"/>
                <token content="where" id="9-13">
                    <pos type="WRB"/>
                    <lemma type="where"/>
                    <dep head="9-15" type="advmod"/>
                </token>
                <token content="there" id="9-14">
                    <pos type="EX"/>
                    <lemma type="there"/>
                    <dep head="9-15" type="expl"/>
                </token>
                <token content="are" id="9-15">
                    <pos type="VBP"/>
                    <lemma type="be"/>
                    <dep head="9-7" type="conj"/>
                </token>
                <token content="only" id="9-16">
                    <pos type="RB"/>
                    <lemma type="only"/>
                </token>
                <token content="2" id="9-17">
                    <pos type="CD"/>
                    <lemma type="2"/>
                </token>
                <token content="seats" id="9-18">
                    <pos type="NNS"/>
                    <lemma type="seat"/>
                </token>
                <token content="so" id="9-19">
                    <pos type="RB"/>
                    <lemma type="so"/>
                    <dep head="9-15" type="advmod"/>
                </token>
                <token content="that" id="9-20">
                    <pos type="IN"/>
                    <lemma type="that"/>
                    <dep head="9-24" type="mark"/>
                </token>
                <token content="we" id="9-21">
                    <pos type="PRP"/>
                    <lemma type="we"/>
                    <dep head="9-24" type="nsubj"/>
                </token>
                <token content="do" id="9-22">
                    <pos type="VBP"/>
                    <lemma type="do"/>
                    <dep head="9-24" type="aux"/>
                </token>
                <token content="n't" id="9-23">
                    <pos type="RB"/>
                    <lemma type="not"/>
                    <dep head="9-24" type="neg"/>
                </token>
                <token content="have" id="9-24">
                    <pos type="VB"/>
                    <lemma type="have"/>
                    <dep head="9-15" type="ccomp"/>
                </token>
                <token content="to" id="9-25">
                    <pos type="TO"/>
                    <lemma type="to"/>
                    <dep head="9-26" type="aux"/>
                </token>
                <token content="sit" id="9-26">
                    <pos type="VB"/>
                    <lemma type="sit"/>
                    <dep head="9-24" type="xcomp"/>
                </token>
                <token content="with" id="9-27"/>
                <token content="strangers" id="9-28">
                    <pos type="NNS"/>
                    <lemma type="stranger"/>
                    <dep head="9-26" type="prep"/>
                </token>
                <token content="." id="9-29"/>
            </sentence>
            <sentence id="10">
                <token content="Then" id="10-1">
                    <pos type="RB"/>
                    <lemma type="then"/>
                    <dep head="10-4" type="advmod"/>
                </token>
                <token content="the" id="10-2">
                    <pos type="DT"/>
                    <lemma type="the"/>
                </token>
                <token content="train" id="10-3">
                    <pos type="NN"/>
                    <lemma type="train"/>
                    <dep head="10-4" type="nsubj"/>
                </token>
                <token content="takes" id="10-4">
                    <pos type="VBZ"/>
                    <lemma type="take"/>
                </token>
                <token content="off" id="10-5">
                    <pos type="RP"/>
                    <lemma type="off"/>
                    <dep head="10-4" type="prt"/>
                </token>
                <token content="and" id="10-6"/>
                <token content="we" id="10-7">
                    <pos type="PRP"/>
                    <lemma type="we"/>
                    <dep head="10-9" type="nsubj"/>
                </token>
                <token content="usually" id="10-8">
                    <pos type="RB"/>
                    <lemma type="usually"/>
                    <dep head="10-9" type="advmod"/>
                </token>
                <token content="are" id="10-9">
                    <pos type="VBP"/>
                    <lemma type="be"/>
                    <dep head="10-4" type="conj"/>
                </token>
                <token content="on" id="10-10"/>
                <token content="the" id="10-11">
                    <pos type="DT"/>
                    <lemma type="the"/>
                </token>
                <token content="train" id="10-12">
                    <pos type="NN"/>
                    <lemma type="train"/>
                    <dep head="10-9" type="prep"/>
                </token>
                <token content="for" id="10-13"/>
                <token content="an" id="10-14">
                    <pos type="DT"/>
                    <lemma type="a"/>
                </token>
                <token content="hour" id="10-15">
                    <pos type="NN"/>
                    <lemma type="hour"/>
                </token>
                <token content="before" id="10-16">
                    <pos type="IN"/>
                    <lemma type="before"/>
                    <dep head="10-18" type="mark"/>
                </token>
                <token content="we" id="10-17">
                    <pos type="PRP"/>
                    <lemma type="we"/>
                    <dep head="10-18" type="nsubj"/>
                </token>
                <token content="get" id="10-18">
                    <pos type="VBP"/>
                    <lemma type="get"/>
                    <dep head="10-9" type="advcl"/>
                </token>
                <token content="to" id="10-19"/>
                <token content="our" id="10-20">
                    <pos type="PRP$"/>
                    <lemma type="we"/>
                </token>
                <token content="destination" id="10-21">
                    <pos type="NN"/>
                    <lemma type="destination"/>
                    <dep head="10-18" type="prep"/>
                </token>
                <token content="." id="10-22"/>
            </sentence>
        </sentences>
    </text>
    <annotations>
        <participants>
            <label from="1-2" id="0" name="ScrPart_time_date" text="night" type="participant"/>
            <label from="1-4" id="1" name="ScrPart_passenger" text="I" type="participant"/>
            <label from="1-7" id="2" name="ScrPart_trip" text="train ride" to="1-8" type="participant"/>
            <label from="1-8" id="3" name="ScrPart_trip" text="ride" type="participant"/>
            <label from="1-10" id="4" name="ScrPart_passenger" text="I" type="participant"/>
            <label from="1-14" id="5" name="ScrPart_time-table" text="train schedule" to="1-15" type="participant"/>
            <label from="1-15" id="6" name="ScrPart_time-table" text="schedule" type="participant"/>
            <label from="2-2" id="7" name="ScrPart_passenger" text="I" type="participant"/>
            <label from="2-6" id="8" name="ScrPart_destination" text="New York City" to="2-8" type="participant"/>
            <label from="2-11" id="9" name="ScrPart_passenger" text="I" type="participant"/>
            <label from="2-14" id="10" name="ScrPart_time-table" text="train schedules" to="2-15" type="participant"/>
            <label from="2-15" id="11" name="ScrPart_time-table" text="schedules" type="participant"/>
            <label from="2-18" id="12" name="ScrPart_train" text="trains" type="participant"/>
            <label from="2-20" id="13" name="ScrPart_destination" text="there" type="participant"/>
            <label from="3-2" id="14" name="ScrPart_passenger" text="my" type="participant"/>
            <label from="3-3" id="15" name="ScrPart_passenger" text="husband" type="participant"/>
            <label from="3-5" id="16" name="ScrPart_passenger" text="I" type="participant"/>
            <label from="3-8" id="17" name="ScrPart_train" text="train" type="participant"/>
            <label from="3-10" id="18" name="ScrPart_passenger" text="we" type="participant"/>
            <label from="3-16" id="19" name="ScrPart_time_date" text="morning" type="participant"/>
            <label from="3-17" id="20" name="ScrPart_passenger" text="I" type="participant"/>
            <label from="3-26" id="21" name="ScrPart_time_date" text="day" type="participant"/>
            <label from="4-1" id="22" name="ScrPart_passenger" text="We" type="participant"/>
            <label from="4-6" id="23" name="ScrPart_train_station" text="train station" to="4-7" type="participant"/>
            <label from="4-7" id="24" name="ScrPart_train_station" text="station" type="participant"/>
            <label from="4-10" id="25" name="ScrPart_passenger" text="our" type="participant"/>
            <label from="4-11" id="26" name="NPart" text="car" type="participant"/>
            <label from="5-4" id="27" name="ScrPart_train_station" text="train station" to="5-5" type="participant"/>
            <label from="5-5" id="28" name="ScrPart_train_station" text="station" type="participant"/>
            <label from="5-6" id="29" name="ScrPart_passenger" text="we" type="participant"/>
            <label from="5-12" id="30" name="NPart" text="parking" type="participant"/>
            <label from="5-18" id="31" name="ScrPart_passenger" text="we" type="participant"/>
            <label from="5-21" id="32" name="ScrPart_passenger" text="our" type="participant"/>
            <label from="5-22" id="33" name="NPart" text="parking" type="participant"/>
            <label from="6-4" id="34" name="ScrPart_passenger" text="we" type="participant"/>
            <label from="6-8" id="35" name="ScrPart_platform" text="platform" type="participant"/>
            <label from="6-11" id="36" name="ScrPart_passenger" text="our" type="participant"/>
            <label from="6-12" id="37" name="ScrPart_card/ticket" text="tickets" type="participant"/>
            <label from="6-15" id="38" name="ScrPart_ticket_office/website" text="automated teller" to="6-16" type="participant"/>
            <label from="6-16" id="39" name="ScrPart_ticket_office/website" text="teller" type="participant"/>
            <label from="7-2" id="40" name="ScrPart_passenger" text="we" type="participant"/>
            <label from="7-6" id="41" name="ScrPart_train" text="train" type="participant"/>
            <label from="8-3" id="42" name="ScrPart_train" text="train" type="participant"/>
            <label from="8-6" id="43" name="ScrPart_passenger" text="we" type="participant"/>
            <label from="8-10" id="44" name="ScrPart_location_train" text="place" type="participant"/>
            <label from="9-1" id="45" name="ScrPart_passenger" text="We" type="participant"/>
            <label from="9-5" id="46" name="ScrPart_location_train" text="where" type="participant"/>
            <label from="9-11" id="47" name="ScrPart_passenger" text="people" type="participant"/>
            <label from="9-13" id="48" name="ScrPart_location_train" text="where" type="participant"/>
            <label from="9-18" id="49" name="ScrPart_seat" text="seats" type="participant"/>
            <label from="9-21" id="50" name="ScrPart_passenger" text="we" type="participant"/>
            <label from="9-28" id="51" name="ScrPart_passenger" text="strangers" type="participant"/>
            <label from="10-3" id="52" name="ScrPart_train" text="train" type="participant"/>
            <label from="10-7" id="53" name="ScrPart_passenger" text="we" type="participant"/>
            <label from="10-12" id="54" name="ScrPart_train" text="train" type="participant"/>
            <label from="10-15" id="55" name="ScrPart_time_date" text="hour" type="participant"/>
            <label from="10-17" id="56" name="ScrPart_passenger" text="we" type="participant"/>
            <label from="10-20" id="57" name="ScrPart_passenger" text="our" type="participant"/>
            <label from="10-21" id="58" name="ScrPart_destination" text="destination" type="participant"/>
        </participants>
        <events>
            <label from="1-5" id="59" name="Evoking" text="take a train ride" to="1-8" type="event"/>
            <label from="1-11" id="60" name="ScrEv_check_time-table" text="look" type="event"/>
            <label from="2-4" id="61" name="RelNScrEv" text="going" type="event"/>
            <label from="2-12" id="62" name="ScrEv_check_time-table" text="check" type="event"/>
            <label from="2-19" id="63" name="ScrEv_train_arrives" text="heading" type="event"/>
            <label from="3-6" id="64" name="Evoking" text="take the train" to="3-8" type="event"/>
            <label from="3-11" id="65" name="UnrelEv" text="go" type="event"/>
            <label from="3-18" id="66" name="UnrelEv" text="wake up" to="3-19" type="event"/>
            <label from="3-18" id="67" name="UnrelEv" text="wake" type="event"/>
            <label from="3-22" id="68" name="UnrelEv" text="get" type="event"/>
            <label from="4-3" id="69" name="ScrEv_get_train_station" text="drive" type="event"/>
            <label from="4-9" id="70" name="UnrelEv" text="park" type="event"/>
            <label from="5-1" id="71" name="UnrelEv" text="Depending" type="event"/>
            <label from="5-8" id="72" name="ScrEv_get_train_station" text="going" type="event"/>
            <label from="5-13" id="73" name="UnrelEv" text="is" type="event"/>
            <label from="5-19" id="74" name="UnrelEv" text="pay" type="event"/>
            <label from="6-2" id="75" name="UnrelEv" text="parked" type="event"/>
            <label from="6-5" id="76" name="ScrEv_get_platform" text="walk" type="event"/>
            <label from="6-10" id="77" name="ScrEv_get_tickets" text="buy" type="event"/>
            <label from="7-3" id="78" name="ScrEv_wait" text="wait" type="event"/>
            <label from="7-8" id="79" name="ScrEv_train_arrives" text="arrive" type="event"/>
            <label from="8-4" id="80" name="ScrEv_train_arrives" text="arrives" type="event"/>
            <label from="8-7" id="81" name="ScrEv_find_place" text="find" type="event"/>
            <label from="8-12" id="82" name="ScrEv_spend_time_train" text="sit" type="event"/>
            <label from="9-2" id="83" name="UnrelEv" text="try" type="event"/>
            <label from="9-4" id="84" name="ScrEv_spend_time_train" text="sit" type="event"/>
            <label from="9-7" id="85" name="UnrelEv" text="are" type="event"/>
            <label from="9-15" id="86" name="RelNScrEv" text="are" type="event"/>
            <label from="9-26" id="87" name="ScrEv_spend_time_train" text="sit" type="event"/>
            <label from="10-4" id="88" name="ScrEv_train_departs" text="takes off" to="10-5" type="event"/>
            <label from="10-4" id="89" name="ScrEv_train_departs" text="takes" type="event"/>
            <label from="10-9" id="90" name="UnrelEv" text="are" type="event"/>
            <label from="10-18" id="91" name="ScrEv_train_arrives" text="get" type="event"/>
        </events>
        <chains>
            <chain elements="1 4 7 9 14 16 20"/>
            <chain elements="6 11"/>
            <chain elements="8 13"/>
            <chain elements="15 22 20" name="group_I_husband"/>
            <chain elements="22 25 29 31 32 34 36 40 43 45 50 53 57"/>
            <chain elements="41 42 52 54"/>
            <chain elements="44 46 48"/>
            <chain elements="14 18 15" name="group_husband_I"/>
            <chain elements="30 33"/>
        </chains>
    </annotations>
</story>
