<?xml version="1.0" encoding="UTF-8" standalone="no"?>
<!DOCTYPE story SYSTEM "../InScript.dtd">
<story id="023" scenario="bicycle">
    <text>
        <content>If you have a flat tire it is quite easy to change it yourself . 
The front tire is the easiest to change while the back will require more time and maybe additional tools . 
This is usually the back tire is where the chain and gears are connected to so it is harder to take off the bike frame . 
Sadly , most of the time a flat tire is the back tire because the back tire supports most of your weight on a bicycle . 
So you 'll need a wrench to undo the bolts on both sides of the tire . 
This will allow you to take off the entire tire . 
Inside the tire is an innertube , and this is the part you either need to replace or patch up . 
If it is a small hole and you can easily find the hole , you can use a tire patch kit to fix the hole . 
Other wise you may just replace the entire innertube altogether . 
Either way you will put the innertube back , and then the tire back onto the bike frame . 
Lastly , screw back on the bolts and pump some air into the tire . 
You 'll be ready to ride soon after ! </content>
        <sentences>
            <sentence id="1">
                <token content="If" id="1-1">
                    <pos type="IN"/>
                    <lemma type="if"/>
                    <dep head="1-3" type="mark"/>
                </token>
                <token content="you" id="1-2">
                    <pos type="PRP"/>
                    <lemma type="you"/>
                    <dep head="1-3" type="nsubj"/>
                </token>
                <token content="have" id="1-3">
                    <pos type="VBP"/>
                    <lemma type="have"/>
                </token>
                <token content="a" id="1-4">
                    <pos type="DT"/>
                    <lemma type="a"/>
                </token>
                <token content="flat" id="1-5">
                    <pos type="JJ"/>
                    <lemma type="flat"/>
                </token>
                <token content="tire" id="1-6">
                    <pos type="NN"/>
                    <lemma type="tire"/>
                    <dep head="1-3" type="dobj"/>
                </token>
                <token content="it" id="1-7">
                    <pos type="PRP"/>
                    <lemma type="it"/>
                </token>
                <token content="is" id="1-8">
                    <pos type="VBZ"/>
                    <lemma type="be"/>
                </token>
                <token content="quite" id="1-9">
                    <pos type="RB"/>
                    <lemma type="quite"/>
                </token>
                <token content="easy" id="1-10">
                    <pos type="JJ"/>
                    <lemma type="easy"/>
                </token>
                <token content="to" id="1-11">
                    <pos type="TO"/>
                    <lemma type="to"/>
                    <dep head="1-12" type="aux"/>
                </token>
                <token content="change" id="1-12">
                    <pos type="VB"/>
                    <lemma type="change"/>
                </token>
                <token content="it" id="1-13">
                    <pos type="PRP"/>
                    <lemma type="it"/>
                    <dep head="1-12" type="iobj"/>
                </token>
                <token content="yourself" id="1-14">
                    <pos type="PRP"/>
                    <lemma type="yourself"/>
                    <dep head="1-12" type="dobj"/>
                </token>
                <token content="." id="1-15"/>
            </sentence>
            <sentence id="2">
                <token content="The" id="2-1">
                    <pos type="DT"/>
                    <lemma type="the"/>
                </token>
                <token content="front" id="2-2">
                    <pos type="JJ"/>
                    <lemma type="front"/>
                </token>
                <token content="tire" id="2-3">
                    <pos type="NN"/>
                    <lemma type="tire"/>
                </token>
                <token content="is" id="2-4">
                    <pos type="VBZ"/>
                    <lemma type="be"/>
                </token>
                <token content="the" id="2-5">
                    <pos type="DT"/>
                    <lemma type="the"/>
                </token>
                <token content="easiest" id="2-6">
                    <pos type="JJS"/>
                    <lemma type="easiest"/>
                </token>
                <token content="to" id="2-7">
                    <pos type="TO"/>
                    <lemma type="to"/>
                    <dep head="2-8" type="aux"/>
                </token>
                <token content="change" id="2-8">
                    <pos type="VB"/>
                    <lemma type="change"/>
                </token>
                <token content="while" id="2-9">
                    <pos type="IN"/>
                    <lemma type="while"/>
                    <dep head="2-13" type="mark"/>
                </token>
                <token content="the" id="2-10">
                    <pos type="DT"/>
                    <lemma type="the"/>
                </token>
                <token content="back" id="2-11">
                    <pos type="NN"/>
                    <lemma type="back"/>
                    <dep head="2-13" type="nsubj"/>
                </token>
                <token content="will" id="2-12">
                    <pos type="MD"/>
                    <lemma type="will"/>
                    <dep head="2-13" type="aux"/>
                </token>
                <token content="require" id="2-13">
                    <pos type="VB"/>
                    <lemma type="require"/>
                    <dep head="2-8" type="advcl"/>
                </token>
                <token content="more" id="2-14">
                    <pos type="JJR"/>
                    <lemma type="more"/>
                </token>
                <token content="time" id="2-15">
                    <pos type="NN"/>
                    <lemma type="time"/>
                    <dep head="2-13" type="dobj"/>
                </token>
                <token content="and" id="2-16">
                    <pos type="CC"/>
                    <lemma type="and"/>
                </token>
                <token content="maybe" id="2-17">
                    <pos type="RB"/>
                    <lemma type="maybe"/>
                </token>
                <token content="additional" id="2-18">
                    <pos type="JJ"/>
                    <lemma type="additional"/>
                </token>
                <token content="tools" id="2-19">
                    <pos type="NNS"/>
                    <lemma type="tool"/>
                </token>
                <token content="." id="2-20"/>
            </sentence>
            <sentence id="3">
                <token content="This" id="3-1">
                    <pos type="DT"/>
                    <lemma type="this"/>
                </token>
                <token content="is" id="3-2">
                    <pos type="VBZ"/>
                    <lemma type="be"/>
                </token>
                <token content="usually" id="3-3">
                    <pos type="RB"/>
                    <lemma type="usually"/>
                </token>
                <token content="the" id="3-4">
                    <pos type="DT"/>
                    <lemma type="the"/>
                </token>
                <token content="back" id="3-5">
                    <pos type="JJ"/>
                    <lemma type="back"/>
                </token>
                <token content="tire" id="3-6">
                    <pos type="NN"/>
                    <lemma type="tire"/>
                </token>
                <token content="is" id="3-7">
                    <pos type="VBZ"/>
                    <lemma type="be"/>
                </token>
                <token content="where" id="3-8">
                    <pos type="WRB"/>
                    <lemma type="where"/>
                    <dep head="3-14" type="advmod"/>
                </token>
                <token content="the" id="3-9">
                    <pos type="DT"/>
                    <lemma type="the"/>
                </token>
                <token content="chain" id="3-10">
                    <pos type="NN"/>
                    <lemma type="chain"/>
                    <dep head="3-14" type="nsubjpass"/>
                </token>
                <token content="and" id="3-11"/>
                <token content="gears" id="3-12">
                    <pos type="NNS"/>
                    <lemma type="gear"/>
                </token>
                <token content="are" id="3-13">
                    <pos type="VBP"/>
                    <lemma type="be"/>
                    <dep head="3-14" type="auxpass"/>
                </token>
                <token content="connected" id="3-14">
                    <pos type="VBN"/>
                    <lemma type="connect"/>
                    <dep head="3-7" type="advcl"/>
                </token>
                <token content="to" id="3-15"/>
                <token content="so" id="3-16">
                    <pos type="IN"/>
                    <lemma type="so"/>
                </token>
                <token content="it" id="3-17">
                    <pos type="PRP"/>
                    <lemma type="it"/>
                </token>
                <token content="is" id="3-18">
                    <pos type="VBZ"/>
                    <lemma type="be"/>
                </token>
                <token content="harder" id="3-19">
                    <pos type="JJR"/>
                    <lemma type="harder"/>
                    <dep head="3-14" type="prepc"/>
                </token>
                <token content="to" id="3-20">
                    <pos type="TO"/>
                    <lemma type="to"/>
                    <dep head="3-21" type="aux"/>
                </token>
                <token content="take" id="3-21">
                    <pos type="VB"/>
                    <lemma type="take"/>
                </token>
                <token content="off" id="3-22">
                    <pos type="RP"/>
                    <lemma type="off"/>
                    <dep head="3-21" type="prt"/>
                </token>
                <token content="the" id="3-23">
                    <pos type="DT"/>
                    <lemma type="the"/>
                </token>
                <token content="bike" id="3-24">
                    <pos type="NN"/>
                    <lemma type="bike"/>
                </token>
                <token content="frame" id="3-25">
                    <pos type="NN"/>
                    <lemma type="frame"/>
                    <dep head="3-21" type="dobj"/>
                </token>
                <token content="." id="3-26"/>
            </sentence>
            <sentence id="4">
                <token content="Sadly" id="4-1">
                    <pos type="RB"/>
                    <lemma type="sadly"/>
                </token>
                <token content="," id="4-2"/>
                <token content="most" id="4-3">
                    <pos type="JJS"/>
                    <lemma type="most"/>
                </token>
                <token content="of" id="4-4"/>
                <token content="the" id="4-5">
                    <pos type="DT"/>
                    <lemma type="the"/>
                </token>
                <token content="time" id="4-6">
                    <pos type="NN"/>
                    <lemma type="time"/>
                </token>
                <token content="a" id="4-7">
                    <pos type="DT"/>
                    <lemma type="a"/>
                </token>
                <token content="flat" id="4-8">
                    <pos type="JJ"/>
                    <lemma type="flat"/>
                </token>
                <token content="tire" id="4-9">
                    <pos type="NN"/>
                    <lemma type="tire"/>
                </token>
                <token content="is" id="4-10">
                    <pos type="VBZ"/>
                    <lemma type="be"/>
                </token>
                <token content="the" id="4-11">
                    <pos type="DT"/>
                    <lemma type="the"/>
                </token>
                <token content="back" id="4-12">
                    <pos type="JJ"/>
                    <lemma type="back"/>
                </token>
                <token content="tire" id="4-13">
                    <pos type="NN"/>
                    <lemma type="tire"/>
                </token>
                <token content="because" id="4-14">
                    <pos type="IN"/>
                    <lemma type="because"/>
                    <dep head="4-18" type="mark"/>
                </token>
                <token content="the" id="4-15">
                    <pos type="DT"/>
                    <lemma type="the"/>
                </token>
                <token content="back" id="4-16">
                    <pos type="JJ"/>
                    <lemma type="back"/>
                </token>
                <token content="tire" id="4-17">
                    <pos type="NN"/>
                    <lemma type="tire"/>
                    <dep head="4-18" type="nsubj"/>
                </token>
                <token content="supports" id="4-18">
                    <pos type="VBZ"/>
                    <lemma type="support"/>
                </token>
                <token content="most" id="4-19">
                    <pos type="JJS"/>
                    <lemma type="most"/>
                    <dep head="4-18" type="dobj"/>
                </token>
                <token content="of" id="4-20"/>
                <token content="your" id="4-21">
                    <pos type="PRP$"/>
                    <lemma type="you"/>
                </token>
                <token content="weight" id="4-22">
                    <pos type="NN"/>
                    <lemma type="weight"/>
                </token>
                <token content="on" id="4-23"/>
                <token content="a" id="4-24">
                    <pos type="DT"/>
                    <lemma type="a"/>
                </token>
                <token content="bicycle" id="4-25">
                    <pos type="NN"/>
                    <lemma type="bicycle"/>
                </token>
                <token content="." id="4-26"/>
            </sentence>
            <sentence id="5">
                <token content="So" id="5-1">
                    <pos type="IN"/>
                    <lemma type="so"/>
                    <dep head="5-4" type="dep"/>
                </token>
                <token content="you" id="5-2">
                    <pos type="PRP"/>
                    <lemma type="you"/>
                    <dep head="5-4" type="nsubj"/>
                </token>
                <token content="'ll" id="5-3">
                    <pos type="MD"/>
                    <lemma type="'ll"/>
                    <dep head="5-4" type="aux"/>
                </token>
                <token content="need" id="5-4">
                    <pos type="VB"/>
                    <lemma type="need"/>
                </token>
                <token content="a" id="5-5">
                    <pos type="DT"/>
                    <lemma type="a"/>
                </token>
                <token content="wrench" id="5-6">
                    <pos type="NN"/>
                    <lemma type="wrench"/>
                    <dep head="5-4" type="dobj"/>
                </token>
                <token content="to" id="5-7">
                    <pos type="TO"/>
                    <lemma type="to"/>
                    <dep head="5-8" type="aux"/>
                </token>
                <token content="undo" id="5-8">
                    <pos type="VB"/>
                    <lemma type="undo"/>
                </token>
                <token content="the" id="5-9">
                    <pos type="DT"/>
                    <lemma type="the"/>
                </token>
                <token content="bolts" id="5-10">
                    <pos type="NNS"/>
                    <lemma type="bolt"/>
                    <dep head="5-8" type="dobj"/>
                </token>
                <token content="on" id="5-11"/>
                <token content="both" id="5-12">
                    <pos type="DT"/>
                    <lemma type="both"/>
                </token>
                <token content="sides" id="5-13">
                    <pos type="NNS"/>
                    <lemma type="side"/>
                    <dep head="5-8" type="prep"/>
                </token>
                <token content="of" id="5-14"/>
                <token content="the" id="5-15">
                    <pos type="DT"/>
                    <lemma type="the"/>
                </token>
                <token content="tire" id="5-16">
                    <pos type="NN"/>
                    <lemma type="tire"/>
                </token>
                <token content="." id="5-17"/>
            </sentence>
            <sentence id="6">
                <token content="This" id="6-1">
                    <pos type="DT"/>
                    <lemma type="this"/>
                    <dep head="6-3" type="nsubj"/>
                </token>
                <token content="will" id="6-2">
                    <pos type="MD"/>
                    <lemma type="will"/>
                    <dep head="6-3" type="aux"/>
                </token>
                <token content="allow" id="6-3">
                    <pos type="VB"/>
                    <lemma type="allow"/>
                </token>
                <token content="you" id="6-4">
                    <pos type="PRP"/>
                    <lemma type="you"/>
                    <dep head="6-3" type="dobj"/>
                </token>
                <token content="to" id="6-5">
                    <pos type="TO"/>
                    <lemma type="to"/>
                    <dep head="6-6" type="aux"/>
                </token>
                <token content="take" id="6-6">
                    <pos type="VB"/>
                    <lemma type="take"/>
                    <dep head="6-3" type="xcomp"/>
                </token>
                <token content="off" id="6-7">
                    <pos type="RP"/>
                    <lemma type="off"/>
                    <dep head="6-6" type="prt"/>
                </token>
                <token content="the" id="6-8">
                    <pos type="DT"/>
                    <lemma type="the"/>
                </token>
                <token content="entire" id="6-9">
                    <pos type="JJ"/>
                    <lemma type="entire"/>
                </token>
                <token content="tire" id="6-10">
                    <pos type="NN"/>
                    <lemma type="tire"/>
                    <dep head="6-6" type="dobj"/>
                </token>
                <token content="." id="6-11"/>
            </sentence>
            <sentence id="7">
                <token content="Inside" id="7-1"/>
                <token content="the" id="7-2">
                    <pos type="DT"/>
                    <lemma type="the"/>
                </token>
                <token content="tire" id="7-3">
                    <pos type="NN"/>
                    <lemma type="tire"/>
                </token>
                <token content="is" id="7-4">
                    <pos type="VBZ"/>
                    <lemma type="be"/>
                </token>
                <token content="an" id="7-5">
                    <pos type="DT"/>
                    <lemma type="a"/>
                </token>
                <token content="innertube" id="7-6">
                    <pos type="NN"/>
                    <lemma type="innertube"/>
                    <dep head="7-15" type="prepc"/>
                </token>
                <token content="," id="7-7"/>
                <token content="and" id="7-8"/>
                <token content="this" id="7-9">
                    <pos type="DT"/>
                    <lemma type="this"/>
                </token>
                <token content="is" id="7-10">
                    <pos type="VBZ"/>
                    <lemma type="be"/>
                </token>
                <token content="the" id="7-11">
                    <pos type="DT"/>
                    <lemma type="the"/>
                </token>
                <token content="part" id="7-12">
                    <pos type="NN"/>
                    <lemma type="part"/>
                </token>
                <token content="you" id="7-13">
                    <pos type="PRP"/>
                    <lemma type="you"/>
                    <dep head="7-15" type="nsubj"/>
                </token>
                <token content="either" id="7-14">
                    <pos type="RB"/>
                    <lemma type="either"/>
                    <dep head="7-15" type="advmod"/>
                </token>
                <token content="need" id="7-15">
                    <pos type="VBP"/>
                    <lemma type="need"/>
                </token>
                <token content="to" id="7-16">
                    <pos type="TO"/>
                    <lemma type="to"/>
                    <dep head="7-17" type="aux"/>
                </token>
                <token content="replace" id="7-17">
                    <pos type="VB"/>
                    <lemma type="replace"/>
                    <dep head="7-15" type="xcomp"/>
                </token>
                <token content="or" id="7-18"/>
                <token content="patch" id="7-19">
                    <pos type="VB"/>
                    <lemma type="patch"/>
                    <dep head="7-17" type="conj"/>
                </token>
                <token content="up" id="7-20">
                    <pos type="RP"/>
                    <lemma type="up"/>
                    <dep head="7-19" type="prt"/>
                </token>
                <token content="." id="7-21"/>
            </sentence>
            <sentence id="8">
                <token content="If" id="8-1">
                    <pos type="IN"/>
                    <lemma type="if"/>
                </token>
                <token content="it" id="8-2">
                    <pos type="PRP"/>
                    <lemma type="it"/>
                </token>
                <token content="is" id="8-3">
                    <pos type="VBZ"/>
                    <lemma type="be"/>
                </token>
                <token content="a" id="8-4">
                    <pos type="DT"/>
                    <lemma type="a"/>
                </token>
                <token content="small" id="8-5">
                    <pos type="JJ"/>
                    <lemma type="small"/>
                </token>
                <token content="hole" id="8-6">
                    <pos type="NN"/>
                    <lemma type="hole"/>
                    <dep head="8-17" type="advcl"/>
                </token>
                <token content="and" id="8-7"/>
                <token content="you" id="8-8">
                    <pos type="PRP"/>
                    <lemma type="you"/>
                    <dep head="8-11" type="nsubj"/>
                </token>
                <token content="can" id="8-9">
                    <pos type="MD"/>
                    <lemma type="can"/>
                    <dep head="8-11" type="aux"/>
                </token>
                <token content="easily" id="8-10">
                    <pos type="RB"/>
                    <lemma type="easily"/>
                    <dep head="8-11" type="advmod"/>
                </token>
                <token content="find" id="8-11">
                    <pos type="VB"/>
                    <lemma type="find"/>
                </token>
                <token content="the" id="8-12">
                    <pos type="DT"/>
                    <lemma type="the"/>
                </token>
                <token content="hole" id="8-13">
                    <pos type="NN"/>
                    <lemma type="hole"/>
                    <dep head="8-11" type="dobj"/>
                </token>
                <token content="," id="8-14"/>
                <token content="you" id="8-15">
                    <pos type="PRP"/>
                    <lemma type="you"/>
                    <dep head="8-17" type="nsubj"/>
                </token>
                <token content="can" id="8-16">
                    <pos type="MD"/>
                    <lemma type="can"/>
                    <dep head="8-17" type="aux"/>
                </token>
                <token content="use" id="8-17">
                    <pos type="VB"/>
                    <lemma type="use"/>
                </token>
                <token content="a" id="8-18">
                    <pos type="DT"/>
                    <lemma type="a"/>
                </token>
                <token content="tire" id="8-19">
                    <pos type="NN"/>
                    <lemma type="tire"/>
                </token>
                <token content="patch" id="8-20">
                    <pos type="NN"/>
                    <lemma type="patch"/>
                </token>
                <token content="kit" id="8-21">
                    <pos type="NN"/>
                    <lemma type="kit"/>
                    <dep head="8-17" type="dobj"/>
                </token>
                <token content="to" id="8-22">
                    <pos type="TO"/>
                    <lemma type="to"/>
                    <dep head="8-23" type="aux"/>
                </token>
                <token content="fix" id="8-23">
                    <pos type="VB"/>
                    <lemma type="fix"/>
                    <dep head="8-17" type="vmod"/>
                </token>
                <token content="the" id="8-24">
                    <pos type="DT"/>
                    <lemma type="the"/>
                </token>
                <token content="hole" id="8-25">
                    <pos type="NN"/>
                    <lemma type="hole"/>
                    <dep head="8-23" type="dobj"/>
                </token>
                <token content="." id="8-26"/>
            </sentence>
            <sentence id="9">
                <token content="Other" id="9-1">
                    <pos type="JJ"/>
                    <lemma type="other"/>
                </token>
                <token content="wise" id="9-2">
                    <pos type="JJ"/>
                    <lemma type="wise"/>
                </token>
                <token content="you" id="9-3">
                    <pos type="NN"/>
                    <lemma type="you"/>
                    <dep head="9-6" type="nsubj"/>
                </token>
                <token content="may" id="9-4">
                    <pos type="MD"/>
                    <lemma type="may"/>
                    <dep head="9-6" type="aux"/>
                </token>
                <token content="just" id="9-5">
                    <pos type="RB"/>
                    <lemma type="just"/>
                    <dep head="9-6" type="advmod"/>
                </token>
                <token content="replace" id="9-6">
                    <pos type="VB"/>
                    <lemma type="replace"/>
                </token>
                <token content="the" id="9-7">
                    <pos type="DT"/>
                    <lemma type="the"/>
                </token>
                <token content="entire" id="9-8">
                    <pos type="JJ"/>
                    <lemma type="entire"/>
                </token>
                <token content="innertube" id="9-9">
                    <pos type="NN"/>
                    <lemma type="innertube"/>
                    <dep head="9-6" type="dobj"/>
                </token>
                <token content="altogether" id="9-10">
                    <pos type="RB"/>
                    <lemma type="altogether"/>
                    <dep head="9-6" type="advmod"/>
                </token>
                <token content="." id="9-11"/>
            </sentence>
            <sentence id="10">
                <token content="Either" id="10-1">
                    <pos type="CC"/>
                    <lemma type="either"/>
                </token>
                <token content="way" id="10-2">
                    <pos type="NN"/>
                    <lemma type="way"/>
                    <dep head="10-5" type="nsubj"/>
                </token>
                <token content="you" id="10-3">
                    <pos type="PRP"/>
                    <lemma type="you"/>
                    <dep head="10-5" type="nsubj"/>
                </token>
                <token content="will" id="10-4">
                    <pos type="MD"/>
                    <lemma type="will"/>
                    <dep head="10-5" type="aux"/>
                </token>
                <token content="put" id="10-5">
                    <pos type="VB"/>
                    <lemma type="put"/>
                </token>
                <token content="the" id="10-6">
                    <pos type="DT"/>
                    <lemma type="the"/>
                </token>
                <token content="innertube" id="10-7">
                    <pos type="NN"/>
                    <lemma type="innertube"/>
                    <dep head="10-5" type="dobj"/>
                </token>
                <token content="back" id="10-8">
                    <pos type="RB"/>
                    <lemma type="back"/>
                    <dep head="10-5" type="advmod"/>
                </token>
                <token content="," id="10-9"/>
                <token content="and" id="10-10"/>
                <token content="then" id="10-11">
                    <pos type="RB"/>
                    <lemma type="then"/>
                </token>
                <token content="the" id="10-12">
                    <pos type="DT"/>
                    <lemma type="the"/>
                </token>
                <token content="tire" id="10-13">
                    <pos type="NN"/>
                    <lemma type="tire"/>
                </token>
                <token content="back" id="10-14">
                    <pos type="RB"/>
                    <lemma type="back"/>
                </token>
                <token content="onto" id="10-15">
                    <pos type="IN"/>
                    <lemma type="onto"/>
                </token>
                <token content="the" id="10-16">
                    <pos type="DT"/>
                    <lemma type="the"/>
                </token>
                <token content="bike" id="10-17">
                    <pos type="NN"/>
                    <lemma type="bike"/>
                </token>
                <token content="frame" id="10-18">
                    <pos type="NN"/>
                    <lemma type="frame"/>
                </token>
                <token content="." id="10-19"/>
            </sentence>
            <sentence id="11">
                <token content="Lastly" id="11-1">
                    <pos type="RB"/>
                    <lemma type="lastly"/>
                    <dep head="11-3" type="advmod"/>
                </token>
                <token content="," id="11-2"/>
                <token content="screw" id="11-3">
                    <pos type="VB"/>
                    <lemma type="screw"/>
                </token>
                <token content="back" id="11-4">
                    <pos type="RP"/>
                    <lemma type="back"/>
                    <dep head="11-3" type="prt"/>
                </token>
                <token content="on" id="11-5"/>
                <token content="the" id="11-6">
                    <pos type="DT"/>
                    <lemma type="the"/>
                </token>
                <token content="bolts" id="11-7">
                    <pos type="NNS"/>
                    <lemma type="bolt"/>
                    <dep head="11-3" type="prep"/>
                </token>
                <token content="and" id="11-8"/>
                <token content="pump" id="11-9">
                    <pos type="VB"/>
                    <lemma type="pump"/>
                    <dep head="11-3" type="conj"/>
                </token>
                <token content="some" id="11-10">
                    <pos type="DT"/>
                    <lemma type="some"/>
                </token>
                <token content="air" id="11-11">
                    <pos type="NN"/>
                    <lemma type="air"/>
                    <dep head="11-9" type="dobj"/>
                </token>
                <token content="into" id="11-12"/>
                <token content="the" id="11-13">
                    <pos type="DT"/>
                    <lemma type="the"/>
                </token>
                <token content="tire" id="11-14">
                    <pos type="NN"/>
                    <lemma type="tire"/>
                    <dep head="11-9" type="prep"/>
                </token>
                <token content="." id="11-15"/>
            </sentence>
            <sentence id="12">
                <token content="You" id="12-1">
                    <pos type="PRP"/>
                    <lemma type="you"/>
                </token>
                <token content="'ll" id="12-2">
                    <pos type="MD"/>
                    <lemma type="'ll"/>
                </token>
                <token content="be" id="12-3">
                    <pos type="VB"/>
                    <lemma type="be"/>
                </token>
                <token content="ready" id="12-4">
                    <pos type="JJ"/>
                    <lemma type="ready"/>
                </token>
                <token content="to" id="12-5">
                    <pos type="TO"/>
                    <lemma type="to"/>
                    <dep head="12-6" type="aux"/>
                </token>
                <token content="ride" id="12-6">
                    <pos type="VB"/>
                    <lemma type="ride"/>
                </token>
                <token content="soon" id="12-7">
                    <pos type="RB"/>
                    <lemma type="soon"/>
                    <dep head="12-6" type="advmod"/>
                </token>
                <token content="after" id="12-8">
                    <pos type="IN"/>
                    <lemma type="after"/>
                    <dep head="12-6" type="prep"/>
                </token>
                <token content="!" id="12-9"/>
            </sentence>
        </sentences>
    </text>
    <annotations>
        <participants>
            <label from="1-2" id="0" name="ScrPart_rider" text="you" type="participant"/>
            <label from="1-6" id="1" name="ScrPart_tire" text="tire" type="participant"/>
            <label from="1-7" id="2" name="No_label" text="it" type="participant"/>
            <label from="1-13" id="3" name="ScrPart_tire" text="it" type="participant"/>
            <label from="1-14" id="4" name="ScrPart_rider" text="yourself" type="participant"/>
            <label from="2-2" id="5" name="ScrPart_tire" text="front tire" to="2-3" type="participant"/>
            <label from="2-3" id="6" name="ScrPart_tire" text="tire" type="participant"/>
            <label from="2-11" id="7" name="ScrPart_tire" text="back" type="participant"/>
            <label from="2-15" id="8" name="NPart" text="time" type="participant"/>
            <label from="2-19" id="9" name="ScrPart_tool" text="tools" type="participant"/>
            <label from="3-5" id="10" name="ScrPart_tire" text="back tire" to="3-6" type="participant"/>
            <label from="3-6" id="11" name="ScrPart_tire" text="tire" type="participant"/>
            <label from="3-10" id="12" name="ScrPart_other" text="chain" type="participant"/>
            <label from="3-12" id="13" name="ScrPart_bicycle_small_detail" text="gears" type="participant"/>
            <label from="3-17" id="14" name="No_label" text="it" type="participant"/>
            <label from="3-24" id="15" name="NPart" text="bike frame" to="3-25" type="participant"/>
            <label from="3-25" id="16" name="NPart" text="frame" type="participant"/>
            <label from="4-6" id="17" name="No_label" text="time" type="participant"/>
            <label from="4-9" id="18" name="ScrPart_tire" text="tire" type="participant"/>
            <label from="4-12" id="19" name="ScrPart_tire" text="back tire" to="4-13" type="participant"/>
            <label from="4-13" id="20" name="ScrPart_tire" text="tire" type="participant"/>
            <label from="4-16" id="21" name="ScrPart_tire" text="back tire" to="4-17" type="participant"/>
            <label from="4-17" id="22" name="ScrPart_tire" text="tire" type="participant"/>
            <label from="4-21" id="23" name="ScrPart_rider" text="your" type="participant"/>
            <label from="4-22" id="24" name="NPart" text="weight" type="participant"/>
            <label from="4-25" id="25" name="ScrPart_bicycle" text="bicycle" type="participant"/>
            <label from="5-2" id="26" name="ScrPart_rider" text="you" type="participant"/>
            <label from="5-6" id="27" name="ScrPart_tool" text="wrench" type="participant"/>
            <label from="5-10" id="28" name="ScrPart_bicycle_small_detail" text="bolts" type="participant"/>
            <label from="5-13" id="29" name="NPart" text="sides" type="participant"/>
            <label from="5-16" id="30" name="ScrPart_tire" text="tire" type="participant"/>
            <label from="6-4" id="31" name="ScrPart_rider" text="you" type="participant"/>
            <label from="6-10" id="32" name="ScrPart_tire" text="tire" type="participant"/>
            <label from="7-3" id="33" name="ScrPart_tire" text="tire" type="participant"/>
            <label from="7-6" id="34" name="ScrPart_tire" text="innertube" type="participant"/>
            <label from="7-9" id="35" name="ScrPart_tire" text="this" type="participant"/>
            <label from="7-12" id="36" name="ScrPart_tire" text="part" type="participant"/>
            <label from="7-13" id="37" name="ScrPart_rider" text="you" type="participant"/>
            <label from="8-2" id="38" name="No_label" text="it" type="participant"/>
            <label from="8-6" id="39" name="ScrPart_object_damage" text="hole" type="participant"/>
            <label from="8-8" id="40" name="ScrPart_rider" text="you" type="participant"/>
            <label from="8-13" id="41" name="ScrPart_object_damage" text="hole" type="participant"/>
            <label from="8-15" id="42" name="ScrPart_rider" text="you" type="participant"/>
            <label from="8-19" id="43" name="ScrPart_tool" text="tire patch kit" to="8-21" type="participant"/>
            <label from="8-21" id="44" name="ScrPart_tool" text="kit" type="participant"/>
            <label from="8-25" id="45" name="ScrPart_object_damage" text="hole" type="participant"/>
            <label from="9-3" id="46" name="ScrPart_rider" text="you" type="participant"/>
            <label from="9-9" id="47" name="ScrPart_tire" text="innertube" type="participant"/>
            <label from="10-2" id="48" name="No_label" text="way" type="participant"/>
            <label from="10-3" id="49" name="ScrPart_rider" text="you" type="participant"/>
            <label from="10-7" id="50" name="ScrPart_tire" text="innertube" type="participant"/>
            <label from="10-13" id="51" name="ScrPart_tire" text="tire" type="participant"/>
            <label from="10-17" id="52" name="NPart" text="bike frame" to="10-18" type="participant"/>
            <label from="10-18" id="53" name="NPart" text="frame" type="participant"/>
            <label from="11-7" id="54" name="ScrPart_bicycle_small_detail" text="bolts" type="participant"/>
            <label from="11-11" id="55" name="ScrPart_air" text="air" type="participant"/>
            <label from="11-14" id="56" name="ScrPart_tire" text="tire" type="participant"/>
            <label from="12-1" id="57" name="ScrPart_rider" text="You" type="participant"/>
        </participants>
        <events>
            <label from="1-3" id="58" name="UnrelEv" text="have" type="event"/>
            <label from="1-8" id="59" name="UnrelEv" text="is" type="event"/>
            <label from="1-12" id="60" name="Evoking" text="change it" to="1-13" type="event"/>
            <label from="2-4" id="61" name="UnrelEv" text="is" type="event"/>
            <label from="2-8" id="62" name="Unclear" text="change" type="event"/>
            <label from="2-13" id="63" name="UnrelEv" text="require" type="event"/>
            <label from="3-2" id="64" name="UnrelEv" text="is" type="event"/>
            <label from="3-7" id="65" name="UnrelEv" text="is" type="event"/>
            <label from="3-14" id="66" name="UnrelEv" text="connected" type="event"/>
            <label from="3-21" id="67" name="ScrEv_free_wheel" text="take off" to="3-22" type="event"/>
            <label from="4-10" id="68" name="UnrelEv" text="is" type="event"/>
            <label from="4-18" id="69" name="UnrelEv" text="supports" type="event"/>
            <label from="5-4" id="70" name="UnrelEv" text="need" type="event"/>
            <label from="5-8" id="71" name="ScrEv_loose_nut" text="undo" type="event"/>
            <label from="6-3" id="72" name="UnrelEv" text="allow" type="event"/>
            <label from="6-6" id="73" name="ScrEv_free_wheel" text="take off" to="6-7" type="event"/>
            <label from="7-4" id="74" name="UnrelEv" text="is" type="event"/>
            <label from="7-10" id="75" name="UnrelEv" text="is" type="event"/>
            <label from="7-17" id="76" name="ScrEv_put_new_tire" text="replace" type="event"/>
            <label from="7-19" id="77" name="ScrEv_put_patch/seal" text="patch up" to="7-20" type="event"/>
            <label from="8-3" id="78" name="UnrelEv" text="is" type="event"/>
            <label from="8-11" id="79" name="RelNScrEv" text="find" type="event"/>
            <label from="8-17" id="80" name="UnrelEv" text="use" type="event"/>
            <label from="8-23" id="81" name="ScrEv_put_patch/seal" text="fix" type="event"/>
            <label from="9-4" id="82" name="UnrelEv" text="may" type="event"/>
            <label from="9-6" id="83" name="ScrEv_put_new_tire" text="replace" type="event"/>
            <label from="10-5" id="84" name="ScrEv_put_new_tire" text="put" type="event"/>
            <label from="11-3" id="85" name="RelNScrEv" text="screw" type="event"/>
            <label from="11-9" id="86" name="ScrEv_refill_tire_air" text="pump" type="event"/>
            <label from="12-3" id="87" name="UnrelEv" text="be" type="event"/>
            <label from="12-6" id="88" name="ScrEv_ride_bike" text="ride" type="event"/>
        </events>
        <chains>
            <chain elements="1 3 7 11 18 20 22 30 32 33 51 56"/>
            <chain elements="0 4 23 26 31 37 40 42 46 49 57"/>
            <chain elements="9 27" name="group_tools"/>
            <chain elements="34 35 47 50 36"/>
            <chain elements="39 41 45"/>
            <chain elements="16 53"/>
            <chain elements="28 54"/>
        </chains>
    </annotations>
</story>
