<?xml version="1.0" encoding="UTF-8" standalone="no"?>
<!DOCTYPE story SYSTEM "../InScript.dtd">
<story id="034" scenario="bicycle">
    <text>
        <content>I recently got a flat bicycle tire while riding home from work . 
As soon as I got home , I removed the tire from the bike and checked for the cause . 
Sure enough , there was a small puncture , I must have run over something sharp while commuting home . 
I then went to the local bike shop and the man at the shop recommended that I buy a patch kit , since doing so is much cheaper than replacing the entire tube . 
The patch kit was very easy to use as the instructions were very details . 
First I added glue to the area and then put the patch on top . 
After holding the patch in place for a few minutes , I added a little talc . 
I also added a little talc to the inside of the tire . 
Once everything was set , I put the wheel back on the bike and everything was good as new . </content>
        <sentences>
            <sentence id="1">
                <token content="I" id="1-1">
                    <pos type="PRP"/>
                    <lemma type="I"/>
                    <dep head="1-3" type="nsubj"/>
                </token>
                <token content="recently" id="1-2">
                    <pos type="RB"/>
                    <lemma type="recently"/>
                    <dep head="1-3" type="advmod"/>
                </token>
                <token content="got" id="1-3">
                    <pos type="VBD"/>
                    <lemma type="get"/>
                </token>
                <token content="a" id="1-4">
                    <pos type="DT"/>
                    <lemma type="a"/>
                </token>
                <token content="flat" id="1-5">
                    <pos type="JJ"/>
                    <lemma type="flat"/>
                </token>
                <token content="bicycle" id="1-6">
                    <pos type="NN"/>
                    <lemma type="bicycle"/>
                </token>
                <token content="tire" id="1-7">
                    <pos type="NN"/>
                    <lemma type="tire"/>
                    <dep head="1-3" type="dobj"/>
                </token>
                <token content="while" id="1-8"/>
                <token content="riding" id="1-9">
                    <pos type="VBG"/>
                    <lemma type="ride"/>
                    <dep head="1-3" type="prepc"/>
                </token>
                <token content="home" id="1-10">
                    <pos type="NN"/>
                    <lemma type="home"/>
                    <dep head="1-9" type="dobj"/>
                </token>
                <token content="from" id="1-11"/>
                <token content="work" id="1-12">
                    <pos type="NN"/>
                    <lemma type="work"/>
                    <dep head="1-9" type="prep"/>
                </token>
                <token content="." id="1-13"/>
            </sentence>
            <sentence id="2">
                <token content="As" id="2-1">
                    <pos type="RB"/>
                    <lemma type="as"/>
                </token>
                <token content="soon" id="2-2">
                    <pos type="RB"/>
                    <lemma type="soon"/>
                    <dep head="2-9" type="advmod"/>
                </token>
                <token content="as" id="2-3">
                    <pos type="IN"/>
                    <lemma type="as"/>
                    <dep head="2-5" type="mark"/>
                </token>
                <token content="I" id="2-4">
                    <pos type="PRP"/>
                    <lemma type="I"/>
                    <dep head="2-5" type="nsubj"/>
                </token>
                <token content="got" id="2-5">
                    <pos type="VBD"/>
                    <lemma type="get"/>
                </token>
                <token content="home" id="2-6">
                    <pos type="NN"/>
                    <lemma type="home"/>
                    <dep head="2-5" type="dobj"/>
                </token>
                <token content="," id="2-7"/>
                <token content="I" id="2-8">
                    <pos type="PRP"/>
                    <lemma type="I"/>
                    <dep head="2-9" type="nsubj"/>
                </token>
                <token content="removed" id="2-9">
                    <pos type="VBD"/>
                    <lemma type="remove"/>
                </token>
                <token content="the" id="2-10">
                    <pos type="DT"/>
                    <lemma type="the"/>
                </token>
                <token content="tire" id="2-11">
                    <pos type="NN"/>
                    <lemma type="tire"/>
                    <dep head="2-9" type="dobj"/>
                </token>
                <token content="from" id="2-12"/>
                <token content="the" id="2-13">
                    <pos type="DT"/>
                    <lemma type="the"/>
                </token>
                <token content="bike" id="2-14">
                    <pos type="NN"/>
                    <lemma type="bike"/>
                    <dep head="2-9" type="prep"/>
                </token>
                <token content="and" id="2-15"/>
                <token content="checked" id="2-16">
                    <pos type="VBD"/>
                    <lemma type="check"/>
                    <dep head="2-9" type="conj"/>
                </token>
                <token content="for" id="2-17"/>
                <token content="the" id="2-18">
                    <pos type="DT"/>
                    <lemma type="the"/>
                </token>
                <token content="cause" id="2-19">
                    <pos type="NN"/>
                    <lemma type="cause"/>
                    <dep head="2-16" type="prep"/>
                </token>
                <token content="." id="2-20"/>
            </sentence>
            <sentence id="3">
                <token content="Sure" id="3-1">
                    <pos type="RB"/>
                    <lemma type="sure"/>
                </token>
                <token content="enough" id="3-2">
                    <pos type="RB"/>
                    <lemma type="enough"/>
                    <dep head="3-13" type="advmod"/>
                </token>
                <token content="," id="3-3"/>
                <token content="there" id="3-4">
                    <pos type="EX"/>
                    <lemma type="there"/>
                    <dep head="3-5" type="expl"/>
                </token>
                <token content="was" id="3-5">
                    <pos type="VBD"/>
                    <lemma type="be"/>
                    <dep head="3-13" type="parataxis"/>
                </token>
                <token content="a" id="3-6">
                    <pos type="DT"/>
                    <lemma type="a"/>
                </token>
                <token content="small" id="3-7">
                    <pos type="JJ"/>
                    <lemma type="small"/>
                </token>
                <token content="puncture" id="3-8">
                    <pos type="NN"/>
                    <lemma type="puncture"/>
                    <dep head="3-5" type="nsubj"/>
                </token>
                <token content="," id="3-9"/>
                <token content="I" id="3-10">
                    <pos type="PRP"/>
                    <lemma type="I"/>
                    <dep head="3-13" type="nsubj"/>
                </token>
                <token content="must" id="3-11">
                    <pos type="MD"/>
                    <lemma type="must"/>
                    <dep head="3-13" type="aux"/>
                </token>
                <token content="have" id="3-12">
                    <pos type="VB"/>
                    <lemma type="have"/>
                    <dep head="3-13" type="aux"/>
                </token>
                <token content="run" id="3-13">
                    <pos type="VBN"/>
                    <lemma type="run"/>
                </token>
                <token content="over" id="3-14"/>
                <token content="something" id="3-15">
                    <pos type="NN"/>
                    <lemma type="something"/>
                </token>
                <token content="sharp" id="3-16">
                    <pos type="JJ"/>
                    <lemma type="sharp"/>
                </token>
                <token content="while" id="3-17">
                    <pos type="NN"/>
                    <lemma type="while"/>
                    <dep head="3-13" type="prep"/>
                </token>
                <token content="commuting" id="3-18">
                    <pos type="VBG"/>
                    <lemma type="commute"/>
                </token>
                <token content="home" id="3-19">
                    <pos type="NN"/>
                    <lemma type="home"/>
                    <dep head="3-18" type="dobj"/>
                </token>
                <token content="." id="3-20"/>
            </sentence>
            <sentence id="4">
                <token content="I" id="4-1">
                    <pos type="PRP"/>
                    <lemma type="I"/>
                    <dep head="4-3" type="nsubj"/>
                </token>
                <token content="then" id="4-2">
                    <pos type="RB"/>
                    <lemma type="then"/>
                    <dep head="4-3" type="advmod"/>
                </token>
                <token content="went" id="4-3">
                    <pos type="VBD"/>
                    <lemma type="go"/>
                </token>
                <token content="to" id="4-4"/>
                <token content="the" id="4-5">
                    <pos type="DT"/>
                    <lemma type="the"/>
                </token>
                <token content="local" id="4-6">
                    <pos type="JJ"/>
                    <lemma type="local"/>
                </token>
                <token content="bike" id="4-7">
                    <pos type="NN"/>
                    <lemma type="bike"/>
                </token>
                <token content="shop" id="4-8">
                    <pos type="NN"/>
                    <lemma type="shop"/>
                    <dep head="4-3" type="prep"/>
                </token>
                <token content="and" id="4-9"/>
                <token content="the" id="4-10">
                    <pos type="DT"/>
                    <lemma type="the"/>
                </token>
                <token content="man" id="4-11">
                    <pos type="NN"/>
                    <lemma type="man"/>
                </token>
                <token content="at" id="4-12"/>
                <token content="the" id="4-13">
                    <pos type="DT"/>
                    <lemma type="the"/>
                </token>
                <token content="shop" id="4-14">
                    <pos type="NN"/>
                    <lemma type="shop"/>
                    <dep head="4-3" type="prep"/>
                </token>
                <token content="recommended" id="4-15">
                    <pos type="VBN"/>
                    <lemma type="recommend"/>
                </token>
                <token content="that" id="4-16">
                    <pos type="IN"/>
                    <lemma type="that"/>
                    <dep head="4-18" type="mark"/>
                </token>
                <token content="I" id="4-17">
                    <pos type="PRP"/>
                    <lemma type="I"/>
                    <dep head="4-18" type="nsubj"/>
                </token>
                <token content="buy" id="4-18">
                    <pos type="VBP"/>
                    <lemma type="buy"/>
                    <dep head="4-15" type="ccomp"/>
                </token>
                <token content="a" id="4-19">
                    <pos type="DT"/>
                    <lemma type="a"/>
                </token>
                <token content="patch" id="4-20">
                    <pos type="NN"/>
                    <lemma type="patch"/>
                </token>
                <token content="kit" id="4-21">
                    <pos type="NN"/>
                    <lemma type="kit"/>
                    <dep head="4-18" type="dobj"/>
                </token>
                <token content="," id="4-22"/>
                <token content="since" id="4-23"/>
                <token content="doing" id="4-24">
                    <pos type="VBG"/>
                    <lemma type="do"/>
                    <dep head="4-15" type="prepc"/>
                </token>
                <token content="so" id="4-25">
                    <pos type="IN"/>
                    <lemma type="so"/>
                </token>
                <token content="is" id="4-26">
                    <pos type="VBZ"/>
                    <lemma type="be"/>
                </token>
                <token content="much" id="4-27">
                    <pos type="RB"/>
                    <lemma type="much"/>
                </token>
                <token content="cheaper" id="4-28">
                    <pos type="JJR"/>
                    <lemma type="cheaper"/>
                    <dep head="4-24" type="advcl"/>
                </token>
                <token content="than" id="4-29"/>
                <token content="replacing" id="4-30">
                    <pos type="VBG"/>
                    <lemma type="replace"/>
                </token>
                <token content="the" id="4-31">
                    <pos type="DT"/>
                    <lemma type="the"/>
                </token>
                <token content="entire" id="4-32">
                    <pos type="JJ"/>
                    <lemma type="entire"/>
                </token>
                <token content="tube" id="4-33">
                    <pos type="NN"/>
                    <lemma type="tube"/>
                    <dep head="4-30" type="dobj"/>
                </token>
                <token content="." id="4-34"/>
            </sentence>
            <sentence id="5">
                <token content="The" id="5-1">
                    <pos type="DT"/>
                    <lemma type="the"/>
                </token>
                <token content="patch" id="5-2">
                    <pos type="NN"/>
                    <lemma type="patch"/>
                </token>
                <token content="kit" id="5-3">
                    <pos type="NN"/>
                    <lemma type="kit"/>
                </token>
                <token content="was" id="5-4">
                    <pos type="VBD"/>
                    <lemma type="be"/>
                </token>
                <token content="very" id="5-5">
                    <pos type="RB"/>
                    <lemma type="very"/>
                </token>
                <token content="easy" id="5-6">
                    <pos type="JJ"/>
                    <lemma type="easy"/>
                </token>
                <token content="to" id="5-7">
                    <pos type="TO"/>
                    <lemma type="to"/>
                    <dep head="5-8" type="aux"/>
                </token>
                <token content="use" id="5-8">
                    <pos type="VB"/>
                    <lemma type="use"/>
                </token>
                <token content="as" id="5-9">
                    <pos type="IN"/>
                    <lemma type="as"/>
                </token>
                <token content="the" id="5-10">
                    <pos type="DT"/>
                    <lemma type="the"/>
                </token>
                <token content="instructions" id="5-11">
                    <pos type="NNS"/>
                    <lemma type="instruction"/>
                </token>
                <token content="were" id="5-12">
                    <pos type="VBD"/>
                    <lemma type="be"/>
                </token>
                <token content="very" id="5-13">
                    <pos type="JJ"/>
                    <lemma type="very"/>
                </token>
                <token content="details" id="5-14">
                    <pos type="NNS"/>
                    <lemma type="detail"/>
                    <dep head="5-8" type="advcl"/>
                </token>
                <token content="." id="5-15"/>
            </sentence>
            <sentence id="6">
                <token content="First" id="6-1">
                    <pos type="RB"/>
                    <lemma type="first"/>
                    <dep head="6-3" type="advmod"/>
                </token>
                <token content="I" id="6-2">
                    <pos type="PRP"/>
                    <lemma type="I"/>
                    <dep head="6-3" type="nsubj"/>
                </token>
                <token content="added" id="6-3">
                    <pos type="VBD"/>
                    <lemma type="add"/>
                </token>
                <token content="glue" id="6-4">
                    <pos type="NN"/>
                    <lemma type="glue"/>
                    <dep head="6-3" type="dobj"/>
                </token>
                <token content="to" id="6-5"/>
                <token content="the" id="6-6">
                    <pos type="DT"/>
                    <lemma type="the"/>
                </token>
                <token content="area" id="6-7">
                    <pos type="NN"/>
                    <lemma type="area"/>
                    <dep head="6-3" type="prep"/>
                </token>
                <token content="and" id="6-8"/>
                <token content="then" id="6-9">
                    <pos type="RB"/>
                    <lemma type="then"/>
                    <dep head="6-10" type="advmod"/>
                </token>
                <token content="put" id="6-10">
                    <pos type="VBD"/>
                    <lemma type="put"/>
                    <dep head="6-3" type="conj"/>
                </token>
                <token content="the" id="6-11">
                    <pos type="DT"/>
                    <lemma type="the"/>
                </token>
                <token content="patch" id="6-12">
                    <pos type="NN"/>
                    <lemma type="patch"/>
                    <dep head="6-10" type="dobj"/>
                </token>
                <token content="on" id="6-13"/>
                <token content="top" id="6-14">
                    <pos type="NN"/>
                    <lemma type="top"/>
                    <dep head="6-10" type="prep"/>
                </token>
                <token content="." id="6-15"/>
            </sentence>
            <sentence id="7">
                <token content="After" id="7-1"/>
                <token content="holding" id="7-2">
                    <pos type="VBG"/>
                    <lemma type="hold"/>
                    <dep head="7-13" type="prepc"/>
                </token>
                <token content="the" id="7-3">
                    <pos type="DT"/>
                    <lemma type="the"/>
                </token>
                <token content="patch" id="7-4">
                    <pos type="NN"/>
                    <lemma type="patch"/>
                    <dep head="7-2" type="dobj"/>
                </token>
                <token content="in" id="7-5"/>
                <token content="place" id="7-6">
                    <pos type="NN"/>
                    <lemma type="place"/>
                    <dep head="7-2" type="prep"/>
                </token>
                <token content="for" id="7-7"/>
                <token content="a" id="7-8">
                    <pos type="DT"/>
                    <lemma type="a"/>
                </token>
                <token content="few" id="7-9">
                    <pos type="JJ"/>
                    <lemma type="few"/>
                </token>
                <token content="minutes" id="7-10">
                    <pos type="NNS"/>
                    <lemma type="minute"/>
                </token>
                <token content="," id="7-11"/>
                <token content="I" id="7-12">
                    <pos type="PRP"/>
                    <lemma type="I"/>
                    <dep head="7-13" type="nsubj"/>
                </token>
                <token content="added" id="7-13">
                    <pos type="VBD"/>
                    <lemma type="add"/>
                </token>
                <token content="a" id="7-14">
                    <pos type="DT"/>
                    <lemma type="a"/>
                </token>
                <token content="little" id="7-15">
                    <pos type="JJ"/>
                    <lemma type="little"/>
                </token>
                <token content="talc" id="7-16">
                    <pos type="NN"/>
                    <lemma type="talc"/>
                    <dep head="7-13" type="dobj"/>
                </token>
                <token content="." id="7-17"/>
            </sentence>
            <sentence id="8">
                <token content="I" id="8-1">
                    <pos type="PRP"/>
                    <lemma type="I"/>
                    <dep head="8-3" type="nsubj"/>
                </token>
                <token content="also" id="8-2">
                    <pos type="RB"/>
                    <lemma type="also"/>
                    <dep head="8-3" type="advmod"/>
                </token>
                <token content="added" id="8-3">
                    <pos type="VBD"/>
                    <lemma type="add"/>
                </token>
                <token content="a" id="8-4">
                    <pos type="DT"/>
                    <lemma type="a"/>
                </token>
                <token content="little" id="8-5">
                    <pos type="RB"/>
                    <lemma type="little"/>
                </token>
                <token content="talc" id="8-6">
                    <pos type="JJ"/>
                    <lemma type="talc"/>
                    <dep head="8-3" type="acomp"/>
                </token>
                <token content="to" id="8-7"/>
                <token content="the" id="8-8">
                    <pos type="DT"/>
                    <lemma type="the"/>
                </token>
                <token content="inside" id="8-9">
                    <pos type="NN"/>
                    <lemma type="inside"/>
                </token>
                <token content="of" id="8-10"/>
                <token content="the" id="8-11">
                    <pos type="DT"/>
                    <lemma type="the"/>
                </token>
                <token content="tire" id="8-12">
                    <pos type="NN"/>
                    <lemma type="tire"/>
                </token>
                <token content="." id="8-13"/>
            </sentence>
            <sentence id="9">
                <token content="Once" id="9-1">
                    <pos type="IN"/>
                    <lemma type="once"/>
                    <dep head="9-4" type="mark"/>
                </token>
                <token content="everything" id="9-2">
                    <pos type="NN"/>
                    <lemma type="everything"/>
                    <dep head="9-4" type="nsubjpass"/>
                </token>
                <token content="was" id="9-3">
                    <pos type="VBD"/>
                    <lemma type="be"/>
                    <dep head="9-4" type="auxpass"/>
                </token>
                <token content="set" id="9-4">
                    <pos type="VBN"/>
                    <lemma type="set"/>
                    <dep head="9-7" type="advcl"/>
                </token>
                <token content="," id="9-5"/>
                <token content="I" id="9-6">
                    <pos type="PRP"/>
                    <lemma type="I"/>
                    <dep head="9-7" type="nsubj"/>
                </token>
                <token content="put" id="9-7">
                    <pos type="VBD"/>
                    <lemma type="put"/>
                </token>
                <token content="the" id="9-8">
                    <pos type="DT"/>
                    <lemma type="the"/>
                </token>
                <token content="wheel" id="9-9">
                    <pos type="NN"/>
                    <lemma type="wheel"/>
                </token>
                <token content="back" id="9-10">
                    <pos type="RB"/>
                    <lemma type="back"/>
                </token>
                <token content="on" id="9-11"/>
                <token content="the" id="9-12">
                    <pos type="DT"/>
                    <lemma type="the"/>
                </token>
                <token content="bike" id="9-13">
                    <pos type="NN"/>
                    <lemma type="bike"/>
                </token>
                <token content="and" id="9-14"/>
                <token content="everything" id="9-15">
                    <pos type="NN"/>
                    <lemma type="everything"/>
                </token>
                <token content="was" id="9-16">
                    <pos type="VBD"/>
                    <lemma type="be"/>
                </token>
                <token content="good" id="9-17">
                    <pos type="JJ"/>
                    <lemma type="good"/>
                    <dep head="9-7" type="ccomp"/>
                </token>
                <token content="as" id="9-18"/>
                <token content="new" id="9-19">
                    <pos type="JJ"/>
                    <lemma type="new"/>
                </token>
                <token content="." id="9-20"/>
            </sentence>
        </sentences>
    </text>
    <annotations>
        <participants>
            <label from="1-1" id="0" name="ScrPart_rider" text="I" type="participant"/>
            <label from="1-6" id="1" name="ScrPart_tire" text="bicycle tire" to="1-7" type="participant"/>
            <label from="1-7" id="2" name="ScrPart_tire" text="tire" type="participant"/>
            <label from="1-10" id="3" name="NPart" text="home" type="participant"/>
            <label from="1-12" id="4" name="NPart" text="work" type="participant"/>
            <label from="2-4" id="5" name="ScrPart_rider" text="I" type="participant"/>
            <label from="2-6" id="6" name="NPart" text="home" type="participant"/>
            <label from="2-8" id="7" name="ScrPart_rider" text="I" type="participant"/>
            <label from="2-11" id="8" name="ScrPart_tire" text="tire" type="participant"/>
            <label from="2-14" id="9" name="ScrPart_bicycle" text="bike" type="participant"/>
            <label from="2-19" id="10" name="ScrPart_damage" text="cause" type="participant"/>
            <label from="3-8" id="11" name="ScrPart_damage" text="puncture" type="participant"/>
            <label from="3-10" id="12" name="ScrPart_rider" text="I" type="participant"/>
            <label from="3-15" id="13" name="ScrPart_object_damage" text="something" type="participant"/>
            <label from="3-19" id="14" name="NPart" text="home" type="participant"/>
            <label from="4-1" id="15" name="ScrPart_rider" text="I" type="participant"/>
            <label from="4-7" id="16" name="ScrPart_shop" text="bike shop" to="4-8" type="participant"/>
            <label from="4-8" id="17" name="ScrPart_shop" text="shop" type="participant"/>
            <label from="4-11" id="18" name="NPart" text="man" type="participant"/>
            <label from="4-14" id="19" name="ScrPart_shop" text="shop" type="participant"/>
            <label from="4-17" id="20" name="ScrPart_rider" text="I" type="participant"/>
            <label from="4-20" id="21" name="ScrPart_tool" text="patch kit" to="4-21" type="participant"/>
            <label from="4-21" id="22" name="ScrPart_tool" text="kit" type="participant"/>
            <label from="4-33" id="23" name="ScrPart_tire" text="tube" type="participant"/>
            <label from="5-2" id="24" name="ScrPart_tool" text="patch kit" to="5-3" type="participant"/>
            <label from="5-3" id="25" name="ScrPart_tool" text="kit" type="participant"/>
            <label from="5-11" id="26" name="NPart" text="instructions" type="participant"/>
            <label from="5-14" id="27" name="NPart" text="details" type="participant"/>
            <label from="6-2" id="28" name="ScrPart_rider" text="I" type="participant"/>
            <label from="6-4" id="29" name="ScrPart_tool" text="glue" type="participant"/>
            <label from="6-7" id="30" name="ScrPart_damage" text="area" type="participant"/>
            <label from="6-12" id="31" name="ScrPart_patch" text="patch" type="participant"/>
            <label from="7-4" id="32" name="ScrPart_patch" text="patch" type="participant"/>
            <label from="7-6" id="33" name="NPart" text="place" type="participant"/>
            <label from="7-10" id="34" name="NPart" text="minutes" type="participant"/>
            <label from="7-12" id="35" name="ScrPart_rider" text="I" type="participant"/>
            <label from="7-16" id="36" name="ScrPart_tool" text="talc" type="participant"/>
            <label from="8-1" id="37" name="ScrPart_rider" text="I" type="participant"/>
            <label from="8-6" id="38" name="ScrPart_tool" text="talc" type="participant"/>
            <label from="8-9" id="39" name="Head_of_Partitive" text="inside" type="participant"/>
            <label from="8-12" id="40" name="ScrPart_tire" text="tire" type="participant"/>
            <label from="9-2" id="41" name="NPart" text="everything" type="participant"/>
            <label from="9-6" id="42" name="ScrPart_rider" text="I" type="participant"/>
            <label from="9-9" id="43" name="ScrPart_tire" text="wheel" type="participant"/>
            <label from="9-13" id="44" name="ScrPart_bicycle" text="bike" type="participant"/>
            <label from="9-15" id="45" name="NPart" text="everything" type="participant"/>
        </participants>
        <events>
            <label from="1-3" id="46" name="Evoking" text="got a flat bicycle tire" to="1-7" type="event"/>
            <label from="1-9" id="47" name="ScrEv_ride_bike" text="riding" type="event"/>
            <label from="2-5" id="48" name="RelNScrEv" text="got" type="event"/>
            <label from="2-9" id="49" name="ScrEv_remove_tire" text="removed" type="event"/>
            <label from="2-16" id="50" name="ScrEv_check_new_tire" text="checked" type="event"/>
            <label from="3-5" id="51" name="RelNScrEv" text="was" type="event"/>
            <label from="3-13" id="52" name="RelNScrEv" text="run" type="event"/>
            <label from="3-18" id="53" name="ScrEv_ride_bike" text="commuting" type="event"/>
            <label from="4-3" id="54" name="RelNScrEv" text="went" type="event"/>
            <label from="4-15" id="55" name="RelNScrEv" text="recommended" type="event"/>
            <label from="4-18" id="56" name="ScrEv_get_tools" text="buy" type="event"/>
            <label from="4-24" id="57" name="UnrelEv" text="doing" type="event"/>
            <label from="4-26" id="58" name="UnrelEv" text="is" type="event"/>
            <label from="4-30" id="59" name="Evoking" text="replacing the entire tube" to="4-33" type="event"/>
            <label from="5-4" id="60" name="UnrelEv" text="was" type="event"/>
            <label from="5-8" id="61" name="UnrelEv" text="use" type="event"/>
            <label from="5-12" id="62" name="UnrelEv" text="were" type="event"/>
            <label from="6-3" id="63" name="ScrEv_put_patch/seal" text="added" type="event"/>
            <label from="6-10" id="64" name="ScrEv_put_patch/seal" text="put" type="event"/>
            <label from="7-2" id="65" name="RelNScrEv" text="holding" type="event"/>
            <label from="7-13" id="66" name="RelNScrEv" text="added" type="event"/>
            <label from="8-3" id="67" name="RelNScrEv" text="added" type="event"/>
            <label from="9-4" id="68" name="RelNScrEv" text="set" type="event"/>
            <label from="9-7" id="69" name="ScrEv_put_new_tire" text="put" type="event"/>
            <label from="9-16" id="70" name="UnrelEv" text="was" type="event"/>
        </events>
        <chains>
            <chain elements="0 5 7 12 15 20 28 35 37 42"/>
            <chain elements="2 8 23 40 43"/>
            <chain elements="10 11 30"/>
            <chain elements="17 19"/>
            <chain elements="22 25"/>
            <chain elements="31 32"/>
            <chain elements="36 38"/>
            <chain elements="9 44"/>
        </chains>
    </annotations>
</story>
