<?xml version="1.0" encoding="UTF-8" standalone="no"?>
<!DOCTYPE story SYSTEM "../InScript.dtd">
<story id="099" scenario="bicycle">
    <text>
        <content>Yesterday I wanted to ride my bicycle to my friends house . 
The weather was nice and I had n't used my bicycle in a while . 
When I got to my garage I realized that I had a front flat tire . 
First I checked if there were any holes in my tire but there were n't . 
That was good because it meant that the tire only needed more air . 
I then went looking for the air pump . 
I found it on one of the shelves . 
I took the cap off the tire valve . 
I put the pump onto the tire valve and began pumping in air . 
After a few seconds I grabbed the tire to see how much more air was needed . 
I did this until I had pumped it up enough . 
I then took the pump off the valve and put the cap back onto the valve . 
I put the pump back where I found it and got on my bicycle . 
I cycled to my friends house and we had a fun time . </content>
        <sentences>
            <sentence id="1">
                <token content="Yesterday" id="1-1">
                    <pos type="NN"/>
                    <lemma type="yesterday"/>
                    <dep head="1-3" type="tmod"/>
                </token>
                <token content="I" id="1-2">
                    <pos type="PRP"/>
                    <lemma type="I"/>
                    <dep head="1-3" type="nsubj"/>
                </token>
                <token content="wanted" id="1-3">
                    <pos type="VBD"/>
                    <lemma type="want"/>
                </token>
                <token content="to" id="1-4">
                    <pos type="TO"/>
                    <lemma type="to"/>
                    <dep head="1-5" type="aux"/>
                </token>
                <token content="ride" id="1-5">
                    <pos type="VB"/>
                    <lemma type="ride"/>
                    <dep head="1-3" type="xcomp"/>
                </token>
                <token content="my" id="1-6">
                    <pos type="PRP$"/>
                    <lemma type="my"/>
                </token>
                <token content="bicycle" id="1-7">
                    <pos type="NN"/>
                    <lemma type="bicycle"/>
                    <dep head="1-5" type="dobj"/>
                </token>
                <token content="to" id="1-8"/>
                <token content="my" id="1-9">
                    <pos type="PRP$"/>
                    <lemma type="my"/>
                </token>
                <token content="friends" id="1-10">
                    <pos type="NNS"/>
                    <lemma type="friend"/>
                </token>
                <token content="house" id="1-11">
                    <pos type="NN"/>
                    <lemma type="house"/>
                    <dep head="1-5" type="prep"/>
                </token>
                <token content="." id="1-12"/>
            </sentence>
            <sentence id="2">
                <token content="The" id="2-1">
                    <pos type="DT"/>
                    <lemma type="the"/>
                </token>
                <token content="weather" id="2-2">
                    <pos type="NN"/>
                    <lemma type="weather"/>
                </token>
                <token content="was" id="2-3">
                    <pos type="VBD"/>
                    <lemma type="be"/>
                </token>
                <token content="nice" id="2-4">
                    <pos type="JJ"/>
                    <lemma type="nice"/>
                </token>
                <token content="and" id="2-5"/>
                <token content="I" id="2-6">
                    <pos type="PRP"/>
                    <lemma type="I"/>
                    <dep head="2-9" type="nsubj"/>
                </token>
                <token content="had" id="2-7">
                    <pos type="VBD"/>
                    <lemma type="have"/>
                    <dep head="2-9" type="aux"/>
                </token>
                <token content="n't" id="2-8">
                    <pos type="RB"/>
                    <lemma type="not"/>
                    <dep head="2-9" type="neg"/>
                </token>
                <token content="used" id="2-9">
                    <pos type="VBN"/>
                    <lemma type="use"/>
                </token>
                <token content="my" id="2-10">
                    <pos type="PRP$"/>
                    <lemma type="my"/>
                </token>
                <token content="bicycle" id="2-11">
                    <pos type="NN"/>
                    <lemma type="bicycle"/>
                    <dep head="2-9" type="dobj"/>
                </token>
                <token content="in" id="2-12"/>
                <token content="a" id="2-13">
                    <pos type="DT"/>
                    <lemma type="a"/>
                </token>
                <token content="while" id="2-14">
                    <pos type="NN"/>
                    <lemma type="while"/>
                    <dep head="2-9" type="prep"/>
                </token>
                <token content="." id="2-15"/>
            </sentence>
            <sentence id="3">
                <token content="When" id="3-1">
                    <pos type="WRB"/>
                    <lemma type="when"/>
                    <dep head="3-3" type="advmod"/>
                </token>
                <token content="I" id="3-2">
                    <pos type="PRP"/>
                    <lemma type="I"/>
                    <dep head="3-3" type="nsubj"/>
                </token>
                <token content="got" id="3-3">
                    <pos type="VBD"/>
                    <lemma type="get"/>
                    <dep head="3-8" type="advcl"/>
                </token>
                <token content="to" id="3-4"/>
                <token content="my" id="3-5">
                    <pos type="PRP$"/>
                    <lemma type="my"/>
                </token>
                <token content="garage" id="3-6">
                    <pos type="NN"/>
                    <lemma type="garage"/>
                    <dep head="3-3" type="prep"/>
                </token>
                <token content="I" id="3-7">
                    <pos type="PRP"/>
                    <lemma type="I"/>
                    <dep head="3-8" type="nsubj"/>
                </token>
                <token content="realized" id="3-8">
                    <pos type="VBD"/>
                    <lemma type="realize"/>
                </token>
                <token content="that" id="3-9">
                    <pos type="IN"/>
                    <lemma type="that"/>
                    <dep head="3-11" type="mark"/>
                </token>
                <token content="I" id="3-10">
                    <pos type="PRP"/>
                    <lemma type="I"/>
                    <dep head="3-11" type="nsubj"/>
                </token>
                <token content="had" id="3-11">
                    <pos type="VBD"/>
                    <lemma type="have"/>
                    <dep head="3-8" type="ccomp"/>
                </token>
                <token content="a" id="3-12">
                    <pos type="DT"/>
                    <lemma type="a"/>
                </token>
                <token content="front" id="3-13">
                    <pos type="JJ"/>
                    <lemma type="front"/>
                </token>
                <token content="flat" id="3-14">
                    <pos type="JJ"/>
                    <lemma type="flat"/>
                </token>
                <token content="tire" id="3-15">
                    <pos type="NN"/>
                    <lemma type="tire"/>
                    <dep head="3-11" type="dobj"/>
                </token>
                <token content="." id="3-16"/>
            </sentence>
            <sentence id="4">
                <token content="First" id="4-1">
                    <pos type="JJ"/>
                    <lemma type="first"/>
                    <dep head="4-3" type="dep"/>
                </token>
                <token content="I" id="4-2">
                    <pos type="PRP"/>
                    <lemma type="I"/>
                    <dep head="4-3" type="nsubj"/>
                </token>
                <token content="checked" id="4-3">
                    <pos type="VBD"/>
                    <lemma type="check"/>
                </token>
                <token content="if" id="4-4">
                    <pos type="IN"/>
                    <lemma type="if"/>
                    <dep head="4-6" type="mark"/>
                </token>
                <token content="there" id="4-5">
                    <pos type="EX"/>
                    <lemma type="there"/>
                    <dep head="4-6" type="expl"/>
                </token>
                <token content="were" id="4-6">
                    <pos type="VBD"/>
                    <lemma type="be"/>
                    <dep head="4-3" type="advcl"/>
                </token>
                <token content="any" id="4-7">
                    <pos type="DT"/>
                    <lemma type="any"/>
                </token>
                <token content="holes" id="4-8">
                    <pos type="NNS"/>
                    <lemma type="hole"/>
                    <dep head="4-6" type="nsubj"/>
                </token>
                <token content="in" id="4-9"/>
                <token content="my" id="4-10">
                    <pos type="PRP$"/>
                    <lemma type="my"/>
                </token>
                <token content="tire" id="4-11">
                    <pos type="NN"/>
                    <lemma type="tire"/>
                </token>
                <token content="but" id="4-12"/>
                <token content="there" id="4-13">
                    <pos type="EX"/>
                    <lemma type="there"/>
                    <dep head="4-14" type="expl"/>
                </token>
                <token content="were" id="4-14">
                    <pos type="VBD"/>
                    <lemma type="be"/>
                    <dep head="4-3" type="conj"/>
                </token>
                <token content="n't" id="4-15">
                    <pos type="RB"/>
                    <lemma type="not"/>
                    <dep head="4-14" type="neg"/>
                </token>
                <token content="." id="4-16"/>
            </sentence>
            <sentence id="5">
                <token content="That" id="5-1">
                    <pos type="DT"/>
                    <lemma type="that"/>
                </token>
                <token content="was" id="5-2">
                    <pos type="VBD"/>
                    <lemma type="be"/>
                </token>
                <token content="good" id="5-3">
                    <pos type="JJ"/>
                    <lemma type="good"/>
                </token>
                <token content="because" id="5-4">
                    <pos type="IN"/>
                    <lemma type="because"/>
                    <dep head="5-6" type="mark"/>
                </token>
                <token content="it" id="5-5">
                    <pos type="PRP"/>
                    <lemma type="it"/>
                    <dep head="5-6" type="nsubj"/>
                </token>
                <token content="meant" id="5-6">
                    <pos type="VBD"/>
                    <lemma type="mean"/>
                </token>
                <token content="that" id="5-7">
                    <pos type="IN"/>
                    <lemma type="that"/>
                    <dep head="5-11" type="mark"/>
                </token>
                <token content="the" id="5-8">
                    <pos type="DT"/>
                    <lemma type="the"/>
                </token>
                <token content="tire" id="5-9">
                    <pos type="NN"/>
                    <lemma type="tire"/>
                    <dep head="5-11" type="nsubj"/>
                </token>
                <token content="only" id="5-10">
                    <pos type="RB"/>
                    <lemma type="only"/>
                    <dep head="5-11" type="advmod"/>
                </token>
                <token content="needed" id="5-11">
                    <pos type="VBD"/>
                    <lemma type="need"/>
                    <dep head="5-6" type="ccomp"/>
                </token>
                <token content="more" id="5-12">
                    <pos type="JJR"/>
                    <lemma type="more"/>
                </token>
                <token content="air" id="5-13">
                    <pos type="NN"/>
                    <lemma type="air"/>
                    <dep head="5-11" type="dobj"/>
                </token>
                <token content="." id="5-14"/>
            </sentence>
            <sentence id="6">
                <token content="I" id="6-1">
                    <pos type="PRP"/>
                    <lemma type="I"/>
                    <dep head="6-3" type="nsubj"/>
                </token>
                <token content="then" id="6-2">
                    <pos type="RB"/>
                    <lemma type="then"/>
                    <dep head="6-3" type="advmod"/>
                </token>
                <token content="went" id="6-3">
                    <pos type="VBD"/>
                    <lemma type="go"/>
                </token>
                <token content="looking" id="6-4">
                    <pos type="VBG"/>
                    <lemma type="look"/>
                    <dep head="6-3" type="xcomp"/>
                </token>
                <token content="for" id="6-5"/>
                <token content="the" id="6-6">
                    <pos type="DT"/>
                    <lemma type="the"/>
                </token>
                <token content="air" id="6-7">
                    <pos type="NN"/>
                    <lemma type="air"/>
                </token>
                <token content="pump" id="6-8">
                    <pos type="NN"/>
                    <lemma type="pump"/>
                    <dep head="6-4" type="prep"/>
                </token>
                <token content="." id="6-9"/>
            </sentence>
            <sentence id="7">
                <token content="I" id="7-1">
                    <pos type="PRP"/>
                    <lemma type="I"/>
                    <dep head="7-2" type="nsubj"/>
                </token>
                <token content="found" id="7-2">
                    <pos type="VBD"/>
                    <lemma type="find"/>
                </token>
                <token content="it" id="7-3">
                    <pos type="PRP"/>
                    <lemma type="it"/>
                    <dep head="7-2" type="dobj"/>
                </token>
                <token content="on" id="7-4"/>
                <token content="one" id="7-5">
                    <pos type="CD"/>
                    <lemma type="one"/>
                    <dep head="7-2" type="prep"/>
                </token>
                <token content="of" id="7-6"/>
                <token content="the" id="7-7">
                    <pos type="DT"/>
                    <lemma type="the"/>
                </token>
                <token content="shelves" id="7-8">
                    <pos type="NNS"/>
                    <lemma type="shelf"/>
                </token>
                <token content="." id="7-9"/>
            </sentence>
            <sentence id="8">
                <token content="I" id="8-1">
                    <pos type="PRP"/>
                    <lemma type="I"/>
                    <dep head="8-2" type="nsubj"/>
                </token>
                <token content="took" id="8-2">
                    <pos type="VBD"/>
                    <lemma type="take"/>
                </token>
                <token content="the" id="8-3">
                    <pos type="DT"/>
                    <lemma type="the"/>
                </token>
                <token content="cap" id="8-4">
                    <pos type="NN"/>
                    <lemma type="cap"/>
                    <dep head="8-2" type="dobj"/>
                </token>
                <token content="off" id="8-5"/>
                <token content="the" id="8-6">
                    <pos type="DT"/>
                    <lemma type="the"/>
                </token>
                <token content="tire" id="8-7">
                    <pos type="NN"/>
                    <lemma type="tire"/>
                </token>
                <token content="valve" id="8-8">
                    <pos type="NN"/>
                    <lemma type="valve"/>
                    <dep head="8-2" type="prep"/>
                </token>
                <token content="." id="8-9"/>
            </sentence>
            <sentence id="9">
                <token content="I" id="9-1">
                    <pos type="PRP"/>
                    <lemma type="I"/>
                    <dep head="9-2" type="nsubj"/>
                </token>
                <token content="put" id="9-2">
                    <pos type="VBD"/>
                    <lemma type="put"/>
                </token>
                <token content="the" id="9-3">
                    <pos type="DT"/>
                    <lemma type="the"/>
                </token>
                <token content="pump" id="9-4">
                    <pos type="NN"/>
                    <lemma type="pump"/>
                    <dep head="9-2" type="dobj"/>
                </token>
                <token content="onto" id="9-5"/>
                <token content="the" id="9-6">
                    <pos type="DT"/>
                    <lemma type="the"/>
                </token>
                <token content="tire" id="9-7">
                    <pos type="NN"/>
                    <lemma type="tire"/>
                </token>
                <token content="valve" id="9-8">
                    <pos type="NN"/>
                    <lemma type="valve"/>
                    <dep head="9-2" type="prep"/>
                </token>
                <token content="and" id="9-9"/>
                <token content="began" id="9-10">
                    <pos type="VBD"/>
                    <lemma type="begin"/>
                    <dep head="9-2" type="conj"/>
                </token>
                <token content="pumping" id="9-11">
                    <pos type="VBG"/>
                    <lemma type="pump"/>
                    <dep head="9-10" type="xcomp"/>
                </token>
                <token content="in" id="9-12"/>
                <token content="air" id="9-13">
                    <pos type="NN"/>
                    <lemma type="air"/>
                    <dep head="9-11" type="prep"/>
                </token>
                <token content="." id="9-14"/>
            </sentence>
            <sentence id="10">
                <token content="After" id="10-1"/>
                <token content="a" id="10-2">
                    <pos type="DT"/>
                    <lemma type="a"/>
                </token>
                <token content="few" id="10-3">
                    <pos type="JJ"/>
                    <lemma type="few"/>
                </token>
                <token content="seconds" id="10-4">
                    <pos type="NNS"/>
                    <lemma type="seconds"/>
                    <dep head="10-6" type="prep"/>
                </token>
                <token content="I" id="10-5">
                    <pos type="PRP"/>
                    <lemma type="I"/>
                    <dep head="10-6" type="nsubj"/>
                </token>
                <token content="grabbed" id="10-6">
                    <pos type="VBD"/>
                    <lemma type="grab"/>
                </token>
                <token content="the" id="10-7">
                    <pos type="DT"/>
                    <lemma type="the"/>
                </token>
                <token content="tire" id="10-8">
                    <pos type="NN"/>
                    <lemma type="tire"/>
                    <dep head="10-6" type="dobj"/>
                </token>
                <token content="to" id="10-9">
                    <pos type="TO"/>
                    <lemma type="to"/>
                    <dep head="10-10" type="aux"/>
                </token>
                <token content="see" id="10-10">
                    <pos type="VB"/>
                    <lemma type="see"/>
                </token>
                <token content="how" id="10-11">
                    <pos type="WRB"/>
                    <lemma type="how"/>
                </token>
                <token content="much" id="10-12">
                    <pos type="JJ"/>
                    <lemma type="much"/>
                    <dep head="10-16" type="dep"/>
                </token>
                <token content="more" id="10-13">
                    <pos type="JJR"/>
                    <lemma type="more"/>
                </token>
                <token content="air" id="10-14">
                    <pos type="NN"/>
                    <lemma type="air"/>
                    <dep head="10-16" type="nsubjpass"/>
                </token>
                <token content="was" id="10-15">
                    <pos type="VBD"/>
                    <lemma type="be"/>
                    <dep head="10-16" type="auxpass"/>
                </token>
                <token content="needed" id="10-16">
                    <pos type="VBN"/>
                    <lemma type="need"/>
                    <dep head="10-10" type="ccomp"/>
                </token>
                <token content="." id="10-17"/>
            </sentence>
            <sentence id="11">
                <token content="I" id="11-1">
                    <pos type="PRP"/>
                    <lemma type="I"/>
                    <dep head="11-2" type="nsubj"/>
                </token>
                <token content="did" id="11-2">
                    <pos type="VBD"/>
                    <lemma type="do"/>
                </token>
                <token content="this" id="11-3">
                    <pos type="DT"/>
                    <lemma type="this"/>
                    <dep head="11-2" type="dobj"/>
                </token>
                <token content="until" id="11-4">
                    <pos type="IN"/>
                    <lemma type="until"/>
                    <dep head="11-7" type="mark"/>
                </token>
                <token content="I" id="11-5">
                    <pos type="PRP"/>
                    <lemma type="I"/>
                    <dep head="11-7" type="nsubj"/>
                </token>
                <token content="had" id="11-6">
                    <pos type="VBD"/>
                    <lemma type="have"/>
                    <dep head="11-7" type="aux"/>
                </token>
                <token content="pumped" id="11-7">
                    <pos type="VBN"/>
                    <lemma type="pump"/>
                    <dep head="11-2" type="advcl"/>
                </token>
                <token content="it" id="11-8">
                    <pos type="PRP"/>
                    <lemma type="it"/>
                    <dep head="11-7" type="dobj"/>
                </token>
                <token content="up" id="11-9">
                    <pos type="RB"/>
                    <lemma type="up"/>
                </token>
                <token content="enough" id="11-10">
                    <pos type="RB"/>
                    <lemma type="enough"/>
                    <dep head="11-7" type="advmod"/>
                </token>
                <token content="." id="11-11"/>
            </sentence>
            <sentence id="12">
                <token content="I" id="12-1">
                    <pos type="PRP"/>
                    <lemma type="I"/>
                    <dep head="12-3" type="nsubj"/>
                </token>
                <token content="then" id="12-2">
                    <pos type="RB"/>
                    <lemma type="then"/>
                    <dep head="12-3" type="advmod"/>
                </token>
                <token content="took" id="12-3">
                    <pos type="VBD"/>
                    <lemma type="take"/>
                </token>
                <token content="the" id="12-4">
                    <pos type="DT"/>
                    <lemma type="the"/>
                </token>
                <token content="pump" id="12-5">
                    <pos type="NN"/>
                    <lemma type="pump"/>
                    <dep head="12-3" type="dobj"/>
                </token>
                <token content="off" id="12-6"/>
                <token content="the" id="12-7">
                    <pos type="DT"/>
                    <lemma type="the"/>
                </token>
                <token content="valve" id="12-8">
                    <pos type="NN"/>
                    <lemma type="valve"/>
                    <dep head="12-3" type="prep"/>
                </token>
                <token content="and" id="12-9"/>
                <token content="put" id="12-10">
                    <pos type="VBD"/>
                    <lemma type="put"/>
                    <dep head="12-3" type="conj"/>
                </token>
                <token content="the" id="12-11">
                    <pos type="DT"/>
                    <lemma type="the"/>
                </token>
                <token content="cap" id="12-12">
                    <pos type="NN"/>
                    <lemma type="cap"/>
                    <dep head="12-10" type="dobj"/>
                </token>
                <token content="back" id="12-13">
                    <pos type="RP"/>
                    <lemma type="back"/>
                    <dep head="12-10" type="prt"/>
                </token>
                <token content="onto" id="12-14"/>
                <token content="the" id="12-15">
                    <pos type="DT"/>
                    <lemma type="the"/>
                </token>
                <token content="valve" id="12-16">
                    <pos type="NN"/>
                    <lemma type="valve"/>
                    <dep head="12-10" type="prep"/>
                </token>
                <token content="." id="12-17"/>
            </sentence>
            <sentence id="13">
                <token content="I" id="13-1">
                    <pos type="PRP"/>
                    <lemma type="I"/>
                    <dep head="13-2" type="nsubj"/>
                </token>
                <token content="put" id="13-2">
                    <pos type="VBD"/>
                    <lemma type="put"/>
                </token>
                <token content="the" id="13-3">
                    <pos type="DT"/>
                    <lemma type="the"/>
                </token>
                <token content="pump" id="13-4">
                    <pos type="NN"/>
                    <lemma type="pump"/>
                    <dep head="13-2" type="dobj"/>
                </token>
                <token content="back" id="13-5">
                    <pos type="RB"/>
                    <lemma type="back"/>
                    <dep head="13-2" type="advmod"/>
                </token>
                <token content="where" id="13-6">
                    <pos type="WRB"/>
                    <lemma type="where"/>
                    <dep head="13-8" type="advmod"/>
                </token>
                <token content="I" id="13-7">
                    <pos type="PRP"/>
                    <lemma type="I"/>
                    <dep head="13-8" type="nsubj"/>
                </token>
                <token content="found" id="13-8">
                    <pos type="VBD"/>
                    <lemma type="find"/>
                    <dep head="13-2" type="advcl"/>
                </token>
                <token content="it" id="13-9">
                    <pos type="PRP"/>
                    <lemma type="it"/>
                    <dep head="13-8" type="dobj"/>
                </token>
                <token content="and" id="13-10"/>
                <token content="got" id="13-11">
                    <pos type="VBD"/>
                    <lemma type="get"/>
                    <dep head="13-2" type="conj"/>
                </token>
                <token content="on" id="13-12"/>
                <token content="my" id="13-13">
                    <pos type="PRP$"/>
                    <lemma type="my"/>
                </token>
                <token content="bicycle" id="13-14">
                    <pos type="NN"/>
                    <lemma type="bicycle"/>
                    <dep head="13-11" type="prep"/>
                </token>
                <token content="." id="13-15"/>
            </sentence>
            <sentence id="14">
                <token content="I" id="14-1">
                    <pos type="PRP"/>
                    <lemma type="I"/>
                    <dep head="14-2" type="nsubj"/>
                </token>
                <token content="cycled" id="14-2">
                    <pos type="VBD"/>
                    <lemma type="cycle"/>
                </token>
                <token content="to" id="14-3"/>
                <token content="my" id="14-4">
                    <pos type="PRP$"/>
                    <lemma type="my"/>
                </token>
                <token content="friends" id="14-5">
                    <pos type="NNS"/>
                    <lemma type="friend"/>
                </token>
                <token content="house" id="14-6">
                    <pos type="NN"/>
                    <lemma type="house"/>
                    <dep head="14-2" type="prep"/>
                </token>
                <token content="and" id="14-7"/>
                <token content="we" id="14-8">
                    <pos type="PRP"/>
                    <lemma type="we"/>
                    <dep head="14-9" type="nsubj"/>
                </token>
                <token content="had" id="14-9">
                    <pos type="VBD"/>
                    <lemma type="have"/>
                    <dep head="14-2" type="conj"/>
                </token>
                <token content="a" id="14-10">
                    <pos type="DT"/>
                    <lemma type="a"/>
                </token>
                <token content="fun" id="14-11">
                    <pos type="NN"/>
                    <lemma type="fun"/>
                </token>
                <token content="time" id="14-12">
                    <pos type="NN"/>
                    <lemma type="time"/>
                    <dep head="14-9" type="dobj"/>
                </token>
                <token content="." id="14-13"/>
            </sentence>
        </sentences>
    </text>
    <annotations>
        <participants>
            <label from="1-1" id="0" name="NPart" text="Yesterday" type="participant"/>
            <label from="1-2" id="1" name="ScrPart_rider" text="I" type="participant"/>
            <label from="1-6" id="2" name="ScrPart_rider" text="my" type="participant"/>
            <label from="1-7" id="3" name="ScrPart_bicycle" text="bicycle" type="participant"/>
            <label from="1-9" id="4" name="ScrPart_rider" text="my" type="participant"/>
            <label from="1-10" id="5" name="NPart" text="friends house" to="1-11" type="participant"/>
            <label from="1-10" id="6" name="NPart" text="friends" type="participant"/>
            <label from="1-11" id="7" name="NPart" text="house" type="participant"/>
            <label from="2-2" id="8" name="NPart" text="weather" type="participant"/>
            <label from="2-6" id="9" name="ScrPart_rider" text="I" type="participant"/>
            <label from="2-10" id="10" name="ScrPart_rider" text="my" type="participant"/>
            <label from="2-11" id="11" name="ScrPart_bicycle" text="bicycle" type="participant"/>
            <label from="2-14" id="12" name="No_label" text="while" type="participant"/>
            <label from="3-2" id="13" name="ScrPart_rider" text="I" type="participant"/>
            <label from="3-5" id="14" name="ScrPart_rider" text="my" type="participant"/>
            <label from="3-6" id="15" name="ScrPart_location_repair" text="garage" type="participant"/>
            <label from="3-7" id="16" name="ScrPart_rider" text="I" type="participant"/>
            <label from="3-10" id="17" name="ScrPart_rider" text="I" type="participant"/>
            <label from="3-15" id="18" name="ScrPart_tire" text="tire" type="participant"/>
            <label from="4-2" id="19" name="ScrPart_rider" text="I" type="participant"/>
            <label from="4-8" id="20" name="ScrPart_damage" text="holes" type="participant"/>
            <label from="4-10" id="21" name="ScrPart_rider" text="my" type="participant"/>
            <label from="4-11" id="22" name="ScrPart_tire" text="tire" type="participant"/>
            <label from="5-5" id="23" name="No_label" text="it" type="participant"/>
            <label from="5-9" id="24" name="ScrPart_tire" text="tire" type="participant"/>
            <label from="5-13" id="25" name="ScrPart_air" text="air" type="participant"/>
            <label from="6-1" id="26" name="ScrPart_rider" text="I" type="participant"/>
            <label from="6-7" id="27" name="ScrPart_tool" text="air pump" to="6-8" type="participant"/>
            <label from="6-8" id="28" name="ScrPart_tool" text="pump" type="participant"/>
            <label from="7-1" id="29" name="ScrPart_rider" text="I" type="participant"/>
            <label from="7-3" id="30" name="ScrPart_tool" text="it" type="participant"/>
            <label from="7-8" id="31" name="ScrPart_other" text="shelves" type="participant"/>
            <label from="8-1" id="32" name="ScrPart_rider" text="I" type="participant"/>
            <label from="8-4" id="33" name="ScrPart_bicycle_small_detail" text="cap" type="participant"/>
            <label from="8-7" id="34" name="ScrPart_bicycle_small_detail" text="tire valve" to="8-8" type="participant"/>
            <label from="8-8" id="35" name="ScrPart_bicycle_small_detail" text="valve" type="participant"/>
            <label from="9-1" id="36" name="ScrPart_rider" text="I" type="participant"/>
            <label from="9-4" id="37" name="ScrPart_tool" text="pump" type="participant"/>
            <label from="9-7" id="38" name="ScrPart_bicycle_small_detail" text="tire valve" to="9-8" type="participant"/>
            <label from="9-8" id="39" name="ScrPart_bicycle_small_detail" text="valve" type="participant"/>
            <label from="9-13" id="40" name="ScrPart_air" text="air" type="participant"/>
            <label from="10-4" id="41" name="NPart" text="seconds" type="participant"/>
            <label from="10-5" id="42" name="ScrPart_rider" text="I" type="participant"/>
            <label from="10-8" id="43" name="ScrPart_tire" text="tire" type="participant"/>
            <label from="10-14" id="44" name="ScrPart_air" text="air" type="participant"/>
            <label from="11-1" id="45" name="ScrPart_rider" text="I" type="participant"/>
            <label from="11-5" id="46" name="ScrPart_rider" text="I" type="participant"/>
            <label from="11-8" id="47" name="ScrPart_tire" text="it" type="participant"/>
            <label from="12-1" id="48" name="ScrPart_rider" text="I" type="participant"/>
            <label from="12-5" id="49" name="ScrPart_tool" text="pump" type="participant"/>
            <label from="12-8" id="50" name="ScrPart_bicycle_small_detail" text="valve" type="participant"/>
            <label from="12-12" id="51" name="ScrPart_bicycle_small_detail" text="cap" type="participant"/>
            <label from="12-16" id="52" name="ScrPart_bicycle_small_detail" text="valve" type="participant"/>
            <label from="13-1" id="53" name="ScrPart_rider" text="I" type="participant"/>
            <label from="13-4" id="54" name="ScrPart_tool" text="pump" type="participant"/>
            <label from="13-7" id="55" name="ScrPart_rider" text="I" type="participant"/>
            <label from="13-9" id="56" name="ScrPart_tool" text="it" type="participant"/>
            <label from="13-13" id="57" name="ScrPart_rider" text="my" type="participant"/>
            <label from="13-14" id="58" name="ScrPart_bicycle" text="bicycle" type="participant"/>
            <label from="14-1" id="59" name="ScrPart_rider" text="I" type="participant"/>
            <label from="14-4" id="60" name="ScrPart_rider" text="my" type="participant"/>
            <label from="14-5" id="61" name="NPart" text="friends house" to="14-6" type="participant"/>
            <label from="14-5" id="62" name="NPart" text="friends" type="participant"/>
            <label from="14-6" id="63" name="NPart" text="house" type="participant"/>
            <label from="14-8" id="64" name="Unclear" text="we" type="participant"/>
            <label from="14-11" id="65" name="SuppVComp" text="fun time" to="14-12" type="participant"/>
            <label from="14-12" id="66" name="SuppVComp" text="time" type="participant"/>
        </participants>
        <events>
            <label from="1-3" id="67" name="UnrelEv" text="wanted" type="event"/>
            <label from="1-5" id="68" name="Evoking" text="ride my bicycle" to="1-7" type="event"/>
            <label from="2-3" id="69" name="UnrelEv" text="was" type="event"/>
            <label from="2-9" id="70" name="UnrelEv" text="used" type="event"/>
            <label from="3-3" id="71" name="RelNScrEv" text="got" type="event"/>
            <label from="3-8" id="72" name="ScrEv_notice_problem" text="realized" type="event"/>
            <label from="3-11" id="73" name="Evoking" text="had a front flat tire" to="3-15" type="event"/>
            <label from="4-3" id="74" name="ScrEv_examine_tire" text="checked" type="event"/>
            <label from="4-6" id="75" name="RelNScrEv" text="were" type="event"/>
            <label from="4-14" id="76" name="RelNScrEv" text="were" type="event"/>
            <label from="5-2" id="77" name="UnrelEv" text="was" type="event"/>
            <label from="5-6" id="78" name="UnrelEv" text="meant" type="event"/>
            <label from="5-11" id="79" name="UnrelEv" text="needed" type="event"/>
            <label from="6-3" id="80" name="UnrelEv" text="went" type="event"/>
            <label from="6-4" id="81" name="ScrEv_get_tools" text="looking" type="event"/>
            <label from="7-2" id="82" name="ScrEv_get_tools" text="found" type="event"/>
            <label from="8-2" id="83" name="ScrEv_pull_air_pin" text="took" type="event"/>
            <label from="9-2" id="84" name="ScrEv_get_tools" text="put" type="event"/>
            <label from="9-10" id="85" name="UnrelEv" text="began" type="event"/>
            <label from="9-11" id="86" name="ScrEv_refill_tire_air" text="pumping" type="event"/>
            <label from="10-6" id="87" name="ScrEv_check_new_tire" text="grabbed" type="event"/>
            <label from="10-10" id="88" name="UnrelEv" text="see" type="event"/>
            <label from="10-16" id="89" name="UnrelEv" text="needed" type="event"/>
            <label from="11-2" id="90" name="UnrelEv" text="did" type="event"/>
            <label from="11-7" id="91" name="ScrEv_refill_tire_air" text="pumped" type="event"/>
            <label from="12-3" id="92" name="RelNScrEv" text="took" type="event"/>
            <label from="12-10" id="93" name="RelNScrEv" text="put" type="event"/>
            <label from="13-2" id="94" name="RelNScrEv" text="put" type="event"/>
            <label from="13-8" id="95" name="ScrEv_get_tools" text="found" type="event"/>
            <label from="13-11" id="96" name="ScrEv_other" text="got on" to="13-12" type="event"/>
            <label from="13-11" id="97" name="ScrEv_other" text="got" type="event"/>
            <label from="14-2" id="98" name="Evoking" text="cycled" type="event"/>
            <label from="14-9" id="99" name="UnrelEv" text="had" type="event"/>
        </events>
        <chains>
            <chain elements="1 4 9 10 13 16 17 19 21 26 29 32 36 42 45 46 48 53 55 57 59 60 14"/>
            <chain elements="3 11 58"/>
            <chain elements="18 22 24 43 47"/>
            <chain elements="28 30 37 49 54 56"/>
            <chain elements="35 39 50 52"/>
            <chain elements="33 51"/>
            <chain elements="5 61"/>
            <chain elements="7 63"/>
            <chain elements="60 64 61" name="group_I_friends"/>
        </chains>
    </annotations>
</story>
