<?xml version="1.0" encoding="UTF-8" standalone="no"?>
<!DOCTYPE story SYSTEM "../InScript.dtd">
<story id="019" scenario="bicycle">
    <text>
        <content>While I was riding my bike I accidentally ran over a nail . 
My rear tire quickly deflated . 
I walked the bike home . 
My bike tire had an inner tube , and I had an extra one in my basement . 
I got the extra inner tube and went to work . 
In order to fix my tire , I had to pry the rubber outer tire out of the wheel 's metal rim . 
I got a screwdriver and inserted it between the metal and rubber , lifting the rubber out . 
I went around the rim that way taking the tire out of the rim . 
Once it was out , I was able to pull the broken inner tube out . 
As I 'd figured , there was a big hole in it from the nail . 
I put the old inner tube aside and got the new one . 
There 's a part on the tube where a valve comes out . 
That 's where you attach a pump to fill the tube with air . 
I put this valve through the hole in the rim that it 's supposed to stick through . 
Then I went around the rim squeezing the inner tube into the tire . 
Once I had the inner tube in place , I went around the rim again pushing the outer part of the tire back into the rim . 
That was hard work , but I finally managed it . 
Once that was done , I got out my bike pump , fitted it to the inner tube 's valve , and filled the new tire with air . 
Soon my tire was completely repaired and I was able to ride again ! </content>
        <sentences>
            <sentence id="1">
                <token content="While" id="1-1">
                    <pos type="IN"/>
                    <lemma type="while"/>
                    <dep head="1-4" type="mark"/>
                </token>
                <token content="I" id="1-2">
                    <pos type="PRP"/>
                    <lemma type="I"/>
                    <dep head="1-4" type="nsubj"/>
                </token>
                <token content="was" id="1-3">
                    <pos type="VBD"/>
                    <lemma type="be"/>
                    <dep head="1-4" type="aux"/>
                </token>
                <token content="riding" id="1-4">
                    <pos type="VBG"/>
                    <lemma type="ride"/>
                    <dep head="1-9" type="advcl"/>
                </token>
                <token content="my" id="1-5">
                    <pos type="PRP$"/>
                    <lemma type="my"/>
                </token>
                <token content="bike" id="1-6">
                    <pos type="NN"/>
                    <lemma type="bike"/>
                    <dep head="1-4" type="dobj"/>
                </token>
                <token content="I" id="1-7">
                    <pos type="PRP"/>
                    <lemma type="I"/>
                    <dep head="1-9" type="nsubj"/>
                </token>
                <token content="accidentally" id="1-8">
                    <pos type="RB"/>
                    <lemma type="accidentally"/>
                    <dep head="1-9" type="advmod"/>
                </token>
                <token content="ran" id="1-9">
                    <pos type="VBD"/>
                    <lemma type="run"/>
                </token>
                <token content="over" id="1-10"/>
                <token content="a" id="1-11">
                    <pos type="DT"/>
                    <lemma type="a"/>
                </token>
                <token content="nail" id="1-12">
                    <pos type="NN"/>
                    <lemma type="nail"/>
                    <dep head="1-9" type="prep"/>
                </token>
                <token content="." id="1-13"/>
            </sentence>
            <sentence id="2">
                <token content="My" id="2-1">
                    <pos type="PRP$"/>
                    <lemma type="my"/>
                </token>
                <token content="rear" id="2-2">
                    <pos type="JJ"/>
                    <lemma type="rear"/>
                </token>
                <token content="tire" id="2-3">
                    <pos type="NN"/>
                    <lemma type="tire"/>
                    <dep head="2-5" type="nsubj"/>
                </token>
                <token content="quickly" id="2-4">
                    <pos type="RB"/>
                    <lemma type="quickly"/>
                    <dep head="2-5" type="advmod"/>
                </token>
                <token content="deflated" id="2-5">
                    <pos type="VBD"/>
                    <lemma type="deflate"/>
                </token>
                <token content="." id="2-6"/>
            </sentence>
            <sentence id="3">
                <token content="I" id="3-1">
                    <pos type="PRP"/>
                    <lemma type="I"/>
                    <dep head="3-2" type="nsubj"/>
                </token>
                <token content="walked" id="3-2">
                    <pos type="VBD"/>
                    <lemma type="walk"/>
                </token>
                <token content="the" id="3-3">
                    <pos type="DT"/>
                    <lemma type="the"/>
                </token>
                <token content="bike" id="3-4">
                    <pos type="NN"/>
                    <lemma type="bike"/>
                </token>
                <token content="home" id="3-5">
                    <pos type="NN"/>
                    <lemma type="home"/>
                    <dep head="3-2" type="dobj"/>
                </token>
                <token content="." id="3-6"/>
            </sentence>
            <sentence id="4">
                <token content="My" id="4-1">
                    <pos type="PRP$"/>
                    <lemma type="my"/>
                </token>
                <token content="bike" id="4-2">
                    <pos type="NN"/>
                    <lemma type="bike"/>
                </token>
                <token content="tire" id="4-3">
                    <pos type="NN"/>
                    <lemma type="tire"/>
                    <dep head="4-4" type="nsubj"/>
                </token>
                <token content="had" id="4-4">
                    <pos type="VBD"/>
                    <lemma type="have"/>
                </token>
                <token content="an" id="4-5">
                    <pos type="DT"/>
                    <lemma type="a"/>
                </token>
                <token content="inner" id="4-6">
                    <pos type="JJ"/>
                    <lemma type="inner"/>
                </token>
                <token content="tube" id="4-7">
                    <pos type="NN"/>
                    <lemma type="tube"/>
                    <dep head="4-4" type="dobj"/>
                </token>
                <token content="," id="4-8"/>
                <token content="and" id="4-9"/>
                <token content="I" id="4-10">
                    <pos type="PRP"/>
                    <lemma type="I"/>
                    <dep head="4-11" type="nsubj"/>
                </token>
                <token content="had" id="4-11">
                    <pos type="VBD"/>
                    <lemma type="have"/>
                    <dep head="4-4" type="conj"/>
                </token>
                <token content="an" id="4-12">
                    <pos type="DT"/>
                    <lemma type="a"/>
                </token>
                <token content="extra" id="4-13">
                    <pos type="JJ"/>
                    <lemma type="extra"/>
                </token>
                <token content="one" id="4-14">
                    <pos type="NN"/>
                    <lemma type="one"/>
                    <dep head="4-11" type="dobj"/>
                </token>
                <token content="in" id="4-15"/>
                <token content="my" id="4-16">
                    <pos type="PRP$"/>
                    <lemma type="my"/>
                </token>
                <token content="basement" id="4-17">
                    <pos type="NN"/>
                    <lemma type="basement"/>
                </token>
                <token content="." id="4-18"/>
            </sentence>
            <sentence id="5">
                <token content="I" id="5-1">
                    <pos type="PRP"/>
                    <lemma type="I"/>
                    <dep head="5-2" type="nsubj"/>
                </token>
                <token content="got" id="5-2">
                    <pos type="VBD"/>
                    <lemma type="get"/>
                </token>
                <token content="the" id="5-3">
                    <pos type="DT"/>
                    <lemma type="the"/>
                </token>
                <token content="extra" id="5-4">
                    <pos type="JJ"/>
                    <lemma type="extra"/>
                </token>
                <token content="inner" id="5-5">
                    <pos type="JJ"/>
                    <lemma type="inner"/>
                </token>
                <token content="tube" id="5-6">
                    <pos type="NN"/>
                    <lemma type="tube"/>
                    <dep head="5-2" type="dobj"/>
                </token>
                <token content="and" id="5-7"/>
                <token content="went" id="5-8">
                    <pos type="VBD"/>
                    <lemma type="go"/>
                    <dep head="5-2" type="conj"/>
                </token>
                <token content="to" id="5-9">
                    <pos type="TO"/>
                    <lemma type="to"/>
                    <dep head="5-10" type="aux"/>
                </token>
                <token content="work" id="5-10">
                    <pos type="VB"/>
                    <lemma type="work"/>
                    <dep head="5-8" type="xcomp"/>
                </token>
                <token content="." id="5-11"/>
            </sentence>
            <sentence id="6">
                <token content="In" id="6-1">
                    <pos type="IN"/>
                    <lemma type="in"/>
                    <dep head="6-4" type="mark"/>
                </token>
                <token content="order" id="6-2">
                    <pos type="NN"/>
                    <lemma type="order"/>
                    <dep head="6-4" type="dep"/>
                </token>
                <token content="to" id="6-3">
                    <pos type="TO"/>
                    <lemma type="to"/>
                    <dep head="6-4" type="aux"/>
                </token>
                <token content="fix" id="6-4">
                    <pos type="VB"/>
                    <lemma type="fix"/>
                    <dep head="6-9" type="advcl"/>
                </token>
                <token content="my" id="6-5">
                    <pos type="PRP$"/>
                    <lemma type="my"/>
                </token>
                <token content="tire" id="6-6">
                    <pos type="NN"/>
                    <lemma type="tire"/>
                    <dep head="6-4" type="dobj"/>
                </token>
                <token content="," id="6-7"/>
                <token content="I" id="6-8">
                    <pos type="PRP"/>
                    <lemma type="I"/>
                    <dep head="6-9" type="nsubj"/>
                </token>
                <token content="had" id="6-9">
                    <pos type="VBD"/>
                    <lemma type="have"/>
                </token>
                <token content="to" id="6-10">
                    <pos type="TO"/>
                    <lemma type="to"/>
                    <dep head="6-11" type="aux"/>
                </token>
                <token content="pry" id="6-11">
                    <pos type="VB"/>
                    <lemma type="pry"/>
                    <dep head="6-9" type="xcomp"/>
                </token>
                <token content="the" id="6-12">
                    <pos type="DT"/>
                    <lemma type="the"/>
                </token>
                <token content="rubber" id="6-13">
                    <pos type="NN"/>
                    <lemma type="rubber"/>
                </token>
                <token content="outer" id="6-14">
                    <pos type="JJ"/>
                    <lemma type="outer"/>
                </token>
                <token content="tire" id="6-15">
                    <pos type="NN"/>
                    <lemma type="tire"/>
                    <dep head="6-11" type="dobj"/>
                </token>
                <token content="out" id="6-16"/>
                <token content="of" id="6-17"/>
                <token content="the" id="6-18">
                    <pos type="DT"/>
                    <lemma type="the"/>
                </token>
                <token content="wheel" id="6-19">
                    <pos type="NN"/>
                    <lemma type="wheel"/>
                </token>
                <token content="'s" id="6-20"/>
                <token content="metal" id="6-21">
                    <pos type="NN"/>
                    <lemma type="metal"/>
                </token>
                <token content="rim" id="6-22">
                    <pos type="NN"/>
                    <lemma type="rim"/>
                    <dep head="6-11" type="prep"/>
                </token>
                <token content="." id="6-23"/>
            </sentence>
            <sentence id="7">
                <token content="I" id="7-1">
                    <pos type="PRP"/>
                    <lemma type="I"/>
                    <dep head="7-2" type="nsubj"/>
                </token>
                <token content="got" id="7-2">
                    <pos type="VBD"/>
                    <lemma type="get"/>
                </token>
                <token content="a" id="7-3">
                    <pos type="DT"/>
                    <lemma type="a"/>
                </token>
                <token content="screwdriver" id="7-4">
                    <pos type="NN"/>
                    <lemma type="screwdriver"/>
                    <dep head="7-2" type="dobj"/>
                </token>
                <token content="and" id="7-5"/>
                <token content="inserted" id="7-6">
                    <pos type="VBD"/>
                    <lemma type="insert"/>
                    <dep head="7-2" type="conj"/>
                </token>
                <token content="it" id="7-7">
                    <pos type="PRP"/>
                    <lemma type="it"/>
                    <dep head="7-6" type="dobj"/>
                </token>
                <token content="between" id="7-8"/>
                <token content="the" id="7-9">
                    <pos type="DT"/>
                    <lemma type="the"/>
                </token>
                <token content="metal" id="7-10">
                    <pos type="NN"/>
                    <lemma type="metal"/>
                    <dep head="7-6" type="prep"/>
                </token>
                <token content="and" id="7-11"/>
                <token content="rubber" id="7-12">
                    <pos type="NN"/>
                    <lemma type="rubber"/>
                </token>
                <token content="," id="7-13"/>
                <token content="lifting" id="7-14">
                    <pos type="VBG"/>
                    <lemma type="lift"/>
                    <dep head="7-6" type="dep"/>
                </token>
                <token content="the" id="7-15">
                    <pos type="DT"/>
                    <lemma type="the"/>
                </token>
                <token content="rubber" id="7-16">
                    <pos type="NN"/>
                    <lemma type="rubber"/>
                    <dep head="7-14" type="dobj"/>
                </token>
                <token content="out" id="7-17">
                    <pos type="RP"/>
                    <lemma type="out"/>
                    <dep head="7-14" type="prt"/>
                </token>
                <token content="." id="7-18"/>
            </sentence>
            <sentence id="8">
                <token content="I" id="8-1">
                    <pos type="PRP"/>
                    <lemma type="I"/>
                    <dep head="8-2" type="nsubj"/>
                </token>
                <token content="went" id="8-2">
                    <pos type="VBD"/>
                    <lemma type="go"/>
                </token>
                <token content="around" id="8-3"/>
                <token content="the" id="8-4">
                    <pos type="DT"/>
                    <lemma type="the"/>
                </token>
                <token content="rim" id="8-5">
                    <pos type="NN"/>
                    <lemma type="rim"/>
                    <dep head="8-2" type="prep"/>
                </token>
                <token content="that" id="8-6">
                    <pos type="DT"/>
                    <lemma type="that"/>
                </token>
                <token content="way" id="8-7">
                    <pos type="NN"/>
                    <lemma type="way"/>
                </token>
                <token content="taking" id="8-8">
                    <pos type="VBG"/>
                    <lemma type="take"/>
                    <dep head="8-2" type="xcomp"/>
                </token>
                <token content="the" id="8-9">
                    <pos type="DT"/>
                    <lemma type="the"/>
                </token>
                <token content="tire" id="8-10">
                    <pos type="NN"/>
                    <lemma type="tire"/>
                    <dep head="8-8" type="dobj"/>
                </token>
                <token content="out" id="8-11"/>
                <token content="of" id="8-12"/>
                <token content="the" id="8-13">
                    <pos type="DT"/>
                    <lemma type="the"/>
                </token>
                <token content="rim" id="8-14">
                    <pos type="NN"/>
                    <lemma type="rim"/>
                    <dep head="8-8" type="prep"/>
                </token>
                <token content="." id="8-15"/>
            </sentence>
            <sentence id="9">
                <token content="Once" id="9-1">
                    <pos type="IN"/>
                    <lemma type="once"/>
                    <dep head="9-3" type="mark"/>
                </token>
                <token content="it" id="9-2">
                    <pos type="PRP"/>
                    <lemma type="it"/>
                    <dep head="9-3" type="nsubj"/>
                </token>
                <token content="was" id="9-3">
                    <pos type="VBD"/>
                    <lemma type="be"/>
                </token>
                <token content="out" id="9-4">
                    <pos type="RB"/>
                    <lemma type="out"/>
                    <dep head="9-3" type="advmod"/>
                </token>
                <token content="," id="9-5"/>
                <token content="I" id="9-6">
                    <pos type="PRP"/>
                    <lemma type="I"/>
                </token>
                <token content="was" id="9-7">
                    <pos type="VBD"/>
                    <lemma type="be"/>
                </token>
                <token content="able" id="9-8">
                    <pos type="JJ"/>
                    <lemma type="able"/>
                </token>
                <token content="to" id="9-9">
                    <pos type="TO"/>
                    <lemma type="to"/>
                    <dep head="9-10" type="aux"/>
                </token>
                <token content="pull" id="9-10">
                    <pos type="VB"/>
                    <lemma type="pull"/>
                </token>
                <token content="the" id="9-11">
                    <pos type="DT"/>
                    <lemma type="the"/>
                </token>
                <token content="broken" id="9-12">
                    <pos type="JJ"/>
                    <lemma type="broken"/>
                </token>
                <token content="inner" id="9-13">
                    <pos type="JJ"/>
                    <lemma type="inner"/>
                </token>
                <token content="tube" id="9-14">
                    <pos type="NN"/>
                    <lemma type="tube"/>
                    <dep head="9-10" type="dobj"/>
                </token>
                <token content="out" id="9-15">
                    <pos type="RP"/>
                    <lemma type="out"/>
                    <dep head="9-10" type="prt"/>
                </token>
                <token content="." id="9-16"/>
            </sentence>
            <sentence id="10">
                <token content="As" id="10-1">
                    <pos type="IN"/>
                    <lemma type="as"/>
                    <dep head="10-4" type="mark"/>
                </token>
                <token content="I" id="10-2">
                    <pos type="PRP"/>
                    <lemma type="I"/>
                    <dep head="10-4" type="nsubj"/>
                </token>
                <token content="'d" id="10-3">
                    <pos type="VBD"/>
                    <lemma type="have"/>
                    <dep head="10-4" type="aux"/>
                </token>
                <token content="figured" id="10-4">
                    <pos type="VBN"/>
                    <lemma type="figure"/>
                    <dep head="10-7" type="advcl"/>
                </token>
                <token content="," id="10-5"/>
                <token content="there" id="10-6">
                    <pos type="EX"/>
                    <lemma type="there"/>
                    <dep head="10-7" type="expl"/>
                </token>
                <token content="was" id="10-7">
                    <pos type="VBD"/>
                    <lemma type="be"/>
                </token>
                <token content="a" id="10-8">
                    <pos type="DT"/>
                    <lemma type="a"/>
                </token>
                <token content="big" id="10-9">
                    <pos type="JJ"/>
                    <lemma type="big"/>
                </token>
                <token content="hole" id="10-10">
                    <pos type="NN"/>
                    <lemma type="hole"/>
                    <dep head="10-7" type="nsubj"/>
                </token>
                <token content="in" id="10-11"/>
                <token content="it" id="10-12">
                    <pos type="PRP"/>
                    <lemma type="it"/>
                </token>
                <token content="from" id="10-13"/>
                <token content="the" id="10-14">
                    <pos type="DT"/>
                    <lemma type="the"/>
                </token>
                <token content="nail" id="10-15">
                    <pos type="NN"/>
                    <lemma type="nail"/>
                    <dep head="10-7" type="prep"/>
                </token>
                <token content="." id="10-16"/>
            </sentence>
            <sentence id="11">
                <token content="I" id="11-1">
                    <pos type="PRP"/>
                    <lemma type="I"/>
                    <dep head="11-2" type="nsubj"/>
                </token>
                <token content="put" id="11-2">
                    <pos type="VBD"/>
                    <lemma type="put"/>
                </token>
                <token content="the" id="11-3">
                    <pos type="DT"/>
                    <lemma type="the"/>
                </token>
                <token content="old" id="11-4">
                    <pos type="JJ"/>
                    <lemma type="old"/>
                </token>
                <token content="inner" id="11-5">
                    <pos type="JJ"/>
                    <lemma type="inner"/>
                </token>
                <token content="tube" id="11-6">
                    <pos type="NN"/>
                    <lemma type="tube"/>
                    <dep head="11-2" type="dobj"/>
                </token>
                <token content="aside" id="11-7">
                    <pos type="RB"/>
                    <lemma type="aside"/>
                    <dep head="11-2" type="advmod"/>
                </token>
                <token content="and" id="11-8"/>
                <token content="got" id="11-9">
                    <pos type="VBD"/>
                    <lemma type="get"/>
                    <dep head="11-2" type="conj"/>
                </token>
                <token content="the" id="11-10">
                    <pos type="DT"/>
                    <lemma type="the"/>
                </token>
                <token content="new" id="11-11">
                    <pos type="JJ"/>
                    <lemma type="new"/>
                </token>
                <token content="one" id="11-12">
                    <pos type="NN"/>
                    <lemma type="one"/>
                    <dep head="11-9" type="dobj"/>
                </token>
                <token content="." id="11-13"/>
            </sentence>
            <sentence id="12">
                <token content="There" id="12-1">
                    <pos type="EX"/>
                    <lemma type="there"/>
                    <dep head="12-2" type="expl"/>
                </token>
                <token content="'s" id="12-2">
                    <pos type="VBZ"/>
                    <lemma type="be"/>
                </token>
                <token content="a" id="12-3">
                    <pos type="DT"/>
                    <lemma type="a"/>
                </token>
                <token content="part" id="12-4">
                    <pos type="NN"/>
                    <lemma type="part"/>
                    <dep head="12-2" type="nsubj"/>
                </token>
                <token content="on" id="12-5"/>
                <token content="the" id="12-6">
                    <pos type="DT"/>
                    <lemma type="the"/>
                </token>
                <token content="tube" id="12-7">
                    <pos type="NN"/>
                    <lemma type="tube"/>
                </token>
                <token content="where" id="12-8">
                    <pos type="WRB"/>
                    <lemma type="where"/>
                    <dep head="12-11" type="advmod"/>
                </token>
                <token content="a" id="12-9">
                    <pos type="DT"/>
                    <lemma type="a"/>
                </token>
                <token content="valve" id="12-10">
                    <pos type="NN"/>
                    <lemma type="valve"/>
                    <dep head="12-11" type="nsubj"/>
                </token>
                <token content="comes" id="12-11">
                    <pos type="VBZ"/>
                    <lemma type="come"/>
                </token>
                <token content="out" id="12-12">
                    <pos type="RP"/>
                    <lemma type="out"/>
                    <dep head="12-11" type="prt"/>
                </token>
                <token content="." id="12-13"/>
            </sentence>
            <sentence id="13">
                <token content="That" id="13-1">
                    <pos type="DT"/>
                    <lemma type="that"/>
                    <dep head="13-2" type="nsubj"/>
                </token>
                <token content="'s" id="13-2">
                    <pos type="VBZ"/>
                    <lemma type="be"/>
                </token>
                <token content="where" id="13-3">
                    <pos type="WRB"/>
                    <lemma type="where"/>
                    <dep head="13-5" type="advmod"/>
                </token>
                <token content="you" id="13-4">
                    <pos type="PRP"/>
                    <lemma type="you"/>
                    <dep head="13-5" type="nsubj"/>
                </token>
                <token content="attach" id="13-5">
                    <pos type="VBP"/>
                    <lemma type="attach"/>
                    <dep head="13-2" type="advcl"/>
                </token>
                <token content="a" id="13-6">
                    <pos type="DT"/>
                    <lemma type="a"/>
                </token>
                <token content="pump" id="13-7">
                    <pos type="NN"/>
                    <lemma type="pump"/>
                    <dep head="13-5" type="dobj"/>
                </token>
                <token content="to" id="13-8">
                    <pos type="TO"/>
                    <lemma type="to"/>
                    <dep head="13-9" type="aux"/>
                </token>
                <token content="fill" id="13-9">
                    <pos type="VB"/>
                    <lemma type="fill"/>
                    <dep head="13-5" type="xcomp"/>
                </token>
                <token content="the" id="13-10">
                    <pos type="DT"/>
                    <lemma type="the"/>
                </token>
                <token content="tube" id="13-11">
                    <pos type="NN"/>
                    <lemma type="tube"/>
                    <dep head="13-9" type="dobj"/>
                </token>
                <token content="with" id="13-12"/>
                <token content="air" id="13-13">
                    <pos type="NN"/>
                    <lemma type="air"/>
                    <dep head="13-9" type="prep"/>
                </token>
                <token content="." id="13-14"/>
            </sentence>
            <sentence id="14">
                <token content="I" id="14-1">
                    <pos type="PRP"/>
                    <lemma type="I"/>
                    <dep head="14-2" type="nsubj"/>
                </token>
                <token content="put" id="14-2">
                    <pos type="VBD"/>
                    <lemma type="put"/>
                </token>
                <token content="this" id="14-3">
                    <pos type="DT"/>
                    <lemma type="this"/>
                </token>
                <token content="valve" id="14-4">
                    <pos type="NN"/>
                    <lemma type="valve"/>
                    <dep head="14-2" type="dobj"/>
                </token>
                <token content="through" id="14-5"/>
                <token content="the" id="14-6">
                    <pos type="DT"/>
                    <lemma type="the"/>
                </token>
                <token content="hole" id="14-7">
                    <pos type="NN"/>
                    <lemma type="hole"/>
                    <dep head="14-2" type="prep"/>
                </token>
                <token content="in" id="14-8"/>
                <token content="the" id="14-9">
                    <pos type="DT"/>
                    <lemma type="the"/>
                </token>
                <token content="rim" id="14-10">
                    <pos type="NN"/>
                    <lemma type="rim"/>
                </token>
                <token content="that" id="14-11">
                    <pos type="IN"/>
                    <lemma type="that"/>
                    <dep head="14-14" type="mark"/>
                </token>
                <token content="it" id="14-12">
                    <pos type="PRP"/>
                    <lemma type="it"/>
                    <dep head="14-14" type="nsubjpass"/>
                </token>
                <token content="'s" id="14-13">
                    <pos type="VBZ"/>
                    <lemma type="be"/>
                    <dep head="14-14" type="auxpass"/>
                </token>
                <token content="supposed" id="14-14">
                    <pos type="VBN"/>
                    <lemma type="suppose"/>
                    <dep head="14-2" type="ccomp"/>
                </token>
                <token content="to" id="14-15">
                    <pos type="TO"/>
                    <lemma type="to"/>
                    <dep head="14-16" type="aux"/>
                </token>
                <token content="stick" id="14-16">
                    <pos type="VB"/>
                    <lemma type="stick"/>
                    <dep head="14-14" type="xcomp"/>
                </token>
                <token content="through" id="14-17">
                    <pos type="RP"/>
                    <lemma type="through"/>
                    <dep head="14-16" type="prt"/>
                </token>
                <token content="." id="14-18"/>
            </sentence>
            <sentence id="15">
                <token content="Then" id="15-1">
                    <pos type="RB"/>
                    <lemma type="then"/>
                    <dep head="15-3" type="advmod"/>
                </token>
                <token content="I" id="15-2">
                    <pos type="PRP"/>
                    <lemma type="I"/>
                    <dep head="15-3" type="nsubj"/>
                </token>
                <token content="went" id="15-3">
                    <pos type="VBD"/>
                    <lemma type="go"/>
                </token>
                <token content="around" id="15-4"/>
                <token content="the" id="15-5">
                    <pos type="DT"/>
                    <lemma type="the"/>
                </token>
                <token content="rim" id="15-6">
                    <pos type="NN"/>
                    <lemma type="rim"/>
                    <dep head="15-3" type="prep"/>
                </token>
                <token content="squeezing" id="15-7">
                    <pos type="VBG"/>
                    <lemma type="squeeze"/>
                    <dep head="15-3" type="xcomp"/>
                </token>
                <token content="the" id="15-8">
                    <pos type="DT"/>
                    <lemma type="the"/>
                </token>
                <token content="inner" id="15-9">
                    <pos type="JJ"/>
                    <lemma type="inner"/>
                </token>
                <token content="tube" id="15-10">
                    <pos type="NN"/>
                    <lemma type="tube"/>
                    <dep head="15-7" type="dobj"/>
                </token>
                <token content="into" id="15-11"/>
                <token content="the" id="15-12">
                    <pos type="DT"/>
                    <lemma type="the"/>
                </token>
                <token content="tire" id="15-13">
                    <pos type="NN"/>
                    <lemma type="tire"/>
                    <dep head="15-7" type="prep"/>
                </token>
                <token content="." id="15-14"/>
            </sentence>
            <sentence id="16">
                <token content="Once" id="16-1">
                    <pos type="IN"/>
                    <lemma type="once"/>
                    <dep head="16-3" type="mark"/>
                </token>
                <token content="I" id="16-2">
                    <pos type="PRP"/>
                    <lemma type="I"/>
                    <dep head="16-3" type="nsubj"/>
                </token>
                <token content="had" id="16-3">
                    <pos type="VBD"/>
                    <lemma type="have"/>
                    <dep head="16-11" type="advcl"/>
                </token>
                <token content="the" id="16-4">
                    <pos type="DT"/>
                    <lemma type="the"/>
                </token>
                <token content="inner" id="16-5">
                    <pos type="JJ"/>
                    <lemma type="inner"/>
                </token>
                <token content="tube" id="16-6">
                    <pos type="NN"/>
                    <lemma type="tube"/>
                    <dep head="16-3" type="dobj"/>
                </token>
                <token content="in" id="16-7"/>
                <token content="place" id="16-8">
                    <pos type="NN"/>
                    <lemma type="place"/>
                </token>
                <token content="," id="16-9"/>
                <token content="I" id="16-10">
                    <pos type="PRP"/>
                    <lemma type="I"/>
                    <dep head="16-11" type="nsubj"/>
                </token>
                <token content="went" id="16-11">
                    <pos type="VBD"/>
                    <lemma type="go"/>
                </token>
                <token content="around" id="16-12"/>
                <token content="the" id="16-13">
                    <pos type="DT"/>
                    <lemma type="the"/>
                </token>
                <token content="rim" id="16-14">
                    <pos type="NN"/>
                    <lemma type="rim"/>
                    <dep head="16-16" type="nsubj"/>
                </token>
                <token content="again" id="16-15">
                    <pos type="RB"/>
                    <lemma type="again"/>
                    <dep head="16-16" type="advmod"/>
                </token>
                <token content="pushing" id="16-16">
                    <pos type="VBG"/>
                    <lemma type="push"/>
                    <dep head="16-11" type="prepc"/>
                </token>
                <token content="the" id="16-17">
                    <pos type="DT"/>
                    <lemma type="the"/>
                </token>
                <token content="outer" id="16-18">
                    <pos type="JJ"/>
                    <lemma type="outer"/>
                </token>
                <token content="part" id="16-19">
                    <pos type="NN"/>
                    <lemma type="part"/>
                    <dep head="16-16" type="dobj"/>
                </token>
                <token content="of" id="16-20"/>
                <token content="the" id="16-21">
                    <pos type="DT"/>
                    <lemma type="the"/>
                </token>
                <token content="tire" id="16-22">
                    <pos type="NN"/>
                    <lemma type="tire"/>
                </token>
                <token content="back" id="16-23">
                    <pos type="RP"/>
                    <lemma type="back"/>
                    <dep head="16-16" type="prt"/>
                </token>
                <token content="into" id="16-24"/>
                <token content="the" id="16-25">
                    <pos type="DT"/>
                    <lemma type="the"/>
                </token>
                <token content="rim" id="16-26">
                    <pos type="NN"/>
                    <lemma type="rim"/>
                    <dep head="16-16" type="prep"/>
                </token>
                <token content="." id="16-27"/>
            </sentence>
            <sentence id="17">
                <token content="That" id="17-1">
                    <pos type="DT"/>
                    <lemma type="that"/>
                </token>
                <token content="was" id="17-2">
                    <pos type="VBD"/>
                    <lemma type="be"/>
                </token>
                <token content="hard" id="17-3">
                    <pos type="JJ"/>
                    <lemma type="hard"/>
                </token>
                <token content="work" id="17-4">
                    <pos type="NN"/>
                    <lemma type="work"/>
                </token>
                <token content="," id="17-5"/>
                <token content="but" id="17-6"/>
                <token content="I" id="17-7">
                    <pos type="PRP"/>
                    <lemma type="I"/>
                    <dep head="17-9" type="nsubj"/>
                </token>
                <token content="finally" id="17-8">
                    <pos type="RB"/>
                    <lemma type="finally"/>
                    <dep head="17-9" type="advmod"/>
                </token>
                <token content="managed" id="17-9">
                    <pos type="VBD"/>
                    <lemma type="manage"/>
                </token>
                <token content="it" id="17-10">
                    <pos type="PRP"/>
                    <lemma type="it"/>
                    <dep head="17-9" type="dobj"/>
                </token>
                <token content="." id="17-11"/>
            </sentence>
            <sentence id="18">
                <token content="Once" id="18-1">
                    <pos type="IN"/>
                    <lemma type="once"/>
                    <dep head="18-4" type="mark"/>
                </token>
                <token content="that" id="18-2">
                    <pos type="DT"/>
                    <lemma type="that"/>
                    <dep head="18-4" type="nsubjpass"/>
                </token>
                <token content="was" id="18-3">
                    <pos type="VBD"/>
                    <lemma type="be"/>
                    <dep head="18-4" type="auxpass"/>
                </token>
                <token content="done" id="18-4">
                    <pos type="VBN"/>
                    <lemma type="do"/>
                    <dep head="18-7" type="advcl"/>
                </token>
                <token content="," id="18-5"/>
                <token content="I" id="18-6">
                    <pos type="PRP"/>
                    <lemma type="I"/>
                    <dep head="18-7" type="nsubj"/>
                </token>
                <token content="got" id="18-7">
                    <pos type="VBD"/>
                    <lemma type="get"/>
                </token>
                <token content="out" id="18-8">
                    <pos type="RP"/>
                    <lemma type="out"/>
                    <dep head="18-7" type="prt"/>
                </token>
                <token content="my" id="18-9">
                    <pos type="PRP$"/>
                    <lemma type="my"/>
                </token>
                <token content="bike" id="18-10">
                    <pos type="NN"/>
                    <lemma type="bike"/>
                </token>
                <token content="pump" id="18-11">
                    <pos type="NN"/>
                    <lemma type="pump"/>
                    <dep head="18-7" type="dobj"/>
                </token>
                <token content="," id="18-12"/>
                <token content="fitted" id="18-13">
                    <pos type="VBD"/>
                    <lemma type="fit"/>
                    <dep head="18-7" type="conj"/>
                </token>
                <token content="it" id="18-14">
                    <pos type="PRP"/>
                    <lemma type="it"/>
                    <dep head="18-13" type="dobj"/>
                </token>
                <token content="to" id="18-15"/>
                <token content="the" id="18-16">
                    <pos type="DT"/>
                    <lemma type="the"/>
                </token>
                <token content="inner" id="18-17">
                    <pos type="JJ"/>
                    <lemma type="inner"/>
                </token>
                <token content="tube" id="18-18">
                    <pos type="NN"/>
                    <lemma type="tube"/>
                </token>
                <token content="'s" id="18-19"/>
                <token content="valve" id="18-20">
                    <pos type="NN"/>
                    <lemma type="valve"/>
                    <dep head="18-13" type="prep"/>
                </token>
                <token content="," id="18-21"/>
                <token content="and" id="18-22"/>
                <token content="filled" id="18-23">
                    <pos type="VBD"/>
                    <lemma type="fill"/>
                    <dep head="18-7" type="conj"/>
                </token>
                <token content="the" id="18-24">
                    <pos type="DT"/>
                    <lemma type="the"/>
                </token>
                <token content="new" id="18-25">
                    <pos type="JJ"/>
                    <lemma type="new"/>
                </token>
                <token content="tire" id="18-26">
                    <pos type="NN"/>
                    <lemma type="tire"/>
                    <dep head="18-23" type="dobj"/>
                </token>
                <token content="with" id="18-27"/>
                <token content="air" id="18-28">
                    <pos type="NN"/>
                    <lemma type="air"/>
                    <dep head="18-23" type="prep"/>
                </token>
                <token content="." id="18-29"/>
            </sentence>
            <sentence id="19">
                <token content="Soon" id="19-1">
                    <pos type="RB"/>
                    <lemma type="soon"/>
                    <dep head="19-6" type="advmod"/>
                </token>
                <token content="my" id="19-2">
                    <pos type="PRP$"/>
                    <lemma type="my"/>
                </token>
                <token content="tire" id="19-3">
                    <pos type="NN"/>
                    <lemma type="tire"/>
                    <dep head="19-6" type="nsubjpass"/>
                </token>
                <token content="was" id="19-4">
                    <pos type="VBD"/>
                    <lemma type="be"/>
                    <dep head="19-6" type="auxpass"/>
                </token>
                <token content="completely" id="19-5">
                    <pos type="RB"/>
                    <lemma type="completely"/>
                    <dep head="19-6" type="advmod"/>
                </token>
                <token content="repaired" id="19-6">
                    <pos type="VBN"/>
                    <lemma type="repair"/>
                </token>
                <token content="and" id="19-7"/>
                <token content="I" id="19-8">
                    <pos type="PRP"/>
                    <lemma type="I"/>
                </token>
                <token content="was" id="19-9">
                    <pos type="VBD"/>
                    <lemma type="be"/>
                </token>
                <token content="able" id="19-10">
                    <pos type="JJ"/>
                    <lemma type="able"/>
                    <dep head="19-6" type="conj"/>
                </token>
                <token content="to" id="19-11">
                    <pos type="TO"/>
                    <lemma type="to"/>
                    <dep head="19-12" type="aux"/>
                </token>
                <token content="ride" id="19-12">
                    <pos type="VB"/>
                    <lemma type="ride"/>
                </token>
                <token content="again" id="19-13">
                    <pos type="RB"/>
                    <lemma type="again"/>
                    <dep head="19-12" type="advmod"/>
                </token>
                <token content="!" id="19-14"/>
            </sentence>
        </sentences>
    </text>
    <annotations>
        <participants>
            <label from="1-2" id="0" name="ScrPart_rider" text="I" type="participant"/>
            <label from="1-5" id="1" name="ScrPart_rider" text="my" type="participant"/>
            <label from="1-6" id="2" name="ScrPart_bicycle" text="bike" type="participant"/>
            <label from="1-7" id="3" name="ScrPart_rider" text="I" type="participant"/>
            <label from="1-12" id="4" name="ScrPart_object_damage" text="nail" type="participant"/>
            <label from="2-1" id="5" name="ScrPart_rider" text="My" type="participant"/>
            <label from="2-2" id="6" name="ScrPart_tire" text="rear tire" to="2-3" type="participant"/>
            <label from="2-3" id="7" name="ScrPart_tire" text="tire" type="participant"/>
            <label from="3-1" id="8" name="ScrPart_rider" text="I" type="participant"/>
            <label from="3-4" id="9" name="ScrPart_bicycle" text="bike" type="participant"/>
            <label from="3-5" id="10" name="ScrPart_location_repair" text="home" type="participant"/>
            <label from="4-1" id="11" name="ScrPart_rider" text="My" type="participant"/>
            <label from="4-2" id="12" name="ScrPart_tire" text="bike tire" to="4-3" type="participant"/>
            <label from="4-3" id="13" name="ScrPart_tire" text="tire" type="participant"/>
            <label from="4-7" id="14" name="ScrPart_tire" text="tube" type="participant"/>
            <label from="4-10" id="15" name="ScrPart_rider" text="I" type="participant"/>
            <label from="4-14" id="16" name="ScrPart_spare_tube" text="one" type="participant"/>
            <label from="4-16" id="17" name="ScrPart_rider" text="my" type="participant"/>
            <label from="4-17" id="18" name="ScrPart_other" text="basement" type="participant"/>
            <label from="5-1" id="19" name="ScrPart_rider" text="I" type="participant"/>
            <label from="5-6" id="20" name="ScrPart_spare_tube" text="tube" type="participant"/>
            <label from="6-2" id="21" name="No_label" text="order" type="participant"/>
            <label from="6-5" id="22" name="ScrPart_rider" text="my" type="participant"/>
            <label from="6-6" id="23" name="ScrPart_tire" text="tire" type="participant"/>
            <label from="6-8" id="24" name="ScrPart_rider" text="I" type="participant"/>
            <label from="6-13" id="25" name="NPart" text="rubber" type="participant"/>
            <label from="6-15" id="26" name="ScrPart_tire" text="tire" type="participant"/>
            <label from="6-19" id="27" name="ScrPart_wheel" text="wheel" type="participant"/>
            <label from="6-21" id="28" name="ScrPart_rim" text="metal rim" to="6-22" type="participant"/>
            <label from="6-22" id="29" name="ScrPart_rim" text="rim" type="participant"/>
            <label from="7-1" id="30" name="ScrPart_rider" text="I" type="participant"/>
            <label from="7-4" id="31" name="ScrPart_tool" text="screwdriver" type="participant"/>
            <label from="7-7" id="32" name="ScrPart_tool" text="it" type="participant"/>
            <label from="7-10" id="33" name="ScrPart_rim" text="metal" type="participant"/>
            <label from="7-12" id="34" name="ScrPart_tire" text="rubber" type="participant"/>
            <label from="7-16" id="35" name="ScrPart_tire" text="rubber" type="participant"/>
            <label from="8-1" id="36" name="ScrPart_rider" text="I" type="participant"/>
            <label from="8-5" id="37" name="ScrPart_rim" text="rim" type="participant"/>
            <label from="8-7" id="38" name="No_label" text="way" type="participant"/>
            <label from="8-10" id="39" name="ScrPart_tire" text="tire" type="participant"/>
            <label from="8-14" id="40" name="ScrPart_rim" text="rim" type="participant"/>
            <label from="9-2" id="41" name="ScrPart_tire" text="it" type="participant"/>
            <label from="9-6" id="42" name="ScrPart_rider" text="I" type="participant"/>
            <label from="9-14" id="43" name="ScrPart_tire" text="tube" type="participant"/>
            <label from="10-2" id="44" name="ScrPart_rider" text="I" type="participant"/>
            <label from="10-10" id="45" name="ScrPart_object_damage" text="hole" type="participant"/>
            <label from="10-12" id="46" name="ScrPart_tire" text="it" type="participant"/>
            <label from="10-15" id="47" name="ScrPart_object_damage" text="nail" type="participant"/>
            <label from="11-1" id="48" name="ScrPart_rider" text="I" type="participant"/>
            <label from="11-6" id="49" name="ScrPart_tire" text="tube" type="participant"/>
            <label from="11-12" id="50" name="ScrPart_spare_tube" text="one" type="participant"/>
            <label from="12-4" id="51" name="NPart" text="part" type="participant"/>
            <label from="12-7" id="52" name="ScrPart_spare_tube" text="tube" type="participant"/>
            <label from="12-10" id="53" name="ScrPart_bicycle_small_detail" text="valve" type="participant"/>
            <label from="13-4" id="54" name="ScrPart_rider" text="you" type="participant"/>
            <label from="13-7" id="55" name="ScrPart_tool" text="pump" type="participant"/>
            <label from="13-11" id="56" name="ScrPart_spare_tube" text="tube" type="participant"/>
            <label from="13-13" id="57" name="ScrPart_air" text="air" type="participant"/>
            <label from="14-1" id="58" name="ScrPart_rider" text="I" type="participant"/>
            <label from="14-4" id="59" name="ScrPart_bicycle_small_detail" text="valve" type="participant"/>
            <label from="14-7" id="60" name="ScrPart_bicycle_small_detail" text="hole" type="participant"/>
            <label from="14-10" id="61" name="ScrPart_rim" text="rim" type="participant"/>
            <label from="14-12" id="62" name="ScrPart_bicycle_small_detail" text="it" type="participant"/>
            <label from="15-2" id="63" name="ScrPart_rider" text="I" type="participant"/>
            <label from="15-6" id="64" name="ScrPart_rim" text="rim" type="participant"/>
            <label from="15-10" id="65" name="ScrPart_spare_tube" text="tube" type="participant"/>
            <label from="15-13" id="66" name="ScrPart_tire" text="tire" type="participant"/>
            <label from="16-2" id="67" name="ScrPart_rider" text="I" type="participant"/>
            <label from="16-6" id="68" name="ScrPart_spare_tube" text="tube" type="participant"/>
            <label from="16-8" id="69" name="No_label" text="place" type="participant"/>
            <label from="16-10" id="70" name="ScrPart_rider" text="I" type="participant"/>
            <label from="16-14" id="71" name="ScrPart_rim" text="rim" type="participant"/>
            <label from="16-19" id="72" name="NPart" text="part" type="participant"/>
            <label from="16-22" id="73" name="ScrPart_tire" text="tire" type="participant"/>
            <label from="16-26" id="74" name="ScrPart_rim" text="rim" type="participant"/>
            <label from="17-4" id="75" name="NPart" text="work" type="participant"/>
            <label from="17-7" id="76" name="ScrPart_rider" text="I" type="participant"/>
            <label from="17-10" id="77" name="No_label" text="it" type="participant"/>
            <label from="18-6" id="78" name="ScrPart_rider" text="I" type="participant"/>
            <label from="18-9" id="79" name="ScrPart_rider" text="my" type="participant"/>
            <label from="18-10" id="80" name="ScrPart_tool" text="bike pump" to="18-11" type="participant"/>
            <label from="18-11" id="81" name="ScrPart_tool" text="pump" type="participant"/>
            <label from="18-14" id="82" name="ScrPart_tool" text="it" type="participant"/>
            <label from="18-18" id="83" name="ScrPart_spare_tube" text="tube" type="participant"/>
            <label from="18-20" id="84" name="ScrPart_bicycle_small_detail" text="valve" type="participant"/>
            <label from="18-26" id="85" name="ScrPart_tire" text="tire" type="participant"/>
            <label from="18-28" id="86" name="ScrPart_air" text="air" type="participant"/>
            <label from="19-2" id="87" name="ScrPart_rider" text="my" type="participant"/>
            <label from="19-3" id="88" name="ScrPart_tire" text="tire" type="participant"/>
            <label from="19-8" id="89" name="ScrPart_rider" text="I" type="participant"/>
        </participants>
        <events>
            <label from="1-4" id="90" name="ScrEv_ride_bike" text="riding" type="event"/>
            <label from="1-9" id="91" name="RelNScrEv" text="ran over" to="1-10" type="event"/>
            <label from="2-5" id="92" name="RelNScrEv" text="deflated" type="event"/>
            <label from="3-2" id="93" name="RelNScrEv" text="walked" type="event"/>
            <label from="4-4" id="94" name="UnrelEv" text="had" type="event"/>
            <label from="4-11" id="95" name="UnrelEv" text="had" type="event"/>
            <label from="5-2" id="96" name="RelNScrEv" text="got" type="event"/>
            <label from="5-8" id="97" name="UnrelEv" text="went" type="event"/>
            <label from="6-4" id="98" name="Evoking" text="fix my tire" to="6-6" type="event"/>
            <label from="6-11" id="99" name="ScrEv_take_tire_off" text="pry" type="event"/>
            <label from="7-2" id="100" name="ScrEv_get_tools" text="got" type="event"/>
            <label from="7-6" id="101" name="RelNScrEv" text="inserted" type="event"/>
            <label from="7-14" id="102" name="ScrEv_take_tire_off" text="lifting" type="event"/>
            <label from="8-2" id="103" name="UnrelEv" text="went" type="event"/>
            <label from="8-8" id="104" name="ScrEv_take_tire_off" text="taking" type="event"/>
            <label from="9-3" id="105" name="UnrelEv" text="was" type="event"/>
            <label from="9-10" id="106" name="ScrEv_take_tire_off" text="pull" type="event"/>
            <label from="10-4" id="107" name="UnrelEv" text="figured" type="event"/>
            <label from="10-7" id="108" name="UnrelEv" text="was" type="event"/>
            <label from="11-2" id="109" name="ScrEv_remove_tire" text="put" type="event"/>
            <label from="11-9" id="110" name="RelNScrEv" text="got" type="event"/>
            <label from="12-2" id="111" name="UnrelEv" text="'s" type="event"/>
            <label from="12-11" id="112" name="UnrelEv" text="comes out" to="12-12" type="event"/>
            <label from="13-5" id="113" name="RelNScrEv" text="attach" type="event"/>
            <label from="13-9" id="114" name="ScrEv_refill_tire_air" text="fill" type="event"/>
            <label from="14-2" id="115" name="RelNScrEv" text="put" type="event"/>
            <label from="14-13" id="116" name="UnrelEv" text="'s" type="event"/>
            <label from="14-16" id="117" name="UnrelEv" text="stick through" to="14-17" type="event"/>
            <label from="15-3" id="118" name="UnrelEv" text="went" type="event"/>
            <label from="15-7" id="119" name="ScrEv_put_new_tire" text="squeezing" type="event"/>
            <label from="16-3" id="120" name="UnrelEv" text="had" type="event"/>
            <label from="16-11" id="121" name="UnrelEv" text="went" type="event"/>
            <label from="16-16" id="122" name="ScrEv_put_new_tire" text="pushing" type="event"/>
            <label from="17-2" id="123" name="UnrelEv" text="was" type="event"/>
            <label from="17-9" id="124" name="UnrelEv" text="managed" type="event"/>
            <label from="18-3" id="125" name="UnrelEv" text="was" type="event"/>
            <label from="18-7" id="126" name="ScrEv_get_tools" text="got out" to="18-8" type="event"/>
            <label from="18-13" id="127" name="RelNScrEv" text="fitted" type="event"/>
            <label from="18-23" id="128" name="ScrEv_refill_tire_air" text="filled" type="event"/>
            <label from="19-4" id="129" name="UnrelEv" text="was" type="event"/>
            <label from="19-6" id="130" name="Evoking" text="repaired" type="event"/>
            <label from="19-12" id="131" name="ScrEv_ride_bike" text="ride" type="event"/>
        </events>
        <chains>
            <chain elements="0 1 3 5 8 11 15 17 19 22 24 30 36 42 44 48 54 58 63 67 70 76 78 79 87 89"/>
            <chain elements="2 9 12"/>
            <chain elements="7 13 23 26 34 35 39 41 66 73 85 88"/>
            <chain elements="16 20 50 52 56 65 68 83"/>
            <chain elements="31 32"/>
            <chain elements="29 33 37 40 61 64 71 74"/>
            <chain elements="14 43 46 49"/>
            <chain elements="4 47"/>
            <chain elements="53 59 62 84"/>
            <chain elements="55 81 82"/>
            <chain elements="57 86"/>
        </chains>
    </annotations>
</story>
