<?xml version="1.0" encoding="UTF-8" standalone="no"?>
<!DOCTYPE story SYSTEM "../InScript.dtd">
<story id="017" scenario="bicycle">
    <text>
        <content>I was riding my bike along the road when a tire blew out . 
I dragged it back to my garage and began to repair my bicycle 's tire . 
I flipped the bike upside down and stood it up so that I could work on it from the bottom-up . 
I took off the old tire and began putting on the new one that I had around in my garage . 
Once I replaced the tire I flipped it back around to make sure that I had put it on correctly and once I had double checked that it was on correctly I started to ride my bike down the road to test the bicycle and the tire so that if there was something wrong with it I could figure it out now and not after in case I was in a situation , such as going down a hill , that it could be harmful to me in any way . </content>
        <sentences>
            <sentence id="1">
                <token content="I" id="1-1">
                    <pos type="PRP"/>
                    <lemma type="I"/>
                    <dep head="1-3" type="nsubj"/>
                </token>
                <token content="was" id="1-2">
                    <pos type="VBD"/>
                    <lemma type="be"/>
                    <dep head="1-3" type="aux"/>
                </token>
                <token content="riding" id="1-3">
                    <pos type="VBG"/>
                    <lemma type="ride"/>
                </token>
                <token content="my" id="1-4">
                    <pos type="PRP$"/>
                    <lemma type="my"/>
                </token>
                <token content="bike" id="1-5">
                    <pos type="NN"/>
                    <lemma type="bike"/>
                    <dep head="1-3" type="dobj"/>
                </token>
                <token content="along" id="1-6"/>
                <token content="the" id="1-7">
                    <pos type="DT"/>
                    <lemma type="the"/>
                </token>
                <token content="road" id="1-8">
                    <pos type="NN"/>
                    <lemma type="road"/>
                    <dep head="1-3" type="prep"/>
                </token>
                <token content="when" id="1-9">
                    <pos type="WRB"/>
                    <lemma type="when"/>
                    <dep head="1-12" type="advmod"/>
                </token>
                <token content="a" id="1-10">
                    <pos type="DT"/>
                    <lemma type="a"/>
                </token>
                <token content="tire" id="1-11">
                    <pos type="NN"/>
                    <lemma type="tire"/>
                    <dep head="1-12" type="nsubj"/>
                </token>
                <token content="blew" id="1-12">
                    <pos type="VBD"/>
                    <lemma type="blow"/>
                </token>
                <token content="out" id="1-13">
                    <pos type="RP"/>
                    <lemma type="out"/>
                    <dep head="1-12" type="prt"/>
                </token>
                <token content="." id="1-14"/>
            </sentence>
            <sentence id="2">
                <token content="I" id="2-1">
                    <pos type="PRP"/>
                    <lemma type="I"/>
                    <dep head="2-2" type="nsubj"/>
                </token>
                <token content="dragged" id="2-2">
                    <pos type="VBD"/>
                    <lemma type="drag"/>
                </token>
                <token content="it" id="2-3">
                    <pos type="PRP"/>
                    <lemma type="it"/>
                    <dep head="2-2" type="dobj"/>
                </token>
                <token content="back" id="2-4">
                    <pos type="RP"/>
                    <lemma type="back"/>
                    <dep head="2-2" type="prt"/>
                </token>
                <token content="to" id="2-5"/>
                <token content="my" id="2-6">
                    <pos type="PRP$"/>
                    <lemma type="my"/>
                </token>
                <token content="garage" id="2-7">
                    <pos type="NN"/>
                    <lemma type="garage"/>
                    <dep head="2-2" type="prep"/>
                </token>
                <token content="and" id="2-8"/>
                <token content="began" id="2-9">
                    <pos type="VBD"/>
                    <lemma type="begin"/>
                    <dep head="2-2" type="conj"/>
                </token>
                <token content="to" id="2-10">
                    <pos type="TO"/>
                    <lemma type="to"/>
                    <dep head="2-11" type="aux"/>
                </token>
                <token content="repair" id="2-11">
                    <pos type="VB"/>
                    <lemma type="repair"/>
                    <dep head="2-9" type="xcomp"/>
                </token>
                <token content="my" id="2-12">
                    <pos type="PRP$"/>
                    <lemma type="my"/>
                </token>
                <token content="bicycle" id="2-13">
                    <pos type="NN"/>
                    <lemma type="bicycle"/>
                </token>
                <token content="'s" id="2-14"/>
                <token content="tire" id="2-15">
                    <pos type="NN"/>
                    <lemma type="tire"/>
                    <dep head="2-11" type="dobj"/>
                </token>
                <token content="." id="2-16"/>
            </sentence>
            <sentence id="3">
                <token content="I" id="3-1">
                    <pos type="PRP"/>
                    <lemma type="I"/>
                    <dep head="3-2" type="nsubj"/>
                </token>
                <token content="flipped" id="3-2">
                    <pos type="VBD"/>
                    <lemma type="flip"/>
                </token>
                <token content="the" id="3-3">
                    <pos type="DT"/>
                    <lemma type="the"/>
                </token>
                <token content="bike" id="3-4">
                    <pos type="NN"/>
                    <lemma type="bike"/>
                    <dep head="3-2" type="dobj"/>
                </token>
                <token content="upside" id="3-5">
                    <pos type="RB"/>
                    <lemma type="upside"/>
                </token>
                <token content="down" id="3-6">
                    <pos type="RB"/>
                    <lemma type="down"/>
                    <dep head="3-2" type="advmod"/>
                </token>
                <token content="and" id="3-7"/>
                <token content="stood" id="3-8">
                    <pos type="VBD"/>
                    <lemma type="stand"/>
                    <dep head="3-2" type="conj"/>
                </token>
                <token content="it" id="3-9">
                    <pos type="PRP"/>
                    <lemma type="it"/>
                    <dep head="3-8" type="dobj"/>
                </token>
                <token content="up" id="3-10">
                    <pos type="RB"/>
                    <lemma type="up"/>
                </token>
                <token content="so" id="3-11">
                    <pos type="RB"/>
                    <lemma type="so"/>
                    <dep head="3-8" type="advmod"/>
                </token>
                <token content="that" id="3-12">
                    <pos type="IN"/>
                    <lemma type="that"/>
                    <dep head="3-15" type="mark"/>
                </token>
                <token content="I" id="3-13">
                    <pos type="PRP"/>
                    <lemma type="I"/>
                    <dep head="3-15" type="nsubj"/>
                </token>
                <token content="could" id="3-14">
                    <pos type="MD"/>
                    <lemma type="could"/>
                    <dep head="3-15" type="aux"/>
                </token>
                <token content="work" id="3-15">
                    <pos type="VB"/>
                    <lemma type="work"/>
                </token>
                <token content="on" id="3-16"/>
                <token content="it" id="3-17">
                    <pos type="PRP"/>
                    <lemma type="it"/>
                    <dep head="3-15" type="prep"/>
                </token>
                <token content="from" id="3-18"/>
                <token content="the" id="3-19">
                    <pos type="DT"/>
                    <lemma type="the"/>
                </token>
                <token content="bottom-up" id="3-20">
                    <pos type="NN"/>
                    <lemma type="bottom-up"/>
                    <dep head="3-15" type="prep"/>
                </token>
                <token content="." id="3-21"/>
            </sentence>
            <sentence id="4">
                <token content="I" id="4-1">
                    <pos type="PRP"/>
                    <lemma type="I"/>
                    <dep head="4-2" type="nsubj"/>
                </token>
                <token content="took" id="4-2">
                    <pos type="VBD"/>
                    <lemma type="take"/>
                </token>
                <token content="off" id="4-3">
                    <pos type="RP"/>
                    <lemma type="off"/>
                    <dep head="4-2" type="prt"/>
                </token>
                <token content="the" id="4-4">
                    <pos type="DT"/>
                    <lemma type="the"/>
                </token>
                <token content="old" id="4-5">
                    <pos type="JJ"/>
                    <lemma type="old"/>
                </token>
                <token content="tire" id="4-6">
                    <pos type="NN"/>
                    <lemma type="tire"/>
                    <dep head="4-2" type="dobj"/>
                </token>
                <token content="and" id="4-7"/>
                <token content="began" id="4-8">
                    <pos type="VBD"/>
                    <lemma type="begin"/>
                    <dep head="4-2" type="conj"/>
                </token>
                <token content="putting" id="4-9">
                    <pos type="VBG"/>
                    <lemma type="put"/>
                    <dep head="4-8" type="xcomp"/>
                </token>
                <token content="on" id="4-10"/>
                <token content="the" id="4-11">
                    <pos type="DT"/>
                    <lemma type="the"/>
                </token>
                <token content="new" id="4-12">
                    <pos type="JJ"/>
                    <lemma type="new"/>
                </token>
                <token content="one" id="4-13">
                    <pos type="NN"/>
                    <lemma type="one"/>
                    <dep head="4-9" type="prep"/>
                </token>
                <token content="that" id="4-14">
                    <pos type="IN"/>
                    <lemma type="that"/>
                    <dep head="4-16" type="mark"/>
                </token>
                <token content="I" id="4-15">
                    <pos type="PRP"/>
                    <lemma type="I"/>
                    <dep head="4-16" type="nsubj"/>
                </token>
                <token content="had" id="4-16">
                    <pos type="VBD"/>
                    <lemma type="have"/>
                    <dep head="4-9" type="ccomp"/>
                </token>
                <token content="around" id="4-17">
                    <pos type="IN"/>
                    <lemma type="around"/>
                    <dep head="4-16" type="prep"/>
                </token>
                <token content="in" id="4-18">
                    <pos type="IN"/>
                    <lemma type="in"/>
                </token>
                <token content="my" id="4-19">
                    <pos type="PRP$"/>
                    <lemma type="my"/>
                </token>
                <token content="garage" id="4-20">
                    <pos type="NN"/>
                    <lemma type="garage"/>
                </token>
                <token content="." id="4-21"/>
            </sentence>
            <sentence id="5">
                <token content="Once" id="5-1">
                    <pos type="IN"/>
                    <lemma type="once"/>
                    <dep head="5-3" type="mark"/>
                </token>
                <token content="I" id="5-2">
                    <pos type="PRP"/>
                    <lemma type="I"/>
                    <dep head="5-3" type="nsubj"/>
                </token>
                <token content="replaced" id="5-3">
                    <pos type="VBD"/>
                    <lemma type="replace"/>
                    <dep head="5-33" type="advcl"/>
                </token>
                <token content="the" id="5-4">
                    <pos type="DT"/>
                    <lemma type="the"/>
                </token>
                <token content="tire" id="5-5">
                    <pos type="NN"/>
                    <lemma type="tire"/>
                    <dep head="5-3" type="dobj"/>
                </token>
                <token content="I" id="5-6">
                    <pos type="PRP"/>
                    <lemma type="I"/>
                    <dep head="5-7" type="nsubj"/>
                </token>
                <token content="flipped" id="5-7">
                    <pos type="VBD"/>
                    <lemma type="flip"/>
                </token>
                <token content="it" id="5-8">
                    <pos type="PRP"/>
                    <lemma type="it"/>
                    <dep head="5-7" type="dobj"/>
                </token>
                <token content="back" id="5-9">
                    <pos type="RB"/>
                    <lemma type="back"/>
                    <dep head="5-7" type="advmod"/>
                </token>
                <token content="around" id="5-10">
                    <pos type="RP"/>
                    <lemma type="around"/>
                </token>
                <token content="to" id="5-11">
                    <pos type="TO"/>
                    <lemma type="to"/>
                    <dep head="5-12" type="aux"/>
                </token>
                <token content="make" id="5-12">
                    <pos type="VB"/>
                    <lemma type="make"/>
                </token>
                <token content="sure" id="5-13">
                    <pos type="JJ"/>
                    <lemma type="sure"/>
                    <dep head="5-12" type="acomp"/>
                </token>
                <token content="that" id="5-14">
                    <pos type="IN"/>
                    <lemma type="that"/>
                    <dep head="5-17" type="mark"/>
                </token>
                <token content="I" id="5-15">
                    <pos type="PRP"/>
                    <lemma type="I"/>
                    <dep head="5-17" type="nsubj"/>
                </token>
                <token content="had" id="5-16">
                    <pos type="VBD"/>
                    <lemma type="have"/>
                    <dep head="5-17" type="aux"/>
                </token>
                <token content="put" id="5-17">
                    <pos type="VBN"/>
                    <lemma type="put"/>
                    <dep head="5-12" type="advcl"/>
                </token>
                <token content="it" id="5-18">
                    <pos type="PRP"/>
                    <lemma type="it"/>
                    <dep head="5-17" type="dobj"/>
                </token>
                <token content="on" id="5-19">
                    <pos type="IN"/>
                    <lemma type="on"/>
                    <dep head="5-17" type="prep"/>
                </token>
                <token content="correctly" id="5-20">
                    <pos type="RB"/>
                    <lemma type="correctly"/>
                </token>
                <token content="and" id="5-21"/>
                <token content="once" id="5-22">
                    <pos type="IN"/>
                    <lemma type="once"/>
                    <dep head="5-26" type="mark"/>
                </token>
                <token content="I" id="5-23">
                    <pos type="PRP"/>
                    <lemma type="I"/>
                    <dep head="5-26" type="nsubj"/>
                </token>
                <token content="had" id="5-24">
                    <pos type="VBD"/>
                    <lemma type="have"/>
                    <dep head="5-26" type="aux"/>
                </token>
                <token content="double" id="5-25">
                    <pos type="RB"/>
                    <lemma type="double"/>
                    <dep head="5-26" type="advmod"/>
                </token>
                <token content="checked" id="5-26">
                    <pos type="VBN"/>
                    <lemma type="check"/>
                    <dep head="5-17" type="conj"/>
                </token>
                <token content="that" id="5-27">
                    <pos type="IN"/>
                    <lemma type="that"/>
                    <dep head="5-29" type="mark"/>
                </token>
                <token content="it" id="5-28">
                    <pos type="PRP"/>
                    <lemma type="it"/>
                    <dep head="5-29" type="nsubj"/>
                </token>
                <token content="was" id="5-29">
                    <pos type="VBD"/>
                    <lemma type="be"/>
                    <dep head="5-26" type="ccomp"/>
                </token>
                <token content="on" id="5-30">
                    <pos type="IN"/>
                    <lemma type="on"/>
                    <dep head="5-29" type="prep"/>
                </token>
                <token content="correctly" id="5-31">
                    <pos type="RB"/>
                    <lemma type="correctly"/>
                </token>
                <token content="I" id="5-32">
                    <pos type="PRP"/>
                    <lemma type="I"/>
                    <dep head="5-33" type="nsubj"/>
                </token>
                <token content="started" id="5-33">
                    <pos type="VBD"/>
                    <lemma type="start"/>
                </token>
                <token content="to" id="5-34">
                    <pos type="TO"/>
                    <lemma type="to"/>
                    <dep head="5-35" type="aux"/>
                </token>
                <token content="ride" id="5-35">
                    <pos type="VB"/>
                    <lemma type="ride"/>
                    <dep head="5-33" type="xcomp"/>
                </token>
                <token content="my" id="5-36">
                    <pos type="PRP$"/>
                    <lemma type="my"/>
                </token>
                <token content="bike" id="5-37">
                    <pos type="NN"/>
                    <lemma type="bike"/>
                    <dep head="5-35" type="dobj"/>
                </token>
                <token content="down" id="5-38">
                    <pos type="RB"/>
                    <lemma type="down"/>
                    <dep head="5-35" type="advmod"/>
                </token>
                <token content="the" id="5-39">
                    <pos type="DT"/>
                    <lemma type="the"/>
                </token>
                <token content="road" id="5-40">
                    <pos type="NN"/>
                    <lemma type="road"/>
                </token>
                <token content="to" id="5-41">
                    <pos type="TO"/>
                    <lemma type="to"/>
                    <dep head="5-42" type="aux"/>
                </token>
                <token content="test" id="5-42">
                    <pos type="VB"/>
                    <lemma type="test"/>
                    <dep head="5-35" type="vmod"/>
                </token>
                <token content="the" id="5-43">
                    <pos type="DT"/>
                    <lemma type="the"/>
                </token>
                <token content="bicycle" id="5-44">
                    <pos type="NN"/>
                    <lemma type="bicycle"/>
                    <dep head="5-42" type="dobj"/>
                </token>
                <token content="and" id="5-45"/>
                <token content="the" id="5-46">
                    <pos type="DT"/>
                    <lemma type="the"/>
                </token>
                <token content="tire" id="5-47">
                    <pos type="NN"/>
                    <lemma type="tire"/>
                </token>
                <token content="so" id="5-48">
                    <pos type="RB"/>
                    <lemma type="so"/>
                    <dep head="5-59" type="advmod"/>
                </token>
                <token content="that" id="5-49">
                    <pos type="IN"/>
                    <lemma type="that"/>
                    <dep head="5-59" type="mark"/>
                </token>
                <token content="if" id="5-50">
                    <pos type="IN"/>
                    <lemma type="if"/>
                    <dep head="5-52" type="mark"/>
                </token>
                <token content="there" id="5-51">
                    <pos type="EX"/>
                    <lemma type="there"/>
                    <dep head="5-52" type="expl"/>
                </token>
                <token content="was" id="5-52">
                    <pos type="VBD"/>
                    <lemma type="be"/>
                    <dep head="5-59" type="advcl"/>
                </token>
                <token content="something" id="5-53">
                    <pos type="NN"/>
                    <lemma type="something"/>
                    <dep head="5-52" type="nsubj"/>
                </token>
                <token content="wrong" id="5-54">
                    <pos type="JJ"/>
                    <lemma type="wrong"/>
                </token>
                <token content="with" id="5-55"/>
                <token content="it" id="5-56">
                    <pos type="PRP"/>
                    <lemma type="it"/>
                </token>
                <token content="I" id="5-57">
                    <pos type="PRP"/>
                    <lemma type="I"/>
                    <dep head="5-59" type="nsubj"/>
                </token>
                <token content="could" id="5-58">
                    <pos type="MD"/>
                    <lemma type="could"/>
                    <dep head="5-59" type="aux"/>
                </token>
                <token content="figure" id="5-59">
                    <pos type="VB"/>
                    <lemma type="figure"/>
                    <dep head="5-42" type="advcl"/>
                </token>
                <token content="it" id="5-60">
                    <pos type="PRP"/>
                    <lemma type="it"/>
                    <dep head="5-59" type="dobj"/>
                </token>
                <token content="out" id="5-61">
                    <pos type="RP"/>
                    <lemma type="out"/>
                    <dep head="5-59" type="prt"/>
                </token>
                <token content="now" id="5-62">
                    <pos type="RB"/>
                    <lemma type="now"/>
                    <dep head="5-59" type="advmod"/>
                </token>
                <token content="and" id="5-63"/>
                <token content="not" id="5-64">
                    <pos type="RB"/>
                    <lemma type="not"/>
                    <dep head="5-69" type="neg"/>
                </token>
                <token content="after" id="5-65">
                    <pos type="IN"/>
                    <lemma type="after"/>
                    <dep head="5-69" type="prep"/>
                </token>
                <token content="in" id="5-66">
                    <pos type="IN"/>
                    <lemma type="in"/>
                </token>
                <token content="case" id="5-67">
                    <pos type="NN"/>
                    <lemma type="case"/>
                </token>
                <token content="I" id="5-68">
                    <pos type="PRP"/>
                    <lemma type="I"/>
                    <dep head="5-69" type="nsubj"/>
                </token>
                <token content="was" id="5-69">
                    <pos type="VBD"/>
                    <lemma type="be"/>
                    <dep head="5-33" type="conj"/>
                </token>
                <token content="in" id="5-70"/>
                <token content="a" id="5-71">
                    <pos type="DT"/>
                    <lemma type="a"/>
                </token>
                <token content="situation" id="5-72">
                    <pos type="NN"/>
                    <lemma type="situation"/>
                    <dep head="5-69" type="prep"/>
                </token>
                <token content="," id="5-73"/>
                <token content="such" id="5-74"/>
                <token content="as" id="5-75"/>
                <token content="going" id="5-76">
                    <pos type="VBG"/>
                    <lemma type="go"/>
                </token>
                <token content="down" id="5-77">
                    <pos type="RP"/>
                    <lemma type="down"/>
                    <dep head="5-76" type="prt"/>
                </token>
                <token content="a" id="5-78">
                    <pos type="DT"/>
                    <lemma type="a"/>
                </token>
                <token content="hill" id="5-79">
                    <pos type="NN"/>
                    <lemma type="hill"/>
                    <dep head="5-76" type="dobj"/>
                </token>
                <token content="," id="5-80"/>
                <token content="that" id="5-81">
                    <pos type="IN"/>
                    <lemma type="that"/>
                </token>
                <token content="it" id="5-82">
                    <pos type="PRP"/>
                    <lemma type="it"/>
                </token>
                <token content="could" id="5-83">
                    <pos type="MD"/>
                    <lemma type="could"/>
                </token>
                <token content="be" id="5-84">
                    <pos type="VB"/>
                    <lemma type="be"/>
                </token>
                <token content="harmful" id="5-85">
                    <pos type="JJ"/>
                    <lemma type="harmful"/>
                    <dep head="5-69" type="ccomp"/>
                </token>
                <token content="to" id="5-86"/>
                <token content="me" id="5-87">
                    <pos type="PRP"/>
                    <lemma type="I"/>
                </token>
                <token content="in" id="5-88"/>
                <token content="any" id="5-89">
                    <pos type="DT"/>
                    <lemma type="any"/>
                </token>
                <token content="way" id="5-90">
                    <pos type="NN"/>
                    <lemma type="way"/>
                </token>
                <token content="." id="5-91"/>
            </sentence>
        </sentences>
    </text>
    <annotations>
        <participants>
            <label from="1-1" id="0" name="ScrPart_rider" text="I" type="participant"/>
            <label from="1-4" id="1" name="ScrPart_rider" text="my" type="participant"/>
            <label from="1-5" id="2" name="ScrPart_bicycle" text="bike" type="participant"/>
            <label from="1-8" id="3" name="NPart" text="road" type="participant"/>
            <label from="1-11" id="4" name="ScrPart_tire" text="tire" type="participant"/>
            <label from="2-1" id="5" name="ScrPart_rider" text="I" type="participant"/>
            <label from="2-3" id="6" name="ScrPart_bicycle" text="it" type="participant"/>
            <label from="2-6" id="7" name="ScrPart_rider" text="my" type="participant"/>
            <label from="2-7" id="8" name="ScrPart_location_repair" text="garage" type="participant"/>
            <label from="2-12" id="9" name="ScrPart_rider" text="my" type="participant"/>
            <label from="2-13" id="10" name="ScrPart_bicycle" text="bicycle" type="participant"/>
            <label from="2-15" id="11" name="ScrPart_tire" text="tire" type="participant"/>
            <label from="3-1" id="12" name="ScrPart_rider" text="I" type="participant"/>
            <label from="3-4" id="13" name="ScrPart_bicycle" text="bike" type="participant"/>
            <label from="3-9" id="14" name="ScrPart_bicycle" text="it" type="participant"/>
            <label from="3-13" id="15" name="ScrPart_rider" text="I" type="participant"/>
            <label from="3-17" id="16" name="ScrPart_bicycle" text="it" type="participant"/>
            <label from="3-20" id="17" name="NPart" text="bottom-up" type="participant"/>
            <label from="4-1" id="18" name="ScrPart_rider" text="I" type="participant"/>
            <label from="4-6" id="19" name="ScrPart_tire" text="tire" type="participant"/>
            <label from="4-13" id="20" name="ScrPart_spare_tube" text="one" type="participant"/>
            <label from="4-15" id="21" name="ScrPart_rider" text="I" type="participant"/>
            <label from="4-19" id="22" name="ScrPart_rider" text="my" type="participant"/>
            <label from="4-20" id="23" name="ScrPart_location_repair" text="garage" type="participant"/>
            <label from="5-2" id="24" name="ScrPart_rider" text="I" type="participant"/>
            <label from="5-5" id="25" name="ScrPart_tire" text="tire" type="participant"/>
            <label from="5-6" id="26" name="ScrPart_rider" text="I" type="participant"/>
            <label from="5-8" id="27" name="ScrPart_bicycle" text="it" type="participant"/>
            <label from="5-15" id="28" name="ScrPart_rider" text="I" type="participant"/>
            <label from="5-18" id="29" name="ScrPart_tire" text="it" type="participant"/>
            <label from="5-23" id="30" name="ScrPart_rider" text="I" type="participant"/>
            <label from="5-28" id="31" name="ScrPart_tire" text="it" type="participant"/>
            <label from="5-32" id="32" name="ScrPart_rider" text="I" type="participant"/>
            <label from="5-36" id="33" name="ScrPart_rider" text="my" type="participant"/>
            <label from="5-37" id="34" name="ScrPart_bicycle" text="bike" type="participant"/>
            <label from="5-40" id="35" name="NPart" text="road" type="participant"/>
            <label from="5-44" id="36" name="ScrPart_bicycle" text="bicycle" type="participant"/>
            <label from="5-47" id="37" name="ScrPart_tire" text="tire" type="participant"/>
            <label from="5-53" id="38" name="No_label" text="something" type="participant"/>
            <label from="5-56" id="39" name="ScrPart_tire" text="it" type="participant"/>
            <label from="5-57" id="40" name="ScrPart_rider" text="I" type="participant"/>
            <label from="5-60" id="41" name="NPart" text="it" type="participant"/>
            <label from="5-67" id="42" name="No_label" text="case" type="participant"/>
            <label from="5-68" id="43" name="ScrPart_rider" text="I" type="participant"/>
            <label from="5-72" id="44" name="NPart" text="situation" type="participant"/>
            <label from="5-79" id="45" name="NPart" text="hill" type="participant"/>
            <label from="5-82" id="46" name="No_label" text="it" type="participant"/>
            <label from="5-87" id="47" name="ScrPart_rider" text="me" type="participant"/>
            <label from="5-90" id="48" name="No_label" text="way" type="participant"/>
        </participants>
        <events>
            <label from="1-3" id="49" name="ScrEv_ride_bike" text="riding" type="event"/>
            <label from="1-12" id="50" name="RelNScrEv" text="blew out" to="1-13" type="event"/>
            <label from="2-2" id="51" name="RelNScrEv" text="dragged" type="event"/>
            <label from="2-9" id="52" name="UnrelEv" text="began" type="event"/>
            <label from="2-11" id="53" name="Evoking" text="repair my bicycle 's tire" to="2-15" type="event"/>
            <label from="3-2" id="54" name="RelNScrEv" text="flipped" type="event"/>
            <label from="3-8" id="55" name="RelNScrEv" text="stood" type="event"/>
            <label from="3-15" id="56" name="RelNScrEv" text="work" type="event"/>
            <label from="4-2" id="57" name="ScrEv_take_tire_off" text="took off" to="4-3" type="event"/>
            <label from="4-9" id="58" name="ScrEv_put_new_tire" text="putting on" to="4-10" type="event"/>
            <label from="4-16" id="59" name="UnrelEv" text="had" type="event"/>
            <label from="5-3" id="60" name="ScrEv_put_new_tire" text="replaced" type="event"/>
            <label from="5-7" id="61" name="RelNScrEv" text="flipped" type="event"/>
            <label from="5-12" id="62" name="ScrEv_check_new_tire" text="make sure" to="5-13" type="event"/>
            <label from="5-17" id="63" name="ScrEv_put_new_tire" text="put" type="event"/>
            <label from="5-26" id="64" name="ScrEv_check_new_tire" text="checked" type="event"/>
            <label from="5-29" id="65" name="UnrelEv" text="was" type="event"/>
            <label from="5-33" id="66" name="UnrelEv" text="started" type="event"/>
            <label from="5-35" id="67" name="ScrEv_ride_bike" text="ride" type="event"/>
            <label from="5-42" id="68" name="RelNScrEv" text="test" type="event"/>
            <label from="5-52" id="69" name="UnrelEv" text="was" type="event"/>
            <label from="5-59" id="70" name="ScrEv_notice_problem" text="figure" type="event"/>
            <label from="5-69" id="71" name="UnrelEv" text="was" type="event"/>
            <label from="5-76" id="72" name="UnrelEv" text="going" type="event"/>
            <label from="5-84" id="73" name="UnrelEv" text="be" type="event"/>
        </events>
        <chains>
            <chain elements="0 1 5 7 9 12 15 18 21 22 24 26 28 30 32 33 40 43 47"/>
            <chain elements="2 6 10 13 14 16 27 34 36"/>
            <chain elements="4 11 19 25 29 31 37 39"/>
            <chain elements="8 23"/>
        </chains>
    </annotations>
</story>
