<?xml version="1.0" encoding="UTF-8" standalone="no"?>
<!DOCTYPE story SYSTEM "../InScript.dtd">
<story id="039" scenario="bicycle">
    <text>
        <content>I went on a bike ride in the afternoon yesterday , the weather had an amazing break of sunlight , and I had to take advantage of it . 
Gearing up for the bike ride was n't very time consuming , it only took about 5 minutes to change , grab my helmet , and fill a water bottle from the sink . 
I left home , and progressed close to 6 miles before I heard a low hiss escape from somewhere below where my feet were . 
I almost knew immediately that it was going to be a flat tire . 
I had my friend pick me up , they helped get me home without further incident . 
After getting my bike up on it 's stand , I began to peel the bad tire off the rim , finding the tube had a small puncture . 
I decided to to replace the tube entirely , and fitted the tube and tire back onto the rim , fixing the issue of the flat tire . </content>
        <sentences>
            <sentence id="1">
                <token content="I" id="1-1">
                    <pos type="PRP"/>
                    <lemma type="I"/>
                    <dep head="1-2" type="nsubj"/>
                </token>
                <token content="went" id="1-2">
                    <pos type="VBD"/>
                    <lemma type="go"/>
                </token>
                <token content="on" id="1-3"/>
                <token content="a" id="1-4">
                    <pos type="DT"/>
                    <lemma type="a"/>
                </token>
                <token content="bike" id="1-5">
                    <pos type="NN"/>
                    <lemma type="bike"/>
                </token>
                <token content="ride" id="1-6">
                    <pos type="NN"/>
                    <lemma type="ride"/>
                    <dep head="1-2" type="prep"/>
                </token>
                <token content="in" id="1-7"/>
                <token content="the" id="1-8">
                    <pos type="DT"/>
                    <lemma type="the"/>
                </token>
                <token content="afternoon" id="1-9">
                    <pos type="NN"/>
                    <lemma type="afternoon"/>
                </token>
                <token content="yesterday" id="1-10">
                    <pos type="NN"/>
                    <lemma type="yesterday"/>
                    <dep head="1-2" type="tmod"/>
                </token>
                <token content="," id="1-11"/>
                <token content="the" id="1-12">
                    <pos type="DT"/>
                    <lemma type="the"/>
                </token>
                <token content="weather" id="1-13">
                    <pos type="NN"/>
                    <lemma type="weather"/>
                    <dep head="1-14" type="nsubj"/>
                </token>
                <token content="had" id="1-14">
                    <pos type="VBD"/>
                    <lemma type="have"/>
                    <dep head="1-2" type="dep"/>
                </token>
                <token content="an" id="1-15">
                    <pos type="DT"/>
                    <lemma type="a"/>
                </token>
                <token content="amazing" id="1-16">
                    <pos type="JJ"/>
                    <lemma type="amazing"/>
                </token>
                <token content="break" id="1-17">
                    <pos type="NN"/>
                    <lemma type="break"/>
                    <dep head="1-14" type="dobj"/>
                </token>
                <token content="of" id="1-18"/>
                <token content="sunlight" id="1-19">
                    <pos type="NN"/>
                    <lemma type="sunlight"/>
                </token>
                <token content="," id="1-20"/>
                <token content="and" id="1-21"/>
                <token content="I" id="1-22">
                    <pos type="PRP"/>
                    <lemma type="I"/>
                    <dep head="1-23" type="nsubj"/>
                </token>
                <token content="had" id="1-23">
                    <pos type="VBD"/>
                    <lemma type="have"/>
                    <dep head="1-2" type="conj"/>
                </token>
                <token content="to" id="1-24">
                    <pos type="TO"/>
                    <lemma type="to"/>
                    <dep head="1-25" type="aux"/>
                </token>
                <token content="take" id="1-25">
                    <pos type="VB"/>
                    <lemma type="take"/>
                    <dep head="1-23" type="xcomp"/>
                </token>
                <token content="advantage" id="1-26">
                    <pos type="NN"/>
                    <lemma type="advantage"/>
                    <dep head="1-25" type="dobj"/>
                </token>
                <token content="of" id="1-27"/>
                <token content="it" id="1-28">
                    <pos type="PRP"/>
                    <lemma type="it"/>
                </token>
                <token content="." id="1-29"/>
            </sentence>
            <sentence id="2">
                <token content="Gearing" id="2-1">
                    <pos type="VBG"/>
                    <lemma type="gear"/>
                    <dep head="2-15" type="vmod"/>
                </token>
                <token content="up" id="2-2">
                    <pos type="RP"/>
                    <lemma type="up"/>
                    <dep head="2-1" type="prt"/>
                </token>
                <token content="for" id="2-3">
                    <pos type="IN"/>
                    <lemma type="for"/>
                </token>
                <token content="the" id="2-4">
                    <pos type="DT"/>
                    <lemma type="the"/>
                </token>
                <token content="bike" id="2-5">
                    <pos type="NN"/>
                    <lemma type="bike"/>
                </token>
                <token content="ride" id="2-6">
                    <pos type="NN"/>
                    <lemma type="ride"/>
                </token>
                <token content="was" id="2-7">
                    <pos type="VBD"/>
                    <lemma type="be"/>
                </token>
                <token content="n't" id="2-8">
                    <pos type="RB"/>
                    <lemma type="not"/>
                </token>
                <token content="very" id="2-9">
                    <pos type="JJ"/>
                    <lemma type="very"/>
                </token>
                <token content="time" id="2-10">
                    <pos type="NN"/>
                    <lemma type="time"/>
                </token>
                <token content="consuming" id="2-11">
                    <pos type="NN"/>
                    <lemma type="consuming"/>
                    <dep head="2-1" type="advcl"/>
                </token>
                <token content="," id="2-12"/>
                <token content="it" id="2-13">
                    <pos type="PRP"/>
                    <lemma type="it"/>
                    <dep head="2-15" type="nsubj"/>
                </token>
                <token content="only" id="2-14">
                    <pos type="RB"/>
                    <lemma type="only"/>
                    <dep head="2-15" type="advmod"/>
                </token>
                <token content="took" id="2-15">
                    <pos type="VBD"/>
                    <lemma type="take"/>
                </token>
                <token content="about" id="2-16">
                    <pos type="RB"/>
                    <lemma type="about"/>
                </token>
                <token content="5" id="2-17">
                    <pos type="CD"/>
                    <lemma type="5"/>
                </token>
                <token content="minutes" id="2-18">
                    <pos type="NNS"/>
                    <lemma type="minute"/>
                    <dep head="2-15" type="dobj"/>
                </token>
                <token content="to" id="2-19">
                    <pos type="TO"/>
                    <lemma type="to"/>
                    <dep head="2-20" type="aux"/>
                </token>
                <token content="change" id="2-20">
                    <pos type="VB"/>
                    <lemma type="change"/>
                    <dep head="2-15" type="vmod"/>
                </token>
                <token content="," id="2-21"/>
                <token content="grab" id="2-22">
                    <pos type="VB"/>
                    <lemma type="grab"/>
                    <dep head="2-20" type="conj"/>
                </token>
                <token content="my" id="2-23">
                    <pos type="PRP$"/>
                    <lemma type="my"/>
                </token>
                <token content="helmet" id="2-24">
                    <pos type="NN"/>
                    <lemma type="helmet"/>
                    <dep head="2-22" type="dobj"/>
                </token>
                <token content="," id="2-25"/>
                <token content="and" id="2-26"/>
                <token content="fill" id="2-27">
                    <pos type="VB"/>
                    <lemma type="fill"/>
                    <dep head="2-20" type="conj"/>
                </token>
                <token content="a" id="2-28">
                    <pos type="DT"/>
                    <lemma type="a"/>
                </token>
                <token content="water" id="2-29">
                    <pos type="NN"/>
                    <lemma type="water"/>
                </token>
                <token content="bottle" id="2-30">
                    <pos type="NN"/>
                    <lemma type="bottle"/>
                    <dep head="2-27" type="dobj"/>
                </token>
                <token content="from" id="2-31"/>
                <token content="the" id="2-32">
                    <pos type="DT"/>
                    <lemma type="the"/>
                </token>
                <token content="sink" id="2-33">
                    <pos type="NN"/>
                    <lemma type="sink"/>
                    <dep head="2-27" type="prep"/>
                </token>
                <token content="." id="2-34"/>
            </sentence>
            <sentence id="3">
                <token content="I" id="3-1">
                    <pos type="PRP"/>
                    <lemma type="I"/>
                    <dep head="3-2" type="nsubj"/>
                </token>
                <token content="left" id="3-2">
                    <pos type="VBD"/>
                    <lemma type="leave"/>
                </token>
                <token content="home" id="3-3">
                    <pos type="NN"/>
                    <lemma type="home"/>
                    <dep head="3-2" type="dobj"/>
                </token>
                <token content="," id="3-4"/>
                <token content="and" id="3-5"/>
                <token content="progressed" id="3-6">
                    <pos type="VBD"/>
                    <lemma type="progress"/>
                    <dep head="3-2" type="conj"/>
                </token>
                <token content="close" id="3-7">
                    <pos type="NN"/>
                    <lemma type="close"/>
                </token>
                <token content="to" id="3-8">
                    <pos type="TO"/>
                    <lemma type="to"/>
                </token>
                <token content="6" id="3-9">
                    <pos type="CD"/>
                    <lemma type="6"/>
                </token>
                <token content="miles" id="3-10">
                    <pos type="NNS"/>
                    <lemma type="mile"/>
                    <dep head="3-13" type="dep"/>
                </token>
                <token content="before" id="3-11">
                    <pos type="IN"/>
                    <lemma type="before"/>
                    <dep head="3-13" type="mark"/>
                </token>
                <token content="I" id="3-12">
                    <pos type="PRP"/>
                    <lemma type="I"/>
                    <dep head="3-13" type="nsubj"/>
                </token>
                <token content="heard" id="3-13">
                    <pos type="VBD"/>
                    <lemma type="hear"/>
                    <dep head="3-6" type="advcl"/>
                </token>
                <token content="a" id="3-14">
                    <pos type="DT"/>
                    <lemma type="a"/>
                </token>
                <token content="low" id="3-15">
                    <pos type="JJ"/>
                    <lemma type="low"/>
                </token>
                <token content="hiss" id="3-16">
                    <pos type="NN"/>
                    <lemma type="hiss"/>
                </token>
                <token content="escape" id="3-17">
                    <pos type="NN"/>
                    <lemma type="escape"/>
                    <dep head="3-13" type="dobj"/>
                </token>
                <token content="from" id="3-18">
                    <pos type="IN"/>
                    <lemma type="from"/>
                    <dep head="3-13" type="prep"/>
                </token>
                <token content="somewhere" id="3-19">
                    <pos type="RB"/>
                    <lemma type="somewhere"/>
                </token>
                <token content="below" id="3-20"/>
                <token content="where" id="3-21">
                    <pos type="WRB"/>
                    <lemma type="where"/>
                    <dep head="3-24" type="advmod"/>
                </token>
                <token content="my" id="3-22">
                    <pos type="PRP$"/>
                    <lemma type="my"/>
                </token>
                <token content="feet" id="3-23">
                    <pos type="NNS"/>
                    <lemma type="foot"/>
                    <dep head="3-24" type="nsubj"/>
                </token>
                <token content="were" id="3-24">
                    <pos type="VBD"/>
                    <lemma type="be"/>
                    <dep head="3-13" type="prepc"/>
                </token>
                <token content="." id="3-25"/>
            </sentence>
            <sentence id="4">
                <token content="I" id="4-1">
                    <pos type="PRP"/>
                    <lemma type="I"/>
                    <dep head="4-3" type="nsubj"/>
                </token>
                <token content="almost" id="4-2">
                    <pos type="RB"/>
                    <lemma type="almost"/>
                    <dep head="4-3" type="advmod"/>
                </token>
                <token content="knew" id="4-3">
                    <pos type="VBD"/>
                    <lemma type="know"/>
                </token>
                <token content="immediately" id="4-4">
                    <pos type="RB"/>
                    <lemma type="immediately"/>
                    <dep head="4-3" type="advmod"/>
                </token>
                <token content="that" id="4-5">
                    <pos type="IN"/>
                    <lemma type="that"/>
                    <dep head="4-8" type="mark"/>
                </token>
                <token content="it" id="4-6">
                    <pos type="PRP"/>
                    <lemma type="it"/>
                    <dep head="4-8" type="nsubj"/>
                </token>
                <token content="was" id="4-7">
                    <pos type="VBD"/>
                    <lemma type="be"/>
                    <dep head="4-8" type="aux"/>
                </token>
                <token content="going" id="4-8">
                    <pos type="VBG"/>
                    <lemma type="go"/>
                    <dep head="4-3" type="ccomp"/>
                </token>
                <token content="to" id="4-9">
                    <pos type="TO"/>
                    <lemma type="to"/>
                </token>
                <token content="be" id="4-10">
                    <pos type="VB"/>
                    <lemma type="be"/>
                </token>
                <token content="a" id="4-11">
                    <pos type="DT"/>
                    <lemma type="a"/>
                </token>
                <token content="flat" id="4-12">
                    <pos type="JJ"/>
                    <lemma type="flat"/>
                </token>
                <token content="tire" id="4-13">
                    <pos type="NN"/>
                    <lemma type="tire"/>
                    <dep head="4-8" type="xcomp"/>
                </token>
                <token content="." id="4-14"/>
            </sentence>
            <sentence id="5">
                <token content="I" id="5-1">
                    <pos type="PRP"/>
                    <lemma type="I"/>
                    <dep head="5-2" type="nsubj"/>
                </token>
                <token content="had" id="5-2">
                    <pos type="VBD"/>
                    <lemma type="have"/>
                    <dep head="5-10" type="ccomp"/>
                </token>
                <token content="my" id="5-3">
                    <pos type="PRP$"/>
                    <lemma type="my"/>
                </token>
                <token content="friend" id="5-4">
                    <pos type="NN"/>
                    <lemma type="friend"/>
                    <dep head="5-5" type="nsubj"/>
                </token>
                <token content="pick" id="5-5">
                    <pos type="VB"/>
                    <lemma type="pick"/>
                    <dep head="5-2" type="ccomp"/>
                </token>
                <token content="me" id="5-6">
                    <pos type="PRP"/>
                    <lemma type="I"/>
                    <dep head="5-5" type="dobj"/>
                </token>
                <token content="up" id="5-7">
                    <pos type="RP"/>
                    <lemma type="up"/>
                    <dep head="5-5" type="prt"/>
                </token>
                <token content="," id="5-8"/>
                <token content="they" id="5-9">
                    <pos type="PRP"/>
                    <lemma type="they"/>
                    <dep head="5-10" type="nsubj"/>
                </token>
                <token content="helped" id="5-10">
                    <pos type="VBD"/>
                    <lemma type="help"/>
                </token>
                <token content="get" id="5-11">
                    <pos type="VB"/>
                    <lemma type="get"/>
                    <dep head="5-10" type="xcomp"/>
                </token>
                <token content="me" id="5-12">
                    <pos type="PRP"/>
                    <lemma type="I"/>
                    <dep head="5-11" type="dobj"/>
                </token>
                <token content="home" id="5-13">
                    <pos type="RB"/>
                    <lemma type="home"/>
                    <dep head="5-11" type="advmod"/>
                </token>
                <token content="without" id="5-14"/>
                <token content="further" id="5-15">
                    <pos type="JJ"/>
                    <lemma type="further"/>
                </token>
                <token content="incident" id="5-16">
                    <pos type="NN"/>
                    <lemma type="incident"/>
                    <dep head="5-11" type="prep"/>
                </token>
                <token content="." id="5-17"/>
            </sentence>
            <sentence id="6">
                <token content="After" id="6-1"/>
                <token content="getting" id="6-2">
                    <pos type="VBG"/>
                    <lemma type="get"/>
                    <dep head="6-12" type="prepc"/>
                </token>
                <token content="my" id="6-3">
                    <pos type="PRP$"/>
                    <lemma type="my"/>
                </token>
                <token content="bike" id="6-4">
                    <pos type="NN"/>
                    <lemma type="bike"/>
                    <dep head="6-2" type="dobj"/>
                </token>
                <token content="up" id="6-5">
                    <pos type="RP"/>
                    <lemma type="up"/>
                    <dep head="6-2" type="prt"/>
                </token>
                <token content="on" id="6-6"/>
                <token content="it" id="6-7">
                    <pos type="PRP"/>
                    <lemma type="it"/>
                </token>
                <token content="'s" id="6-8"/>
                <token content="stand" id="6-9">
                    <pos type="NN"/>
                    <lemma type="stand"/>
                    <dep head="6-2" type="prep"/>
                </token>
                <token content="," id="6-10"/>
                <token content="I" id="6-11">
                    <pos type="PRP"/>
                    <lemma type="I"/>
                    <dep head="6-12" type="nsubj"/>
                </token>
                <token content="began" id="6-12">
                    <pos type="VBD"/>
                    <lemma type="begin"/>
                </token>
                <token content="to" id="6-13">
                    <pos type="TO"/>
                    <lemma type="to"/>
                    <dep head="6-14" type="aux"/>
                </token>
                <token content="peel" id="6-14">
                    <pos type="VB"/>
                    <lemma type="peel"/>
                    <dep head="6-12" type="xcomp"/>
                </token>
                <token content="the" id="6-15">
                    <pos type="DT"/>
                    <lemma type="the"/>
                </token>
                <token content="bad" id="6-16">
                    <pos type="JJ"/>
                    <lemma type="bad"/>
                </token>
                <token content="tire" id="6-17">
                    <pos type="NN"/>
                    <lemma type="tire"/>
                    <dep head="6-14" type="dobj"/>
                </token>
                <token content="off" id="6-18"/>
                <token content="the" id="6-19">
                    <pos type="DT"/>
                    <lemma type="the"/>
                </token>
                <token content="rim" id="6-20">
                    <pos type="NN"/>
                    <lemma type="rim"/>
                    <dep head="6-14" type="prep"/>
                </token>
                <token content="," id="6-21"/>
                <token content="finding" id="6-22">
                    <pos type="VBG"/>
                    <lemma type="find"/>
                    <dep head="6-12" type="xcomp"/>
                </token>
                <token content="the" id="6-23">
                    <pos type="DT"/>
                    <lemma type="the"/>
                </token>
                <token content="tube" id="6-24">
                    <pos type="NN"/>
                    <lemma type="tube"/>
                    <dep head="6-25" type="nsubj"/>
                </token>
                <token content="had" id="6-25">
                    <pos type="VBD"/>
                    <lemma type="have"/>
                    <dep head="6-22" type="ccomp"/>
                </token>
                <token content="a" id="6-26">
                    <pos type="DT"/>
                    <lemma type="a"/>
                </token>
                <token content="small" id="6-27">
                    <pos type="JJ"/>
                    <lemma type="small"/>
                </token>
                <token content="puncture" id="6-28">
                    <pos type="NN"/>
                    <lemma type="puncture"/>
                    <dep head="6-25" type="dobj"/>
                </token>
                <token content="." id="6-29"/>
            </sentence>
            <sentence id="7">
                <token content="I" id="7-1">
                    <pos type="PRP"/>
                    <lemma type="I"/>
                    <dep head="7-2" type="nsubj"/>
                </token>
                <token content="decided" id="7-2">
                    <pos type="VBD"/>
                    <lemma type="decide"/>
                </token>
                <token content="to" id="7-3">
                    <pos type="TO"/>
                    <lemma type="to"/>
                    <dep head="7-2" type="xcomp"/>
                </token>
                <token content="to" id="7-4">
                    <pos type="TO"/>
                    <lemma type="to"/>
                    <dep head="7-5" type="aux"/>
                </token>
                <token content="replace" id="7-5">
                    <pos type="VB"/>
                    <lemma type="replace"/>
                </token>
                <token content="the" id="7-6">
                    <pos type="DT"/>
                    <lemma type="the"/>
                </token>
                <token content="tube" id="7-7">
                    <pos type="NN"/>
                    <lemma type="tube"/>
                    <dep head="7-5" type="dobj"/>
                </token>
                <token content="entirely" id="7-8">
                    <pos type="RB"/>
                    <lemma type="entirely"/>
                    <dep head="7-5" type="advmod"/>
                </token>
                <token content="," id="7-9"/>
                <token content="and" id="7-10"/>
                <token content="fitted" id="7-11">
                    <pos type="VBD"/>
                    <lemma type="fit"/>
                    <dep head="7-2" type="conj"/>
                </token>
                <token content="the" id="7-12">
                    <pos type="DT"/>
                    <lemma type="the"/>
                </token>
                <token content="tube" id="7-13">
                    <pos type="NN"/>
                    <lemma type="tube"/>
                    <dep head="7-11" type="dobj"/>
                </token>
                <token content="and" id="7-14"/>
                <token content="tire" id="7-15">
                    <pos type="NN"/>
                    <lemma type="tire"/>
                </token>
                <token content="back" id="7-16">
                    <pos type="RP"/>
                    <lemma type="back"/>
                    <dep head="7-11" type="prt"/>
                </token>
                <token content="onto" id="7-17"/>
                <token content="the" id="7-18">
                    <pos type="DT"/>
                    <lemma type="the"/>
                </token>
                <token content="rim" id="7-19">
                    <pos type="NN"/>
                    <lemma type="rim"/>
                    <dep head="7-11" type="prep"/>
                </token>
                <token content="," id="7-20"/>
                <token content="fixing" id="7-21">
                    <pos type="VBG"/>
                    <lemma type="fix"/>
                    <dep head="7-11" type="dep"/>
                </token>
                <token content="the" id="7-22">
                    <pos type="DT"/>
                    <lemma type="the"/>
                </token>
                <token content="issue" id="7-23">
                    <pos type="NN"/>
                    <lemma type="issue"/>
                    <dep head="7-21" type="dobj"/>
                </token>
                <token content="of" id="7-24"/>
                <token content="the" id="7-25">
                    <pos type="DT"/>
                    <lemma type="the"/>
                </token>
                <token content="flat" id="7-26">
                    <pos type="JJ"/>
                    <lemma type="flat"/>
                </token>
                <token content="tire" id="7-27">
                    <pos type="NN"/>
                    <lemma type="tire"/>
                </token>
                <token content="." id="7-28"/>
            </sentence>
        </sentences>
    </text>
    <annotations>
        <participants>
            <label from="1-1" id="0" name="ScrPart_rider" text="I" type="participant"/>
            <label from="1-5" id="1" name="ScrPart_ride" text="bike ride" to="1-6" type="participant"/>
            <label from="1-6" id="2" name="ScrPart_ride" text="ride" type="participant"/>
            <label from="1-9" id="3" name="NPart" text="afternoon" type="participant"/>
            <label from="1-13" id="4" name="NPart" text="weather" type="participant"/>
            <label from="1-17" id="5" name="Head_of_Partitive" text="break" type="participant"/>
            <label from="1-19" id="6" name="NPart" text="sunlight" type="participant"/>
            <label from="1-22" id="7" name="ScrPart_rider" text="I" type="participant"/>
            <label from="1-26" id="8" name="NPart" text="advantage" type="participant"/>
            <label from="1-28" id="9" name="NPart" text="it" type="participant"/>
            <label from="2-5" id="10" name="ScrPart_ride" text="bike ride" to="2-6" type="participant"/>
            <label from="2-6" id="11" name="ScrPart_ride" text="ride" type="participant"/>
            <label from="2-10" id="12" name="No_label" text="time" type="participant"/>
            <label from="2-13" id="13" name="No_label" text="it" type="participant"/>
            <label from="2-18" id="14" name="NPart" text="minutes" type="participant"/>
            <label from="2-23" id="15" name="ScrPart_rider" text="my" type="participant"/>
            <label from="2-24" id="16" name="NPart" text="helmet" type="participant"/>
            <label from="2-29" id="17" name="NPart" text="water bottle" to="2-30" type="participant"/>
            <label from="2-30" id="18" name="NPart" text="bottle" type="participant"/>
            <label from="2-33" id="19" name="NPart" text="sink" type="participant"/>
            <label from="3-1" id="20" name="ScrPart_rider" text="I" type="participant"/>
            <label from="3-3" id="21" name="NPart" text="home" type="participant"/>
            <label from="3-10" id="22" name="NPart" text="miles" type="participant"/>
            <label from="3-12" id="23" name="ScrPart_rider" text="I" type="participant"/>
            <label from="3-16" id="24" name="NPart" text="hiss" type="participant"/>
            <label from="3-19" id="25" name="NPart" text="somewhere" type="participant"/>
            <label from="3-22" id="26" name="ScrPart_rider" text="my" type="participant"/>
            <label from="3-23" id="27" name="NPart" text="feet" type="participant"/>
            <label from="4-1" id="28" name="ScrPart_rider" text="I" type="participant"/>
            <label from="4-6" id="29" name="No_label" text="it" type="participant"/>
            <label from="4-13" id="30" name="ScrPart_tire" text="tire" type="participant"/>
            <label from="5-1" id="31" name="ScrPart_rider" text="I" type="participant"/>
            <label from="5-3" id="32" name="ScrPart_rider" text="my" type="participant"/>
            <label from="5-4" id="33" name="NPart" text="friend" type="participant"/>
            <label from="5-6" id="34" name="ScrPart_rider" text="me" type="participant"/>
            <label from="5-9" id="35" name="NPart" text="they" type="participant"/>
            <label from="5-12" id="36" name="ScrPart_rider" text="me" type="participant"/>
            <label from="5-13" id="37" name="NPart" text="home" type="participant"/>
            <label from="5-16" id="38" name="NPart" text="incident" type="participant"/>
            <label from="6-3" id="39" name="ScrPart_rider" text="my" type="participant"/>
            <label from="6-4" id="40" name="ScrPart_bicycle" text="bike" type="participant"/>
            <label from="6-7" id="41" name="ScrPart_bicycle" text="it 's" to="6-8" type="participant"/>
            <label from="6-9" id="42" name="ScrPart_location_repair" text="stand" type="participant"/>
            <label from="6-11" id="43" name="ScrPart_rider" text="I" type="participant"/>
            <label from="6-17" id="44" name="ScrPart_tire" text="tire" type="participant"/>
            <label from="6-20" id="45" name="ScrPart_rim" text="rim" type="participant"/>
            <label from="6-24" id="46" name="ScrPart_tire" text="tube" type="participant"/>
            <label from="6-28" id="47" name="ScrPart_damage" text="puncture" type="participant"/>
            <label from="7-1" id="48" name="ScrPart_rider" text="I" type="participant"/>
            <label from="7-7" id="49" name="ScrPart_tire" text="tube" type="participant"/>
            <label from="7-13" id="50" name="ScrPart_spare_tube" text="tube" type="participant"/>
            <label from="7-15" id="51" name="ScrPart_tire" text="tire" type="participant"/>
            <label from="7-19" id="52" name="ScrPart_rim" text="rim" type="participant"/>
            <label from="7-23" id="53" name="NPart" text="issue" type="participant"/>
            <label from="7-27" id="54" name="ScrPart_tire" text="tire" type="participant"/>
        </participants>
        <events>
            <label from="1-2" id="55" name="ScrEv_ride_bike" text="went" type="event"/>
            <label from="1-14" id="56" name="UnrelEv" text="had" type="event"/>
            <label from="1-25" id="57" name="UnrelEv" text="take" type="event"/>
            <label from="2-1" id="58" name="UnrelEv" text="Gearing up" to="2-2" type="event"/>
            <label from="2-7" id="59" name="UnrelEv" text="was" type="event"/>
            <label from="2-11" id="60" name="UnrelEv" text="consuming" type="event"/>
            <label from="2-15" id="61" name="UnrelEv" text="took" type="event"/>
            <label from="2-20" id="62" name="UnrelEv" text="change" type="event"/>
            <label from="2-22" id="63" name="UnrelEv" text="grab" type="event"/>
            <label from="2-27" id="64" name="UnrelEv" text="fill" type="event"/>
            <label from="3-2" id="65" name="UnrelEv" text="left" type="event"/>
            <label from="3-6" id="66" name="ScrEv_ride_bike" text="progressed" type="event"/>
            <label from="3-13" id="67" name="ScrEv_notice_problem" text="heard" type="event"/>
            <label from="3-17" id="68" name="RelNScrEv" text="escape" type="event"/>
            <label from="3-24" id="69" name="UnrelEv" text="were" type="event"/>
            <label from="4-3" id="70" name="ScrEv_notice_problem" text="knew" type="event"/>
            <label from="4-7" id="71" name="UnrelEv" text="was" type="event"/>
            <label from="4-10" id="72" name="Evoking" text="be a flat tire" to="4-13" type="event"/>
            <label from="5-5" id="73" name="ScrEv_get_off" text="pick" type="event"/>
            <label from="5-10" id="74" name="UnrelEv" text="helped" type="event"/>
            <label from="5-11" id="75" name="RelNScrEv" text="get" type="event"/>
            <label from="6-2" id="76" name="ScrEv_lay_bike_down" text="getting" type="event"/>
            <label from="6-12" id="77" name="UnrelEv" text="began" type="event"/>
            <label from="6-14" id="78" name="ScrEv_take_tire_off" text="peel" type="event"/>
            <label from="6-22" id="79" name="ScrEv_examine_tire" text="finding" type="event"/>
            <label from="6-25" id="80" name="RelNScrEv" text="had" type="event"/>
            <label from="7-2" id="81" name="UnrelEv" text="decided" type="event"/>
            <label from="7-5" id="82" name="ScrEv_put_new_tire" text="replace" type="event"/>
            <label from="7-11" id="83" name="ScrEv_put_new_tire" text="fitted" type="event"/>
            <label from="7-21" id="84" name="Evoking" text="fixing the issue of the flat tire" to="7-27" type="event"/>
        </events>
        <chains>
            <chain elements="0 7 15 20 23 26 28 31 32 34 36 39 43 48"/>
            <chain elements="40 41"/>
            <chain elements="30 44 46 49 51 54"/>
            <chain elements="45 52"/>
            <chain elements="2 11"/>
        </chains>
    </annotations>
</story>
