<?xml version="1.0" encoding="UTF-8" standalone="no"?>
<!DOCTYPE story SYSTEM "../InScript.dtd">
<story id="072" scenario="bicycle">
    <text>
        <content>Last week when I went biking on a trail with a friend , she rode over a nail and one of her bike tires was punctured . 
We immediately stopped riding so that we could fix the problem , and we were lucky that it was n't too bad of an issue . 
To fix it , we had to return home and take care of it with the tools we had there . 
We turned the bike over so it was resting on the handlebars and the seat so that we would have access to the wheel very easily . 
Upon spinning the wheel , we found the nail she had run over and removed it . 
We had to release all the air from the tube to begin with , then take the tire off of the rim using tools called a tire levers . 
After we had that off , we had to remove the tube from the tire and inflate it with enough air to find the hole . 
We knew about where it would be . 
Using a piece of my brother 's chalk , we marked where the hole was so we would n't lose the spot , and then we took the air out of the tube again . 
Using a patch kit designed for this kind of issue , we patched up the hole and put the tube back into the tire . 
We put the tire back on the wheel and re-inflated it . 
The patch worked perfectly and we were able to go out biking again the next day ! </content>
        <sentences>
            <sentence id="1">
                <token content="Last" id="1-1">
                    <pos type="JJ"/>
                    <lemma type="last"/>
                </token>
                <token content="week" id="1-2">
                    <pos type="NN"/>
                    <lemma type="week"/>
                    <dep head="1-15" type="dep"/>
                </token>
                <token content="when" id="1-3">
                    <pos type="WRB"/>
                    <lemma type="when"/>
                    <dep head="1-5" type="advmod"/>
                </token>
                <token content="I" id="1-4">
                    <pos type="PRP"/>
                    <lemma type="I"/>
                    <dep head="1-5" type="nsubj"/>
                </token>
                <token content="went" id="1-5">
                    <pos type="VBD"/>
                    <lemma type="go"/>
                    <dep head="1-15" type="advcl"/>
                </token>
                <token content="biking" id="1-6">
                    <pos type="NN"/>
                    <lemma type="biking"/>
                    <dep head="1-5" type="dobj"/>
                </token>
                <token content="on" id="1-7"/>
                <token content="a" id="1-8">
                    <pos type="DT"/>
                    <lemma type="a"/>
                </token>
                <token content="trail" id="1-9">
                    <pos type="NN"/>
                    <lemma type="trail"/>
                    <dep head="1-5" type="prep"/>
                </token>
                <token content="with" id="1-10"/>
                <token content="a" id="1-11">
                    <pos type="DT"/>
                    <lemma type="a"/>
                </token>
                <token content="friend" id="1-12">
                    <pos type="NN"/>
                    <lemma type="friend"/>
                    <dep head="1-5" type="prep"/>
                </token>
                <token content="," id="1-13"/>
                <token content="she" id="1-14">
                    <pos type="PRP"/>
                    <lemma type="she"/>
                    <dep head="1-15" type="nsubj"/>
                </token>
                <token content="rode" id="1-15">
                    <pos type="VBD"/>
                    <lemma type="ride"/>
                </token>
                <token content="over" id="1-16"/>
                <token content="a" id="1-17">
                    <pos type="DT"/>
                    <lemma type="a"/>
                </token>
                <token content="nail" id="1-18">
                    <pos type="NN"/>
                    <lemma type="nail"/>
                    <dep head="1-15" type="prep"/>
                </token>
                <token content="and" id="1-19"/>
                <token content="one" id="1-20">
                    <pos type="CD"/>
                    <lemma type="one"/>
                    <dep head="1-26" type="nsubjpass"/>
                </token>
                <token content="of" id="1-21"/>
                <token content="her" id="1-22">
                    <pos type="PRP$"/>
                    <lemma type="she"/>
                </token>
                <token content="bike" id="1-23">
                    <pos type="NN"/>
                    <lemma type="bike"/>
                </token>
                <token content="tires" id="1-24">
                    <pos type="NNS"/>
                    <lemma type="tire"/>
                </token>
                <token content="was" id="1-25">
                    <pos type="VBD"/>
                    <lemma type="be"/>
                    <dep head="1-26" type="auxpass"/>
                </token>
                <token content="punctured" id="1-26">
                    <pos type="VBN"/>
                    <lemma type="puncture"/>
                    <dep head="1-15" type="conj"/>
                </token>
                <token content="." id="1-27"/>
            </sentence>
            <sentence id="2">
                <token content="We" id="2-1">
                    <pos type="PRP"/>
                    <lemma type="we"/>
                    <dep head="2-3" type="nsubj"/>
                </token>
                <token content="immediately" id="2-2">
                    <pos type="RB"/>
                    <lemma type="immediately"/>
                    <dep head="2-3" type="advmod"/>
                </token>
                <token content="stopped" id="2-3">
                    <pos type="VBD"/>
                    <lemma type="stop"/>
                </token>
                <token content="riding" id="2-4">
                    <pos type="VBG"/>
                    <lemma type="ride"/>
                    <dep head="2-3" type="xcomp"/>
                </token>
                <token content="so" id="2-5">
                    <pos type="RB"/>
                    <lemma type="so"/>
                    <dep head="2-9" type="advmod"/>
                </token>
                <token content="that" id="2-6">
                    <pos type="IN"/>
                    <lemma type="that"/>
                    <dep head="2-9" type="mark"/>
                </token>
                <token content="we" id="2-7">
                    <pos type="PRP"/>
                    <lemma type="we"/>
                    <dep head="2-9" type="nsubj"/>
                </token>
                <token content="could" id="2-8">
                    <pos type="MD"/>
                    <lemma type="could"/>
                    <dep head="2-9" type="aux"/>
                </token>
                <token content="fix" id="2-9">
                    <pos type="VB"/>
                    <lemma type="fix"/>
                    <dep head="2-4" type="advcl"/>
                </token>
                <token content="the" id="2-10">
                    <pos type="DT"/>
                    <lemma type="the"/>
                </token>
                <token content="problem" id="2-11">
                    <pos type="NN"/>
                    <lemma type="problem"/>
                    <dep head="2-9" type="dobj"/>
                </token>
                <token content="," id="2-12"/>
                <token content="and" id="2-13"/>
                <token content="we" id="2-14">
                    <pos type="PRP"/>
                    <lemma type="we"/>
                </token>
                <token content="were" id="2-15">
                    <pos type="VBD"/>
                    <lemma type="be"/>
                </token>
                <token content="lucky" id="2-16">
                    <pos type="JJ"/>
                    <lemma type="lucky"/>
                    <dep head="2-3" type="conj"/>
                </token>
                <token content="that" id="2-17">
                    <pos type="IN"/>
                    <lemma type="that"/>
                </token>
                <token content="it" id="2-18">
                    <pos type="PRP"/>
                    <lemma type="it"/>
                </token>
                <token content="was" id="2-19">
                    <pos type="VBD"/>
                    <lemma type="be"/>
                </token>
                <token content="n't" id="2-20">
                    <pos type="RB"/>
                    <lemma type="not"/>
                </token>
                <token content="too" id="2-21">
                    <pos type="RB"/>
                    <lemma type="too"/>
                </token>
                <token content="bad" id="2-22">
                    <pos type="JJ"/>
                    <lemma type="bad"/>
                </token>
                <token content="of" id="2-23"/>
                <token content="an" id="2-24">
                    <pos type="DT"/>
                    <lemma type="a"/>
                </token>
                <token content="issue" id="2-25">
                    <pos type="NN"/>
                    <lemma type="issue"/>
                </token>
                <token content="." id="2-26"/>
            </sentence>
            <sentence id="3">
                <token content="To" id="3-1">
                    <pos type="TO"/>
                    <lemma type="to"/>
                    <dep head="3-2" type="aux"/>
                </token>
                <token content="fix" id="3-2">
                    <pos type="VB"/>
                    <lemma type="fix"/>
                    <dep head="3-6" type="advcl"/>
                </token>
                <token content="it" id="3-3">
                    <pos type="PRP"/>
                    <lemma type="it"/>
                    <dep head="3-2" type="dobj"/>
                </token>
                <token content="," id="3-4"/>
                <token content="we" id="3-5">
                    <pos type="PRP"/>
                    <lemma type="we"/>
                    <dep head="3-6" type="nsubj"/>
                </token>
                <token content="had" id="3-6">
                    <pos type="VBD"/>
                    <lemma type="have"/>
                </token>
                <token content="to" id="3-7">
                    <pos type="TO"/>
                    <lemma type="to"/>
                    <dep head="3-8" type="aux"/>
                </token>
                <token content="return" id="3-8">
                    <pos type="VB"/>
                    <lemma type="return"/>
                    <dep head="3-6" type="xcomp"/>
                </token>
                <token content="home" id="3-9">
                    <pos type="NN"/>
                    <lemma type="home"/>
                    <dep head="3-8" type="dobj"/>
                </token>
                <token content="and" id="3-10"/>
                <token content="take" id="3-11">
                    <pos type="VB"/>
                    <lemma type="take"/>
                    <dep head="3-8" type="conj"/>
                </token>
                <token content="care" id="3-12">
                    <pos type="NN"/>
                    <lemma type="care"/>
                    <dep head="3-11" type="dobj"/>
                </token>
                <token content="of" id="3-13"/>
                <token content="it" id="3-14">
                    <pos type="PRP"/>
                    <lemma type="it"/>
                </token>
                <token content="with" id="3-15"/>
                <token content="the" id="3-16">
                    <pos type="DT"/>
                    <lemma type="the"/>
                </token>
                <token content="tools" id="3-17">
                    <pos type="NNS"/>
                    <lemma type="tool"/>
                    <dep head="3-11" type="prep"/>
                </token>
                <token content="we" id="3-18">
                    <pos type="PRP"/>
                    <lemma type="we"/>
                    <dep head="3-19" type="nsubj"/>
                </token>
                <token content="had" id="3-19">
                    <pos type="VBD"/>
                    <lemma type="have"/>
                </token>
                <token content="there" id="3-20">
                    <pos type="RB"/>
                    <lemma type="there"/>
                    <dep head="3-19" type="dobj"/>
                </token>
                <token content="." id="3-21"/>
            </sentence>
            <sentence id="4">
                <token content="We" id="4-1">
                    <pos type="PRP"/>
                    <lemma type="we"/>
                    <dep head="4-2" type="nsubj"/>
                </token>
                <token content="turned" id="4-2">
                    <pos type="VBD"/>
                    <lemma type="turn"/>
                </token>
                <token content="the" id="4-3">
                    <pos type="DT"/>
                    <lemma type="the"/>
                </token>
                <token content="bike" id="4-4">
                    <pos type="NN"/>
                    <lemma type="bike"/>
                    <dep head="4-2" type="dobj"/>
                </token>
                <token content="over" id="4-5"/>
                <token content="so" id="4-6">
                    <pos type="IN"/>
                    <lemma type="so"/>
                    <dep head="4-9" type="mark"/>
                </token>
                <token content="it" id="4-7">
                    <pos type="PRP"/>
                    <lemma type="it"/>
                    <dep head="4-9" type="nsubjpass"/>
                </token>
                <token content="was" id="4-8">
                    <pos type="VBD"/>
                    <lemma type="be"/>
                    <dep head="4-9" type="auxpass"/>
                </token>
                <token content="resting" id="4-9">
                    <pos type="VBN"/>
                    <lemma type="rest"/>
                </token>
                <token content="on" id="4-10"/>
                <token content="the" id="4-11">
                    <pos type="DT"/>
                    <lemma type="the"/>
                </token>
                <token content="handlebars" id="4-12">
                    <pos type="NNS"/>
                    <lemma type="handlebars"/>
                    <dep head="4-9" type="prep"/>
                </token>
                <token content="and" id="4-13"/>
                <token content="the" id="4-14">
                    <pos type="DT"/>
                    <lemma type="the"/>
                </token>
                <token content="seat" id="4-15">
                    <pos type="NN"/>
                    <lemma type="seat"/>
                </token>
                <token content="so" id="4-16">
                    <pos type="RB"/>
                    <lemma type="so"/>
                    <dep head="4-20" type="advmod"/>
                </token>
                <token content="that" id="4-17">
                    <pos type="IN"/>
                    <lemma type="that"/>
                    <dep head="4-20" type="mark"/>
                </token>
                <token content="we" id="4-18">
                    <pos type="PRP"/>
                    <lemma type="we"/>
                    <dep head="4-20" type="nsubj"/>
                </token>
                <token content="would" id="4-19">
                    <pos type="MD"/>
                    <lemma type="would"/>
                    <dep head="4-20" type="aux"/>
                </token>
                <token content="have" id="4-20">
                    <pos type="VB"/>
                    <lemma type="have"/>
                    <dep head="4-9" type="advcl"/>
                </token>
                <token content="access" id="4-21">
                    <pos type="NN"/>
                    <lemma type="access"/>
                    <dep head="4-20" type="dobj"/>
                </token>
                <token content="to" id="4-22"/>
                <token content="the" id="4-23">
                    <pos type="DT"/>
                    <lemma type="the"/>
                </token>
                <token content="wheel" id="4-24">
                    <pos type="NN"/>
                    <lemma type="wheel"/>
                </token>
                <token content="very" id="4-25">
                    <pos type="RB"/>
                    <lemma type="very"/>
                </token>
                <token content="easily" id="4-26">
                    <pos type="RB"/>
                    <lemma type="easily"/>
                    <dep head="4-20" type="advmod"/>
                </token>
                <token content="." id="4-27"/>
            </sentence>
            <sentence id="5">
                <token content="Upon" id="5-1"/>
                <token content="spinning" id="5-2">
                    <pos type="VBG"/>
                    <lemma type="spin"/>
                    <dep head="5-7" type="prepc"/>
                </token>
                <token content="the" id="5-3">
                    <pos type="DT"/>
                    <lemma type="the"/>
                </token>
                <token content="wheel" id="5-4">
                    <pos type="NN"/>
                    <lemma type="wheel"/>
                    <dep head="5-2" type="dobj"/>
                </token>
                <token content="," id="5-5"/>
                <token content="we" id="5-6">
                    <pos type="PRP"/>
                    <lemma type="we"/>
                    <dep head="5-7" type="nsubj"/>
                </token>
                <token content="found" id="5-7">
                    <pos type="VBD"/>
                    <lemma type="find"/>
                </token>
                <token content="the" id="5-8">
                    <pos type="DT"/>
                    <lemma type="the"/>
                </token>
                <token content="nail" id="5-9">
                    <pos type="NN"/>
                    <lemma type="nail"/>
                    <dep head="5-7" type="dobj"/>
                </token>
                <token content="she" id="5-10">
                    <pos type="PRP"/>
                    <lemma type="she"/>
                    <dep head="5-12" type="nsubj"/>
                </token>
                <token content="had" id="5-11">
                    <pos type="VBD"/>
                    <lemma type="have"/>
                    <dep head="5-12" type="aux"/>
                </token>
                <token content="run" id="5-12">
                    <pos type="VBN"/>
                    <lemma type="run"/>
                </token>
                <token content="over" id="5-13">
                    <pos type="RP"/>
                    <lemma type="over"/>
                    <dep head="5-12" type="prt"/>
                </token>
                <token content="and" id="5-14"/>
                <token content="removed" id="5-15">
                    <pos type="VBN"/>
                    <lemma type="remove"/>
                    <dep head="5-12" type="conj"/>
                </token>
                <token content="it" id="5-16">
                    <pos type="PRP"/>
                    <lemma type="it"/>
                    <dep head="5-15" type="dobj"/>
                </token>
                <token content="." id="5-17"/>
            </sentence>
            <sentence id="6">
                <token content="We" id="6-1">
                    <pos type="PRP"/>
                    <lemma type="we"/>
                    <dep head="6-2" type="nsubj"/>
                </token>
                <token content="had" id="6-2">
                    <pos type="VBD"/>
                    <lemma type="have"/>
                </token>
                <token content="to" id="6-3">
                    <pos type="TO"/>
                    <lemma type="to"/>
                    <dep head="6-4" type="aux"/>
                </token>
                <token content="release" id="6-4">
                    <pos type="VB"/>
                    <lemma type="release"/>
                    <dep head="6-2" type="xcomp"/>
                </token>
                <token content="all" id="6-5">
                    <pos type="PDT"/>
                    <lemma type="all"/>
                </token>
                <token content="the" id="6-6">
                    <pos type="DT"/>
                    <lemma type="the"/>
                </token>
                <token content="air" id="6-7">
                    <pos type="NN"/>
                    <lemma type="air"/>
                    <dep head="6-4" type="dobj"/>
                </token>
                <token content="from" id="6-8"/>
                <token content="the" id="6-9">
                    <pos type="DT"/>
                    <lemma type="the"/>
                </token>
                <token content="tube" id="6-10">
                    <pos type="NN"/>
                    <lemma type="tube"/>
                    <dep head="6-4" type="prep"/>
                </token>
                <token content="to" id="6-11">
                    <pos type="TO"/>
                    <lemma type="to"/>
                    <dep head="6-12" type="aux"/>
                </token>
                <token content="begin" id="6-12">
                    <pos type="VB"/>
                    <lemma type="begin"/>
                    <dep head="6-2" type="xcomp"/>
                </token>
                <token content="with" id="6-13">
                    <pos type="IN"/>
                    <lemma type="with"/>
                    <dep head="6-12" type="prep"/>
                </token>
                <token content="," id="6-14"/>
                <token content="then" id="6-15">
                    <pos type="RB"/>
                    <lemma type="then"/>
                    <dep head="6-16" type="advmod"/>
                </token>
                <token content="take" id="6-16">
                    <pos type="VB"/>
                    <lemma type="take"/>
                    <dep head="6-12" type="dep"/>
                </token>
                <token content="the" id="6-17">
                    <pos type="DT"/>
                    <lemma type="the"/>
                </token>
                <token content="tire" id="6-18">
                    <pos type="NN"/>
                    <lemma type="tire"/>
                    <dep head="6-16" type="dobj"/>
                </token>
                <token content="off" id="6-19"/>
                <token content="of" id="6-20"/>
                <token content="the" id="6-21">
                    <pos type="DT"/>
                    <lemma type="the"/>
                </token>
                <token content="rim" id="6-22">
                    <pos type="NN"/>
                    <lemma type="rim"/>
                    <dep head="6-16" type="prep"/>
                </token>
                <token content="using" id="6-23">
                    <pos type="VBG"/>
                    <lemma type="use"/>
                </token>
                <token content="tools" id="6-24">
                    <pos type="NNS"/>
                    <lemma type="tool"/>
                    <dep head="6-23" type="dobj"/>
                </token>
                <token content="called" id="6-25">
                    <pos type="VBN"/>
                    <lemma type="call"/>
                </token>
                <token content="a" id="6-26">
                    <pos type="DT"/>
                    <lemma type="a"/>
                </token>
                <token content="tire" id="6-27">
                    <pos type="NN"/>
                    <lemma type="tire"/>
                </token>
                <token content="levers" id="6-28">
                    <pos type="NNS"/>
                    <lemma type="lever"/>
                    <dep head="6-25" type="dobj"/>
                </token>
                <token content="." id="6-29"/>
            </sentence>
            <sentence id="7">
                <token content="After" id="7-1">
                    <pos type="IN"/>
                    <lemma type="after"/>
                    <dep head="7-3" type="mark"/>
                </token>
                <token content="we" id="7-2">
                    <pos type="PRP"/>
                    <lemma type="we"/>
                    <dep head="7-3" type="nsubj"/>
                </token>
                <token content="had" id="7-3">
                    <pos type="VBD"/>
                    <lemma type="have"/>
                    <dep head="7-8" type="advcl"/>
                </token>
                <token content="that" id="7-4">
                    <pos type="DT"/>
                    <lemma type="that"/>
                    <dep head="7-3" type="dobj"/>
                </token>
                <token content="off" id="7-5">
                    <pos type="RB"/>
                    <lemma type="off"/>
                    <dep head="7-3" type="advmod"/>
                </token>
                <token content="," id="7-6"/>
                <token content="we" id="7-7">
                    <pos type="PRP"/>
                    <lemma type="we"/>
                    <dep head="7-8" type="nsubj"/>
                </token>
                <token content="had" id="7-8">
                    <pos type="VBD"/>
                    <lemma type="have"/>
                </token>
                <token content="to" id="7-9">
                    <pos type="TO"/>
                    <lemma type="to"/>
                    <dep head="7-10" type="aux"/>
                </token>
                <token content="remove" id="7-10">
                    <pos type="VB"/>
                    <lemma type="remove"/>
                    <dep head="7-8" type="xcomp"/>
                </token>
                <token content="the" id="7-11">
                    <pos type="DT"/>
                    <lemma type="the"/>
                </token>
                <token content="tube" id="7-12">
                    <pos type="NN"/>
                    <lemma type="tube"/>
                    <dep head="7-10" type="dobj"/>
                </token>
                <token content="from" id="7-13"/>
                <token content="the" id="7-14">
                    <pos type="DT"/>
                    <lemma type="the"/>
                </token>
                <token content="tire" id="7-15">
                    <pos type="NN"/>
                    <lemma type="tire"/>
                    <dep head="7-10" type="prep"/>
                </token>
                <token content="and" id="7-16"/>
                <token content="inflate" id="7-17">
                    <pos type="VB"/>
                    <lemma type="inflate"/>
                    <dep head="7-10" type="conj"/>
                </token>
                <token content="it" id="7-18">
                    <pos type="PRP"/>
                    <lemma type="it"/>
                    <dep head="7-17" type="dobj"/>
                </token>
                <token content="with" id="7-19"/>
                <token content="enough" id="7-20">
                    <pos type="JJ"/>
                    <lemma type="enough"/>
                </token>
                <token content="air" id="7-21">
                    <pos type="NN"/>
                    <lemma type="air"/>
                    <dep head="7-17" type="prep"/>
                </token>
                <token content="to" id="7-22">
                    <pos type="TO"/>
                    <lemma type="to"/>
                    <dep head="7-23" type="aux"/>
                </token>
                <token content="find" id="7-23">
                    <pos type="VB"/>
                    <lemma type="find"/>
                    <dep head="7-8" type="xcomp"/>
                </token>
                <token content="the" id="7-24">
                    <pos type="DT"/>
                    <lemma type="the"/>
                </token>
                <token content="hole" id="7-25">
                    <pos type="NN"/>
                    <lemma type="hole"/>
                    <dep head="7-23" type="dobj"/>
                </token>
                <token content="." id="7-26"/>
            </sentence>
            <sentence id="8">
                <token content="We" id="8-1">
                    <pos type="PRP"/>
                    <lemma type="we"/>
                    <dep head="8-2" type="nsubj"/>
                </token>
                <token content="knew" id="8-2">
                    <pos type="VBD"/>
                    <lemma type="know"/>
                </token>
                <token content="about" id="8-3"/>
                <token content="where" id="8-4">
                    <pos type="WRB"/>
                    <lemma type="where"/>
                    <dep head="8-7" type="advmod"/>
                </token>
                <token content="it" id="8-5">
                    <pos type="PRP"/>
                    <lemma type="it"/>
                    <dep head="8-7" type="nsubj"/>
                </token>
                <token content="would" id="8-6">
                    <pos type="MD"/>
                    <lemma type="would"/>
                    <dep head="8-7" type="aux"/>
                </token>
                <token content="be" id="8-7">
                    <pos type="VB"/>
                    <lemma type="be"/>
                    <dep head="8-2" type="prepc"/>
                </token>
                <token content="." id="8-8"/>
            </sentence>
            <sentence id="9">
                <token content="Using" id="9-1">
                    <pos type="VBG"/>
                    <lemma type="use"/>
                    <dep head="9-11" type="vmod"/>
                </token>
                <token content="a" id="9-2">
                    <pos type="DT"/>
                    <lemma type="a"/>
                </token>
                <token content="piece" id="9-3">
                    <pos type="NN"/>
                    <lemma type="piece"/>
                    <dep head="9-1" type="dobj"/>
                </token>
                <token content="of" id="9-4"/>
                <token content="my" id="9-5">
                    <pos type="PRP$"/>
                    <lemma type="my"/>
                </token>
                <token content="brother" id="9-6">
                    <pos type="NN"/>
                    <lemma type="brother"/>
                </token>
                <token content="'s" id="9-7"/>
                <token content="chalk" id="9-8">
                    <pos type="NN"/>
                    <lemma type="chalk"/>
                </token>
                <token content="," id="9-9"/>
                <token content="we" id="9-10">
                    <pos type="PRP"/>
                    <lemma type="we"/>
                    <dep head="9-11" type="nsubj"/>
                </token>
                <token content="marked" id="9-11">
                    <pos type="VBD"/>
                    <lemma type="mark"/>
                </token>
                <token content="where" id="9-12">
                    <pos type="WRB"/>
                    <lemma type="where"/>
                    <dep head="9-15" type="advmod"/>
                </token>
                <token content="the" id="9-13">
                    <pos type="DT"/>
                    <lemma type="the"/>
                </token>
                <token content="hole" id="9-14">
                    <pos type="NN"/>
                    <lemma type="hole"/>
                    <dep head="9-15" type="nsubj"/>
                </token>
                <token content="was" id="9-15">
                    <pos type="VBD"/>
                    <lemma type="be"/>
                    <dep head="9-11" type="advcl"/>
                </token>
                <token content="so" id="9-16">
                    <pos type="IN"/>
                    <lemma type="so"/>
                    <dep head="9-20" type="mark"/>
                </token>
                <token content="we" id="9-17">
                    <pos type="PRP"/>
                    <lemma type="we"/>
                    <dep head="9-20" type="nsubj"/>
                </token>
                <token content="would" id="9-18">
                    <pos type="MD"/>
                    <lemma type="would"/>
                    <dep head="9-20" type="aux"/>
                </token>
                <token content="n't" id="9-19">
                    <pos type="RB"/>
                    <lemma type="not"/>
                    <dep head="9-20" type="neg"/>
                </token>
                <token content="lose" id="9-20">
                    <pos type="VB"/>
                    <lemma type="lose"/>
                    <dep head="9-15" type="advcl"/>
                </token>
                <token content="the" id="9-21">
                    <pos type="DT"/>
                    <lemma type="the"/>
                </token>
                <token content="spot" id="9-22">
                    <pos type="NN"/>
                    <lemma type="spot"/>
                    <dep head="9-20" type="dobj"/>
                </token>
                <token content="," id="9-23"/>
                <token content="and" id="9-24"/>
                <token content="then" id="9-25">
                    <pos type="RB"/>
                    <lemma type="then"/>
                    <dep head="9-27" type="advmod"/>
                </token>
                <token content="we" id="9-26">
                    <pos type="PRP"/>
                    <lemma type="we"/>
                    <dep head="9-27" type="nsubj"/>
                </token>
                <token content="took" id="9-27">
                    <pos type="VBD"/>
                    <lemma type="take"/>
                    <dep head="9-11" type="conj"/>
                </token>
                <token content="the" id="9-28">
                    <pos type="DT"/>
                    <lemma type="the"/>
                </token>
                <token content="air" id="9-29">
                    <pos type="NN"/>
                    <lemma type="air"/>
                    <dep head="9-27" type="dobj"/>
                </token>
                <token content="out" id="9-30"/>
                <token content="of" id="9-31"/>
                <token content="the" id="9-32">
                    <pos type="DT"/>
                    <lemma type="the"/>
                </token>
                <token content="tube" id="9-33">
                    <pos type="NN"/>
                    <lemma type="tube"/>
                    <dep head="9-27" type="prep"/>
                </token>
                <token content="again" id="9-34">
                    <pos type="RB"/>
                    <lemma type="again"/>
                    <dep head="9-27" type="advmod"/>
                </token>
                <token content="." id="9-35"/>
            </sentence>
            <sentence id="10">
                <token content="Using" id="10-1">
                    <pos type="VBG"/>
                    <lemma type="use"/>
                    <dep head="10-13" type="vmod"/>
                </token>
                <token content="a" id="10-2">
                    <pos type="DT"/>
                    <lemma type="a"/>
                </token>
                <token content="patch" id="10-3">
                    <pos type="NN"/>
                    <lemma type="patch"/>
                </token>
                <token content="kit" id="10-4">
                    <pos type="NN"/>
                    <lemma type="kit"/>
                    <dep head="10-1" type="dobj"/>
                </token>
                <token content="designed" id="10-5">
                    <pos type="VBN"/>
                    <lemma type="design"/>
                </token>
                <token content="for" id="10-6"/>
                <token content="this" id="10-7">
                    <pos type="DT"/>
                    <lemma type="this"/>
                </token>
                <token content="kind" id="10-8">
                    <pos type="NN"/>
                    <lemma type="kind"/>
                    <dep head="10-5" type="prep"/>
                </token>
                <token content="of" id="10-9"/>
                <token content="issue" id="10-10">
                    <pos type="NN"/>
                    <lemma type="issue"/>
                </token>
                <token content="," id="10-11"/>
                <token content="we" id="10-12">
                    <pos type="PRP"/>
                    <lemma type="we"/>
                    <dep head="10-13" type="nsubj"/>
                </token>
                <token content="patched" id="10-13">
                    <pos type="VBD"/>
                    <lemma type="patch"/>
                </token>
                <token content="up" id="10-14">
                    <pos type="RP"/>
                    <lemma type="up"/>
                    <dep head="10-13" type="prt"/>
                </token>
                <token content="the" id="10-15">
                    <pos type="DT"/>
                    <lemma type="the"/>
                </token>
                <token content="hole" id="10-16">
                    <pos type="NN"/>
                    <lemma type="hole"/>
                    <dep head="10-13" type="dobj"/>
                </token>
                <token content="and" id="10-17"/>
                <token content="put" id="10-18">
                    <pos type="VBD"/>
                    <lemma type="put"/>
                    <dep head="10-13" type="conj"/>
                </token>
                <token content="the" id="10-19">
                    <pos type="DT"/>
                    <lemma type="the"/>
                </token>
                <token content="tube" id="10-20">
                    <pos type="NN"/>
                    <lemma type="tube"/>
                    <dep head="10-18" type="dobj"/>
                </token>
                <token content="back" id="10-21">
                    <pos type="RP"/>
                    <lemma type="back"/>
                    <dep head="10-18" type="prt"/>
                </token>
                <token content="into" id="10-22"/>
                <token content="the" id="10-23">
                    <pos type="DT"/>
                    <lemma type="the"/>
                </token>
                <token content="tire" id="10-24">
                    <pos type="NN"/>
                    <lemma type="tire"/>
                    <dep head="10-18" type="prep"/>
                </token>
                <token content="." id="10-25"/>
            </sentence>
            <sentence id="11">
                <token content="We" id="11-1">
                    <pos type="PRP"/>
                    <lemma type="we"/>
                    <dep head="11-2" type="nsubj"/>
                </token>
                <token content="put" id="11-2">
                    <pos type="VBD"/>
                    <lemma type="put"/>
                </token>
                <token content="the" id="11-3">
                    <pos type="DT"/>
                    <lemma type="the"/>
                </token>
                <token content="tire" id="11-4">
                    <pos type="NN"/>
                    <lemma type="tire"/>
                    <dep head="11-2" type="dobj"/>
                </token>
                <token content="back" id="11-5">
                    <pos type="RP"/>
                    <lemma type="back"/>
                    <dep head="11-2" type="prt"/>
                </token>
                <token content="on" id="11-6"/>
                <token content="the" id="11-7">
                    <pos type="DT"/>
                    <lemma type="the"/>
                </token>
                <token content="wheel" id="11-8">
                    <pos type="NN"/>
                    <lemma type="wheel"/>
                    <dep head="11-2" type="prep"/>
                </token>
                <token content="and" id="11-9"/>
                <token content="re-inflated" id="11-10">
                    <pos type="VBD"/>
                    <lemma type="re-inflate"/>
                    <dep head="11-2" type="conj"/>
                </token>
                <token content="it" id="11-11">
                    <pos type="PRP"/>
                    <lemma type="it"/>
                    <dep head="11-10" type="dobj"/>
                </token>
                <token content="." id="11-12"/>
            </sentence>
            <sentence id="12">
                <token content="The" id="12-1">
                    <pos type="DT"/>
                    <lemma type="the"/>
                </token>
                <token content="patch" id="12-2">
                    <pos type="NN"/>
                    <lemma type="patch"/>
                    <dep head="12-3" type="nsubj"/>
                </token>
                <token content="worked" id="12-3">
                    <pos type="VBD"/>
                    <lemma type="work"/>
                </token>
                <token content="perfectly" id="12-4">
                    <pos type="RB"/>
                    <lemma type="perfectly"/>
                    <dep head="12-3" type="advmod"/>
                </token>
                <token content="and" id="12-5"/>
                <token content="we" id="12-6">
                    <pos type="PRP"/>
                    <lemma type="we"/>
                </token>
                <token content="were" id="12-7">
                    <pos type="VBD"/>
                    <lemma type="be"/>
                </token>
                <token content="able" id="12-8">
                    <pos type="JJ"/>
                    <lemma type="able"/>
                    <dep head="12-3" type="conj"/>
                </token>
                <token content="to" id="12-9">
                    <pos type="TO"/>
                    <lemma type="to"/>
                    <dep head="12-10" type="aux"/>
                </token>
                <token content="go" id="12-10">
                    <pos type="VB"/>
                    <lemma type="go"/>
                </token>
                <token content="out" id="12-11">
                    <pos type="RP"/>
                    <lemma type="out"/>
                    <dep head="12-10" type="prt"/>
                </token>
                <token content="biking" id="12-12">
                    <pos type="NN"/>
                    <lemma type="biking"/>
                    <dep head="12-10" type="dobj"/>
                </token>
                <token content="again" id="12-13">
                    <pos type="RB"/>
                    <lemma type="again"/>
                    <dep head="12-10" type="advmod"/>
                </token>
                <token content="the" id="12-14">
                    <pos type="DT"/>
                    <lemma type="the"/>
                </token>
                <token content="next" id="12-15">
                    <pos type="JJ"/>
                    <lemma type="next"/>
                </token>
                <token content="day" id="12-16">
                    <pos type="NN"/>
                    <lemma type="day"/>
                    <dep head="12-10" type="tmod"/>
                </token>
                <token content="!" id="12-17"/>
            </sentence>
        </sentences>
    </text>
    <annotations>
        <participants>
            <label from="1-2" id="0" name="NPart" text="week" type="participant"/>
            <label from="1-4" id="1" name="ScrPart_rider" text="I" type="participant"/>
            <label from="1-9" id="2" name="NPart" text="trail" type="participant"/>
            <label from="1-12" id="3" name="ScrPart_rider" text="friend" type="participant"/>
            <label from="1-14" id="4" name="ScrPart_rider" text="she" type="participant"/>
            <label from="1-18" id="5" name="ScrPart_object_damage" text="nail" type="participant"/>
            <label from="1-20" id="6" name="ScrPart_tire" text="one" type="participant"/>
            <label from="1-22" id="7" name="ScrPart_rider" text="her" type="participant"/>
            <label from="1-23" id="8" name="ScrPart_tire" text="bike tires" to="1-24" type="participant"/>
            <label from="1-24" id="9" name="ScrPart_tire" text="tires" type="participant"/>
            <label from="2-1" id="10" name="ScrPart_rider" text="We" type="participant"/>
            <label from="2-7" id="11" name="ScrPart_rider" text="we" type="participant"/>
            <label from="2-11" id="12" name="ScrPart_damage" text="problem" type="participant"/>
            <label from="2-14" id="13" name="ScrPart_rider" text="we" type="participant"/>
            <label from="2-18" id="14" name="ScrPart_damage" text="it" type="participant"/>
            <label from="2-25" id="15" name="ScrPart_damage" text="issue" type="participant"/>
            <label from="3-3" id="16" name="No_label" text="it" type="participant"/>
            <label from="3-5" id="17" name="ScrPart_rider" text="we" type="participant"/>
            <label from="3-9" id="18" name="ScrPart_location_repair" text="home" type="participant"/>
            <label from="3-12" id="19" name="SuppVComp" text="care" type="participant"/>
            <label from="3-14" id="20" name="No_label" text="it" type="participant"/>
            <label from="3-17" id="21" name="ScrPart_tool" text="tools" type="participant"/>
            <label from="3-18" id="22" name="ScrPart_rider" text="we" type="participant"/>
            <label from="3-20" id="23" name="ScrPart_location_repair" text="there" type="participant"/>
            <label from="4-1" id="24" name="ScrPart_rider" text="We" type="participant"/>
            <label from="4-4" id="25" name="ScrPart_bicycle" text="bike" type="participant"/>
            <label from="4-7" id="26" name="ScrPart_bicycle" text="it" type="participant"/>
            <label from="4-12" id="27" name="ScrPart_bicycle_small_detail" text="handlebars" type="participant"/>
            <label from="4-15" id="28" name="ScrPart_bicycle_small_detail" text="seat" type="participant"/>
            <label from="4-18" id="29" name="ScrPart_rider" text="we" type="participant"/>
            <label from="4-21" id="30" name="No_label" text="access" type="participant"/>
            <label from="4-24" id="31" name="ScrPart_tire" text="wheel" type="participant"/>
            <label from="5-4" id="32" name="ScrPart_tire" text="wheel" type="participant"/>
            <label from="5-6" id="33" name="ScrPart_rider" text="we" type="participant"/>
            <label from="5-9" id="34" name="ScrPart_object_damage" text="nail" type="participant"/>
            <label from="5-10" id="35" name="ScrPart_rider" text="she" type="participant"/>
            <label from="5-16" id="36" name="ScrPart_object_damage" text="it" type="participant"/>
            <label from="6-1" id="37" name="ScrPart_rider" text="We" type="participant"/>
            <label from="6-7" id="38" name="ScrPart_air" text="air" type="participant"/>
            <label from="6-10" id="39" name="ScrPart_tire" text="tube" type="participant"/>
            <label from="6-18" id="40" name="ScrPart_tire" text="tire" type="participant"/>
            <label from="6-22" id="41" name="ScrPart_rim" text="rim" type="participant"/>
            <label from="6-24" id="42" name="ScrPart_tool" text="tools" type="participant"/>
            <label from="6-27" id="43" name="ScrPart_tool" text="tire levers" to="6-28" type="participant"/>
            <label from="6-28" id="44" name="ScrPart_tool" text="levers" type="participant"/>
            <label from="7-2" id="45" name="ScrPart_rider" text="we" type="participant"/>
            <label from="7-7" id="46" name="ScrPart_rider" text="we" type="participant"/>
            <label from="7-12" id="47" name="ScrPart_tire" text="tube" type="participant"/>
            <label from="7-15" id="48" name="ScrPart_tire" text="tire" type="participant"/>
            <label from="7-18" id="49" name="ScrPart_tire" text="it" type="participant"/>
            <label from="7-21" id="50" name="ScrPart_air" text="air" type="participant"/>
            <label from="7-25" id="51" name="ScrPart_damage" text="hole" type="participant"/>
            <label from="8-1" id="52" name="ScrPart_rider" text="We" type="participant"/>
            <label from="8-5" id="53" name="No_label" text="it" type="participant"/>
            <label from="9-3" id="54" name="ScrPart_tool" text="piece" type="participant"/>
            <label from="9-5" id="55" name="ScrPart_rider" text="my" type="participant"/>
            <label from="9-6" id="56" name="NPart" text="brother" type="participant"/>
            <label from="9-8" id="57" name="ScrPart_tool" text="chalk" type="participant"/>
            <label from="9-10" id="58" name="ScrPart_rider" text="we" type="participant"/>
            <label from="9-14" id="59" name="ScrPart_damage" text="hole" type="participant"/>
            <label from="9-17" id="60" name="ScrPart_rider" text="we" type="participant"/>
            <label from="9-22" id="61" name="NPart" text="spot" type="participant"/>
            <label from="9-26" id="62" name="ScrPart_rider" text="we" type="participant"/>
            <label from="9-29" id="63" name="ScrPart_air" text="air" type="participant"/>
            <label from="9-33" id="64" name="ScrPart_tire" text="tube" type="participant"/>
            <label from="10-3" id="65" name="ScrPart_patch" text="patch kit" to="10-4" type="participant"/>
            <label from="10-4" id="66" name="ScrPart_patch" text="kit" type="participant"/>
            <label from="10-8" id="67" name="Head_of_Partitive" text="kind" type="participant"/>
            <label from="10-10" id="68" name="NPart" text="issue" type="participant"/>
            <label from="10-12" id="69" name="ScrPart_rider" text="we" type="participant"/>
            <label from="10-16" id="70" name="ScrPart_damage" text="hole" type="participant"/>
            <label from="10-20" id="71" name="ScrPart_tire" text="tube" type="participant"/>
            <label from="10-24" id="72" name="ScrPart_tire" text="tire" type="participant"/>
            <label from="11-1" id="73" name="ScrPart_rider" text="We" type="participant"/>
            <label from="11-4" id="74" name="ScrPart_tire" text="tire" type="participant"/>
            <label from="11-8" id="75" name="ScrPart_tire" text="wheel" type="participant"/>
            <label from="11-11" id="76" name="ScrPart_tire" text="it" type="participant"/>
            <label from="12-2" id="77" name="ScrPart_patch" text="patch" type="participant"/>
            <label from="12-6" id="78" name="ScrPart_rider" text="we" type="participant"/>
            <label from="12-16" id="79" name="NPart" text="day" type="participant"/>
        </participants>
        <events>
            <label from="1-6" id="80" name="ScrEv_ride_bike" text="biking" type="event"/>
            <label from="1-15" id="81" name="ScrEv_ride_bike" text="rode over" to="1-16" type="event"/>
            <label from="1-15" id="82" name="ScrEv_ride_bike" text="rode" type="event"/>
            <label from="1-25" id="83" name="UnrelEv" text="was" type="event"/>
            <label from="1-26" id="84" name="RelNScrEv" text="punctured" type="event"/>
            <label from="2-3" id="85" name="ScrEv_get_off" text="stopped" type="event"/>
            <label from="2-4" id="86" name="ScrEv_ride_bike" text="riding" type="event"/>
            <label from="2-9" id="87" name="Evoking" text="fix the problem" to="2-11" type="event"/>
            <label from="2-15" id="88" name="UnrelEv" text="were" type="event"/>
            <label from="2-19" id="89" name="UnrelEv" text="was" type="event"/>
            <label from="3-2" id="90" name="Evoking" text="fix" type="event"/>
            <label from="3-8" id="91" name="ScrEv_other" text="return" type="event"/>
            <label from="3-11" id="92" name="RelNScrEv" text="take" type="event"/>
            <label from="3-19" id="93" name="RelNScrEv" text="had" type="event"/>
            <label from="4-2" id="94" name="ScrEv_lay_bike_down" text="turned" type="event"/>
            <label from="4-9" id="95" name="RelNScrEv" text="resting" type="event"/>
            <label from="4-20" id="96" name="UnrelEv" text="have" type="event"/>
            <label from="5-2" id="97" name="ScrEv_other" text="spinning" type="event"/>
            <label from="5-7" id="98" name="RelNScrEv" text="found" type="event"/>
            <label from="5-12" id="99" name="RelNScrEv" text="run over" to="5-13" type="event"/>
            <label from="5-12" id="100" name="RelNScrEv" text="run" type="event"/>
            <label from="5-15" id="101" name="ScrEv_other" text="removed" type="event"/>
            <label from="6-4" id="102" name="ScrEv_other" text="release" type="event"/>
            <label from="6-12" id="103" name="UnrelEv" text="begin" type="event"/>
            <label from="6-16" id="104" name="ScrEv_take_tire_off" text="take" type="event"/>
            <label from="6-23" id="105" name="RelNScrEv" text="using" type="event"/>
            <label from="6-25" id="106" name="UnrelEv" text="called" type="event"/>
            <label from="7-3" id="107" name="UnrelEv" text="had" type="event"/>
            <label from="7-10" id="108" name="ScrEv_take_tire_off" text="remove" type="event"/>
            <label from="7-17" id="109" name="ScrEv_refill_tire_air" text="inflate" type="event"/>
            <label from="7-23" id="110" name="RelNScrEv" text="find" type="event"/>
            <label from="8-2" id="111" name="UnrelEv" text="knew" type="event"/>
            <label from="8-7" id="112" name="UnrelEv" text="be" type="event"/>
            <label from="9-1" id="113" name="RelNScrEv" text="Using" type="event"/>
            <label from="9-11" id="114" name="ScrEv_other" text="marked" type="event"/>
            <label from="9-15" id="115" name="UnrelEv" text="was" type="event"/>
            <label from="9-20" id="116" name="UnrelEv" text="lose" type="event"/>
            <label from="9-27" id="117" name="ScrEv_other" text="took" type="event"/>
            <label from="10-1" id="118" name="RelNScrEv" text="Using" type="event"/>
            <label from="10-5" id="119" name="UnrelEv" text="designed" type="event"/>
            <label from="10-13" id="120" name="ScrEv_put_patch/seal" text="patched up" to="10-14" type="event"/>
            <label from="10-13" id="121" name="ScrEv_put_patch/seal" text="patched" type="event"/>
            <label from="10-18" id="122" name="ScrEv_other" text="put" type="event"/>
            <label from="11-2" id="123" name="ScrEv_put_new_tire" text="put" type="event"/>
            <label from="11-10" id="124" name="ScrEv_refill_tire_air" text="re-inflated" type="event"/>
            <label from="12-3" id="125" name="UnrelEv" text="worked" type="event"/>
            <label from="12-10" id="126" name="UnrelEv" text="go out" to="12-11" type="event"/>
            <label from="12-10" id="127" name="UnrelEv" text="go" type="event"/>
            <label from="12-12" id="128" name="ScrEv_ride_bike" text="biking" type="event"/>
        </events>
        <chains>
            <chain elements="3 4 7 35"/>
            <chain elements="1 7 10" name="group_I_friend"/>
            <chain elements="6 9 31 32 39 40 47 48 49 64 71 72 74 75 76"/>
            <chain elements="10 11 13 17 22 24 29 33 37 45 46 52 58 60 62 69 73 78"/>
            <chain elements="12 14 15 16 20"/>
            <chain elements="25 26"/>
            <chain elements="5 34 36"/>
            <chain elements="42 44"/>
            <chain elements="38 50 63"/>
            <chain elements="51 53 59 70"/>
            <chain elements="54 57"/>
        </chains>
    </annotations>
</story>
