<?xml version="1.0" encoding="UTF-8" standalone="no"?>
<!DOCTYPE story SYSTEM "../InScript.dtd">
<story id="021" scenario="bicycle">
    <text>
        <content>One time I drove over a piece of glass and it put a hole into my bicycle tire . 
I had to walk my bicycle all the way home , which was very unpleasant , and then I could not use my bike again until I had fixed it . 
So I looked up online how to fix a punctured tire , and went to the hardware store to pick up the necessary tools . 
After purchasing these tools I pumped some air into the tire to locate the hole and then I took the tire off of the wheel to repair it . 
I followed the directions on the repair kit which were actually very simple . 
After I had patched the hole , I waited for the adhesive material to dry and then I took the bike out for a short test run to make sure that if the tire failed again I would not be far from home . </content>
        <sentences>
            <sentence id="1">
                <token content="One" id="1-1">
                    <pos type="CD"/>
                    <lemma type="one"/>
                </token>
                <token content="time" id="1-2">
                    <pos type="NN"/>
                    <lemma type="time"/>
                    <dep head="1-4" type="dep"/>
                </token>
                <token content="I" id="1-3">
                    <pos type="PRP"/>
                    <lemma type="I"/>
                    <dep head="1-4" type="nsubj"/>
                </token>
                <token content="drove" id="1-4">
                    <pos type="VBD"/>
                    <lemma type="drive"/>
                </token>
                <token content="over" id="1-5"/>
                <token content="a" id="1-6">
                    <pos type="DT"/>
                    <lemma type="a"/>
                </token>
                <token content="piece" id="1-7">
                    <pos type="NN"/>
                    <lemma type="piece"/>
                    <dep head="1-4" type="prep"/>
                </token>
                <token content="of" id="1-8"/>
                <token content="glass" id="1-9">
                    <pos type="NN"/>
                    <lemma type="glass"/>
                </token>
                <token content="and" id="1-10"/>
                <token content="it" id="1-11">
                    <pos type="PRP"/>
                    <lemma type="it"/>
                    <dep head="1-12" type="nsubj"/>
                </token>
                <token content="put" id="1-12">
                    <pos type="VBD"/>
                    <lemma type="put"/>
                    <dep head="1-4" type="conj"/>
                </token>
                <token content="a" id="1-13">
                    <pos type="DT"/>
                    <lemma type="a"/>
                </token>
                <token content="hole" id="1-14">
                    <pos type="NN"/>
                    <lemma type="hole"/>
                    <dep head="1-12" type="dobj"/>
                </token>
                <token content="into" id="1-15"/>
                <token content="my" id="1-16">
                    <pos type="PRP$"/>
                    <lemma type="my"/>
                </token>
                <token content="bicycle" id="1-17">
                    <pos type="NN"/>
                    <lemma type="bicycle"/>
                </token>
                <token content="tire" id="1-18">
                    <pos type="NN"/>
                    <lemma type="tire"/>
                    <dep head="1-12" type="prep"/>
                </token>
                <token content="." id="1-19"/>
            </sentence>
            <sentence id="2">
                <token content="I" id="2-1">
                    <pos type="PRP"/>
                    <lemma type="I"/>
                    <dep head="2-2" type="nsubj"/>
                </token>
                <token content="had" id="2-2">
                    <pos type="VBD"/>
                    <lemma type="have"/>
                </token>
                <token content="to" id="2-3">
                    <pos type="TO"/>
                    <lemma type="to"/>
                    <dep head="2-4" type="aux"/>
                </token>
                <token content="walk" id="2-4">
                    <pos type="VB"/>
                    <lemma type="walk"/>
                    <dep head="2-2" type="xcomp"/>
                </token>
                <token content="my" id="2-5">
                    <pos type="PRP$"/>
                    <lemma type="my"/>
                </token>
                <token content="bicycle" id="2-6">
                    <pos type="NN"/>
                    <lemma type="bicycle"/>
                    <dep head="2-4" type="dep"/>
                </token>
                <token content="all" id="2-7">
                    <pos type="PDT"/>
                    <lemma type="all"/>
                </token>
                <token content="the" id="2-8">
                    <pos type="DT"/>
                    <lemma type="the"/>
                </token>
                <token content="way" id="2-9">
                    <pos type="NN"/>
                    <lemma type="way"/>
                </token>
                <token content="home" id="2-10">
                    <pos type="NN"/>
                    <lemma type="home"/>
                    <dep head="2-4" type="dobj"/>
                </token>
                <token content="," id="2-11"/>
                <token content="which" id="2-12">
                    <pos type="WDT"/>
                    <lemma type="which"/>
                </token>
                <token content="was" id="2-13">
                    <pos type="VBD"/>
                    <lemma type="be"/>
                </token>
                <token content="very" id="2-14">
                    <pos type="RB"/>
                    <lemma type="very"/>
                </token>
                <token content="unpleasant" id="2-15">
                    <pos type="JJ"/>
                    <lemma type="unpleasant"/>
                </token>
                <token content="," id="2-16"/>
                <token content="and" id="2-17"/>
                <token content="then" id="2-18">
                    <pos type="RB"/>
                    <lemma type="then"/>
                    <dep head="2-22" type="advmod"/>
                </token>
                <token content="I" id="2-19">
                    <pos type="PRP"/>
                    <lemma type="I"/>
                    <dep head="2-22" type="nsubj"/>
                </token>
                <token content="could" id="2-20">
                    <pos type="MD"/>
                    <lemma type="could"/>
                    <dep head="2-22" type="aux"/>
                </token>
                <token content="not" id="2-21">
                    <pos type="RB"/>
                    <lemma type="not"/>
                    <dep head="2-22" type="neg"/>
                </token>
                <token content="use" id="2-22">
                    <pos type="VB"/>
                    <lemma type="use"/>
                    <dep head="2-2" type="conj"/>
                </token>
                <token content="my" id="2-23">
                    <pos type="PRP$"/>
                    <lemma type="my"/>
                </token>
                <token content="bike" id="2-24">
                    <pos type="NN"/>
                    <lemma type="bike"/>
                    <dep head="2-22" type="dobj"/>
                </token>
                <token content="again" id="2-25">
                    <pos type="RB"/>
                    <lemma type="again"/>
                    <dep head="2-22" type="advmod"/>
                </token>
                <token content="until" id="2-26">
                    <pos type="IN"/>
                    <lemma type="until"/>
                    <dep head="2-29" type="mark"/>
                </token>
                <token content="I" id="2-27">
                    <pos type="PRP"/>
                    <lemma type="I"/>
                    <dep head="2-29" type="nsubj"/>
                </token>
                <token content="had" id="2-28">
                    <pos type="VBD"/>
                    <lemma type="have"/>
                    <dep head="2-29" type="aux"/>
                </token>
                <token content="fixed" id="2-29">
                    <pos type="VBN"/>
                    <lemma type="fix"/>
                    <dep head="2-22" type="advcl"/>
                </token>
                <token content="it" id="2-30">
                    <pos type="PRP"/>
                    <lemma type="it"/>
                    <dep head="2-29" type="dobj"/>
                </token>
                <token content="." id="2-31"/>
            </sentence>
            <sentence id="3">
                <token content="So" id="3-1">
                    <pos type="IN"/>
                    <lemma type="so"/>
                    <dep head="3-3" type="dep"/>
                </token>
                <token content="I" id="3-2">
                    <pos type="PRP"/>
                    <lemma type="I"/>
                    <dep head="3-3" type="nsubj"/>
                </token>
                <token content="looked" id="3-3">
                    <pos type="VBD"/>
                    <lemma type="look"/>
                </token>
                <token content="up" id="3-4">
                    <pos type="RP"/>
                    <lemma type="up"/>
                    <dep head="3-3" type="prt"/>
                </token>
                <token content="online" id="3-5">
                    <pos type="VBG"/>
                    <lemma type="online"/>
                    <dep head="3-3" type="xcomp"/>
                </token>
                <token content="how" id="3-6">
                    <pos type="WRB"/>
                    <lemma type="how"/>
                    <dep head="3-8" type="advmod"/>
                </token>
                <token content="to" id="3-7">
                    <pos type="TO"/>
                    <lemma type="to"/>
                    <dep head="3-8" type="aux"/>
                </token>
                <token content="fix" id="3-8">
                    <pos type="VB"/>
                    <lemma type="fix"/>
                    <dep head="3-5" type="ccomp"/>
                </token>
                <token content="a" id="3-9">
                    <pos type="DT"/>
                    <lemma type="a"/>
                </token>
                <token content="punctured" id="3-10">
                    <pos type="JJ"/>
                    <lemma type="punctured"/>
                </token>
                <token content="tire" id="3-11">
                    <pos type="NN"/>
                    <lemma type="tire"/>
                    <dep head="3-8" type="dobj"/>
                </token>
                <token content="," id="3-12"/>
                <token content="and" id="3-13"/>
                <token content="went" id="3-14">
                    <pos type="VBD"/>
                    <lemma type="go"/>
                    <dep head="3-3" type="conj"/>
                </token>
                <token content="to" id="3-15"/>
                <token content="the" id="3-16">
                    <pos type="DT"/>
                    <lemma type="the"/>
                </token>
                <token content="hardware" id="3-17">
                    <pos type="NN"/>
                    <lemma type="hardware"/>
                </token>
                <token content="store" id="3-18">
                    <pos type="NN"/>
                    <lemma type="store"/>
                    <dep head="3-14" type="prep"/>
                </token>
                <token content="to" id="3-19">
                    <pos type="TO"/>
                    <lemma type="to"/>
                    <dep head="3-20" type="aux"/>
                </token>
                <token content="pick" id="3-20">
                    <pos type="VB"/>
                    <lemma type="pick"/>
                    <dep head="3-14" type="xcomp"/>
                </token>
                <token content="up" id="3-21">
                    <pos type="RP"/>
                    <lemma type="up"/>
                    <dep head="3-20" type="prt"/>
                </token>
                <token content="the" id="3-22">
                    <pos type="DT"/>
                    <lemma type="the"/>
                </token>
                <token content="necessary" id="3-23">
                    <pos type="JJ"/>
                    <lemma type="necessary"/>
                </token>
                <token content="tools" id="3-24">
                    <pos type="NNS"/>
                    <lemma type="tool"/>
                    <dep head="3-20" type="dobj"/>
                </token>
                <token content="." id="3-25"/>
            </sentence>
            <sentence id="4">
                <token content="After" id="4-1"/>
                <token content="purchasing" id="4-2">
                    <pos type="VBG"/>
                    <lemma type="purchase"/>
                    <dep head="4-6" type="prepc"/>
                </token>
                <token content="these" id="4-3">
                    <pos type="DT"/>
                    <lemma type="these"/>
                </token>
                <token content="tools" id="4-4">
                    <pos type="NNS"/>
                    <lemma type="tool"/>
                    <dep head="4-2" type="dobj"/>
                </token>
                <token content="I" id="4-5">
                    <pos type="PRP"/>
                    <lemma type="I"/>
                    <dep head="4-6" type="nsubj"/>
                </token>
                <token content="pumped" id="4-6">
                    <pos type="VBD"/>
                    <lemma type="pump"/>
                </token>
                <token content="some" id="4-7">
                    <pos type="DT"/>
                    <lemma type="some"/>
                </token>
                <token content="air" id="4-8">
                    <pos type="NN"/>
                    <lemma type="air"/>
                    <dep head="4-6" type="dobj"/>
                </token>
                <token content="into" id="4-9"/>
                <token content="the" id="4-10">
                    <pos type="DT"/>
                    <lemma type="the"/>
                </token>
                <token content="tire" id="4-11">
                    <pos type="NN"/>
                    <lemma type="tire"/>
                    <dep head="4-6" type="prep"/>
                </token>
                <token content="to" id="4-12">
                    <pos type="TO"/>
                    <lemma type="to"/>
                    <dep head="4-13" type="aux"/>
                </token>
                <token content="locate" id="4-13">
                    <pos type="VB"/>
                    <lemma type="locate"/>
                    <dep head="4-6" type="vmod"/>
                </token>
                <token content="the" id="4-14">
                    <pos type="DT"/>
                    <lemma type="the"/>
                </token>
                <token content="hole" id="4-15">
                    <pos type="NN"/>
                    <lemma type="hole"/>
                    <dep head="4-13" type="dobj"/>
                </token>
                <token content="and" id="4-16"/>
                <token content="then" id="4-17">
                    <pos type="RB"/>
                    <lemma type="then"/>
                    <dep head="4-19" type="advmod"/>
                </token>
                <token content="I" id="4-18">
                    <pos type="PRP"/>
                    <lemma type="I"/>
                    <dep head="4-19" type="nsubj"/>
                </token>
                <token content="took" id="4-19">
                    <pos type="VBD"/>
                    <lemma type="take"/>
                    <dep head="4-6" type="conj"/>
                </token>
                <token content="the" id="4-20">
                    <pos type="DT"/>
                    <lemma type="the"/>
                </token>
                <token content="tire" id="4-21">
                    <pos type="NN"/>
                    <lemma type="tire"/>
                    <dep head="4-19" type="dobj"/>
                </token>
                <token content="off" id="4-22"/>
                <token content="of" id="4-23"/>
                <token content="the" id="4-24">
                    <pos type="DT"/>
                    <lemma type="the"/>
                </token>
                <token content="wheel" id="4-25">
                    <pos type="NN"/>
                    <lemma type="wheel"/>
                    <dep head="4-19" type="prep"/>
                </token>
                <token content="to" id="4-26">
                    <pos type="TO"/>
                    <lemma type="to"/>
                    <dep head="4-27" type="aux"/>
                </token>
                <token content="repair" id="4-27">
                    <pos type="VB"/>
                    <lemma type="repair"/>
                    <dep head="4-19" type="vmod"/>
                </token>
                <token content="it" id="4-28">
                    <pos type="PRP"/>
                    <lemma type="it"/>
                    <dep head="4-27" type="dobj"/>
                </token>
                <token content="." id="4-29"/>
            </sentence>
            <sentence id="5">
                <token content="I" id="5-1">
                    <pos type="PRP"/>
                    <lemma type="I"/>
                    <dep head="5-2" type="nsubj"/>
                </token>
                <token content="followed" id="5-2">
                    <pos type="VBD"/>
                    <lemma type="follow"/>
                </token>
                <token content="the" id="5-3">
                    <pos type="DT"/>
                    <lemma type="the"/>
                </token>
                <token content="directions" id="5-4">
                    <pos type="NNS"/>
                    <lemma type="direction"/>
                    <dep head="5-2" type="dobj"/>
                </token>
                <token content="on" id="5-5"/>
                <token content="the" id="5-6">
                    <pos type="DT"/>
                    <lemma type="the"/>
                </token>
                <token content="repair" id="5-7">
                    <pos type="NN"/>
                    <lemma type="repair"/>
                </token>
                <token content="kit" id="5-8">
                    <pos type="NN"/>
                    <lemma type="kit"/>
                    <dep head="5-2" type="prep"/>
                </token>
                <token content="which" id="5-9">
                    <pos type="WDT"/>
                    <lemma type="which"/>
                </token>
                <token content="were" id="5-10">
                    <pos type="VBD"/>
                    <lemma type="be"/>
                </token>
                <token content="actually" id="5-11">
                    <pos type="RB"/>
                    <lemma type="actually"/>
                </token>
                <token content="very" id="5-12">
                    <pos type="RB"/>
                    <lemma type="very"/>
                </token>
                <token content="simple" id="5-13">
                    <pos type="JJ"/>
                    <lemma type="simple"/>
                </token>
                <token content="." id="5-14"/>
            </sentence>
            <sentence id="6">
                <token content="After" id="6-1">
                    <pos type="IN"/>
                    <lemma type="after"/>
                    <dep head="6-4" type="mark"/>
                </token>
                <token content="I" id="6-2">
                    <pos type="PRP"/>
                    <lemma type="I"/>
                    <dep head="6-4" type="nsubj"/>
                </token>
                <token content="had" id="6-3">
                    <pos type="VBD"/>
                    <lemma type="have"/>
                    <dep head="6-4" type="aux"/>
                </token>
                <token content="patched" id="6-4">
                    <pos type="VBN"/>
                    <lemma type="patch"/>
                    <dep head="6-9" type="advcl"/>
                </token>
                <token content="the" id="6-5">
                    <pos type="DT"/>
                    <lemma type="the"/>
                </token>
                <token content="hole" id="6-6">
                    <pos type="NN"/>
                    <lemma type="hole"/>
                    <dep head="6-4" type="dobj"/>
                </token>
                <token content="," id="6-7"/>
                <token content="I" id="6-8">
                    <pos type="PRP"/>
                    <lemma type="I"/>
                    <dep head="6-9" type="nsubj"/>
                </token>
                <token content="waited" id="6-9">
                    <pos type="VBD"/>
                    <lemma type="wait"/>
                </token>
                <token content="for" id="6-10"/>
                <token content="the" id="6-11">
                    <pos type="DT"/>
                    <lemma type="the"/>
                </token>
                <token content="adhesive" id="6-12">
                    <pos type="JJ"/>
                    <lemma type="adhesive"/>
                </token>
                <token content="material" id="6-13">
                    <pos type="NN"/>
                    <lemma type="material"/>
                    <dep head="6-9" type="prep"/>
                </token>
                <token content="to" id="6-14">
                    <pos type="TO"/>
                    <lemma type="to"/>
                    <dep head="6-15" type="aux"/>
                </token>
                <token content="dry" id="6-15">
                    <pos type="VB"/>
                    <lemma type="dry"/>
                    <dep head="6-9" type="xcomp"/>
                </token>
                <token content="and" id="6-16"/>
                <token content="then" id="6-17">
                    <pos type="RB"/>
                    <lemma type="then"/>
                    <dep head="6-19" type="advmod"/>
                </token>
                <token content="I" id="6-18">
                    <pos type="PRP"/>
                    <lemma type="I"/>
                    <dep head="6-19" type="nsubj"/>
                </token>
                <token content="took" id="6-19">
                    <pos type="VBD"/>
                    <lemma type="take"/>
                    <dep head="6-9" type="conj"/>
                </token>
                <token content="the" id="6-20">
                    <pos type="DT"/>
                    <lemma type="the"/>
                </token>
                <token content="bike" id="6-21">
                    <pos type="NN"/>
                    <lemma type="bike"/>
                    <dep head="6-19" type="dobj"/>
                </token>
                <token content="out" id="6-22">
                    <pos type="RB"/>
                    <lemma type="out"/>
                    <dep head="6-19" type="advmod"/>
                </token>
                <token content="for" id="6-23"/>
                <token content="a" id="6-24">
                    <pos type="DT"/>
                    <lemma type="a"/>
                </token>
                <token content="short" id="6-25">
                    <pos type="JJ"/>
                    <lemma type="short"/>
                </token>
                <token content="test" id="6-26">
                    <pos type="NN"/>
                    <lemma type="test"/>
                    <dep head="6-19" type="prep"/>
                </token>
                <token content="run" id="6-27">
                    <pos type="VBN"/>
                    <lemma type="run"/>
                </token>
                <token content="to" id="6-28">
                    <pos type="TO"/>
                    <lemma type="to"/>
                    <dep head="6-29" type="aux"/>
                </token>
                <token content="make" id="6-29">
                    <pos type="VB"/>
                    <lemma type="make"/>
                    <dep head="6-27" type="xcomp"/>
                </token>
                <token content="sure" id="6-30">
                    <pos type="JJ"/>
                    <lemma type="sure"/>
                    <dep head="6-29" type="acomp"/>
                </token>
                <token content="that" id="6-31">
                    <pos type="IN"/>
                    <lemma type="that"/>
                    <dep head="6-40" type="mark"/>
                </token>
                <token content="if" id="6-32">
                    <pos type="IN"/>
                    <lemma type="if"/>
                    <dep head="6-35" type="mark"/>
                </token>
                <token content="the" id="6-33">
                    <pos type="DT"/>
                    <lemma type="the"/>
                </token>
                <token content="tire" id="6-34">
                    <pos type="NN"/>
                    <lemma type="tire"/>
                    <dep head="6-35" type="nsubj"/>
                </token>
                <token content="failed" id="6-35">
                    <pos type="VBD"/>
                    <lemma type="fail"/>
                    <dep head="6-40" type="advcl"/>
                </token>
                <token content="again" id="6-36">
                    <pos type="RB"/>
                    <lemma type="again"/>
                    <dep head="6-35" type="advmod"/>
                </token>
                <token content="I" id="6-37">
                    <pos type="PRP"/>
                    <lemma type="I"/>
                    <dep head="6-40" type="nsubj"/>
                </token>
                <token content="would" id="6-38">
                    <pos type="MD"/>
                    <lemma type="would"/>
                    <dep head="6-40" type="aux"/>
                </token>
                <token content="not" id="6-39">
                    <pos type="RB"/>
                    <lemma type="not"/>
                    <dep head="6-40" type="neg"/>
                </token>
                <token content="be" id="6-40">
                    <pos type="VB"/>
                    <lemma type="be"/>
                    <dep head="6-29" type="ccomp"/>
                </token>
                <token content="far" id="6-41"/>
                <token content="from" id="6-42"/>
                <token content="home" id="6-43">
                    <pos type="NN"/>
                    <lemma type="home"/>
                    <dep head="6-40" type="prep"/>
                </token>
                <token content="." id="6-44"/>
            </sentence>
        </sentences>
    </text>
    <annotations>
        <participants>
            <label from="1-2" id="0" name="No_label" text="time" type="participant"/>
            <label from="1-3" id="1" name="ScrPart_rider" text="I" type="participant"/>
            <label from="1-7" id="2" name="ScrPart_object_damage" text="piece" type="participant"/>
            <label from="1-9" id="3" name="ScrPart_object_damage" text="glass" type="participant"/>
            <label from="1-11" id="4" name="ScrPart_object_damage" text="it" type="participant"/>
            <label from="1-14" id="5" name="ScrPart_object_damage" text="hole" type="participant"/>
            <label from="1-16" id="6" name="ScrPart_rider" text="my" type="participant"/>
            <label from="1-17" id="7" name="ScrPart_tire" text="bicycle tire" to="1-18" type="participant"/>
            <label from="1-18" id="8" name="ScrPart_tire" text="tire" type="participant"/>
            <label from="2-1" id="9" name="ScrPart_rider" text="I" type="participant"/>
            <label from="2-5" id="10" name="ScrPart_rider" text="my" type="participant"/>
            <label from="2-6" id="11" name="ScrPart_bicycle" text="bicycle" type="participant"/>
            <label from="2-9" id="12" name="No_label" text="way" type="participant"/>
            <label from="2-10" id="13" name="ScrPart_location_repair" text="home" type="participant"/>
            <label from="2-19" id="14" name="ScrPart_rider" text="I" type="participant"/>
            <label from="2-23" id="15" name="ScrPart_rider" text="my" type="participant"/>
            <label from="2-24" id="16" name="ScrPart_bicycle" text="bike" type="participant"/>
            <label from="2-27" id="17" name="ScrPart_rider" text="I" type="participant"/>
            <label from="2-30" id="18" name="ScrPart_bicycle" text="it" type="participant"/>
            <label from="3-2" id="19" name="ScrPart_rider" text="I" type="participant"/>
            <label from="3-11" id="20" name="ScrPart_tire" text="tire" type="participant"/>
            <label from="3-17" id="21" name="ScrPart_shop" text="hardware store" to="3-18" type="participant"/>
            <label from="3-18" id="22" name="ScrPart_shop" text="store" type="participant"/>
            <label from="3-24" id="23" name="ScrPart_tool" text="tools" type="participant"/>
            <label from="4-4" id="24" name="ScrPart_tool" text="tools" type="participant"/>
            <label from="4-5" id="25" name="ScrPart_rider" text="I" type="participant"/>
            <label from="4-8" id="26" name="ScrPart_air" text="air" type="participant"/>
            <label from="4-11" id="27" name="ScrPart_tire" text="tire" type="participant"/>
            <label from="4-15" id="28" name="ScrPart_object_damage" text="hole" type="participant"/>
            <label from="4-18" id="29" name="ScrPart_rider" text="I" type="participant"/>
            <label from="4-21" id="30" name="ScrPart_tire" text="tire" type="participant"/>
            <label from="4-25" id="31" name="ScrPart_wheel" text="wheel" type="participant"/>
            <label from="4-28" id="32" name="ScrPart_tire" text="it" type="participant"/>
            <label from="5-1" id="33" name="ScrPart_rider" text="I" type="participant"/>
            <label from="5-4" id="34" name="ScrPart_other" text="directions" type="participant"/>
            <label from="5-7" id="35" name="ScrPart_tool" text="repair kit" to="5-8" type="participant"/>
            <label from="5-8" id="36" name="ScrPart_tool" text="kit" type="participant"/>
            <label from="6-2" id="37" name="ScrPart_rider" text="I" type="participant"/>
            <label from="6-6" id="38" name="ScrPart_object_damage" text="hole" type="participant"/>
            <label from="6-8" id="39" name="ScrPart_rider" text="I" type="participant"/>
            <label from="6-13" id="40" name="ScrPart_patch" text="material" type="participant"/>
            <label from="6-18" id="41" name="ScrPart_rider" text="I" type="participant"/>
            <label from="6-21" id="42" name="ScrPart_bicycle" text="bike" type="participant"/>
            <label from="6-26" id="43" name="SuppVComp" text="test run" to="6-27" type="participant"/>
            <label from="6-27" id="44" name="SuppVComp" text="run" type="participant"/>
            <label from="6-34" id="45" name="ScrPart_tire" text="tire" type="participant"/>
            <label from="6-37" id="46" name="ScrPart_rider" text="I" type="participant"/>
            <label from="6-43" id="47" name="ScrPart_location_repair" text="home" type="participant"/>
        </participants>
        <events>
            <label from="1-4" id="48" name="ScrEv_ride_bike" text="drove" type="event"/>
            <label from="1-12" id="49" name="RelNScrEv" text="put" type="event"/>
            <label from="2-4" id="50" name="RelNScrEv" text="walk" type="event"/>
            <label from="2-13" id="51" name="UnrelEv" text="was" type="event"/>
            <label from="2-22" id="52" name="ScrEv_ride_bike" text="use" type="event"/>
            <label from="2-29" id="53" name="Evoking" text="fixed it" to="2-30" type="event"/>
            <label from="3-3" id="54" name="RelNScrEv" text="looked up" to="3-4" type="event"/>
            <label from="3-8" id="55" name="Evoking" text="fix a punctured tire" to="3-11" type="event"/>
            <label from="3-10" id="56" name="RelNScrEv" text="punctured" type="event"/>
            <label from="3-14" id="57" name="RelNScrEv" text="went" type="event"/>
            <label from="3-20" id="58" name="ScrEv_get_tools" text="pick up" to="3-21" type="event"/>
            <label from="4-2" id="59" name="ScrEv_get_tools" text="purchasing" type="event"/>
            <label from="4-6" id="60" name="ScrEv_refill_tire_air" text="pumped" type="event"/>
            <label from="4-13" id="61" name="RelNScrEv" text="locate" type="event"/>
            <label from="4-19" id="62" name="ScrEv_take_tire_off" text="took" type="event"/>
            <label from="4-27" id="63" name="Evoking" text="repair it" to="4-28" type="event"/>
            <label from="5-2" id="64" name="UnrelEv" text="followed" type="event"/>
            <label from="5-10" id="65" name="UnrelEv" text="were" type="event"/>
            <label from="6-4" id="66" name="ScrEv_put_patch/seal" text="patched" type="event"/>
            <label from="6-9" id="67" name="RelNScrEv" text="waited" type="event"/>
            <label from="6-15" id="68" name="RelNScrEv" text="dry" type="event"/>
            <label from="6-19" id="69" name="ScrEv_ride_bike" text="took" type="event"/>
            <label from="6-29" id="70" name="ScrEv_check_new_tire" text="make sure" to="6-30" type="event"/>
            <label from="6-35" id="71" name="RelNScrEv" text="failed" type="event"/>
            <label from="6-40" id="72" name="UnrelEv" text="be" type="event"/>
        </events>
        <chains>
            <chain elements="2 3 4"/>
            <chain elements="1 6 9 10 14 15 17 19 25 29 33 37 39 41 46"/>
            <chain elements="11 16 18 42"/>
            <chain elements="8 20 27 30 32 45"/>
            <chain elements="23 24"/>
            <chain elements="5 28 38"/>
            <chain elements="24 36" name="group_tools"/>
            <chain elements="13 47"/>
        </chains>
    </annotations>
</story>
