<?xml version="1.0" encoding="UTF-8" standalone="no"?>
<!DOCTYPE story SYSTEM "../InScript.dtd">
<story id="012" scenario="bicycle">
    <text>
        <content>While I was out riding my bike one warm spring day , one of the tires went flat . 
Fortunately I had a repair kit with me in a pouch on the bike . 
I always kept it with me on rides just in case of such an occurrence . 
I got off and went to the side of the trail out of the way of other bikers and runners . 
I lay the bike on its side and got the repair kit out of the pouch . 
The repair kit contained a new inner tube which I inflated . 
I then pulled the outer tire off of the inner tube . 
I replaced the flattened inner tube with the new one and replaced the outer tire over it . 
I rode off slowly to make sure everything was correctly in place . 
Once I got home , I replaced the spare tire kit with a new one so that I would be prepared on my next ride . </content>
        <sentences>
            <sentence id="1">
                <token content="While" id="1-1">
                    <pos type="IN"/>
                    <lemma type="while"/>
                </token>
                <token content="I" id="1-2">
                    <pos type="PRP"/>
                    <lemma type="I"/>
                </token>
                <token content="was" id="1-3">
                    <pos type="VBD"/>
                    <lemma type="be"/>
                </token>
                <token content="out" id="1-4"/>
                <token content="riding" id="1-5">
                    <pos type="VBG"/>
                    <lemma type="ride"/>
                </token>
                <token content="my" id="1-6">
                    <pos type="PRP$"/>
                    <lemma type="my"/>
                </token>
                <token content="bike" id="1-7">
                    <pos type="NN"/>
                    <lemma type="bike"/>
                </token>
                <token content="one" id="1-8">
                    <pos type="NN"/>
                    <lemma type="one"/>
                    <dep head="1-5" type="dobj"/>
                </token>
                <token content="warm" id="1-9">
                    <pos type="JJ"/>
                    <lemma type="warm"/>
                </token>
                <token content="spring" id="1-10">
                    <pos type="NN"/>
                    <lemma type="spring"/>
                    <dep head="1-5" type="tmod"/>
                </token>
                <token content="day" id="1-11">
                    <pos type="NN"/>
                    <lemma type="day"/>
                    <dep head="1-17" type="advcl"/>
                </token>
                <token content="," id="1-12"/>
                <token content="one" id="1-13">
                    <pos type="CD"/>
                    <lemma type="one"/>
                    <dep head="1-17" type="nsubj"/>
                </token>
                <token content="of" id="1-14"/>
                <token content="the" id="1-15">
                    <pos type="DT"/>
                    <lemma type="the"/>
                </token>
                <token content="tires" id="1-16">
                    <pos type="NNS"/>
                    <lemma type="tire"/>
                </token>
                <token content="went" id="1-17">
                    <pos type="VBD"/>
                    <lemma type="go"/>
                </token>
                <token content="flat" id="1-18">
                    <pos type="JJ"/>
                    <lemma type="flat"/>
                    <dep head="1-17" type="acomp"/>
                </token>
                <token content="." id="1-19"/>
            </sentence>
            <sentence id="2">
                <token content="Fortunately" id="2-1">
                    <pos type="RB"/>
                    <lemma type="fortunately"/>
                    <dep head="2-3" type="advmod"/>
                </token>
                <token content="I" id="2-2">
                    <pos type="PRP"/>
                    <lemma type="I"/>
                    <dep head="2-3" type="nsubj"/>
                </token>
                <token content="had" id="2-3">
                    <pos type="VBD"/>
                    <lemma type="have"/>
                </token>
                <token content="a" id="2-4">
                    <pos type="DT"/>
                    <lemma type="a"/>
                </token>
                <token content="repair" id="2-5">
                    <pos type="NN"/>
                    <lemma type="repair"/>
                </token>
                <token content="kit" id="2-6">
                    <pos type="NN"/>
                    <lemma type="kit"/>
                    <dep head="2-3" type="dobj"/>
                </token>
                <token content="with" id="2-7"/>
                <token content="me" id="2-8">
                    <pos type="PRP"/>
                    <lemma type="I"/>
                </token>
                <token content="in" id="2-9"/>
                <token content="a" id="2-10">
                    <pos type="DT"/>
                    <lemma type="a"/>
                </token>
                <token content="pouch" id="2-11">
                    <pos type="NN"/>
                    <lemma type="pouch"/>
                    <dep head="2-3" type="prep"/>
                </token>
                <token content="on" id="2-12"/>
                <token content="the" id="2-13">
                    <pos type="DT"/>
                    <lemma type="the"/>
                </token>
                <token content="bike" id="2-14">
                    <pos type="NN"/>
                    <lemma type="bike"/>
                </token>
                <token content="." id="2-15"/>
            </sentence>
            <sentence id="3">
                <token content="I" id="3-1">
                    <pos type="PRP"/>
                    <lemma type="I"/>
                    <dep head="3-3" type="nsubj"/>
                </token>
                <token content="always" id="3-2">
                    <pos type="RB"/>
                    <lemma type="always"/>
                    <dep head="3-3" type="advmod"/>
                </token>
                <token content="kept" id="3-3">
                    <pos type="VBD"/>
                    <lemma type="keep"/>
                </token>
                <token content="it" id="3-4">
                    <pos type="PRP"/>
                    <lemma type="it"/>
                    <dep head="3-3" type="dobj"/>
                </token>
                <token content="with" id="3-5"/>
                <token content="me" id="3-6">
                    <pos type="PRP"/>
                    <lemma type="I"/>
                    <dep head="3-3" type="prep"/>
                </token>
                <token content="on" id="3-7"/>
                <token content="rides" id="3-8">
                    <pos type="NNS"/>
                    <lemma type="ride"/>
                    <dep head="3-3" type="prep"/>
                </token>
                <token content="just" id="3-9">
                    <pos type="RB"/>
                    <lemma type="just"/>
                </token>
                <token content="in" id="3-10"/>
                <token content="case" id="3-11"/>
                <token content="of" id="3-12"/>
                <token content="such" id="3-13">
                    <pos type="PDT"/>
                    <lemma type="such"/>
                </token>
                <token content="an" id="3-14">
                    <pos type="DT"/>
                    <lemma type="a"/>
                </token>
                <token content="occurrence" id="3-15">
                    <pos type="NN"/>
                    <lemma type="occurrence"/>
                </token>
                <token content="." id="3-16"/>
            </sentence>
            <sentence id="4">
                <token content="I" id="4-1">
                    <pos type="PRP"/>
                    <lemma type="I"/>
                    <dep head="4-2" type="nsubj"/>
                </token>
                <token content="got" id="4-2">
                    <pos type="VBD"/>
                    <lemma type="get"/>
                </token>
                <token content="off" id="4-3">
                    <pos type="RP"/>
                    <lemma type="off"/>
                    <dep head="4-2" type="prt"/>
                </token>
                <token content="and" id="4-4"/>
                <token content="went" id="4-5">
                    <pos type="VBD"/>
                    <lemma type="go"/>
                    <dep head="4-2" type="conj"/>
                </token>
                <token content="to" id="4-6"/>
                <token content="the" id="4-7">
                    <pos type="DT"/>
                    <lemma type="the"/>
                </token>
                <token content="side" id="4-8">
                    <pos type="NN"/>
                    <lemma type="side"/>
                    <dep head="4-5" type="prep"/>
                </token>
                <token content="of" id="4-9"/>
                <token content="the" id="4-10">
                    <pos type="DT"/>
                    <lemma type="the"/>
                </token>
                <token content="trail" id="4-11">
                    <pos type="NN"/>
                    <lemma type="trail"/>
                </token>
                <token content="out" id="4-12"/>
                <token content="of" id="4-13"/>
                <token content="the" id="4-14">
                    <pos type="DT"/>
                    <lemma type="the"/>
                </token>
                <token content="way" id="4-15">
                    <pos type="NN"/>
                    <lemma type="way"/>
                </token>
                <token content="of" id="4-16"/>
                <token content="other" id="4-17">
                    <pos type="JJ"/>
                    <lemma type="other"/>
                </token>
                <token content="bikers" id="4-18">
                    <pos type="NNS"/>
                    <lemma type="biker"/>
                </token>
                <token content="and" id="4-19"/>
                <token content="runners" id="4-20">
                    <pos type="NNS"/>
                    <lemma type="runner"/>
                </token>
                <token content="." id="4-21"/>
            </sentence>
            <sentence id="5">
                <token content="I" id="5-1">
                    <pos type="PRP"/>
                    <lemma type="I"/>
                    <dep head="5-2" type="nsubj"/>
                </token>
                <token content="lay" id="5-2">
                    <pos type="VBD"/>
                    <lemma type="lay"/>
                </token>
                <token content="the" id="5-3">
                    <pos type="DT"/>
                    <lemma type="the"/>
                </token>
                <token content="bike" id="5-4">
                    <pos type="NN"/>
                    <lemma type="bike"/>
                    <dep head="5-2" type="dobj"/>
                </token>
                <token content="on" id="5-5"/>
                <token content="its" id="5-6">
                    <pos type="PRP$"/>
                    <lemma type="its"/>
                </token>
                <token content="side" id="5-7">
                    <pos type="NN"/>
                    <lemma type="side"/>
                    <dep head="5-2" type="prep"/>
                </token>
                <token content="and" id="5-8"/>
                <token content="got" id="5-9">
                    <pos type="VBD"/>
                    <lemma type="get"/>
                    <dep head="5-2" type="conj"/>
                </token>
                <token content="the" id="5-10">
                    <pos type="DT"/>
                    <lemma type="the"/>
                </token>
                <token content="repair" id="5-11">
                    <pos type="NN"/>
                    <lemma type="repair"/>
                </token>
                <token content="kit" id="5-12">
                    <pos type="NN"/>
                    <lemma type="kit"/>
                    <dep head="5-9" type="dobj"/>
                </token>
                <token content="out" id="5-13"/>
                <token content="of" id="5-14"/>
                <token content="the" id="5-15">
                    <pos type="DT"/>
                    <lemma type="the"/>
                </token>
                <token content="pouch" id="5-16">
                    <pos type="NN"/>
                    <lemma type="pouch"/>
                    <dep head="5-9" type="prep"/>
                </token>
                <token content="." id="5-17"/>
            </sentence>
            <sentence id="6">
                <token content="The" id="6-1">
                    <pos type="DT"/>
                    <lemma type="the"/>
                </token>
                <token content="repair" id="6-2">
                    <pos type="NN"/>
                    <lemma type="repair"/>
                </token>
                <token content="kit" id="6-3">
                    <pos type="NN"/>
                    <lemma type="kit"/>
                    <dep head="6-4" type="nsubj"/>
                </token>
                <token content="contained" id="6-4">
                    <pos type="VBD"/>
                    <lemma type="contain"/>
                </token>
                <token content="a" id="6-5">
                    <pos type="DT"/>
                    <lemma type="a"/>
                </token>
                <token content="new" id="6-6">
                    <pos type="JJ"/>
                    <lemma type="new"/>
                </token>
                <token content="inner" id="6-7">
                    <pos type="JJ"/>
                    <lemma type="inner"/>
                </token>
                <token content="tube" id="6-8">
                    <pos type="NN"/>
                    <lemma type="tube"/>
                    <dep head="6-4" type="dobj"/>
                </token>
                <token content="which" id="6-9">
                    <pos type="WDT"/>
                    <lemma type="which"/>
                    <dep head="6-11" type="dobj"/>
                </token>
                <token content="I" id="6-10">
                    <pos type="PRP"/>
                    <lemma type="I"/>
                    <dep head="6-11" type="nsubj"/>
                </token>
                <token content="inflated" id="6-11">
                    <pos type="VBD"/>
                    <lemma type="inflate"/>
                </token>
                <token content="." id="6-12"/>
            </sentence>
            <sentence id="7">
                <token content="I" id="7-1">
                    <pos type="PRP"/>
                    <lemma type="I"/>
                    <dep head="7-3" type="nsubj"/>
                </token>
                <token content="then" id="7-2">
                    <pos type="RB"/>
                    <lemma type="then"/>
                    <dep head="7-3" type="advmod"/>
                </token>
                <token content="pulled" id="7-3">
                    <pos type="VBD"/>
                    <lemma type="pull"/>
                </token>
                <token content="the" id="7-4">
                    <pos type="DT"/>
                    <lemma type="the"/>
                </token>
                <token content="outer" id="7-5">
                    <pos type="JJ"/>
                    <lemma type="outer"/>
                </token>
                <token content="tire" id="7-6">
                    <pos type="NN"/>
                    <lemma type="tire"/>
                    <dep head="7-3" type="dobj"/>
                </token>
                <token content="off" id="7-7"/>
                <token content="of" id="7-8"/>
                <token content="the" id="7-9">
                    <pos type="DT"/>
                    <lemma type="the"/>
                </token>
                <token content="inner" id="7-10">
                    <pos type="JJ"/>
                    <lemma type="inner"/>
                </token>
                <token content="tube" id="7-11">
                    <pos type="NN"/>
                    <lemma type="tube"/>
                    <dep head="7-3" type="prep"/>
                </token>
                <token content="." id="7-12"/>
            </sentence>
            <sentence id="8">
                <token content="I" id="8-1">
                    <pos type="PRP"/>
                    <lemma type="I"/>
                    <dep head="8-2" type="nsubj"/>
                </token>
                <token content="replaced" id="8-2">
                    <pos type="VBD"/>
                    <lemma type="replace"/>
                </token>
                <token content="the" id="8-3">
                    <pos type="DT"/>
                    <lemma type="the"/>
                </token>
                <token content="flattened" id="8-4">
                    <pos type="JJ"/>
                    <lemma type="flattened"/>
                </token>
                <token content="inner" id="8-5">
                    <pos type="JJ"/>
                    <lemma type="inner"/>
                </token>
                <token content="tube" id="8-6">
                    <pos type="NN"/>
                    <lemma type="tube"/>
                    <dep head="8-2" type="dobj"/>
                </token>
                <token content="with" id="8-7"/>
                <token content="the" id="8-8">
                    <pos type="DT"/>
                    <lemma type="the"/>
                </token>
                <token content="new" id="8-9">
                    <pos type="JJ"/>
                    <lemma type="new"/>
                </token>
                <token content="one" id="8-10">
                    <pos type="NN"/>
                    <lemma type="one"/>
                    <dep head="8-2" type="prep"/>
                </token>
                <token content="and" id="8-11"/>
                <token content="replaced" id="8-12">
                    <pos type="VBD"/>
                    <lemma type="replace"/>
                    <dep head="8-2" type="conj"/>
                </token>
                <token content="the" id="8-13">
                    <pos type="DT"/>
                    <lemma type="the"/>
                </token>
                <token content="outer" id="8-14">
                    <pos type="JJ"/>
                    <lemma type="outer"/>
                </token>
                <token content="tire" id="8-15">
                    <pos type="NN"/>
                    <lemma type="tire"/>
                    <dep head="8-12" type="dobj"/>
                </token>
                <token content="over" id="8-16"/>
                <token content="it" id="8-17">
                    <pos type="PRP"/>
                    <lemma type="it"/>
                    <dep head="8-12" type="prep"/>
                </token>
                <token content="." id="8-18"/>
            </sentence>
            <sentence id="9">
                <token content="I" id="9-1">
                    <pos type="PRP"/>
                    <lemma type="I"/>
                    <dep head="9-2" type="nsubj"/>
                </token>
                <token content="rode" id="9-2">
                    <pos type="VBD"/>
                    <lemma type="ride"/>
                </token>
                <token content="off" id="9-3">
                    <pos type="RP"/>
                    <lemma type="off"/>
                    <dep head="9-2" type="prt"/>
                </token>
                <token content="slowly" id="9-4">
                    <pos type="RB"/>
                    <lemma type="slowly"/>
                    <dep head="9-2" type="advmod"/>
                </token>
                <token content="to" id="9-5">
                    <pos type="TO"/>
                    <lemma type="to"/>
                    <dep head="9-6" type="aux"/>
                </token>
                <token content="make" id="9-6">
                    <pos type="VB"/>
                    <lemma type="make"/>
                    <dep head="9-2" type="xcomp"/>
                </token>
                <token content="sure" id="9-7">
                    <pos type="JJ"/>
                    <lemma type="sure"/>
                    <dep head="9-6" type="acomp"/>
                </token>
                <token content="everything" id="9-8">
                    <pos type="NN"/>
                    <lemma type="everything"/>
                    <dep head="9-9" type="nsubj"/>
                </token>
                <token content="was" id="9-9">
                    <pos type="VBD"/>
                    <lemma type="be"/>
                </token>
                <token content="correctly" id="9-10">
                    <pos type="RB"/>
                    <lemma type="correctly"/>
                    <dep head="9-9" type="advmod"/>
                </token>
                <token content="in" id="9-11"/>
                <token content="place" id="9-12">
                    <pos type="NN"/>
                    <lemma type="place"/>
                    <dep head="9-9" type="prep"/>
                </token>
                <token content="." id="9-13"/>
            </sentence>
            <sentence id="10">
                <token content="Once" id="10-1">
                    <pos type="IN"/>
                    <lemma type="once"/>
                    <dep head="10-3" type="mark"/>
                </token>
                <token content="I" id="10-2">
                    <pos type="PRP"/>
                    <lemma type="I"/>
                    <dep head="10-3" type="nsubj"/>
                </token>
                <token content="got" id="10-3">
                    <pos type="VBD"/>
                    <lemma type="get"/>
                    <dep head="10-7" type="advcl"/>
                </token>
                <token content="home" id="10-4">
                    <pos type="NN"/>
                    <lemma type="home"/>
                    <dep head="10-3" type="dobj"/>
                </token>
                <token content="," id="10-5"/>
                <token content="I" id="10-6">
                    <pos type="PRP"/>
                    <lemma type="I"/>
                    <dep head="10-7" type="nsubj"/>
                </token>
                <token content="replaced" id="10-7">
                    <pos type="VBD"/>
                    <lemma type="replace"/>
                </token>
                <token content="the" id="10-8">
                    <pos type="DT"/>
                    <lemma type="the"/>
                </token>
                <token content="spare" id="10-9">
                    <pos type="JJ"/>
                    <lemma type="spare"/>
                </token>
                <token content="tire" id="10-10">
                    <pos type="NN"/>
                    <lemma type="tire"/>
                </token>
                <token content="kit" id="10-11">
                    <pos type="NN"/>
                    <lemma type="kit"/>
                    <dep head="10-7" type="dobj"/>
                </token>
                <token content="with" id="10-12"/>
                <token content="a" id="10-13">
                    <pos type="DT"/>
                    <lemma type="a"/>
                </token>
                <token content="new" id="10-14">
                    <pos type="JJ"/>
                    <lemma type="new"/>
                </token>
                <token content="one" id="10-15">
                    <pos type="NN"/>
                    <lemma type="one"/>
                    <dep head="10-7" type="prep"/>
                </token>
                <token content="so" id="10-16">
                    <pos type="RB"/>
                    <lemma type="so"/>
                    <dep head="10-21" type="advmod"/>
                </token>
                <token content="that" id="10-17">
                    <pos type="IN"/>
                    <lemma type="that"/>
                    <dep head="10-21" type="mark"/>
                </token>
                <token content="I" id="10-18">
                    <pos type="PRP"/>
                    <lemma type="I"/>
                    <dep head="10-21" type="nsubjpass"/>
                </token>
                <token content="would" id="10-19">
                    <pos type="MD"/>
                    <lemma type="would"/>
                    <dep head="10-21" type="aux"/>
                </token>
                <token content="be" id="10-20">
                    <pos type="VB"/>
                    <lemma type="be"/>
                    <dep head="10-21" type="auxpass"/>
                </token>
                <token content="prepared" id="10-21">
                    <pos type="VBN"/>
                    <lemma type="prepare"/>
                    <dep head="10-7" type="advcl"/>
                </token>
                <token content="on" id="10-22"/>
                <token content="my" id="10-23">
                    <pos type="PRP$"/>
                    <lemma type="my"/>
                </token>
                <token content="next" id="10-24">
                    <pos type="JJ"/>
                    <lemma type="next"/>
                </token>
                <token content="ride" id="10-25">
                    <pos type="NN"/>
                    <lemma type="ride"/>
                    <dep head="10-21" type="prep"/>
                </token>
                <token content="." id="10-26"/>
            </sentence>
        </sentences>
    </text>
    <annotations>
        <participants>
            <label from="1-2" id="0" name="ScrPart_rider" text="I" type="participant"/>
            <label from="1-6" id="1" name="ScrPart_rider" text="my" type="participant"/>
            <label from="1-7" id="2" name="ScrPart_bicycle" text="bike" type="participant"/>
            <label from="1-10" id="3" name="NPart" text="spring day" to="1-11" type="participant"/>
            <label from="1-11" id="4" name="NPart" text="day" type="participant"/>
            <label from="1-13" id="5" name="ScrPart_tire" text="one" type="participant"/>
            <label from="1-16" id="6" name="ScrPart_tire" text="tires" type="participant"/>
            <label from="2-2" id="7" name="ScrPart_rider" text="I" type="participant"/>
            <label from="2-5" id="8" name="ScrPart_tool" text="repair kit" to="2-6" type="participant"/>
            <label from="2-6" id="9" name="ScrPart_tool" text="kit" type="participant"/>
            <label from="2-8" id="10" name="ScrPart_rider" text="me" type="participant"/>
            <label from="2-11" id="11" name="ScrPart_other" text="pouch" type="participant"/>
            <label from="2-14" id="12" name="ScrPart_bicycle" text="bike" type="participant"/>
            <label from="3-1" id="13" name="ScrPart_rider" text="I" type="participant"/>
            <label from="3-4" id="14" name="ScrPart_tool" text="it" type="participant"/>
            <label from="3-6" id="15" name="ScrPart_rider" text="me" type="participant"/>
            <label from="3-8" id="16" name="ScrPart_ride" text="rides" type="participant"/>
            <label from="3-11" id="17" name="No_label" text="case" type="participant"/>
            <label from="3-15" id="18" name="NPart" text="occurrence" type="participant"/>
            <label from="4-1" id="19" name="ScrPart_rider" text="I" type="participant"/>
            <label from="4-8" id="20" name="ScrPart_location_repair" text="side" type="participant"/>
            <label from="4-11" id="21" name="NPart" text="trail" type="participant"/>
            <label from="4-15" id="22" name="NPart" text="way" type="participant"/>
            <label from="4-18" id="23" name="ScrPart_rider" text="bikers" type="participant"/>
            <label from="4-20" id="24" name="NPart" text="runners" type="participant"/>
            <label from="5-1" id="25" name="ScrPart_rider" text="I" type="participant"/>
            <label from="5-4" id="26" name="ScrPart_bicycle" text="bike" type="participant"/>
            <label from="5-6" id="27" name="ScrPart_bicycle" text="its" type="participant"/>
            <label from="5-7" id="28" name="NPart" text="side" type="participant"/>
            <label from="5-11" id="29" name="ScrPart_tool" text="repair kit" to="5-12" type="participant"/>
            <label from="5-12" id="30" name="ScrPart_tool" text="kit" type="participant"/>
            <label from="5-16" id="31" name="NPart" text="pouch" type="participant"/>
            <label from="6-2" id="32" name="ScrPart_tool" text="repair kit" to="6-3" type="participant"/>
            <label from="6-3" id="33" name="ScrPart_tool" text="kit" type="participant"/>
            <label from="6-8" id="34" name="ScrPart_spare_tube" text="tube" type="participant"/>
            <label from="6-10" id="35" name="ScrPart_rider" text="I" type="participant"/>
            <label from="7-1" id="36" name="ScrPart_rider" text="I" type="participant"/>
            <label from="7-6" id="37" name="ScrPart_tire" text="tire" type="participant"/>
            <label from="7-11" id="38" name="ScrPart_tire" text="tube" type="participant"/>
            <label from="8-1" id="39" name="ScrPart_rider" text="I" type="participant"/>
            <label from="8-6" id="40" name="ScrPart_tire" text="tube" type="participant"/>
            <label from="8-10" id="41" name="ScrPart_spare_tube" text="one" type="participant"/>
            <label from="8-15" id="42" name="ScrPart_tire" text="tire" type="participant"/>
            <label from="8-17" id="43" name="ScrPart_spare_tube" text="it" type="participant"/>
            <label from="9-1" id="44" name="ScrPart_rider" text="I" type="participant"/>
            <label from="9-8" id="45" name="No_label" text="everything" type="participant"/>
            <label from="9-12" id="46" name="No_label" text="place" type="participant"/>
            <label from="10-2" id="47" name="ScrPart_rider" text="I" type="participant"/>
            <label from="10-4" id="48" name="NPart" text="home" type="participant"/>
            <label from="10-6" id="49" name="ScrPart_rider" text="I" type="participant"/>
            <label from="10-10" id="50" name="ScrPart_tool" text="tire kit" to="10-11" type="participant"/>
            <label from="10-11" id="51" name="ScrPart_tool" text="kit" type="participant"/>
            <label from="10-15" id="52" name="ScrPart_tool" text="one" type="participant"/>
            <label from="10-18" id="53" name="ScrPart_rider" text="I" type="participant"/>
            <label from="10-23" id="54" name="ScrPart_rider" text="my" type="participant"/>
            <label from="10-25" id="55" name="ScrPart_ride" text="ride" type="participant"/>
        </participants>
        <events>
            <label from="1-3" id="56" name="UnrelEv" text="was" type="event"/>
            <label from="1-5" id="57" name="ScrEv_ride_bike" text="riding" type="event"/>
            <label from="1-17" id="58" name="RelNScrEv" text="went" type="event"/>
            <label from="2-3" id="59" name="UnrelEv" text="had" type="event"/>
            <label from="3-3" id="60" name="UnrelEv" text="kept" type="event"/>
            <label from="3-8" id="61" name="ScrEv_ride_bike" text="rides" type="event"/>
            <label from="4-2" id="62" name="ScrEv_get_off" text="got off" to="4-3" type="event"/>
            <label from="4-5" id="63" name="RelNScrEv" text="went" type="event"/>
            <label from="5-2" id="64" name="ScrEv_lay_bike_down" text="lay" type="event"/>
            <label from="5-9" id="65" name="ScrEv_get_tools" text="got" type="event"/>
            <label from="6-4" id="66" name="UnrelEv" text="contained" type="event"/>
            <label from="6-11" id="67" name="ScrEv_refill_tire_air" text="inflated" type="event"/>
            <label from="7-3" id="68" name="ScrEv_take_tire_off" text="pulled" type="event"/>
            <label from="8-2" id="69" name="ScrEv_put_new_tire" text="replaced" type="event"/>
            <label from="8-4" id="70" name="RelNScrEv" text="flattened" type="event"/>
            <label from="8-12" id="71" name="ScrEv_put_new_tire" text="replaced" type="event"/>
            <label from="9-2" id="72" name="ScrEv_ride_bike" text="rode off" to="9-3" type="event"/>
            <label from="9-6" id="73" name="ScrEv_check_new_tire" text="make sure" to="9-7" type="event"/>
            <label from="9-9" id="74" name="UnrelEv" text="was" type="event"/>
            <label from="10-3" id="75" name="UnrelEv" text="got" type="event"/>
            <label from="10-7" id="76" name="UnrelEv" text="replaced" type="event"/>
            <label from="10-20" id="77" name="UnrelEv" text="be" type="event"/>
            <label from="10-25" id="78" name="ScrEv_ride_bike" text="ride" type="event"/>
        </events>
        <chains>
            <chain elements="0 1 7 10 13 15 19 25 35 36 39 44 47 49 53 54"/>
            <chain elements="5 6 37 42"/>
            <chain elements="2 12 26 27"/>
            <chain elements="9 14 30 33 51"/>
            <chain elements="38 40"/>
            <chain elements="34 41 43"/>
        </chains>
    </annotations>
</story>
