<?xml version="1.0" encoding="UTF-8" standalone="no"?>
<!DOCTYPE story SYSTEM "../InScript.dtd">
<story id="084" scenario="bicycle">
    <text>
        <content>Last summer , I was riding my bike and I must have ran over something sharp because my tire started going flat . 
I tried to use a repair kit , but the hole was too big and the patch would not stay on the old tube . 
It turns out that I ran over a screw and it had been lodged through the tire and into the tube . 
I knew that I had a twenty six inch wheel , so I went up to the local hardware store . 
They had a new tube and I bought a new tire , just in case there were any other problems . 
I followed the instructions and I took the old tire off . 
The somehow got the new tube and tire onto the wheel , but it was kind of a pain to do . 
I finally got it on and all that I had to do was put in some air . 
I plugged in my air compressor but it would not turn on for some reason . 
I found an old tire pump buried in my garage and I was finally able to put air into the tires . 
In the future , I am going to be more careful to avoid sharp exits because repairing the flat tire was a pain . </content>
        <sentences>
            <sentence id="1">
                <token content="Last" id="1-1">
                    <pos type="JJ"/>
                    <lemma type="last"/>
                </token>
                <token content="summer" id="1-2">
                    <pos type="NN"/>
                    <lemma type="summer"/>
                    <dep head="1-6" type="tmod"/>
                </token>
                <token content="," id="1-3"/>
                <token content="I" id="1-4">
                    <pos type="PRP"/>
                    <lemma type="I"/>
                    <dep head="1-6" type="nsubj"/>
                </token>
                <token content="was" id="1-5">
                    <pos type="VBD"/>
                    <lemma type="be"/>
                    <dep head="1-6" type="aux"/>
                </token>
                <token content="riding" id="1-6">
                    <pos type="VBG"/>
                    <lemma type="ride"/>
                </token>
                <token content="my" id="1-7">
                    <pos type="PRP$"/>
                    <lemma type="my"/>
                </token>
                <token content="bike" id="1-8">
                    <pos type="NN"/>
                    <lemma type="bike"/>
                    <dep head="1-6" type="dobj"/>
                </token>
                <token content="and" id="1-9"/>
                <token content="I" id="1-10">
                    <pos type="PRP"/>
                    <lemma type="I"/>
                    <dep head="1-13" type="nsubj"/>
                </token>
                <token content="must" id="1-11">
                    <pos type="MD"/>
                    <lemma type="must"/>
                    <dep head="1-13" type="aux"/>
                </token>
                <token content="have" id="1-12">
                    <pos type="VB"/>
                    <lemma type="have"/>
                    <dep head="1-13" type="aux"/>
                </token>
                <token content="ran" id="1-13">
                    <pos type="VBD"/>
                    <lemma type="run"/>
                    <dep head="1-6" type="conj"/>
                </token>
                <token content="over" id="1-14"/>
                <token content="something" id="1-15">
                    <pos type="NN"/>
                    <lemma type="something"/>
                    <dep head="1-13" type="prep"/>
                </token>
                <token content="sharp" id="1-16">
                    <pos type="JJ"/>
                    <lemma type="sharp"/>
                </token>
                <token content="because" id="1-17">
                    <pos type="IN"/>
                    <lemma type="because"/>
                    <dep head="1-20" type="mark"/>
                </token>
                <token content="my" id="1-18">
                    <pos type="PRP$"/>
                    <lemma type="my"/>
                </token>
                <token content="tire" id="1-19">
                    <pos type="NN"/>
                    <lemma type="tire"/>
                    <dep head="1-20" type="nsubj"/>
                </token>
                <token content="started" id="1-20">
                    <pos type="VBD"/>
                    <lemma type="start"/>
                    <dep head="1-13" type="advcl"/>
                </token>
                <token content="going" id="1-21">
                    <pos type="VBG"/>
                    <lemma type="go"/>
                    <dep head="1-20" type="xcomp"/>
                </token>
                <token content="flat" id="1-22">
                    <pos type="JJ"/>
                    <lemma type="flat"/>
                    <dep head="1-21" type="acomp"/>
                </token>
                <token content="." id="1-23"/>
            </sentence>
            <sentence id="2">
                <token content="I" id="2-1">
                    <pos type="PRP"/>
                    <lemma type="I"/>
                    <dep head="2-2" type="nsubj"/>
                </token>
                <token content="tried" id="2-2">
                    <pos type="VBD"/>
                    <lemma type="try"/>
                </token>
                <token content="to" id="2-3">
                    <pos type="TO"/>
                    <lemma type="to"/>
                    <dep head="2-4" type="aux"/>
                </token>
                <token content="use" id="2-4">
                    <pos type="VB"/>
                    <lemma type="use"/>
                    <dep head="2-2" type="xcomp"/>
                </token>
                <token content="a" id="2-5">
                    <pos type="DT"/>
                    <lemma type="a"/>
                </token>
                <token content="repair" id="2-6">
                    <pos type="NN"/>
                    <lemma type="repair"/>
                </token>
                <token content="kit" id="2-7">
                    <pos type="NN"/>
                    <lemma type="kit"/>
                    <dep head="2-4" type="dobj"/>
                </token>
                <token content="," id="2-8"/>
                <token content="but" id="2-9"/>
                <token content="the" id="2-10">
                    <pos type="DT"/>
                    <lemma type="the"/>
                </token>
                <token content="hole" id="2-11">
                    <pos type="NN"/>
                    <lemma type="hole"/>
                </token>
                <token content="was" id="2-12">
                    <pos type="VBD"/>
                    <lemma type="be"/>
                </token>
                <token content="too" id="2-13">
                    <pos type="RB"/>
                    <lemma type="too"/>
                </token>
                <token content="big" id="2-14">
                    <pos type="JJ"/>
                    <lemma type="big"/>
                    <dep head="2-2" type="conj"/>
                </token>
                <token content="and" id="2-15"/>
                <token content="the" id="2-16">
                    <pos type="DT"/>
                    <lemma type="the"/>
                </token>
                <token content="patch" id="2-17">
                    <pos type="NN"/>
                    <lemma type="patch"/>
                    <dep head="2-20" type="nsubj"/>
                </token>
                <token content="would" id="2-18">
                    <pos type="MD"/>
                    <lemma type="would"/>
                    <dep head="2-20" type="aux"/>
                </token>
                <token content="not" id="2-19">
                    <pos type="RB"/>
                    <lemma type="not"/>
                    <dep head="2-20" type="neg"/>
                </token>
                <token content="stay" id="2-20">
                    <pos type="VB"/>
                    <lemma type="stay"/>
                </token>
                <token content="on" id="2-21"/>
                <token content="the" id="2-22">
                    <pos type="DT"/>
                    <lemma type="the"/>
                </token>
                <token content="old" id="2-23">
                    <pos type="JJ"/>
                    <lemma type="old"/>
                </token>
                <token content="tube" id="2-24">
                    <pos type="NN"/>
                    <lemma type="tube"/>
                    <dep head="2-20" type="prep"/>
                </token>
                <token content="." id="2-25"/>
            </sentence>
            <sentence id="3">
                <token content="It" id="3-1">
                    <pos type="PRP"/>
                    <lemma type="it"/>
                    <dep head="3-2" type="nsubj"/>
                </token>
                <token content="turns" id="3-2">
                    <pos type="VBZ"/>
                    <lemma type="turn"/>
                </token>
                <token content="out" id="3-3">
                    <pos type="RP"/>
                    <lemma type="out"/>
                    <dep head="3-2" type="prt"/>
                </token>
                <token content="that" id="3-4">
                    <pos type="IN"/>
                    <lemma type="that"/>
                    <dep head="3-6" type="mark"/>
                </token>
                <token content="I" id="3-5">
                    <pos type="PRP"/>
                    <lemma type="I"/>
                    <dep head="3-6" type="nsubj"/>
                </token>
                <token content="ran" id="3-6">
                    <pos type="VBD"/>
                    <lemma type="run"/>
                    <dep head="3-2" type="ccomp"/>
                </token>
                <token content="over" id="3-7"/>
                <token content="a" id="3-8">
                    <pos type="DT"/>
                    <lemma type="a"/>
                </token>
                <token content="screw" id="3-9">
                    <pos type="NN"/>
                    <lemma type="screw"/>
                    <dep head="3-6" type="prep"/>
                </token>
                <token content="and" id="3-10"/>
                <token content="it" id="3-11">
                    <pos type="PRP"/>
                    <lemma type="it"/>
                    <dep head="3-14" type="nsubjpass"/>
                </token>
                <token content="had" id="3-12">
                    <pos type="VBD"/>
                    <lemma type="have"/>
                    <dep head="3-14" type="aux"/>
                </token>
                <token content="been" id="3-13">
                    <pos type="VBN"/>
                    <lemma type="be"/>
                    <dep head="3-14" type="auxpass"/>
                </token>
                <token content="lodged" id="3-14">
                    <pos type="VBN"/>
                    <lemma type="lodge"/>
                    <dep head="3-14" type="conj"/>
                </token>
                <token content="through" id="3-15"/>
                <token content="the" id="3-16">
                    <pos type="DT"/>
                    <lemma type="the"/>
                </token>
                <token content="tire" id="3-17">
                    <pos type="NN"/>
                    <lemma type="tire"/>
                    <dep head="3-14" type="prep"/>
                </token>
                <token content="and" id="3-18"/>
                <token content="into" id="3-19"/>
                <token content="the" id="3-20">
                    <pos type="DT"/>
                    <lemma type="the"/>
                </token>
                <token content="tube" id="3-21">
                    <pos type="NN"/>
                    <lemma type="tube"/>
                    <dep head="3-14" type="prep"/>
                </token>
                <token content="." id="3-22"/>
            </sentence>
            <sentence id="4">
                <token content="I" id="4-1">
                    <pos type="PRP"/>
                    <lemma type="I"/>
                    <dep head="4-2" type="nsubj"/>
                </token>
                <token content="knew" id="4-2">
                    <pos type="VBD"/>
                    <lemma type="know"/>
                </token>
                <token content="that" id="4-3">
                    <pos type="IN"/>
                    <lemma type="that"/>
                    <dep head="4-5" type="mark"/>
                </token>
                <token content="I" id="4-4">
                    <pos type="PRP"/>
                    <lemma type="I"/>
                    <dep head="4-5" type="nsubj"/>
                </token>
                <token content="had" id="4-5">
                    <pos type="VBD"/>
                    <lemma type="have"/>
                    <dep head="4-2" type="ccomp"/>
                </token>
                <token content="a" id="4-6">
                    <pos type="DT"/>
                    <lemma type="a"/>
                </token>
                <token content="twenty" id="4-7">
                    <pos type="CD"/>
                    <lemma type="twenty"/>
                </token>
                <token content="six" id="4-8">
                    <pos type="CD"/>
                    <lemma type="six"/>
                </token>
                <token content="inch" id="4-9">
                    <pos type="NN"/>
                    <lemma type="inch"/>
                </token>
                <token content="wheel" id="4-10">
                    <pos type="NN"/>
                    <lemma type="wheel"/>
                    <dep head="4-5" type="dobj"/>
                </token>
                <token content="," id="4-11"/>
                <token content="so" id="4-12">
                    <pos type="IN"/>
                    <lemma type="so"/>
                    <dep head="4-2" type="dep"/>
                </token>
                <token content="I" id="4-13">
                    <pos type="PRP"/>
                    <lemma type="I"/>
                    <dep head="4-14" type="nsubj"/>
                </token>
                <token content="went" id="4-14">
                    <pos type="VBD"/>
                    <lemma type="go"/>
                    <dep head="4-2" type="parataxis"/>
                </token>
                <token content="up" id="4-15">
                    <pos type="RP"/>
                    <lemma type="up"/>
                    <dep head="4-14" type="prt"/>
                </token>
                <token content="to" id="4-16"/>
                <token content="the" id="4-17">
                    <pos type="DT"/>
                    <lemma type="the"/>
                </token>
                <token content="local" id="4-18">
                    <pos type="JJ"/>
                    <lemma type="local"/>
                </token>
                <token content="hardware" id="4-19">
                    <pos type="NN"/>
                    <lemma type="hardware"/>
                </token>
                <token content="store" id="4-20">
                    <pos type="NN"/>
                    <lemma type="store"/>
                    <dep head="4-14" type="prep"/>
                </token>
                <token content="." id="4-21"/>
            </sentence>
            <sentence id="5">
                <token content="They" id="5-1">
                    <pos type="PRP"/>
                    <lemma type="they"/>
                    <dep head="5-2" type="nsubj"/>
                </token>
                <token content="had" id="5-2">
                    <pos type="VBD"/>
                    <lemma type="have"/>
                </token>
                <token content="a" id="5-3">
                    <pos type="DT"/>
                    <lemma type="a"/>
                </token>
                <token content="new" id="5-4">
                    <pos type="JJ"/>
                    <lemma type="new"/>
                </token>
                <token content="tube" id="5-5">
                    <pos type="NN"/>
                    <lemma type="tube"/>
                    <dep head="5-2" type="dobj"/>
                </token>
                <token content="and" id="5-6"/>
                <token content="I" id="5-7">
                    <pos type="PRP"/>
                    <lemma type="I"/>
                    <dep head="5-8" type="nsubj"/>
                </token>
                <token content="bought" id="5-8">
                    <pos type="VBD"/>
                    <lemma type="buy"/>
                    <dep head="5-2" type="conj"/>
                </token>
                <token content="a" id="5-9">
                    <pos type="DT"/>
                    <lemma type="a"/>
                </token>
                <token content="new" id="5-10">
                    <pos type="JJ"/>
                    <lemma type="new"/>
                </token>
                <token content="tire" id="5-11">
                    <pos type="NN"/>
                    <lemma type="tire"/>
                    <dep head="5-8" type="dobj"/>
                </token>
                <token content="," id="5-12"/>
                <token content="just" id="5-13">
                    <pos type="RB"/>
                    <lemma type="just"/>
                    <dep head="5-17" type="advmod"/>
                </token>
                <token content="in" id="5-14">
                    <pos type="IN"/>
                    <lemma type="in"/>
                    <dep head="5-17" type="mark"/>
                </token>
                <token content="case" id="5-15">
                    <pos type="NN"/>
                    <lemma type="case"/>
                    <dep head="5-17" type="dep"/>
                </token>
                <token content="there" id="5-16">
                    <pos type="EX"/>
                    <lemma type="there"/>
                    <dep head="5-17" type="expl"/>
                </token>
                <token content="were" id="5-17">
                    <pos type="VBD"/>
                    <lemma type="be"/>
                    <dep head="5-2" type="dep"/>
                </token>
                <token content="any" id="5-18">
                    <pos type="DT"/>
                    <lemma type="any"/>
                </token>
                <token content="other" id="5-19">
                    <pos type="JJ"/>
                    <lemma type="other"/>
                </token>
                <token content="problems" id="5-20">
                    <pos type="NNS"/>
                    <lemma type="problem"/>
                    <dep head="5-17" type="nsubj"/>
                </token>
                <token content="." id="5-21"/>
            </sentence>
            <sentence id="6">
                <token content="I" id="6-1">
                    <pos type="PRP"/>
                    <lemma type="I"/>
                    <dep head="6-2" type="nsubj"/>
                </token>
                <token content="followed" id="6-2">
                    <pos type="VBD"/>
                    <lemma type="follow"/>
                </token>
                <token content="the" id="6-3">
                    <pos type="DT"/>
                    <lemma type="the"/>
                </token>
                <token content="instructions" id="6-4">
                    <pos type="NNS"/>
                    <lemma type="instruction"/>
                    <dep head="6-2" type="dobj"/>
                </token>
                <token content="and" id="6-5"/>
                <token content="I" id="6-6">
                    <pos type="PRP"/>
                    <lemma type="I"/>
                    <dep head="6-7" type="nsubj"/>
                </token>
                <token content="took" id="6-7">
                    <pos type="VBD"/>
                    <lemma type="take"/>
                    <dep head="6-2" type="conj"/>
                </token>
                <token content="the" id="6-8">
                    <pos type="DT"/>
                    <lemma type="the"/>
                </token>
                <token content="old" id="6-9">
                    <pos type="JJ"/>
                    <lemma type="old"/>
                </token>
                <token content="tire" id="6-10">
                    <pos type="NN"/>
                    <lemma type="tire"/>
                    <dep head="6-7" type="dobj"/>
                </token>
                <token content="off" id="6-11">
                    <pos type="RP"/>
                    <lemma type="off"/>
                    <dep head="6-7" type="prt"/>
                </token>
                <token content="." id="6-12"/>
            </sentence>
            <sentence id="7">
                <token content="The" id="7-1">
                    <pos type="DT"/>
                    <lemma type="the"/>
                </token>
                <token content="somehow" id="7-2">
                    <pos type="NN"/>
                    <lemma type="somehow"/>
                    <dep head="7-3" type="nsubj"/>
                </token>
                <token content="got" id="7-3">
                    <pos type="VBD"/>
                    <lemma type="get"/>
                </token>
                <token content="the" id="7-4">
                    <pos type="DT"/>
                    <lemma type="the"/>
                </token>
                <token content="new" id="7-5">
                    <pos type="JJ"/>
                    <lemma type="new"/>
                </token>
                <token content="tube" id="7-6">
                    <pos type="NN"/>
                    <lemma type="tube"/>
                    <dep head="7-3" type="dobj"/>
                </token>
                <token content="and" id="7-7"/>
                <token content="tire" id="7-8">
                    <pos type="NN"/>
                    <lemma type="tire"/>
                </token>
                <token content="onto" id="7-9"/>
                <token content="the" id="7-10">
                    <pos type="DT"/>
                    <lemma type="the"/>
                </token>
                <token content="wheel" id="7-11">
                    <pos type="NN"/>
                    <lemma type="wheel"/>
                    <dep head="7-3" type="prep"/>
                </token>
                <token content="," id="7-12"/>
                <token content="but" id="7-13"/>
                <token content="it" id="7-14">
                    <pos type="PRP"/>
                    <lemma type="it"/>
                </token>
                <token content="was" id="7-15">
                    <pos type="VBD"/>
                    <lemma type="be"/>
                </token>
                <token content="kind" id="7-16">
                    <pos type="NN"/>
                    <lemma type="kind"/>
                    <dep head="7-3" type="conj"/>
                </token>
                <token content="of" id="7-17"/>
                <token content="a" id="7-18">
                    <pos type="DT"/>
                    <lemma type="a"/>
                </token>
                <token content="pain" id="7-19">
                    <pos type="NN"/>
                    <lemma type="pain"/>
                </token>
                <token content="to" id="7-20">
                    <pos type="TO"/>
                    <lemma type="to"/>
                    <dep head="7-21" type="aux"/>
                </token>
                <token content="do" id="7-21">
                    <pos type="VB"/>
                    <lemma type="do"/>
                </token>
                <token content="." id="7-22"/>
            </sentence>
            <sentence id="8">
                <token content="I" id="8-1">
                    <pos type="PRP"/>
                    <lemma type="I"/>
                    <dep head="8-3" type="nsubj"/>
                </token>
                <token content="finally" id="8-2">
                    <pos type="RB"/>
                    <lemma type="finally"/>
                    <dep head="8-3" type="advmod"/>
                </token>
                <token content="got" id="8-3">
                    <pos type="VBD"/>
                    <lemma type="get"/>
                </token>
                <token content="it" id="8-4">
                    <pos type="PRP"/>
                    <lemma type="it"/>
                    <dep head="8-3" type="dobj"/>
                </token>
                <token content="on" id="8-5">
                    <pos type="IN"/>
                    <lemma type="on"/>
                    <dep head="8-3" type="prep"/>
                </token>
                <token content="and" id="8-6"/>
                <token content="all" id="8-7">
                    <pos type="DT"/>
                    <lemma type="all"/>
                    <dep head="8-14" type="nsubjpass"/>
                </token>
                <token content="that" id="8-8">
                    <pos type="IN"/>
                    <lemma type="that"/>
                    <dep head="8-10" type="mark"/>
                </token>
                <token content="I" id="8-9">
                    <pos type="PRP"/>
                    <lemma type="I"/>
                    <dep head="8-10" type="nsubj"/>
                </token>
                <token content="had" id="8-10">
                    <pos type="VBD"/>
                    <lemma type="have"/>
                </token>
                <token content="to" id="8-11">
                    <pos type="TO"/>
                    <lemma type="to"/>
                    <dep head="8-12" type="aux"/>
                </token>
                <token content="do" id="8-12">
                    <pos type="VB"/>
                    <lemma type="do"/>
                    <dep head="8-10" type="xcomp"/>
                </token>
                <token content="was" id="8-13">
                    <pos type="VBD"/>
                    <lemma type="be"/>
                    <dep head="8-14" type="auxpass"/>
                </token>
                <token content="put" id="8-14">
                    <pos type="VBN"/>
                    <lemma type="put"/>
                    <dep head="8-3" type="conj"/>
                </token>
                <token content="in" id="8-15"/>
                <token content="some" id="8-16">
                    <pos type="DT"/>
                    <lemma type="some"/>
                </token>
                <token content="air" id="8-17">
                    <pos type="NN"/>
                    <lemma type="air"/>
                    <dep head="8-14" type="prep"/>
                </token>
                <token content="." id="8-18"/>
            </sentence>
            <sentence id="9">
                <token content="I" id="9-1">
                    <pos type="PRP"/>
                    <lemma type="I"/>
                    <dep head="9-2" type="nsubj"/>
                </token>
                <token content="plugged" id="9-2">
                    <pos type="VBD"/>
                    <lemma type="plug"/>
                </token>
                <token content="in" id="9-3"/>
                <token content="my" id="9-4">
                    <pos type="PRP$"/>
                    <lemma type="my"/>
                </token>
                <token content="air" id="9-5">
                    <pos type="NN"/>
                    <lemma type="air"/>
                </token>
                <token content="compressor" id="9-6">
                    <pos type="NN"/>
                    <lemma type="compressor"/>
                    <dep head="9-2" type="prep"/>
                </token>
                <token content="but" id="9-7"/>
                <token content="it" id="9-8">
                    <pos type="PRP"/>
                    <lemma type="it"/>
                    <dep head="9-11" type="nsubj"/>
                </token>
                <token content="would" id="9-9">
                    <pos type="MD"/>
                    <lemma type="would"/>
                    <dep head="9-11" type="aux"/>
                </token>
                <token content="not" id="9-10">
                    <pos type="RB"/>
                    <lemma type="not"/>
                    <dep head="9-11" type="neg"/>
                </token>
                <token content="turn" id="9-11">
                    <pos type="VB"/>
                    <lemma type="turn"/>
                    <dep head="9-2" type="conj"/>
                </token>
                <token content="on" id="9-12">
                    <pos type="RP"/>
                    <lemma type="on"/>
                    <dep head="9-11" type="prt"/>
                </token>
                <token content="for" id="9-13"/>
                <token content="some" id="9-14">
                    <pos type="DT"/>
                    <lemma type="some"/>
                </token>
                <token content="reason" id="9-15">
                    <pos type="NN"/>
                    <lemma type="reason"/>
                    <dep head="9-11" type="prep"/>
                </token>
                <token content="." id="9-16"/>
            </sentence>
            <sentence id="10">
                <token content="I" id="10-1">
                    <pos type="PRP"/>
                    <lemma type="I"/>
                    <dep head="10-2" type="nsubj"/>
                </token>
                <token content="found" id="10-2">
                    <pos type="VBD"/>
                    <lemma type="find"/>
                </token>
                <token content="an" id="10-3">
                    <pos type="DT"/>
                    <lemma type="a"/>
                </token>
                <token content="old" id="10-4">
                    <pos type="JJ"/>
                    <lemma type="old"/>
                </token>
                <token content="tire" id="10-5">
                    <pos type="NN"/>
                    <lemma type="tire"/>
                </token>
                <token content="pump" id="10-6">
                    <pos type="NN"/>
                    <lemma type="pump"/>
                    <dep head="10-2" type="dobj"/>
                </token>
                <token content="buried" id="10-7">
                    <pos type="VBN"/>
                    <lemma type="bury"/>
                </token>
                <token content="in" id="10-8"/>
                <token content="my" id="10-9">
                    <pos type="PRP$"/>
                    <lemma type="my"/>
                </token>
                <token content="garage" id="10-10">
                    <pos type="NN"/>
                    <lemma type="garage"/>
                    <dep head="10-7" type="prep"/>
                </token>
                <token content="and" id="10-11"/>
                <token content="I" id="10-12">
                    <pos type="PRP"/>
                    <lemma type="I"/>
                </token>
                <token content="was" id="10-13">
                    <pos type="VBD"/>
                    <lemma type="be"/>
                </token>
                <token content="finally" id="10-14">
                    <pos type="RB"/>
                    <lemma type="finally"/>
                </token>
                <token content="able" id="10-15">
                    <pos type="JJ"/>
                    <lemma type="able"/>
                    <dep head="10-2" type="conj"/>
                </token>
                <token content="to" id="10-16">
                    <pos type="TO"/>
                    <lemma type="to"/>
                    <dep head="10-17" type="aux"/>
                </token>
                <token content="put" id="10-17">
                    <pos type="VB"/>
                    <lemma type="put"/>
                </token>
                <token content="air" id="10-18">
                    <pos type="NN"/>
                    <lemma type="air"/>
                    <dep head="10-17" type="dobj"/>
                </token>
                <token content="into" id="10-19"/>
                <token content="the" id="10-20">
                    <pos type="DT"/>
                    <lemma type="the"/>
                </token>
                <token content="tires" id="10-21">
                    <pos type="NNS"/>
                    <lemma type="tire"/>
                    <dep head="10-17" type="prep"/>
                </token>
                <token content="." id="10-22"/>
            </sentence>
            <sentence id="11">
                <token content="In" id="11-1"/>
                <token content="the" id="11-2">
                    <pos type="DT"/>
                    <lemma type="the"/>
                </token>
                <token content="future" id="11-3">
                    <pos type="NN"/>
                    <lemma type="future"/>
                    <dep head="11-7" type="prep"/>
                </token>
                <token content="," id="11-4"/>
                <token content="I" id="11-5">
                    <pos type="PRP"/>
                    <lemma type="I"/>
                    <dep head="11-7" type="nsubj"/>
                </token>
                <token content="am" id="11-6">
                    <pos type="VBP"/>
                    <lemma type="be"/>
                    <dep head="11-7" type="aux"/>
                </token>
                <token content="going" id="11-7">
                    <pos type="VBG"/>
                    <lemma type="go"/>
                </token>
                <token content="to" id="11-8">
                    <pos type="TO"/>
                    <lemma type="to"/>
                </token>
                <token content="be" id="11-9">
                    <pos type="VB"/>
                    <lemma type="be"/>
                </token>
                <token content="more" id="11-10">
                    <pos type="RBR"/>
                    <lemma type="more"/>
                </token>
                <token content="careful" id="11-11">
                    <pos type="JJ"/>
                    <lemma type="careful"/>
                    <dep head="11-7" type="xcomp"/>
                </token>
                <token content="to" id="11-12">
                    <pos type="TO"/>
                    <lemma type="to"/>
                    <dep head="11-13" type="aux"/>
                </token>
                <token content="avoid" id="11-13">
                    <pos type="VB"/>
                    <lemma type="avoid"/>
                </token>
                <token content="sharp" id="11-14">
                    <pos type="JJ"/>
                    <lemma type="sharp"/>
                </token>
                <token content="exits" id="11-15">
                    <pos type="NNS"/>
                    <lemma type="exit"/>
                    <dep head="11-13" type="dobj"/>
                </token>
                <token content="because" id="11-16">
                    <pos type="IN"/>
                    <lemma type="because"/>
                </token>
                <token content="repairing" id="11-17">
                    <pos type="VBG"/>
                    <lemma type="repair"/>
                </token>
                <token content="the" id="11-18">
                    <pos type="DT"/>
                    <lemma type="the"/>
                </token>
                <token content="flat" id="11-19">
                    <pos type="JJ"/>
                    <lemma type="flat"/>
                </token>
                <token content="tire" id="11-20">
                    <pos type="NN"/>
                    <lemma type="tire"/>
                    <dep head="11-17" type="dobj"/>
                </token>
                <token content="was" id="11-21">
                    <pos type="VBD"/>
                    <lemma type="be"/>
                </token>
                <token content="a" id="11-22">
                    <pos type="DT"/>
                    <lemma type="a"/>
                </token>
                <token content="pain" id="11-23">
                    <pos type="NN"/>
                    <lemma type="pain"/>
                    <dep head="11-13" type="advcl"/>
                </token>
                <token content="." id="11-24"/>
            </sentence>
        </sentences>
    </text>
    <annotations>
        <participants>
            <label from="1-2" id="0" name="NPart" text="summer" type="participant"/>
            <label from="1-4" id="1" name="ScrPart_rider" text="I" type="participant"/>
            <label from="1-7" id="2" name="ScrPart_rider" text="my" type="participant"/>
            <label from="1-8" id="3" name="ScrPart_bicycle" text="bike" type="participant"/>
            <label from="1-10" id="4" name="ScrPart_rider" text="I" type="participant"/>
            <label from="1-15" id="5" name="ScrPart_object_damage" text="something" type="participant"/>
            <label from="1-18" id="6" name="ScrPart_rider" text="my" type="participant"/>
            <label from="1-19" id="7" name="ScrPart_tire" text="tire" type="participant"/>
            <label from="2-1" id="8" name="ScrPart_rider" text="I" type="participant"/>
            <label from="2-6" id="9" name="ScrPart_tool" text="repair kit" to="2-7" type="participant"/>
            <label from="2-7" id="10" name="ScrPart_tool" text="kit" type="participant"/>
            <label from="2-11" id="11" name="ScrPart_damage" text="hole" type="participant"/>
            <label from="2-17" id="12" name="ScrPart_patch" text="patch" type="participant"/>
            <label from="2-24" id="13" name="ScrPart_tire" text="tube" type="participant"/>
            <label from="3-1" id="14" name="No_label" text="It" type="participant"/>
            <label from="3-5" id="15" name="ScrPart_rider" text="I" type="participant"/>
            <label from="3-9" id="16" name="ScrPart_object_damage" text="screw" type="participant"/>
            <label from="3-11" id="17" name="ScrPart_object_damage" text="it" type="participant"/>
            <label from="3-17" id="18" name="ScrPart_tire" text="tire" type="participant"/>
            <label from="3-21" id="19" name="ScrPart_tire" text="tube" type="participant"/>
            <label from="4-1" id="20" name="ScrPart_rider" text="I" type="participant"/>
            <label from="4-4" id="21" name="ScrPart_rider" text="I" type="participant"/>
            <label from="4-9" id="22" name="ScrPart_other" text="inch" type="participant"/>
            <label from="4-10" id="23" name="ScrPart_tire" text="wheel" type="participant"/>
            <label from="4-13" id="24" name="ScrPart_rider" text="I" type="participant"/>
            <label from="4-19" id="25" name="ScrPart_shop" text="hardware store" to="4-20" type="participant"/>
            <label from="4-20" id="26" name="ScrPart_shop" text="store" type="participant"/>
            <label from="5-1" id="27" name="ScrPart_other" text="They" type="participant"/>
            <label from="5-5" id="28" name="ScrPart_spare_tube" text="tube" type="participant"/>
            <label from="5-7" id="29" name="ScrPart_rider" text="I" type="participant"/>
            <label from="5-11" id="30" name="ScrPart_spare_tube" text="tire" type="participant"/>
            <label from="5-15" id="31" name="No_label" text="case" type="participant"/>
            <label from="5-20" id="32" name="NPart" text="problems" type="participant"/>
            <label from="6-1" id="33" name="ScrPart_rider" text="I" type="participant"/>
            <label from="6-4" id="34" name="NPart" text="instructions" type="participant"/>
            <label from="6-6" id="35" name="ScrPart_rider" text="I" type="participant"/>
            <label from="6-10" id="36" name="ScrPart_tire" text="tire" type="participant"/>
            <label from="7-6" id="37" name="ScrPart_spare_tube" text="tube" type="participant"/>
            <label from="7-8" id="38" name="ScrPart_spare_tube" text="tire" type="participant"/>
            <label from="7-11" id="39" name="ScrPart_wheel" text="wheel" type="participant"/>
            <label from="7-14" id="40" name="No_label" text="it" type="participant"/>
            <label from="7-16" id="41" name="No_label" text="kind" type="participant"/>
            <label from="7-19" id="42" name="NPart" text="pain" type="participant"/>
            <label from="8-1" id="43" name="ScrPart_rider" text="I" type="participant"/>
            <label from="8-4" id="44" name="ScrPart_spare_tube" text="it" type="participant"/>
            <label from="8-9" id="45" name="ScrPart_rider" text="I" type="participant"/>
            <label from="8-17" id="46" name="ScrPart_air" text="air" type="participant"/>
            <label from="9-1" id="47" name="ScrPart_rider" text="I" type="participant"/>
            <label from="9-4" id="48" name="ScrPart_rider" text="my" type="participant"/>
            <label from="9-5" id="49" name="ScrPart_tool" text="air compressor" to="9-6" type="participant"/>
            <label from="9-6" id="50" name="ScrPart_tool" text="compressor" type="participant"/>
            <label from="9-8" id="51" name="ScrPart_tool" text="it" type="participant"/>
            <label from="9-15" id="52" name="NPart" text="reason" type="participant"/>
            <label from="10-1" id="53" name="ScrPart_rider" text="I" type="participant"/>
            <label from="10-5" id="54" name="ScrPart_tool" text="tire pump" to="10-6" type="participant"/>
            <label from="10-6" id="55" name="ScrPart_tool" text="pump" type="participant"/>
            <label from="10-9" id="56" name="ScrPart_rider" text="my" type="participant"/>
            <label from="10-10" id="57" name="ScrPart_location_repair" text="garage" type="participant"/>
            <label from="10-12" id="58" name="ScrPart_rider" text="I" type="participant"/>
            <label from="10-18" id="59" name="ScrPart_air" text="air" type="participant"/>
            <label from="10-21" id="60" name="ScrPart_tire" text="tires" type="participant"/>
            <label from="11-3" id="61" name="NPart" text="future" type="participant"/>
            <label from="11-5" id="62" name="ScrPart_rider" text="I" type="participant"/>
            <label from="11-15" id="63" name="NPart" text="exits" type="participant"/>
            <label from="11-20" id="64" name="ScrPart_tire" text="tire" type="participant"/>
            <label from="11-23" id="65" name="No_label" text="pain" type="participant"/>
        </participants>
        <events>
            <label from="1-6" id="66" name="ScrEv_ride_bike" text="riding" type="event"/>
            <label from="1-13" id="67" name="UnrelEv" text="ran" type="event"/>
            <label from="1-20" id="68" name="UnrelEv" text="started" type="event"/>
            <label from="1-21" id="69" name="RelNScrEv" text="going" type="event"/>
            <label from="2-2" id="70" name="UnrelEv" text="tried" type="event"/>
            <label from="2-4" id="71" name="UnrelEv" text="use" type="event"/>
            <label from="2-12" id="72" name="UnrelEv" text="was" type="event"/>
            <label from="2-20" id="73" name="RelNScrEv" text="stay" type="event"/>
            <label from="3-2" id="74" name="UnrelEv" text="turns out" to="3-3" type="event"/>
            <label from="3-2" id="75" name="UnrelEv" text="turns" type="event"/>
            <label from="3-6" id="76" name="UnrelEv" text="ran" type="event"/>
            <label from="3-14" id="77" name="RelNScrEv" text="lodged" type="event"/>
            <label from="4-2" id="78" name="UnrelEv" text="knew" type="event"/>
            <label from="4-5" id="79" name="UnrelEv" text="had" type="event"/>
            <label from="4-14" id="80" name="ScrEv_other" text="went" type="event"/>
            <label from="5-2" id="81" name="UnrelEv" text="had" type="event"/>
            <label from="5-8" id="82" name="ScrEv_get_tire" text="bought" type="event"/>
            <label from="5-17" id="83" name="UnrelEv" text="were" type="event"/>
            <label from="6-2" id="84" name="UnrelEv" text="followed" type="event"/>
            <label from="6-7" id="85" name="ScrEv_take_tire_off" text="took" type="event"/>
            <label from="7-3" id="86" name="ScrEv_put_new_tire" text="got" type="event"/>
            <label from="7-15" id="87" name="UnrelEv" text="was" type="event"/>
            <label from="7-21" id="88" name="UnrelEv" text="do" type="event"/>
            <label from="8-3" id="89" name="UnrelEv" text="got" type="event"/>
            <label from="8-12" id="90" name="UnrelEv" text="do" type="event"/>
            <label from="8-13" id="91" name="UnrelEv" text="was" type="event"/>
            <label from="8-14" id="92" name="ScrEv_refill_tire_air" text="put in" to="8-15" type="event"/>
            <label from="8-14" id="93" name="ScrEv_refill_tire_air" text="put" type="event"/>
            <label from="9-2" id="94" name="ScrEv_other" text="plugged in" to="9-3" type="event"/>
            <label from="9-2" id="95" name="ScrEv_other" text="plugged" type="event"/>
            <label from="9-11" id="96" name="UnrelEv" text="turn on" to="9-12" type="event"/>
            <label from="9-11" id="97" name="UnrelEv" text="turn" type="event"/>
            <label from="10-2" id="98" name="ScrEv_get_tools" text="found" type="event"/>
            <label from="10-7" id="99" name="UnrelEv" text="buried" type="event"/>
            <label from="10-13" id="100" name="UnrelEv" text="was" type="event"/>
            <label from="10-17" id="101" name="ScrEv_refill_tire_air" text="put" type="event"/>
            <label from="11-9" id="102" name="UnrelEv" text="be" type="event"/>
            <label from="11-13" id="103" name="UnrelEv" text="avoid" type="event"/>
            <label from="11-17" id="104" name="Evoking" text="repairing" type="event"/>
            <label from="11-21" id="105" name="UnrelEv" text="was" type="event"/>
        </events>
        <chains>
            <chain elements="1 2 4 6 8 15 20 21 24 29 33 35 43 45 47 48 53 56 58 62"/>
            <chain elements="7 13 18 19 23 36"/>
            <chain elements="5 16 17"/>
            <chain elements="28 30 37 38 44 60 64"/>
            <chain elements="50 51"/>
            <chain elements="46 59"/>
        </chains>
    </annotations>
</story>
