<?xml version="1.0" encoding="UTF-8" standalone="no"?>
<!DOCTYPE story SYSTEM "../InScript.dtd">
<story id="097" scenario="bicycle">
    <text>
        <content>Yesterday , as I pulled my bicycle out of the garage , I realized it had a flat tire . 
So , I prepared to repair it . 
First , I went to the tool box and got out the wrench and other necessary tools . 
Then , I realized I did n't have a new bike tire . 
So , I opened the door to my car and got in . 
I drove to the nearest bicycle shop and bought two new bicycle tires -- one for now and one for later . 
I drove back home where the bicycle was waiting for me . 
I took the old , flat tire off of the bicycle using my wrench to loosen the screws and other mechanical devices . 
I then stretched the new tire out over the wheel and affixed it . 
I twirled it around and tested it to make sure that it was properly fastened . 
Next , I drove around the driveway to make sure that it would hold . 
Sure enough , it was secure and ready for me to go on my bike ride . </content>
        <sentences>
            <sentence id="1">
                <token content="Yesterday" id="1-1">
                    <pos type="NN"/>
                    <lemma type="yesterday"/>
                    <dep head="1-14" type="tmod"/>
                </token>
                <token content="," id="1-2"/>
                <token content="as" id="1-3">
                    <pos type="IN"/>
                    <lemma type="as"/>
                    <dep head="1-5" type="mark"/>
                </token>
                <token content="I" id="1-4">
                    <pos type="PRP"/>
                    <lemma type="I"/>
                    <dep head="1-5" type="nsubj"/>
                </token>
                <token content="pulled" id="1-5">
                    <pos type="VBD"/>
                    <lemma type="pull"/>
                    <dep head="1-14" type="advcl"/>
                </token>
                <token content="my" id="1-6">
                    <pos type="PRP$"/>
                    <lemma type="my"/>
                </token>
                <token content="bicycle" id="1-7">
                    <pos type="NN"/>
                    <lemma type="bicycle"/>
                    <dep head="1-5" type="dobj"/>
                </token>
                <token content="out" id="1-8"/>
                <token content="of" id="1-9"/>
                <token content="the" id="1-10">
                    <pos type="DT"/>
                    <lemma type="the"/>
                </token>
                <token content="garage" id="1-11">
                    <pos type="NN"/>
                    <lemma type="garage"/>
                    <dep head="1-5" type="prep"/>
                </token>
                <token content="," id="1-12"/>
                <token content="I" id="1-13">
                    <pos type="PRP"/>
                    <lemma type="I"/>
                    <dep head="1-14" type="nsubj"/>
                </token>
                <token content="realized" id="1-14">
                    <pos type="VBD"/>
                    <lemma type="realize"/>
                </token>
                <token content="it" id="1-15">
                    <pos type="PRP"/>
                    <lemma type="it"/>
                    <dep head="1-16" type="nsubj"/>
                </token>
                <token content="had" id="1-16">
                    <pos type="VBD"/>
                    <lemma type="have"/>
                    <dep head="1-14" type="ccomp"/>
                </token>
                <token content="a" id="1-17">
                    <pos type="DT"/>
                    <lemma type="a"/>
                </token>
                <token content="flat" id="1-18">
                    <pos type="JJ"/>
                    <lemma type="flat"/>
                </token>
                <token content="tire" id="1-19">
                    <pos type="NN"/>
                    <lemma type="tire"/>
                    <dep head="1-16" type="dobj"/>
                </token>
                <token content="." id="1-20"/>
            </sentence>
            <sentence id="2">
                <token content="So" id="2-1">
                    <pos type="RB"/>
                    <lemma type="so"/>
                    <dep head="2-4" type="advmod"/>
                </token>
                <token content="," id="2-2"/>
                <token content="I" id="2-3">
                    <pos type="PRP"/>
                    <lemma type="I"/>
                    <dep head="2-4" type="nsubj"/>
                </token>
                <token content="prepared" id="2-4">
                    <pos type="VBD"/>
                    <lemma type="prepare"/>
                </token>
                <token content="to" id="2-5">
                    <pos type="TO"/>
                    <lemma type="to"/>
                    <dep head="2-6" type="aux"/>
                </token>
                <token content="repair" id="2-6">
                    <pos type="VB"/>
                    <lemma type="repair"/>
                    <dep head="2-4" type="xcomp"/>
                </token>
                <token content="it" id="2-7">
                    <pos type="PRP"/>
                    <lemma type="it"/>
                    <dep head="2-6" type="dobj"/>
                </token>
                <token content="." id="2-8"/>
            </sentence>
            <sentence id="3">
                <token content="First" id="3-1">
                    <pos type="RB"/>
                    <lemma type="first"/>
                    <dep head="3-4" type="advmod"/>
                </token>
                <token content="," id="3-2"/>
                <token content="I" id="3-3">
                    <pos type="PRP"/>
                    <lemma type="I"/>
                    <dep head="3-4" type="nsubj"/>
                </token>
                <token content="went" id="3-4">
                    <pos type="VBD"/>
                    <lemma type="go"/>
                </token>
                <token content="to" id="3-5"/>
                <token content="the" id="3-6">
                    <pos type="DT"/>
                    <lemma type="the"/>
                </token>
                <token content="tool" id="3-7">
                    <pos type="NN"/>
                    <lemma type="tool"/>
                </token>
                <token content="box" id="3-8">
                    <pos type="NN"/>
                    <lemma type="box"/>
                    <dep head="3-4" type="prep"/>
                </token>
                <token content="and" id="3-9"/>
                <token content="got" id="3-10">
                    <pos type="VBD"/>
                    <lemma type="get"/>
                    <dep head="3-4" type="conj"/>
                </token>
                <token content="out" id="3-11">
                    <pos type="RP"/>
                    <lemma type="out"/>
                    <dep head="3-10" type="prt"/>
                </token>
                <token content="the" id="3-12">
                    <pos type="DT"/>
                    <lemma type="the"/>
                </token>
                <token content="wrench" id="3-13">
                    <pos type="NN"/>
                    <lemma type="wrench"/>
                    <dep head="3-10" type="dobj"/>
                </token>
                <token content="and" id="3-14"/>
                <token content="other" id="3-15">
                    <pos type="JJ"/>
                    <lemma type="other"/>
                </token>
                <token content="necessary" id="3-16">
                    <pos type="JJ"/>
                    <lemma type="necessary"/>
                </token>
                <token content="tools" id="3-17">
                    <pos type="NNS"/>
                    <lemma type="tool"/>
                </token>
                <token content="." id="3-18"/>
            </sentence>
            <sentence id="4">
                <token content="Then" id="4-1">
                    <pos type="RB"/>
                    <lemma type="then"/>
                    <dep head="4-4" type="advmod"/>
                </token>
                <token content="," id="4-2"/>
                <token content="I" id="4-3">
                    <pos type="PRP"/>
                    <lemma type="I"/>
                    <dep head="4-4" type="nsubj"/>
                </token>
                <token content="realized" id="4-4">
                    <pos type="VBD"/>
                    <lemma type="realize"/>
                </token>
                <token content="I" id="4-5">
                    <pos type="PRP"/>
                    <lemma type="I"/>
                    <dep head="4-8" type="nsubj"/>
                </token>
                <token content="did" id="4-6">
                    <pos type="VBD"/>
                    <lemma type="do"/>
                    <dep head="4-8" type="aux"/>
                </token>
                <token content="n't" id="4-7">
                    <pos type="RB"/>
                    <lemma type="not"/>
                    <dep head="4-8" type="neg"/>
                </token>
                <token content="have" id="4-8">
                    <pos type="VB"/>
                    <lemma type="have"/>
                    <dep head="4-4" type="ccomp"/>
                </token>
                <token content="a" id="4-9">
                    <pos type="DT"/>
                    <lemma type="a"/>
                </token>
                <token content="new" id="4-10">
                    <pos type="JJ"/>
                    <lemma type="new"/>
                </token>
                <token content="bike" id="4-11">
                    <pos type="NN"/>
                    <lemma type="bike"/>
                </token>
                <token content="tire" id="4-12">
                    <pos type="NN"/>
                    <lemma type="tire"/>
                    <dep head="4-8" type="dobj"/>
                </token>
                <token content="." id="4-13"/>
            </sentence>
            <sentence id="5">
                <token content="So" id="5-1">
                    <pos type="RB"/>
                    <lemma type="so"/>
                    <dep head="5-4" type="advmod"/>
                </token>
                <token content="," id="5-2"/>
                <token content="I" id="5-3">
                    <pos type="PRP"/>
                    <lemma type="I"/>
                    <dep head="5-4" type="nsubj"/>
                </token>
                <token content="opened" id="5-4">
                    <pos type="VBD"/>
                    <lemma type="open"/>
                </token>
                <token content="the" id="5-5">
                    <pos type="DT"/>
                    <lemma type="the"/>
                </token>
                <token content="door" id="5-6">
                    <pos type="NN"/>
                    <lemma type="door"/>
                    <dep head="5-4" type="dobj"/>
                </token>
                <token content="to" id="5-7"/>
                <token content="my" id="5-8">
                    <pos type="PRP$"/>
                    <lemma type="my"/>
                </token>
                <token content="car" id="5-9">
                    <pos type="NN"/>
                    <lemma type="car"/>
                    <dep head="5-4" type="prep"/>
                </token>
                <token content="and" id="5-10"/>
                <token content="got" id="5-11">
                    <pos type="VBD"/>
                    <lemma type="get"/>
                    <dep head="5-4" type="conj"/>
                </token>
                <token content="in" id="5-12">
                    <pos type="RP"/>
                    <lemma type="in"/>
                    <dep head="5-11" type="prt"/>
                </token>
                <token content="." id="5-13"/>
            </sentence>
            <sentence id="6">
                <token content="I" id="6-1">
                    <pos type="PRP"/>
                    <lemma type="I"/>
                    <dep head="6-2" type="nsubj"/>
                </token>
                <token content="drove" id="6-2">
                    <pos type="VBD"/>
                    <lemma type="drive"/>
                </token>
                <token content="to" id="6-3"/>
                <token content="the" id="6-4">
                    <pos type="DT"/>
                    <lemma type="the"/>
                </token>
                <token content="nearest" id="6-5">
                    <pos type="JJS"/>
                    <lemma type="nearest"/>
                </token>
                <token content="bicycle" id="6-6">
                    <pos type="NN"/>
                    <lemma type="bicycle"/>
                </token>
                <token content="shop" id="6-7">
                    <pos type="NN"/>
                    <lemma type="shop"/>
                    <dep head="6-2" type="prep"/>
                </token>
                <token content="and" id="6-8"/>
                <token content="bought" id="6-9">
                    <pos type="VBD"/>
                    <lemma type="buy"/>
                    <dep head="6-2" type="conj"/>
                </token>
                <token content="two" id="6-10">
                    <pos type="CD"/>
                    <lemma type="two"/>
                </token>
                <token content="new" id="6-11">
                    <pos type="JJ"/>
                    <lemma type="new"/>
                </token>
                <token content="bicycle" id="6-12">
                    <pos type="NN"/>
                    <lemma type="bicycle"/>
                </token>
                <token content="tires" id="6-13">
                    <pos type="NNS"/>
                    <lemma type="tire"/>
                    <dep head="6-9" type="dobj"/>
                </token>
                <token content="--" id="6-14"/>
                <token content="one" id="6-15">
                    <pos type="CD"/>
                    <lemma type="one"/>
                </token>
                <token content="for" id="6-16">
                    <pos type="IN"/>
                    <lemma type="for"/>
                </token>
                <token content="now" id="6-17">
                    <pos type="RB"/>
                    <lemma type="now"/>
                </token>
                <token content="and" id="6-18"/>
                <token content="one" id="6-19">
                    <pos type="CD"/>
                    <lemma type="one"/>
                </token>
                <token content="for" id="6-20">
                    <pos type="IN"/>
                    <lemma type="for"/>
                </token>
                <token content="later" id="6-21">
                    <pos type="RB"/>
                    <lemma type="later"/>
                </token>
                <token content="." id="6-22"/>
            </sentence>
            <sentence id="7">
                <token content="I" id="7-1">
                    <pos type="PRP"/>
                    <lemma type="I"/>
                    <dep head="7-2" type="nsubj"/>
                </token>
                <token content="drove" id="7-2">
                    <pos type="VBD"/>
                    <lemma type="drive"/>
                </token>
                <token content="back" id="7-3">
                    <pos type="RB"/>
                    <lemma type="back"/>
                    <dep head="7-2" type="advmod"/>
                </token>
                <token content="home" id="7-4">
                    <pos type="NN"/>
                    <lemma type="home"/>
                </token>
                <token content="where" id="7-5">
                    <pos type="WRB"/>
                    <lemma type="where"/>
                    <dep head="7-9" type="advmod"/>
                </token>
                <token content="the" id="7-6">
                    <pos type="DT"/>
                    <lemma type="the"/>
                </token>
                <token content="bicycle" id="7-7">
                    <pos type="NN"/>
                    <lemma type="bicycle"/>
                    <dep head="7-9" type="nsubj"/>
                </token>
                <token content="was" id="7-8">
                    <pos type="VBD"/>
                    <lemma type="be"/>
                    <dep head="7-9" type="aux"/>
                </token>
                <token content="waiting" id="7-9">
                    <pos type="VBG"/>
                    <lemma type="wait"/>
                    <dep head="7-2" type="advcl"/>
                </token>
                <token content="for" id="7-10"/>
                <token content="me" id="7-11">
                    <pos type="PRP"/>
                    <lemma type="I"/>
                    <dep head="7-9" type="prep"/>
                </token>
                <token content="." id="7-12"/>
            </sentence>
            <sentence id="8">
                <token content="I" id="8-1">
                    <pos type="PRP"/>
                    <lemma type="I"/>
                    <dep head="8-2" type="nsubj"/>
                </token>
                <token content="took" id="8-2">
                    <pos type="VBD"/>
                    <lemma type="take"/>
                </token>
                <token content="the" id="8-3">
                    <pos type="DT"/>
                    <lemma type="the"/>
                </token>
                <token content="old" id="8-4">
                    <pos type="JJ"/>
                    <lemma type="old"/>
                </token>
                <token content="," id="8-5"/>
                <token content="flat" id="8-6">
                    <pos type="JJ"/>
                    <lemma type="flat"/>
                </token>
                <token content="tire" id="8-7">
                    <pos type="NN"/>
                    <lemma type="tire"/>
                    <dep head="8-2" type="dobj"/>
                </token>
                <token content="off" id="8-8"/>
                <token content="of" id="8-9"/>
                <token content="the" id="8-10">
                    <pos type="DT"/>
                    <lemma type="the"/>
                </token>
                <token content="bicycle" id="8-11">
                    <pos type="NN"/>
                    <lemma type="bicycle"/>
                </token>
                <token content="using" id="8-12">
                    <pos type="VBG"/>
                    <lemma type="use"/>
                </token>
                <token content="my" id="8-13">
                    <pos type="PRP$"/>
                    <lemma type="my"/>
                </token>
                <token content="wrench" id="8-14">
                    <pos type="NN"/>
                    <lemma type="wrench"/>
                    <dep head="8-12" type="dobj"/>
                </token>
                <token content="to" id="8-15">
                    <pos type="TO"/>
                    <lemma type="to"/>
                    <dep head="8-16" type="aux"/>
                </token>
                <token content="loosen" id="8-16">
                    <pos type="VB"/>
                    <lemma type="loosen"/>
                </token>
                <token content="the" id="8-17">
                    <pos type="DT"/>
                    <lemma type="the"/>
                </token>
                <token content="screws" id="8-18">
                    <pos type="NNS"/>
                    <lemma type="screw"/>
                    <dep head="8-16" type="dobj"/>
                </token>
                <token content="and" id="8-19"/>
                <token content="other" id="8-20">
                    <pos type="JJ"/>
                    <lemma type="other"/>
                </token>
                <token content="mechanical" id="8-21">
                    <pos type="JJ"/>
                    <lemma type="mechanical"/>
                </token>
                <token content="devices" id="8-22">
                    <pos type="NNS"/>
                    <lemma type="device"/>
                </token>
                <token content="." id="8-23"/>
            </sentence>
            <sentence id="9">
                <token content="I" id="9-1">
                    <pos type="PRP"/>
                    <lemma type="I"/>
                    <dep head="9-3" type="nsubj"/>
                </token>
                <token content="then" id="9-2">
                    <pos type="RB"/>
                    <lemma type="then"/>
                    <dep head="9-3" type="advmod"/>
                </token>
                <token content="stretched" id="9-3">
                    <pos type="VBD"/>
                    <lemma type="stretch"/>
                </token>
                <token content="the" id="9-4">
                    <pos type="DT"/>
                    <lemma type="the"/>
                </token>
                <token content="new" id="9-5">
                    <pos type="JJ"/>
                    <lemma type="new"/>
                </token>
                <token content="tire" id="9-6">
                    <pos type="NN"/>
                    <lemma type="tire"/>
                    <dep head="9-3" type="dobj"/>
                </token>
                <token content="out" id="9-7">
                    <pos type="RP"/>
                    <lemma type="out"/>
                    <dep head="9-3" type="prt"/>
                </token>
                <token content="over" id="9-8"/>
                <token content="the" id="9-9">
                    <pos type="DT"/>
                    <lemma type="the"/>
                </token>
                <token content="wheel" id="9-10">
                    <pos type="NN"/>
                    <lemma type="wheel"/>
                    <dep head="9-3" type="prep"/>
                </token>
                <token content="and" id="9-11"/>
                <token content="affixed" id="9-12">
                    <pos type="VBD"/>
                    <lemma type="affix"/>
                    <dep head="9-3" type="conj"/>
                </token>
                <token content="it" id="9-13">
                    <pos type="PRP"/>
                    <lemma type="it"/>
                    <dep head="9-12" type="dobj"/>
                </token>
                <token content="." id="9-14"/>
            </sentence>
            <sentence id="10">
                <token content="I" id="10-1">
                    <pos type="PRP"/>
                    <lemma type="I"/>
                    <dep head="10-2" type="nsubj"/>
                </token>
                <token content="twirled" id="10-2">
                    <pos type="VBD"/>
                    <lemma type="twirl"/>
                </token>
                <token content="it" id="10-3">
                    <pos type="PRP"/>
                    <lemma type="it"/>
                    <dep head="10-2" type="dobj"/>
                </token>
                <token content="around" id="10-4">
                    <pos type="RB"/>
                    <lemma type="around"/>
                    <dep head="10-2" type="advmod"/>
                </token>
                <token content="and" id="10-5"/>
                <token content="tested" id="10-6">
                    <pos type="VBD"/>
                    <lemma type="test"/>
                    <dep head="10-2" type="conj"/>
                </token>
                <token content="it" id="10-7">
                    <pos type="PRP"/>
                    <lemma type="it"/>
                    <dep head="10-6" type="dobj"/>
                </token>
                <token content="to" id="10-8">
                    <pos type="TO"/>
                    <lemma type="to"/>
                    <dep head="10-9" type="aux"/>
                </token>
                <token content="make" id="10-9">
                    <pos type="VB"/>
                    <lemma type="make"/>
                    <dep head="10-6" type="xcomp"/>
                </token>
                <token content="sure" id="10-10">
                    <pos type="JJ"/>
                    <lemma type="sure"/>
                    <dep head="10-9" type="acomp"/>
                </token>
                <token content="that" id="10-11">
                    <pos type="IN"/>
                    <lemma type="that"/>
                    <dep head="10-15" type="mark"/>
                </token>
                <token content="it" id="10-12">
                    <pos type="PRP"/>
                    <lemma type="it"/>
                    <dep head="10-15" type="nsubjpass"/>
                </token>
                <token content="was" id="10-13">
                    <pos type="VBD"/>
                    <lemma type="be"/>
                    <dep head="10-15" type="auxpass"/>
                </token>
                <token content="properly" id="10-14">
                    <pos type="RB"/>
                    <lemma type="properly"/>
                    <dep head="10-15" type="advmod"/>
                </token>
                <token content="fastened" id="10-15">
                    <pos type="VBN"/>
                    <lemma type="fasten"/>
                    <dep head="10-9" type="ccomp"/>
                </token>
                <token content="." id="10-16"/>
            </sentence>
            <sentence id="11">
                <token content="Next" id="11-1">
                    <pos type="RB"/>
                    <lemma type="next"/>
                    <dep head="11-4" type="advmod"/>
                </token>
                <token content="," id="11-2"/>
                <token content="I" id="11-3">
                    <pos type="PRP"/>
                    <lemma type="I"/>
                    <dep head="11-4" type="nsubj"/>
                </token>
                <token content="drove" id="11-4">
                    <pos type="VBD"/>
                    <lemma type="drive"/>
                </token>
                <token content="around" id="11-5"/>
                <token content="the" id="11-6">
                    <pos type="DT"/>
                    <lemma type="the"/>
                </token>
                <token content="driveway" id="11-7">
                    <pos type="NN"/>
                    <lemma type="driveway"/>
                    <dep head="11-4" type="prep"/>
                </token>
                <token content="to" id="11-8">
                    <pos type="TO"/>
                    <lemma type="to"/>
                    <dep head="11-9" type="aux"/>
                </token>
                <token content="make" id="11-9">
                    <pos type="VB"/>
                    <lemma type="make"/>
                    <dep head="11-4" type="xcomp"/>
                </token>
                <token content="sure" id="11-10">
                    <pos type="JJ"/>
                    <lemma type="sure"/>
                    <dep head="11-9" type="acomp"/>
                </token>
                <token content="that" id="11-11">
                    <pos type="IN"/>
                    <lemma type="that"/>
                    <dep head="11-14" type="mark"/>
                </token>
                <token content="it" id="11-12">
                    <pos type="PRP"/>
                    <lemma type="it"/>
                    <dep head="11-14" type="nsubj"/>
                </token>
                <token content="would" id="11-13">
                    <pos type="MD"/>
                    <lemma type="would"/>
                    <dep head="11-14" type="aux"/>
                </token>
                <token content="hold" id="11-14">
                    <pos type="VB"/>
                    <lemma type="hold"/>
                    <dep head="11-9" type="ccomp"/>
                </token>
                <token content="." id="11-15"/>
            </sentence>
            <sentence id="12">
                <token content="Sure" id="12-1">
                    <pos type="RB"/>
                    <lemma type="sure"/>
                </token>
                <token content="enough" id="12-2">
                    <pos type="RB"/>
                    <lemma type="enough"/>
                </token>
                <token content="," id="12-3"/>
                <token content="it" id="12-4">
                    <pos type="PRP"/>
                    <lemma type="it"/>
                </token>
                <token content="was" id="12-5">
                    <pos type="VBD"/>
                    <lemma type="be"/>
                </token>
                <token content="secure" id="12-6">
                    <pos type="JJ"/>
                    <lemma type="secure"/>
                </token>
                <token content="and" id="12-7"/>
                <token content="ready" id="12-8">
                    <pos type="JJ"/>
                    <lemma type="ready"/>
                </token>
                <token content="for" id="12-9">
                    <pos type="IN"/>
                    <lemma type="for"/>
                    <dep head="12-12" type="mark"/>
                </token>
                <token content="me" id="12-10">
                    <pos type="PRP"/>
                    <lemma type="I"/>
                    <dep head="12-12" type="nsubj"/>
                </token>
                <token content="to" id="12-11">
                    <pos type="TO"/>
                    <lemma type="to"/>
                    <dep head="12-12" type="aux"/>
                </token>
                <token content="go" id="12-12">
                    <pos type="VB"/>
                    <lemma type="go"/>
                </token>
                <token content="on" id="12-13"/>
                <token content="my" id="12-14">
                    <pos type="PRP$"/>
                    <lemma type="my"/>
                </token>
                <token content="bike" id="12-15">
                    <pos type="NN"/>
                    <lemma type="bike"/>
                </token>
                <token content="ride" id="12-16">
                    <pos type="NN"/>
                    <lemma type="ride"/>
                    <dep head="12-12" type="prep"/>
                </token>
                <token content="." id="12-17"/>
            </sentence>
        </sentences>
    </text>
    <annotations>
        <participants>
            <label from="1-1" id="0" name="NPart" text="Yesterday" type="participant"/>
            <label from="1-4" id="1" name="ScrPart_rider" text="I" type="participant"/>
            <label from="1-6" id="2" name="ScrPart_rider" text="my" type="participant"/>
            <label from="1-7" id="3" name="ScrPart_bicycle" text="bicycle" type="participant"/>
            <label from="1-11" id="4" name="Unclear" text="garage" type="participant"/>
            <label from="1-13" id="5" name="ScrPart_rider" text="I" type="participant"/>
            <label from="1-15" id="6" name="ScrPart_bicycle" text="it" type="participant"/>
            <label from="1-19" id="7" name="ScrPart_tire" text="tire" type="participant"/>
            <label from="2-3" id="8" name="ScrPart_rider" text="I" type="participant"/>
            <label from="2-7" id="9" name="ScrPart_tire" text="it" type="participant"/>
            <label from="3-3" id="10" name="ScrPart_rider" text="I" type="participant"/>
            <label from="3-7" id="11" name="ScrPart_other" text="tool box" to="3-8" type="participant"/>
            <label from="3-8" id="12" name="ScrPart_other" text="box" type="participant"/>
            <label from="3-13" id="13" name="ScrPart_tool" text="wrench" type="participant"/>
            <label from="3-17" id="14" name="ScrPart_tool" text="tools" type="participant"/>
            <label from="4-3" id="15" name="ScrPart_rider" text="I" type="participant"/>
            <label from="4-5" id="16" name="ScrPart_rider" text="I" type="participant"/>
            <label from="4-11" id="17" name="ScrPart_spare_tube" text="bike tire" to="4-12" type="participant"/>
            <label from="4-12" id="18" name="ScrPart_spare_tube" text="tire" type="participant"/>
            <label from="5-3" id="19" name="ScrPart_rider" text="I" type="participant"/>
            <label from="5-6" id="20" name="NPart" text="door" type="participant"/>
            <label from="5-8" id="21" name="ScrPart_rider" text="my" type="participant"/>
            <label from="5-9" id="22" name="NPart" text="car" type="participant"/>
            <label from="6-1" id="23" name="ScrPart_rider" text="I" type="participant"/>
            <label from="6-6" id="24" name="ScrPart_shop" text="bicycle shop" to="6-7" type="participant"/>
            <label from="6-7" id="25" name="ScrPart_shop" text="shop" type="participant"/>
            <label from="6-12" id="26" name="ScrPart_spare_tube" text="bicycle tires" to="6-13" type="participant"/>
            <label from="6-13" id="27" name="ScrPart_spare_tube" text="tires" type="participant"/>
            <label from="6-15" id="28" name="ScrPart_spare_tube" text="one" type="participant"/>
            <label from="6-19" id="29" name="ScrPart_spare_tube" text="one" type="participant"/>
            <label from="7-1" id="30" name="ScrPart_rider" text="I" type="participant"/>
            <label from="7-4" id="31" name="ScrPart_location_repair" text="home" type="participant"/>
            <label from="7-5" id="32" name="ScrPart_location_repair" text="where" type="participant"/>
            <label from="7-7" id="33" name="ScrPart_bicycle" text="bicycle" type="participant"/>
            <label from="7-11" id="34" name="ScrPart_rider" text="me" type="participant"/>
            <label from="8-1" id="35" name="ScrPart_rider" text="I" type="participant"/>
            <label from="8-7" id="36" name="ScrPart_tire" text="tire" type="participant"/>
            <label from="8-11" id="37" name="ScrPart_bicycle" text="bicycle" type="participant"/>
            <label from="8-13" id="38" name="ScrPart_rider" text="my" type="participant"/>
            <label from="8-14" id="39" name="ScrPart_tool" text="wrench" type="participant"/>
            <label from="8-18" id="40" name="ScrPart_bicycle_small_detail" text="screws" type="participant"/>
            <label from="8-22" id="41" name="ScrPart_bicycle_small_detail" text="devices" type="participant"/>
            <label from="9-1" id="42" name="ScrPart_rider" text="I" type="participant"/>
            <label from="9-6" id="43" name="ScrPart_spare_tube" text="tire" type="participant"/>
            <label from="9-10" id="44" name="ScrPart_wheel" text="wheel" type="participant"/>
            <label from="9-13" id="45" name="ScrPart_spare_tube" text="it" type="participant"/>
            <label from="10-1" id="46" name="ScrPart_rider" text="I" type="participant"/>
            <label from="10-3" id="47" name="ScrPart_spare_tube" text="it" type="participant"/>
            <label from="10-7" id="48" name="ScrPart_spare_tube" text="it" type="participant"/>
            <label from="10-12" id="49" name="ScrPart_spare_tube" text="it" type="participant"/>
            <label from="11-3" id="50" name="ScrPart_rider" text="I" type="participant"/>
            <label from="11-7" id="51" name="ScrPart_other" text="driveway" type="participant"/>
            <label from="11-12" id="52" name="ScrPart_spare_tube" text="it" type="participant"/>
            <label from="12-4" id="53" name="ScrPart_spare_tube" text="it" type="participant"/>
            <label from="12-10" id="54" name="ScrPart_rider" text="me" type="participant"/>
            <label from="12-14" id="55" name="ScrPart_rider" text="my" type="participant"/>
            <label from="12-15" id="56" name="ScrPart_ride" text="bike ride" to="12-16" type="participant"/>
            <label from="12-16" id="57" name="ScrPart_ride" text="ride" type="participant"/>
        </participants>
        <events>
            <label from="1-5" id="58" name="RelNScrEv" text="pulled" type="event"/>
            <label from="1-16" id="59" name="Evoking" text="had a flat tire" to="1-19" type="event"/>
            <label from="2-4" id="60" name="UnrelEv" text="prepared" type="event"/>
            <label from="2-6" id="61" name="Evoking" text="repair" type="event"/>
            <label from="3-4" id="62" name="UnrelEv" text="went" type="event"/>
            <label from="3-10" id="63" name="ScrEv_get_tools" text="got out" to="3-11" type="event"/>
            <label from="3-10" id="64" name="ScrEv_get_tools" text="got" type="event"/>
            <label from="4-4" id="65" name="UnrelEv" text="realized" type="event"/>
            <label from="4-8" id="66" name="RelNScrEv" text="have" type="event"/>
            <label from="5-4" id="67" name="UnrelEv" text="opened" type="event"/>
            <label from="5-11" id="68" name="UnrelEv" text="got in" to="5-12" type="event"/>
            <label from="5-11" id="69" name="UnrelEv" text="got" type="event"/>
            <label from="6-2" id="70" name="UnrelEv" text="drove" type="event"/>
            <label from="6-9" id="71" name="ScrEv_get_tire" text="bought" type="event"/>
            <label from="7-2" id="72" name="UnrelEv" text="drove" type="event"/>
            <label from="7-9" id="73" name="UnrelEv" text="waiting" type="event"/>
            <label from="8-2" id="74" name="ScrEv_take_tire_off" text="took" type="event"/>
            <label from="8-12" id="75" name="ScrEv_get_tools" text="using" type="event"/>
            <label from="8-16" id="76" name="ScrEv_loose_nut" text="loosen" type="event"/>
            <label from="9-3" id="77" name="ScrEv_put_new_tire" text="stretched" type="event"/>
            <label from="9-12" id="78" name="ScrEv_put_new_tire" text="affixed" type="event"/>
            <label from="10-2" id="79" name="ScrEv_check_new_tire" text="twirled" type="event"/>
            <label from="10-6" id="80" name="ScrEv_check_new_tire" text="tested" type="event"/>
            <label from="10-9" id="81" name="UnrelEv" text="make" type="event"/>
            <label from="10-15" id="82" name="ScrEv_other" text="fastened" type="event"/>
            <label from="11-4" id="83" name="ScrEv_check_new_tire" text="drove" type="event"/>
            <label from="11-9" id="84" name="UnrelEv" text="make" type="event"/>
            <label from="11-14" id="85" name="RelNScrEv" text="hold" type="event"/>
            <label from="12-5" id="86" name="UnrelEv" text="was" type="event"/>
            <label from="12-12" id="87" name="Evoking" text="go on my bike ride" to="12-16" type="event"/>
        </events>
        <chains>
            <chain elements="1 2 5 8 10 15 16 19 21 23 30 34 35 38 42 46 50 54 55"/>
            <chain elements="3 6 33 37"/>
            <chain elements="7 9 36"/>
            <chain elements="29 27 28" name="group_spare_tube1_spare_tube2"/>
            <chain elements="31 32"/>
            <chain elements="13 39"/>
            <chain elements="28 43 45 47 48 49 52 53"/>
        </chains>
    </annotations>
</story>
