<?xml version="1.0" encoding="UTF-8" standalone="no"?>
<!DOCTYPE story SYSTEM "../InScript.dtd">
<story id="050" scenario="bicycle">
    <text>
        <content>I got my Yeti 575 enduro bike out and had made some minor adjustments to the tuning . 
One other adjustment I made was to put some road tires on it so I could ride Capital Circle road of Tallahassee south to the major bike trail . 
As I made my way through traffic in the bike lane the wind blew on my face and the sun warmed my skin . 
I was in a great mood . 
Then all of a sudden the mood was dampened and corrupted by that horrible noise of leaking air . 
I had hit some road debree that caused a flat tire . 
After cursing the event and going through a small tantrum I consulted the tools of my backpack which I always brought with me . 
I took the tire off , removed the tube , isolated the puncture , and then applied the patch . 
I reassembled the tube and tire , pumped it up with my small hand pump , and made my way back home . </content>
        <sentences>
            <sentence id="1">
                <token content="I" id="1-1">
                    <pos type="PRP"/>
                    <lemma type="I"/>
                    <dep head="1-2" type="nsubj"/>
                </token>
                <token content="got" id="1-2">
                    <pos type="VBD"/>
                    <lemma type="get"/>
                </token>
                <token content="my" id="1-3">
                    <pos type="PRP$"/>
                    <lemma type="my"/>
                </token>
                <token content="Yeti" id="1-4">
                    <pos type="NNP"/>
                    <lemma type="Yeti"/>
                </token>
                <token content="575" id="1-5">
                    <pos type="NNP"/>
                    <lemma type="575"/>
                </token>
                <token content="enduro" id="1-6">
                    <pos type="NN"/>
                    <lemma type="enduro"/>
                </token>
                <token content="bike" id="1-7">
                    <pos type="NN"/>
                    <lemma type="bike"/>
                    <dep head="1-2" type="dobj"/>
                </token>
                <token content="out" id="1-8">
                    <pos type="RP"/>
                    <lemma type="out"/>
                    <dep head="1-2" type="prt"/>
                </token>
                <token content="and" id="1-9"/>
                <token content="had" id="1-10">
                    <pos type="VBD"/>
                    <lemma type="have"/>
                    <dep head="1-11" type="aux"/>
                </token>
                <token content="made" id="1-11">
                    <pos type="VBN"/>
                    <lemma type="make"/>
                    <dep head="1-2" type="conj"/>
                </token>
                <token content="some" id="1-12">
                    <pos type="DT"/>
                    <lemma type="some"/>
                </token>
                <token content="minor" id="1-13">
                    <pos type="JJ"/>
                    <lemma type="minor"/>
                </token>
                <token content="adjustments" id="1-14">
                    <pos type="NNS"/>
                    <lemma type="adjustment"/>
                    <dep head="1-11" type="dobj"/>
                </token>
                <token content="to" id="1-15"/>
                <token content="the" id="1-16">
                    <pos type="DT"/>
                    <lemma type="the"/>
                </token>
                <token content="tuning" id="1-17">
                    <pos type="NN"/>
                    <lemma type="tuning"/>
                    <dep head="1-11" type="prep"/>
                </token>
                <token content="." id="1-18"/>
            </sentence>
            <sentence id="2">
                <token content="One" id="2-1">
                    <pos type="CD"/>
                    <lemma type="one"/>
                </token>
                <token content="other" id="2-2">
                    <pos type="JJ"/>
                    <lemma type="other"/>
                </token>
                <token content="adjustment" id="2-3">
                    <pos type="NN"/>
                    <lemma type="adjustment"/>
                    <dep head="2-6" type="nsubj"/>
                </token>
                <token content="I" id="2-4">
                    <pos type="PRP"/>
                    <lemma type="I"/>
                    <dep head="2-5" type="nsubj"/>
                </token>
                <token content="made" id="2-5">
                    <pos type="VBD"/>
                    <lemma type="make"/>
                </token>
                <token content="was" id="2-6">
                    <pos type="VBD"/>
                    <lemma type="be"/>
                </token>
                <token content="to" id="2-7">
                    <pos type="TO"/>
                    <lemma type="to"/>
                    <dep head="2-8" type="aux"/>
                </token>
                <token content="put" id="2-8">
                    <pos type="VB"/>
                    <lemma type="put"/>
                    <dep head="2-6" type="xcomp"/>
                </token>
                <token content="some" id="2-9">
                    <pos type="DT"/>
                    <lemma type="some"/>
                </token>
                <token content="road" id="2-10">
                    <pos type="NN"/>
                    <lemma type="road"/>
                </token>
                <token content="tires" id="2-11">
                    <pos type="NNS"/>
                    <lemma type="tire"/>
                    <dep head="2-8" type="dobj"/>
                </token>
                <token content="on" id="2-12"/>
                <token content="it" id="2-13">
                    <pos type="PRP"/>
                    <lemma type="it"/>
                    <dep head="2-8" type="prep"/>
                </token>
                <token content="so" id="2-14">
                    <pos type="IN"/>
                    <lemma type="so"/>
                    <dep head="2-17" type="mark"/>
                </token>
                <token content="I" id="2-15">
                    <pos type="PRP"/>
                    <lemma type="I"/>
                    <dep head="2-17" type="nsubj"/>
                </token>
                <token content="could" id="2-16">
                    <pos type="MD"/>
                    <lemma type="could"/>
                    <dep head="2-17" type="aux"/>
                </token>
                <token content="ride" id="2-17">
                    <pos type="VB"/>
                    <lemma type="ride"/>
                    <dep head="2-8" type="advcl"/>
                </token>
                <token content="Capital" id="2-18">
                    <pos type="NNP"/>
                    <lemma type="Capital"/>
                </token>
                <token content="Circle" id="2-19">
                    <pos type="NNP"/>
                    <lemma type="Circle"/>
                </token>
                <token content="road" id="2-20">
                    <pos type="NN"/>
                    <lemma type="road"/>
                    <dep head="2-17" type="dobj"/>
                </token>
                <token content="of" id="2-21"/>
                <token content="Tallahassee" id="2-22">
                    <pos type="NNP"/>
                    <lemma type="Tallahassee"/>
                </token>
                <token content="south" id="2-23">
                    <pos type="RB"/>
                    <lemma type="south"/>
                    <dep head="2-17" type="advmod"/>
                </token>
                <token content="to" id="2-24"/>
                <token content="the" id="2-25">
                    <pos type="DT"/>
                    <lemma type="the"/>
                </token>
                <token content="major" id="2-26">
                    <pos type="JJ"/>
                    <lemma type="major"/>
                </token>
                <token content="bike" id="2-27">
                    <pos type="NN"/>
                    <lemma type="bike"/>
                </token>
                <token content="trail" id="2-28">
                    <pos type="NN"/>
                    <lemma type="trail"/>
                </token>
                <token content="." id="2-29"/>
            </sentence>
            <sentence id="3">
                <token content="As" id="3-1">
                    <pos type="IN"/>
                    <lemma type="as"/>
                    <dep head="3-3" type="mark"/>
                </token>
                <token content="I" id="3-2">
                    <pos type="PRP"/>
                    <lemma type="I"/>
                    <dep head="3-3" type="nsubj"/>
                </token>
                <token content="made" id="3-3">
                    <pos type="VBD"/>
                    <lemma type="make"/>
                    <dep head="3-14" type="advcl"/>
                </token>
                <token content="my" id="3-4">
                    <pos type="PRP$"/>
                    <lemma type="my"/>
                </token>
                <token content="way" id="3-5">
                    <pos type="NN"/>
                    <lemma type="way"/>
                    <dep head="3-3" type="dobj"/>
                </token>
                <token content="through" id="3-6"/>
                <token content="traffic" id="3-7">
                    <pos type="NN"/>
                    <lemma type="traffic"/>
                    <dep head="3-3" type="prep"/>
                </token>
                <token content="in" id="3-8"/>
                <token content="the" id="3-9">
                    <pos type="DT"/>
                    <lemma type="the"/>
                </token>
                <token content="bike" id="3-10">
                    <pos type="NN"/>
                    <lemma type="bike"/>
                </token>
                <token content="lane" id="3-11">
                    <pos type="NN"/>
                    <lemma type="lane"/>
                    <dep head="3-3" type="prep"/>
                </token>
                <token content="the" id="3-12">
                    <pos type="DT"/>
                    <lemma type="the"/>
                </token>
                <token content="wind" id="3-13">
                    <pos type="NN"/>
                    <lemma type="wind"/>
                    <dep head="3-14" type="nsubj"/>
                </token>
                <token content="blew" id="3-14">
                    <pos type="VBD"/>
                    <lemma type="blow"/>
                </token>
                <token content="on" id="3-15"/>
                <token content="my" id="3-16">
                    <pos type="PRP$"/>
                    <lemma type="my"/>
                </token>
                <token content="face" id="3-17">
                    <pos type="NN"/>
                    <lemma type="face"/>
                    <dep head="3-14" type="prep"/>
                </token>
                <token content="and" id="3-18"/>
                <token content="the" id="3-19">
                    <pos type="DT"/>
                    <lemma type="the"/>
                </token>
                <token content="sun" id="3-20">
                    <pos type="NN"/>
                    <lemma type="sun"/>
                    <dep head="3-21" type="nsubj"/>
                </token>
                <token content="warmed" id="3-21">
                    <pos type="VBD"/>
                    <lemma type="warm"/>
                    <dep head="3-14" type="conj"/>
                </token>
                <token content="my" id="3-22">
                    <pos type="PRP$"/>
                    <lemma type="my"/>
                </token>
                <token content="skin" id="3-23">
                    <pos type="NN"/>
                    <lemma type="skin"/>
                    <dep head="3-21" type="dobj"/>
                </token>
                <token content="." id="3-24"/>
            </sentence>
            <sentence id="4">
                <token content="I" id="4-1">
                    <pos type="PRP"/>
                    <lemma type="I"/>
                    <dep head="4-2" type="nsubj"/>
                </token>
                <token content="was" id="4-2">
                    <pos type="VBD"/>
                    <lemma type="be"/>
                </token>
                <token content="in" id="4-3"/>
                <token content="a" id="4-4">
                    <pos type="DT"/>
                    <lemma type="a"/>
                </token>
                <token content="great" id="4-5">
                    <pos type="JJ"/>
                    <lemma type="great"/>
                </token>
                <token content="mood" id="4-6">
                    <pos type="NN"/>
                    <lemma type="mood"/>
                    <dep head="4-2" type="prep"/>
                </token>
                <token content="." id="4-7"/>
            </sentence>
            <sentence id="5">
                <token content="Then" id="5-1">
                    <pos type="RB"/>
                    <lemma type="then"/>
                    <dep head="5-9" type="advmod"/>
                </token>
                <token content="all" id="5-2">
                    <pos type="RB"/>
                    <lemma type="all"/>
                </token>
                <token content="of" id="5-3">
                    <pos type="IN"/>
                    <lemma type="of"/>
                    <dep head="5-9" type="advmod"/>
                </token>
                <token content="a" id="5-4">
                    <pos type="DT"/>
                    <lemma type="a"/>
                </token>
                <token content="sudden" id="5-5">
                    <pos type="JJ"/>
                    <lemma type="sudden"/>
                </token>
                <token content="the" id="5-6">
                    <pos type="DT"/>
                    <lemma type="the"/>
                </token>
                <token content="mood" id="5-7">
                    <pos type="NN"/>
                    <lemma type="mood"/>
                    <dep head="5-9" type="nsubjpass"/>
                </token>
                <token content="was" id="5-8">
                    <pos type="VBD"/>
                    <lemma type="be"/>
                    <dep head="5-9" type="auxpass"/>
                </token>
                <token content="dampened" id="5-9">
                    <pos type="VBN"/>
                    <lemma type="dampen"/>
                </token>
                <token content="and" id="5-10"/>
                <token content="corrupted" id="5-11">
                    <pos type="VBN"/>
                    <lemma type="corrupt"/>
                    <dep head="5-9" type="conj"/>
                </token>
                <token content="by" id="5-12"/>
                <token content="that" id="5-13">
                    <pos type="DT"/>
                    <lemma type="that"/>
                </token>
                <token content="horrible" id="5-14">
                    <pos type="JJ"/>
                    <lemma type="horrible"/>
                </token>
                <token content="noise" id="5-15">
                    <pos type="NN"/>
                    <lemma type="noise"/>
                    <dep head="5-9" type="agent"/>
                </token>
                <token content="of" id="5-16"/>
                <token content="leaking" id="5-17">
                    <pos type="VBG"/>
                    <lemma type="leak"/>
                </token>
                <token content="air" id="5-18">
                    <pos type="NN"/>
                    <lemma type="air"/>
                    <dep head="5-17" type="dobj"/>
                </token>
                <token content="." id="5-19"/>
            </sentence>
            <sentence id="6">
                <token content="I" id="6-1">
                    <pos type="PRP"/>
                    <lemma type="I"/>
                    <dep head="6-3" type="nsubj"/>
                </token>
                <token content="had" id="6-2">
                    <pos type="VBD"/>
                    <lemma type="have"/>
                    <dep head="6-3" type="aux"/>
                </token>
                <token content="hit" id="6-3">
                    <pos type="VBN"/>
                    <lemma type="hit"/>
                </token>
                <token content="some" id="6-4">
                    <pos type="DT"/>
                    <lemma type="some"/>
                </token>
                <token content="road" id="6-5">
                    <pos type="NN"/>
                    <lemma type="road"/>
                </token>
                <token content="debree" id="6-6">
                    <pos type="NN"/>
                    <lemma type="debree"/>
                    <dep head="6-3" type="dobj"/>
                </token>
                <token content="that" id="6-7">
                    <pos type="WDT"/>
                    <lemma type="that"/>
                    <dep head="6-8" type="nsubj"/>
                </token>
                <token content="caused" id="6-8">
                    <pos type="VBD"/>
                    <lemma type="cause"/>
                </token>
                <token content="a" id="6-9">
                    <pos type="DT"/>
                    <lemma type="a"/>
                </token>
                <token content="flat" id="6-10">
                    <pos type="JJ"/>
                    <lemma type="flat"/>
                </token>
                <token content="tire" id="6-11">
                    <pos type="NN"/>
                    <lemma type="tire"/>
                    <dep head="6-8" type="dobj"/>
                </token>
                <token content="." id="6-12"/>
            </sentence>
            <sentence id="7">
                <token content="After" id="7-1"/>
                <token content="cursing" id="7-2">
                    <pos type="VBG"/>
                    <lemma type="curse"/>
                    <dep head="7-12" type="prepc"/>
                </token>
                <token content="the" id="7-3">
                    <pos type="DT"/>
                    <lemma type="the"/>
                </token>
                <token content="event" id="7-4">
                    <pos type="NN"/>
                    <lemma type="event"/>
                    <dep head="7-2" type="dobj"/>
                </token>
                <token content="and" id="7-5"/>
                <token content="going" id="7-6">
                    <pos type="VBG"/>
                    <lemma type="go"/>
                    <dep head="7-2" type="conj"/>
                </token>
                <token content="through" id="7-7"/>
                <token content="a" id="7-8">
                    <pos type="DT"/>
                    <lemma type="a"/>
                </token>
                <token content="small" id="7-9">
                    <pos type="JJ"/>
                    <lemma type="small"/>
                </token>
                <token content="tantrum" id="7-10">
                    <pos type="NN"/>
                    <lemma type="tantrum"/>
                    <dep head="7-6" type="prep"/>
                </token>
                <token content="I" id="7-11">
                    <pos type="PRP"/>
                    <lemma type="I"/>
                    <dep head="7-12" type="nsubj"/>
                </token>
                <token content="consulted" id="7-12">
                    <pos type="VBZ"/>
                    <lemma type="consult"/>
                </token>
                <token content="the" id="7-13">
                    <pos type="DT"/>
                    <lemma type="the"/>
                </token>
                <token content="tools" id="7-14">
                    <pos type="NNS"/>
                    <lemma type="tool"/>
                    <dep head="7-12" type="dobj"/>
                </token>
                <token content="of" id="7-15"/>
                <token content="my" id="7-16">
                    <pos type="PRP$"/>
                    <lemma type="my"/>
                </token>
                <token content="backpack" id="7-17">
                    <pos type="NN"/>
                    <lemma type="backpack"/>
                </token>
                <token content="which" id="7-18">
                    <pos type="WDT"/>
                    <lemma type="which"/>
                    <dep head="7-21" type="dobj"/>
                </token>
                <token content="I" id="7-19">
                    <pos type="PRP"/>
                    <lemma type="I"/>
                    <dep head="7-21" type="nsubj"/>
                </token>
                <token content="always" id="7-20">
                    <pos type="RB"/>
                    <lemma type="always"/>
                    <dep head="7-21" type="advmod"/>
                </token>
                <token content="brought" id="7-21">
                    <pos type="VBD"/>
                    <lemma type="bring"/>
                </token>
                <token content="with" id="7-22"/>
                <token content="me" id="7-23">
                    <pos type="PRP"/>
                    <lemma type="I"/>
                    <dep head="7-21" type="prep"/>
                </token>
                <token content="." id="7-24"/>
            </sentence>
            <sentence id="8">
                <token content="I" id="8-1">
                    <pos type="PRP"/>
                    <lemma type="I"/>
                    <dep head="8-2" type="nsubj"/>
                </token>
                <token content="took" id="8-2">
                    <pos type="VBD"/>
                    <lemma type="take"/>
                </token>
                <token content="the" id="8-3">
                    <pos type="DT"/>
                    <lemma type="the"/>
                </token>
                <token content="tire" id="8-4">
                    <pos type="NN"/>
                    <lemma type="tire"/>
                    <dep head="8-2" type="dobj"/>
                </token>
                <token content="off" id="8-5">
                    <pos type="RP"/>
                    <lemma type="off"/>
                    <dep head="8-2" type="prt"/>
                </token>
                <token content="," id="8-6"/>
                <token content="removed" id="8-7">
                    <pos type="VBD"/>
                    <lemma type="remove"/>
                    <dep head="8-2" type="conj"/>
                </token>
                <token content="the" id="8-8">
                    <pos type="DT"/>
                    <lemma type="the"/>
                </token>
                <token content="tube" id="8-9">
                    <pos type="NN"/>
                    <lemma type="tube"/>
                    <dep head="8-7" type="dobj"/>
                </token>
                <token content="," id="8-10"/>
                <token content="isolated" id="8-11">
                    <pos type="VBD"/>
                    <lemma type="isolate"/>
                    <dep head="8-2" type="conj"/>
                </token>
                <token content="the" id="8-12">
                    <pos type="DT"/>
                    <lemma type="the"/>
                </token>
                <token content="puncture" id="8-13">
                    <pos type="NN"/>
                    <lemma type="puncture"/>
                    <dep head="8-11" type="dobj"/>
                </token>
                <token content="," id="8-14"/>
                <token content="and" id="8-15"/>
                <token content="then" id="8-16">
                    <pos type="RB"/>
                    <lemma type="then"/>
                    <dep head="8-17" type="advmod"/>
                </token>
                <token content="applied" id="8-17">
                    <pos type="VBD"/>
                    <lemma type="apply"/>
                    <dep head="8-2" type="conj"/>
                </token>
                <token content="the" id="8-18">
                    <pos type="DT"/>
                    <lemma type="the"/>
                </token>
                <token content="patch" id="8-19">
                    <pos type="NN"/>
                    <lemma type="patch"/>
                    <dep head="8-17" type="dobj"/>
                </token>
                <token content="." id="8-20"/>
            </sentence>
            <sentence id="9">
                <token content="I" id="9-1">
                    <pos type="PRP"/>
                    <lemma type="I"/>
                    <dep head="9-2" type="nsubj"/>
                </token>
                <token content="reassembled" id="9-2">
                    <pos type="VBD"/>
                    <lemma type="reassemble"/>
                </token>
                <token content="the" id="9-3">
                    <pos type="DT"/>
                    <lemma type="the"/>
                </token>
                <token content="tube" id="9-4">
                    <pos type="NN"/>
                    <lemma type="tube"/>
                    <dep head="9-2" type="dobj"/>
                </token>
                <token content="and" id="9-5"/>
                <token content="tire" id="9-6">
                    <pos type="NN"/>
                    <lemma type="tire"/>
                </token>
                <token content="," id="9-7"/>
                <token content="pumped" id="9-8">
                    <pos type="VBD"/>
                    <lemma type="pump"/>
                    <dep head="9-2" type="conj"/>
                </token>
                <token content="it" id="9-9">
                    <pos type="PRP"/>
                    <lemma type="it"/>
                    <dep head="9-8" type="dobj"/>
                </token>
                <token content="up" id="9-10">
                    <pos type="RP"/>
                    <lemma type="up"/>
                    <dep head="9-8" type="prt"/>
                </token>
                <token content="with" id="9-11"/>
                <token content="my" id="9-12">
                    <pos type="PRP$"/>
                    <lemma type="my"/>
                </token>
                <token content="small" id="9-13">
                    <pos type="JJ"/>
                    <lemma type="small"/>
                </token>
                <token content="hand" id="9-14">
                    <pos type="NN"/>
                    <lemma type="hand"/>
                </token>
                <token content="pump" id="9-15">
                    <pos type="NN"/>
                    <lemma type="pump"/>
                    <dep head="9-8" type="prep"/>
                </token>
                <token content="," id="9-16"/>
                <token content="and" id="9-17"/>
                <token content="made" id="9-18">
                    <pos type="VBD"/>
                    <lemma type="make"/>
                    <dep head="9-2" type="conj"/>
                </token>
                <token content="my" id="9-19">
                    <pos type="PRP$"/>
                    <lemma type="my"/>
                </token>
                <token content="way" id="9-20">
                    <pos type="NN"/>
                    <lemma type="way"/>
                    <dep head="9-18" type="dobj"/>
                </token>
                <token content="back" id="9-21">
                    <pos type="RB"/>
                    <lemma type="back"/>
                    <dep head="9-18" type="advmod"/>
                </token>
                <token content="home" id="9-22">
                    <pos type="NN"/>
                    <lemma type="home"/>
                </token>
                <token content="." id="9-23"/>
            </sentence>
        </sentences>
    </text>
    <annotations>
        <participants>
            <label from="1-1" id="0" name="ScrPart_rider" text="I" type="participant"/>
            <label from="1-3" id="1" name="ScrPart_rider" text="my" type="participant"/>
            <label from="1-4" id="2" name="ScrPart_bicycle" text="Yeti 575 enduro bike" to="1-7" type="participant"/>
            <label from="1-7" id="3" name="ScrPart_bicycle" text="bike" type="participant"/>
            <label from="1-14" id="4" name="NPart" text="adjustments" type="participant"/>
            <label from="1-17" id="5" name="NPart" text="tuning" type="participant"/>
            <label from="2-3" id="6" name="NPart" text="adjustment" type="participant"/>
            <label from="2-4" id="7" name="ScrPart_rider" text="I" type="participant"/>
            <label from="2-10" id="8" name="ScrPart_tire" text="road tires" to="2-11" type="participant"/>
            <label from="2-11" id="9" name="ScrPart_tire" text="tires" type="participant"/>
            <label from="2-13" id="10" name="ScrPart_bicycle" text="it" type="participant"/>
            <label from="2-15" id="11" name="ScrPart_rider" text="I" type="participant"/>
            <label from="2-18" id="12" name="NPart" text="Capital Circle road" to="2-20" type="participant"/>
            <label from="2-20" id="13" name="NPart" text="road" type="participant"/>
            <label from="2-22" id="14" name="NPart" text="Tallahassee" type="participant"/>
            <label from="2-27" id="15" name="NPart" text="bike trail" to="2-28" type="participant"/>
            <label from="2-28" id="16" name="NPart" text="trail" type="participant"/>
            <label from="3-2" id="17" name="ScrPart_rider" text="I" type="participant"/>
            <label from="3-4" id="18" name="ScrPart_rider" text="my" type="participant"/>
            <label from="3-5" id="19" name="SuppVComp" text="way" type="participant"/>
            <label from="3-7" id="20" name="NPart" text="traffic" type="participant"/>
            <label from="3-10" id="21" name="NPart" text="bike lane" to="3-11" type="participant"/>
            <label from="3-11" id="22" name="NPart" text="lane" type="participant"/>
            <label from="3-13" id="23" name="NPart" text="wind" type="participant"/>
            <label from="3-16" id="24" name="ScrPart_rider" text="my" type="participant"/>
            <label from="3-17" id="25" name="NPart" text="face" type="participant"/>
            <label from="3-20" id="26" name="NPart" text="sun" type="participant"/>
            <label from="3-22" id="27" name="ScrPart_rider" text="my" type="participant"/>
            <label from="3-23" id="28" name="NPart" text="skin" type="participant"/>
            <label from="4-1" id="29" name="ScrPart_rider" text="I" type="participant"/>
            <label from="4-6" id="30" name="NPart" text="mood" type="participant"/>
            <label from="5-7" id="31" name="NPart" text="mood" type="participant"/>
            <label from="5-15" id="32" name="NPart" text="noise" type="participant"/>
            <label from="5-18" id="33" name="ScrPart_air" text="air" type="participant"/>
            <label from="6-1" id="34" name="ScrPart_rider" text="I" type="participant"/>
            <label from="6-5" id="35" name="ScrPart_object_damage" text="road debree" to="6-6" type="participant"/>
            <label from="6-6" id="36" name="ScrPart_object_damage" text="debree" type="participant"/>
            <label from="6-7" id="37" name="ScrPart_object_damage" text="that" type="participant"/>
            <label from="6-11" id="38" name="ScrPart_tire" text="tire" type="participant"/>
            <label from="7-4" id="39" name="NPart" text="event" type="participant"/>
            <label from="7-10" id="40" name="NPart" text="tantrum" type="participant"/>
            <label from="7-11" id="41" name="ScrPart_rider" text="I" type="participant"/>
            <label from="7-14" id="42" name="ScrPart_tool" text="tools" type="participant"/>
            <label from="7-16" id="43" name="ScrPart_rider" text="my" type="participant"/>
            <label from="7-17" id="44" name="NPart" text="backpack" type="participant"/>
            <label from="7-18" id="45" name="ScrPart_tool" text="which" type="participant"/>
            <label from="7-19" id="46" name="ScrPart_rider" text="I" type="participant"/>
            <label from="7-23" id="47" name="ScrPart_rider" text="me" type="participant"/>
            <label from="8-1" id="48" name="ScrPart_rider" text="I" type="participant"/>
            <label from="8-4" id="49" name="ScrPart_tire" text="tire" type="participant"/>
            <label from="8-9" id="50" name="ScrPart_tire" text="tube" type="participant"/>
            <label from="8-13" id="51" name="ScrPart_damage" text="puncture" type="participant"/>
            <label from="8-19" id="52" name="ScrPart_patch" text="patch" type="participant"/>
            <label from="9-1" id="53" name="ScrPart_rider" text="I" type="participant"/>
            <label from="9-4" id="54" name="ScrPart_tire" text="tube" type="participant"/>
            <label from="9-6" id="55" name="ScrPart_tire" text="tire" type="participant"/>
            <label from="9-9" id="56" name="ScrPart_tire" text="it" type="participant"/>
            <label from="9-12" id="57" name="ScrPart_rider" text="my" type="participant"/>
            <label from="9-14" id="58" name="ScrPart_tool" text="hand pump" to="9-15" type="participant"/>
            <label from="9-15" id="59" name="ScrPart_tool" text="pump" type="participant"/>
            <label from="9-19" id="60" name="ScrPart_rider" text="my" type="participant"/>
            <label from="9-20" id="61" name="SuppVComp" text="way" type="participant"/>
            <label from="9-22" id="62" name="NPart" text="home" type="participant"/>
        </participants>
        <events>
            <label from="1-2" id="63" name="RelNScrEv" text="got" type="event"/>
            <label from="1-11" id="64" name="UnrelEv" text="made" type="event"/>
            <label from="2-5" id="65" name="UnrelEv" text="made" type="event"/>
            <label from="2-6" id="66" name="UnrelEv" text="was" type="event"/>
            <label from="2-8" id="67" name="UnrelEv" text="put" type="event"/>
            <label from="2-17" id="68" name="ScrEv_ride_bike" text="ride" type="event"/>
            <label from="3-3" id="69" name="ScrEv_ride_bike" text="made" type="event"/>
            <label from="3-14" id="70" name="UnrelEv" text="blew" type="event"/>
            <label from="3-21" id="71" name="UnrelEv" text="warmed" type="event"/>
            <label from="4-2" id="72" name="UnrelEv" text="was" type="event"/>
            <label from="5-9" id="73" name="UnrelEv" text="dampened" type="event"/>
            <label from="5-11" id="74" name="UnrelEv" text="corrupted" type="event"/>
            <label from="5-17" id="75" name="ScrEv_notice_problem" text="leaking" type="event"/>
            <label from="6-3" id="76" name="RelNScrEv" text="hit" type="event"/>
            <label from="6-8" id="77" name="Evoking" text="caused a flat tire" to="6-11" type="event"/>
            <label from="7-2" id="78" name="RelNScrEv" text="cursing" type="event"/>
            <label from="7-6" id="79" name="RelNScrEv" text="going" type="event"/>
            <label from="7-12" id="80" name="ScrEv_get_tools" text="consulted" type="event"/>
            <label from="7-21" id="81" name="ScrEv_get_tools" text="brought" type="event"/>
            <label from="8-2" id="82" name="ScrEv_take_tire_off" text="took" type="event"/>
            <label from="8-7" id="83" name="ScrEv_remove_tire" text="removed" type="event"/>
            <label from="8-11" id="84" name="ScrEv_examine_tire" text="isolated" type="event"/>
            <label from="8-17" id="85" name="ScrEv_put_patch/seal" text="applied" type="event"/>
            <label from="9-2" id="86" name="ScrEv_put_new_tire" text="reassembled" type="event"/>
            <label from="9-8" id="87" name="ScrEv_refill_tire_air" text="pumped" type="event"/>
            <label from="9-18" id="88" name="ScrEv_ride_bike" text="made" type="event"/>
        </events>
        <chains>
            <chain elements="0 1 7 11 17 18 24 27 29 34 41 43 46 47 48 53 57 60"/>
            <chain elements="3 10"/>
            <chain elements="36 37"/>
            <chain elements="42 45"/>
            <chain elements="38 49 50 54 55 56 9"/>
        </chains>
    </annotations>
</story>
