<?xml version="1.0" encoding="UTF-8" standalone="no"?>
<!DOCTYPE story SYSTEM "../InScript.dtd">
<story id="056" scenario="bicycle">
    <text>
        <content>I was riding by bicycle along the river trail this morning when I noticed that something did n't seem right . 
My front tire was n't as firm as it usually is , and the situation was getting worse . 
I stopped pedaling , got off the bike , and put my ear to the tire . 
I could hear a faint hissing sound . 
The tire was flat . 
Darn , I thought to myself . 
I was miles from home -- too far to walk back , and nowhere near a repair shop . 
Fortunately , I keep a patch kit that I bought at the local bike shop in my backpack . 
I took the backpack off , rummaged around inside for the repair kit , and grabbed it . 
It had been a year since I last used it , but I got the hang of it . 
I found the exact spot of the hole in the tire , patched it , and then re-inflated the tire . 
My hands were dirty , but I was able to ride home without any further trouble . </content>
        <sentences>
            <sentence id="1">
                <token content="I" id="1-1">
                    <pos type="PRP"/>
                    <lemma type="I"/>
                    <dep head="1-3" type="nsubj"/>
                </token>
                <token content="was" id="1-2">
                    <pos type="VBD"/>
                    <lemma type="be"/>
                    <dep head="1-3" type="aux"/>
                </token>
                <token content="riding" id="1-3">
                    <pos type="VBG"/>
                    <lemma type="ride"/>
                </token>
                <token content="by" id="1-4"/>
                <token content="bicycle" id="1-5">
                    <pos type="NN"/>
                    <lemma type="bicycle"/>
                    <dep head="1-3" type="prep"/>
                </token>
                <token content="along" id="1-6"/>
                <token content="the" id="1-7">
                    <pos type="DT"/>
                    <lemma type="the"/>
                </token>
                <token content="river" id="1-8">
                    <pos type="NN"/>
                    <lemma type="river"/>
                </token>
                <token content="trail" id="1-9">
                    <pos type="NN"/>
                    <lemma type="trail"/>
                </token>
                <token content="this" id="1-10">
                    <pos type="DT"/>
                    <lemma type="this"/>
                </token>
                <token content="morning" id="1-11">
                    <pos type="NN"/>
                    <lemma type="morning"/>
                    <dep head="1-3" type="tmod"/>
                </token>
                <token content="when" id="1-12">
                    <pos type="WRB"/>
                    <lemma type="when"/>
                    <dep head="1-14" type="advmod"/>
                </token>
                <token content="I" id="1-13">
                    <pos type="PRP"/>
                    <lemma type="I"/>
                    <dep head="1-14" type="nsubj"/>
                </token>
                <token content="noticed" id="1-14">
                    <pos type="VBD"/>
                    <lemma type="notice"/>
                    <dep head="1-3" type="advcl"/>
                </token>
                <token content="that" id="1-15">
                    <pos type="IN"/>
                    <lemma type="that"/>
                    <dep head="1-19" type="mark"/>
                </token>
                <token content="something" id="1-16">
                    <pos type="NN"/>
                    <lemma type="something"/>
                    <dep head="1-19" type="nsubj"/>
                </token>
                <token content="did" id="1-17">
                    <pos type="VBD"/>
                    <lemma type="do"/>
                    <dep head="1-19" type="aux"/>
                </token>
                <token content="n't" id="1-18">
                    <pos type="RB"/>
                    <lemma type="not"/>
                    <dep head="1-19" type="neg"/>
                </token>
                <token content="seem" id="1-19">
                    <pos type="VB"/>
                    <lemma type="seem"/>
                    <dep head="1-14" type="ccomp"/>
                </token>
                <token content="right" id="1-20">
                    <pos type="RB"/>
                    <lemma type="right"/>
                    <dep head="1-19" type="advmod"/>
                </token>
                <token content="." id="1-21"/>
            </sentence>
            <sentence id="2">
                <token content="My" id="2-1">
                    <pos type="PRP$"/>
                    <lemma type="my"/>
                </token>
                <token content="front" id="2-2">
                    <pos type="JJ"/>
                    <lemma type="front"/>
                </token>
                <token content="tire" id="2-3">
                    <pos type="NN"/>
                    <lemma type="tire"/>
                </token>
                <token content="was" id="2-4">
                    <pos type="VBD"/>
                    <lemma type="be"/>
                </token>
                <token content="n't" id="2-5">
                    <pos type="RB"/>
                    <lemma type="not"/>
                </token>
                <token content="as" id="2-6">
                    <pos type="RB"/>
                    <lemma type="as"/>
                </token>
                <token content="firm" id="2-7">
                    <pos type="JJ"/>
                    <lemma type="firm"/>
                </token>
                <token content="as" id="2-8">
                    <pos type="IN"/>
                    <lemma type="as"/>
                    <dep head="2-11" type="mark"/>
                </token>
                <token content="it" id="2-9">
                    <pos type="PRP"/>
                    <lemma type="it"/>
                    <dep head="2-11" type="nsubj"/>
                </token>
                <token content="usually" id="2-10">
                    <pos type="RB"/>
                    <lemma type="usually"/>
                    <dep head="2-11" type="advmod"/>
                </token>
                <token content="is" id="2-11">
                    <pos type="VBZ"/>
                    <lemma type="be"/>
                </token>
                <token content="," id="2-12"/>
                <token content="and" id="2-13"/>
                <token content="the" id="2-14">
                    <pos type="DT"/>
                    <lemma type="the"/>
                </token>
                <token content="situation" id="2-15">
                    <pos type="NN"/>
                    <lemma type="situation"/>
                </token>
                <token content="was" id="2-16">
                    <pos type="VBD"/>
                    <lemma type="be"/>
                </token>
                <token content="getting" id="2-17">
                    <pos type="VBG"/>
                    <lemma type="get"/>
                </token>
                <token content="worse" id="2-18">
                    <pos type="JJR"/>
                    <lemma type="worse"/>
                </token>
                <token content="." id="2-19"/>
            </sentence>
            <sentence id="3">
                <token content="I" id="3-1">
                    <pos type="PRP"/>
                    <lemma type="I"/>
                    <dep head="3-2" type="nsubj"/>
                </token>
                <token content="stopped" id="3-2">
                    <pos type="VBD"/>
                    <lemma type="stop"/>
                </token>
                <token content="pedaling" id="3-3">
                    <pos type="VBG"/>
                    <lemma type="pedal"/>
                    <dep head="3-2" type="xcomp"/>
                </token>
                <token content="," id="3-4"/>
                <token content="got" id="3-5">
                    <pos type="VBD"/>
                    <lemma type="get"/>
                    <dep head="3-2" type="conj"/>
                </token>
                <token content="off" id="3-6">
                    <pos type="RP"/>
                    <lemma type="off"/>
                    <dep head="3-5" type="prt"/>
                </token>
                <token content="the" id="3-7">
                    <pos type="DT"/>
                    <lemma type="the"/>
                </token>
                <token content="bike" id="3-8">
                    <pos type="NN"/>
                    <lemma type="bike"/>
                    <dep head="3-5" type="dobj"/>
                </token>
                <token content="," id="3-9"/>
                <token content="and" id="3-10"/>
                <token content="put" id="3-11">
                    <pos type="VBD"/>
                    <lemma type="put"/>
                    <dep head="3-2" type="conj"/>
                </token>
                <token content="my" id="3-12">
                    <pos type="PRP$"/>
                    <lemma type="my"/>
                </token>
                <token content="ear" id="3-13">
                    <pos type="NN"/>
                    <lemma type="ear"/>
                    <dep head="3-11" type="dobj"/>
                </token>
                <token content="to" id="3-14"/>
                <token content="the" id="3-15">
                    <pos type="DT"/>
                    <lemma type="the"/>
                </token>
                <token content="tire" id="3-16">
                    <pos type="NN"/>
                    <lemma type="tire"/>
                    <dep head="3-11" type="prep"/>
                </token>
                <token content="." id="3-17"/>
            </sentence>
            <sentence id="4">
                <token content="I" id="4-1">
                    <pos type="PRP"/>
                    <lemma type="I"/>
                    <dep head="4-3" type="nsubj"/>
                </token>
                <token content="could" id="4-2">
                    <pos type="MD"/>
                    <lemma type="could"/>
                    <dep head="4-3" type="aux"/>
                </token>
                <token content="hear" id="4-3">
                    <pos type="VB"/>
                    <lemma type="hear"/>
                </token>
                <token content="a" id="4-4">
                    <pos type="DT"/>
                    <lemma type="a"/>
                </token>
                <token content="faint" id="4-5">
                    <pos type="JJ"/>
                    <lemma type="faint"/>
                </token>
                <token content="hissing" id="4-6">
                    <pos type="NN"/>
                    <lemma type="hissing"/>
                </token>
                <token content="sound" id="4-7">
                    <pos type="NN"/>
                    <lemma type="sound"/>
                    <dep head="4-3" type="dobj"/>
                </token>
                <token content="." id="4-8"/>
            </sentence>
            <sentence id="5">
                <token content="The" id="5-1">
                    <pos type="DT"/>
                    <lemma type="the"/>
                </token>
                <token content="tire" id="5-2">
                    <pos type="NN"/>
                    <lemma type="tire"/>
                </token>
                <token content="was" id="5-3">
                    <pos type="VBD"/>
                    <lemma type="be"/>
                </token>
                <token content="flat" id="5-4">
                    <pos type="JJ"/>
                    <lemma type="flat"/>
                </token>
                <token content="." id="5-5"/>
            </sentence>
            <sentence id="6">
                <token content="Darn" id="6-1">
                    <pos type="VBN"/>
                    <lemma type="darn"/>
                    <dep head="6-4" type="vmod"/>
                </token>
                <token content="," id="6-2"/>
                <token content="I" id="6-3">
                    <pos type="PRP"/>
                    <lemma type="I"/>
                    <dep head="6-4" type="nsubj"/>
                </token>
                <token content="thought" id="6-4">
                    <pos type="VBD"/>
                    <lemma type="think"/>
                </token>
                <token content="to" id="6-5"/>
                <token content="myself" id="6-6">
                    <pos type="PRP"/>
                    <lemma type="myself"/>
                    <dep head="6-4" type="prep"/>
                </token>
                <token content="." id="6-7"/>
            </sentence>
            <sentence id="7">
                <token content="I" id="7-1">
                    <pos type="PRP"/>
                    <lemma type="I"/>
                </token>
                <token content="was" id="7-2">
                    <pos type="VBD"/>
                    <lemma type="be"/>
                </token>
                <token content="miles" id="7-3">
                    <pos type="NNS"/>
                    <lemma type="mile"/>
                </token>
                <token content="from" id="7-4"/>
                <token content="home" id="7-5">
                    <pos type="NN"/>
                    <lemma type="home"/>
                </token>
                <token content="--" id="7-6"/>
                <token content="too" id="7-7">
                    <pos type="RB"/>
                    <lemma type="too"/>
                </token>
                <token content="far" id="7-8">
                    <pos type="RB"/>
                    <lemma type="far"/>
                </token>
                <token content="to" id="7-9">
                    <pos type="TO"/>
                    <lemma type="to"/>
                    <dep head="7-10" type="aux"/>
                </token>
                <token content="walk" id="7-10">
                    <pos type="VB"/>
                    <lemma type="walk"/>
                </token>
                <token content="back" id="7-11">
                    <pos type="RB"/>
                    <lemma type="back"/>
                    <dep head="7-10" type="advmod"/>
                </token>
                <token content="," id="7-12"/>
                <token content="and" id="7-13"/>
                <token content="nowhere" id="7-14">
                    <pos type="RB"/>
                    <lemma type="nowhere"/>
                </token>
                <token content="near" id="7-15"/>
                <token content="a" id="7-16">
                    <pos type="DT"/>
                    <lemma type="a"/>
                </token>
                <token content="repair" id="7-17">
                    <pos type="NN"/>
                    <lemma type="repair"/>
                </token>
                <token content="shop" id="7-18">
                    <pos type="NN"/>
                    <lemma type="shop"/>
                </token>
                <token content="." id="7-19"/>
            </sentence>
            <sentence id="8">
                <token content="Fortunately" id="8-1">
                    <pos type="RB"/>
                    <lemma type="fortunately"/>
                    <dep head="8-4" type="advmod"/>
                </token>
                <token content="," id="8-2"/>
                <token content="I" id="8-3">
                    <pos type="PRP"/>
                    <lemma type="I"/>
                    <dep head="8-4" type="nsubj"/>
                </token>
                <token content="keep" id="8-4">
                    <pos type="VBP"/>
                    <lemma type="keep"/>
                </token>
                <token content="a" id="8-5">
                    <pos type="DT"/>
                    <lemma type="a"/>
                </token>
                <token content="patch" id="8-6">
                    <pos type="NN"/>
                    <lemma type="patch"/>
                </token>
                <token content="kit" id="8-7">
                    <pos type="NN"/>
                    <lemma type="kit"/>
                    <dep head="8-4" type="dobj"/>
                </token>
                <token content="that" id="8-8">
                    <pos type="IN"/>
                    <lemma type="that"/>
                    <dep head="8-10" type="mark"/>
                </token>
                <token content="I" id="8-9">
                    <pos type="PRP"/>
                    <lemma type="I"/>
                    <dep head="8-10" type="nsubj"/>
                </token>
                <token content="bought" id="8-10">
                    <pos type="VBD"/>
                    <lemma type="buy"/>
                    <dep head="8-4" type="ccomp"/>
                </token>
                <token content="at" id="8-11"/>
                <token content="the" id="8-12">
                    <pos type="DT"/>
                    <lemma type="the"/>
                </token>
                <token content="local" id="8-13">
                    <pos type="JJ"/>
                    <lemma type="local"/>
                </token>
                <token content="bike" id="8-14">
                    <pos type="NN"/>
                    <lemma type="bike"/>
                </token>
                <token content="shop" id="8-15">
                    <pos type="NN"/>
                    <lemma type="shop"/>
                    <dep head="8-10" type="prep"/>
                </token>
                <token content="in" id="8-16"/>
                <token content="my" id="8-17">
                    <pos type="PRP$"/>
                    <lemma type="my"/>
                </token>
                <token content="backpack" id="8-18">
                    <pos type="NN"/>
                    <lemma type="backpack"/>
                    <dep head="8-10" type="prep"/>
                </token>
                <token content="." id="8-19"/>
            </sentence>
            <sentence id="9">
                <token content="I" id="9-1">
                    <pos type="PRP"/>
                    <lemma type="I"/>
                    <dep head="9-2" type="nsubj"/>
                </token>
                <token content="took" id="9-2">
                    <pos type="VBD"/>
                    <lemma type="take"/>
                </token>
                <token content="the" id="9-3">
                    <pos type="DT"/>
                    <lemma type="the"/>
                </token>
                <token content="backpack" id="9-4">
                    <pos type="NN"/>
                    <lemma type="backpack"/>
                    <dep head="9-2" type="dobj"/>
                </token>
                <token content="off" id="9-5">
                    <pos type="RP"/>
                    <lemma type="off"/>
                    <dep head="9-2" type="prt"/>
                </token>
                <token content="," id="9-6"/>
                <token content="rummaged" id="9-7">
                    <pos type="VBD"/>
                    <lemma type="rummage"/>
                    <dep head="9-2" type="conj"/>
                </token>
                <token content="around" id="9-8">
                    <pos type="IN"/>
                    <lemma type="around"/>
                    <dep head="9-7" type="advmod"/>
                </token>
                <token content="inside" id="9-9">
                    <pos type="RB"/>
                    <lemma type="inside"/>
                </token>
                <token content="for" id="9-10"/>
                <token content="the" id="9-11">
                    <pos type="DT"/>
                    <lemma type="the"/>
                </token>
                <token content="repair" id="9-12">
                    <pos type="NN"/>
                    <lemma type="repair"/>
                </token>
                <token content="kit" id="9-13">
                    <pos type="NN"/>
                    <lemma type="kit"/>
                    <dep head="9-7" type="prep"/>
                </token>
                <token content="," id="9-14"/>
                <token content="and" id="9-15"/>
                <token content="grabbed" id="9-16">
                    <pos type="VBD"/>
                    <lemma type="grab"/>
                    <dep head="9-2" type="conj"/>
                </token>
                <token content="it" id="9-17">
                    <pos type="PRP"/>
                    <lemma type="it"/>
                    <dep head="9-16" type="dobj"/>
                </token>
                <token content="." id="9-18"/>
            </sentence>
            <sentence id="10">
                <token content="It" id="10-1">
                    <pos type="PRP"/>
                    <lemma type="it"/>
                </token>
                <token content="had" id="10-2">
                    <pos type="VBD"/>
                    <lemma type="have"/>
                </token>
                <token content="been" id="10-3">
                    <pos type="VBN"/>
                    <lemma type="be"/>
                </token>
                <token content="a" id="10-4">
                    <pos type="DT"/>
                    <lemma type="a"/>
                </token>
                <token content="year" id="10-5">
                    <pos type="NN"/>
                    <lemma type="year"/>
                </token>
                <token content="since" id="10-6">
                    <pos type="IN"/>
                    <lemma type="since"/>
                    <dep head="10-9" type="mark"/>
                </token>
                <token content="I" id="10-7">
                    <pos type="PRP"/>
                    <lemma type="I"/>
                    <dep head="10-9" type="nsubj"/>
                </token>
                <token content="last" id="10-8">
                    <pos type="RB"/>
                    <lemma type="last"/>
                    <dep head="10-9" type="advmod"/>
                </token>
                <token content="used" id="10-9">
                    <pos type="VBD"/>
                    <lemma type="use"/>
                </token>
                <token content="it" id="10-10">
                    <pos type="PRP"/>
                    <lemma type="it"/>
                    <dep head="10-9" type="dobj"/>
                </token>
                <token content="," id="10-11"/>
                <token content="but" id="10-12"/>
                <token content="I" id="10-13">
                    <pos type="PRP"/>
                    <lemma type="I"/>
                    <dep head="10-14" type="nsubj"/>
                </token>
                <token content="got" id="10-14">
                    <pos type="VBD"/>
                    <lemma type="get"/>
                </token>
                <token content="the" id="10-15">
                    <pos type="DT"/>
                    <lemma type="the"/>
                </token>
                <token content="hang" id="10-16">
                    <pos type="NN"/>
                    <lemma type="hang"/>
                    <dep head="10-14" type="dobj"/>
                </token>
                <token content="of" id="10-17"/>
                <token content="it" id="10-18">
                    <pos type="PRP"/>
                    <lemma type="it"/>
                </token>
                <token content="." id="10-19"/>
            </sentence>
            <sentence id="11">
                <token content="I" id="11-1">
                    <pos type="PRP"/>
                    <lemma type="I"/>
                    <dep head="11-2" type="nsubj"/>
                </token>
                <token content="found" id="11-2">
                    <pos type="VBD"/>
                    <lemma type="find"/>
                </token>
                <token content="the" id="11-3">
                    <pos type="DT"/>
                    <lemma type="the"/>
                </token>
                <token content="exact" id="11-4">
                    <pos type="JJ"/>
                    <lemma type="exact"/>
                </token>
                <token content="spot" id="11-5">
                    <pos type="NN"/>
                    <lemma type="spot"/>
                    <dep head="11-2" type="dobj"/>
                </token>
                <token content="of" id="11-6"/>
                <token content="the" id="11-7">
                    <pos type="DT"/>
                    <lemma type="the"/>
                </token>
                <token content="hole" id="11-8">
                    <pos type="NN"/>
                    <lemma type="hole"/>
                </token>
                <token content="in" id="11-9"/>
                <token content="the" id="11-10">
                    <pos type="DT"/>
                    <lemma type="the"/>
                </token>
                <token content="tire" id="11-11">
                    <pos type="NN"/>
                    <lemma type="tire"/>
                </token>
                <token content="," id="11-12"/>
                <token content="patched" id="11-13">
                    <pos type="VBN"/>
                    <lemma type="patch"/>
                </token>
                <token content="it" id="11-14">
                    <pos type="PRP"/>
                    <lemma type="it"/>
                    <dep head="11-13" type="dobj"/>
                </token>
                <token content="," id="11-15"/>
                <token content="and" id="11-16"/>
                <token content="then" id="11-17">
                    <pos type="RB"/>
                    <lemma type="then"/>
                    <dep head="11-18" type="advmod"/>
                </token>
                <token content="re-inflated" id="11-18">
                    <pos type="VBD"/>
                    <lemma type="re-inflate"/>
                    <dep head="11-2" type="conj"/>
                </token>
                <token content="the" id="11-19">
                    <pos type="DT"/>
                    <lemma type="the"/>
                </token>
                <token content="tire" id="11-20">
                    <pos type="NN"/>
                    <lemma type="tire"/>
                    <dep head="11-18" type="dobj"/>
                </token>
                <token content="." id="11-21"/>
            </sentence>
            <sentence id="12">
                <token content="My" id="12-1">
                    <pos type="PRP$"/>
                    <lemma type="my"/>
                </token>
                <token content="hands" id="12-2">
                    <pos type="NNS"/>
                    <lemma type="hand"/>
                </token>
                <token content="were" id="12-3">
                    <pos type="VBD"/>
                    <lemma type="be"/>
                </token>
                <token content="dirty" id="12-4">
                    <pos type="JJ"/>
                    <lemma type="dirty"/>
                </token>
                <token content="," id="12-5"/>
                <token content="but" id="12-6"/>
                <token content="I" id="12-7">
                    <pos type="PRP"/>
                    <lemma type="I"/>
                </token>
                <token content="was" id="12-8">
                    <pos type="VBD"/>
                    <lemma type="be"/>
                </token>
                <token content="able" id="12-9">
                    <pos type="JJ"/>
                    <lemma type="able"/>
                </token>
                <token content="to" id="12-10">
                    <pos type="TO"/>
                    <lemma type="to"/>
                    <dep head="12-11" type="aux"/>
                </token>
                <token content="ride" id="12-11">
                    <pos type="VB"/>
                    <lemma type="ride"/>
                </token>
                <token content="home" id="12-12">
                    <pos type="NN"/>
                    <lemma type="home"/>
                    <dep head="12-11" type="dobj"/>
                </token>
                <token content="without" id="12-13"/>
                <token content="any" id="12-14">
                    <pos type="DT"/>
                    <lemma type="any"/>
                </token>
                <token content="further" id="12-15">
                    <pos type="JJ"/>
                    <lemma type="further"/>
                </token>
                <token content="trouble" id="12-16">
                    <pos type="NN"/>
                    <lemma type="trouble"/>
                    <dep head="12-11" type="prep"/>
                </token>
                <token content="." id="12-17"/>
            </sentence>
        </sentences>
    </text>
    <annotations>
        <participants>
            <label from="1-1" id="0" name="ScrPart_rider" text="I" type="participant"/>
            <label from="1-5" id="1" name="ScrPart_bicycle" text="bicycle" type="participant"/>
            <label from="1-8" id="2" name="NPart" text="river trail" to="1-9" type="participant"/>
            <label from="1-9" id="3" name="NPart" text="trail" type="participant"/>
            <label from="1-11" id="4" name="NPart" text="morning" type="participant"/>
            <label from="1-13" id="5" name="ScrPart_rider" text="I" type="participant"/>
            <label from="1-16" id="6" name="No_label" text="something" type="participant"/>
            <label from="2-1" id="7" name="ScrPart_rider" text="My" type="participant"/>
            <label from="2-3" id="8" name="ScrPart_tire" text="tire" type="participant"/>
            <label from="2-9" id="9" name="ScrPart_tire" text="it" type="participant"/>
            <label from="2-15" id="10" name="NPart" text="situation" type="participant"/>
            <label from="3-1" id="11" name="ScrPart_rider" text="I" type="participant"/>
            <label from="3-8" id="12" name="ScrPart_bicycle" text="bike" type="participant"/>
            <label from="3-12" id="13" name="ScrPart_rider" text="my" type="participant"/>
            <label from="3-13" id="14" name="NPart" text="ear" type="participant"/>
            <label from="3-16" id="15" name="ScrPart_tire" text="tire" type="participant"/>
            <label from="4-1" id="16" name="ScrPart_rider" text="I" type="participant"/>
            <label from="4-7" id="17" name="NPart" text="sound" type="participant"/>
            <label from="5-2" id="18" name="ScrPart_tire" text="tire" type="participant"/>
            <label from="6-3" id="19" name="ScrPart_rider" text="I" type="participant"/>
            <label from="6-6" id="20" name="ScrPart_rider" text="myself" type="participant"/>
            <label from="7-1" id="21" name="ScrPart_rider" text="I" type="participant"/>
            <label from="7-3" id="22" name="NPart" text="miles" type="participant"/>
            <label from="7-5" id="23" name="NPart" text="home" type="participant"/>
            <label from="7-17" id="24" name="ScrPart_shop" text="repair shop" to="7-18" type="participant"/>
            <label from="7-18" id="25" name="ScrPart_shop" text="shop" type="participant"/>
            <label from="8-3" id="26" name="ScrPart_rider" text="I" type="participant"/>
            <label from="8-6" id="27" name="ScrPart_tool" text="patch kit" to="8-7" type="participant"/>
            <label from="8-7" id="28" name="ScrPart_tool" text="kit" type="participant"/>
            <label from="8-8" id="29" name="ScrPart_tool" text="that" type="participant"/>
            <label from="8-9" id="30" name="ScrPart_rider" text="I" type="participant"/>
            <label from="8-14" id="31" name="ScrPart_shop" text="bike shop" to="8-15" type="participant"/>
            <label from="8-15" id="32" name="ScrPart_shop" text="shop" type="participant"/>
            <label from="8-17" id="33" name="ScrPart_rider" text="my" type="participant"/>
            <label from="8-18" id="34" name="NPart" text="backpack" type="participant"/>
            <label from="9-1" id="35" name="ScrPart_rider" text="I" type="participant"/>
            <label from="9-4" id="36" name="NPart" text="backpack" type="participant"/>
            <label from="9-12" id="37" name="ScrPart_tool" text="repair kit" to="9-13" type="participant"/>
            <label from="9-13" id="38" name="ScrPart_tool" text="kit" type="participant"/>
            <label from="9-17" id="39" name="ScrPart_tool" text="it" type="participant"/>
            <label from="10-1" id="40" name="No_label" text="It" type="participant"/>
            <label from="10-5" id="41" name="NPart" text="year" type="participant"/>
            <label from="10-7" id="42" name="ScrPart_rider" text="I" type="participant"/>
            <label from="10-10" id="43" name="ScrPart_tool" text="it" type="participant"/>
            <label from="10-13" id="44" name="ScrPart_rider" text="I" type="participant"/>
            <label from="10-18" id="45" name="No_label" text="it" type="participant"/>
            <label from="11-1" id="46" name="ScrPart_rider" text="I" type="participant"/>
            <label from="11-5" id="47" name="NPart" text="spot" type="participant"/>
            <label from="11-8" id="48" name="ScrPart_damage" text="hole" type="participant"/>
            <label from="11-11" id="49" name="ScrPart_tire" text="tire" type="participant"/>
            <label from="11-14" id="50" name="ScrPart_damage" text="it" type="participant"/>
            <label from="11-20" id="51" name="ScrPart_tire" text="tire" type="participant"/>
            <label from="12-1" id="52" name="ScrPart_rider" text="My" type="participant"/>
            <label from="12-2" id="53" name="NPart" text="hands" type="participant"/>
            <label from="12-7" id="54" name="ScrPart_rider" text="I" type="participant"/>
            <label from="12-12" id="55" name="NPart" text="home" type="participant"/>
            <label from="12-16" id="56" name="NPart" text="trouble" type="participant"/>
        </participants>
        <events>
            <label from="1-3" id="57" name="ScrEv_ride_bike" text="riding" type="event"/>
            <label from="1-14" id="58" name="ScrEv_notice_problem" text="noticed" type="event"/>
            <label from="1-19" id="59" name="UnrelEv" text="seem" type="event"/>
            <label from="2-4" id="60" name="UnrelEv" text="was" type="event"/>
            <label from="2-11" id="61" name="UnrelEv" text="is" type="event"/>
            <label from="2-17" id="62" name="UnrelEv" text="getting" type="event"/>
            <label from="3-2" id="63" name="RelNScrEv" text="stopped" type="event"/>
            <label from="3-3" id="64" name="ScrEv_ride_bike" text="pedaling" type="event"/>
            <label from="3-5" id="65" name="ScrEv_get_off" text="got off" to="3-6" type="event"/>
            <label from="3-11" id="66" name="ScrEv_examine_tire" text="put" type="event"/>
            <label from="4-3" id="67" name="ScrEv_examine_tire" text="hear" type="event"/>
            <label from="4-6" id="68" name="RelNScrEv" text="hissing" type="event"/>
            <label from="5-3" id="69" name="RelNScrEv" text="was" type="event"/>
            <label from="6-4" id="70" name="UnrelEv" text="thought" type="event"/>
            <label from="7-2" id="71" name="UnrelEv" text="was" type="event"/>
            <label from="7-10" id="72" name="RelNScrEv" text="walk" type="event"/>
            <label from="8-4" id="73" name="ScrEv_get_tools" text="keep" type="event"/>
            <label from="8-10" id="74" name="ScrEv_get_tools" text="bought" type="event"/>
            <label from="9-2" id="75" name="RelNScrEv" text="took" type="event"/>
            <label from="9-7" id="76" name="RelNScrEv" text="rummaged" type="event"/>
            <label from="9-16" id="77" name="ScrEv_get_tools" text="grabbed" type="event"/>
            <label from="10-3" id="78" name="UnrelEv" text="been" type="event"/>
            <label from="10-9" id="79" name="RelNScrEv" text="used" type="event"/>
            <label from="10-14" id="80" name="UnrelEv" text="got" type="event"/>
            <label from="11-2" id="81" name="ScrEv_examine_tire" text="found" type="event"/>
            <label from="11-13" id="82" name="ScrEv_put_patch/seal" text="patched" type="event"/>
            <label from="11-18" id="83" name="ScrEv_refill_tire_air" text="re-inflated" type="event"/>
            <label from="12-3" id="84" name="UnrelEv" text="were" type="event"/>
            <label from="12-8" id="85" name="UnrelEv" text="was" type="event"/>
            <label from="12-11" id="86" name="ScrEv_ride_bike" text="ride" type="event"/>
        </events>
        <chains>
            <chain elements="0 5 7 11 13 16 19 20 21 26 30 33 35 42 44 46 52 54"/>
            <chain elements="8 9 15 18 49 51"/>
            <chain elements="1 12"/>
            <chain elements="28 29 38 39 43"/>
            <chain elements="25 32"/>
            <chain elements="48 50"/>
        </chains>
    </annotations>
</story>
