<?xml version="1.0" encoding="UTF-8" standalone="no"?>
<!DOCTYPE story SYSTEM "../InScript.dtd">
<story id="067" scenario="grocery">
    <text>
        <content>While looking for something to eat in our home , my wife and I decided it was time to go grocery shopping . 
First , we decided to take inventory on everything we had in the house , to see if we 'd need to buy more of it in our trip to the grocery store . 
After that , we made a list of things we need and want . 
After that we drove to the grocery store and got a cart . 
We walked around the grocery store , getting everything that we put on our list . 
After , we still had some extra spending money and decided to get some extra things . 
She was pregnant so she craves weird things . 
We got plenty of desserts . 
When we were done picking everything , we headed towards the cash registers to check out . 
We got everything scanned and handed the cashier the money to pay for everything . 
After that , we went home and put everything where it belongs . </content>
        <sentences>
            <sentence id="1">
                <token content="While" id="1-1">
                    <pos type="IN"/>
                    <lemma type="while"/>
                    <dep head="1-2" type="mark"/>
                </token>
                <token content="looking" id="1-2">
                    <pos type="VBG"/>
                    <lemma type="look"/>
                    <dep head="1-15" type="advcl"/>
                </token>
                <token content="for" id="1-3"/>
                <token content="something" id="1-4">
                    <pos type="NN"/>
                    <lemma type="something"/>
                    <dep head="1-2" type="prep"/>
                </token>
                <token content="to" id="1-5">
                    <pos type="TO"/>
                    <lemma type="to"/>
                    <dep head="1-6" type="aux"/>
                </token>
                <token content="eat" id="1-6">
                    <pos type="VB"/>
                    <lemma type="eat"/>
                    <dep head="1-2" type="xcomp"/>
                </token>
                <token content="in" id="1-7"/>
                <token content="our" id="1-8">
                    <pos type="PRP$"/>
                    <lemma type="we"/>
                </token>
                <token content="home" id="1-9">
                    <pos type="NN"/>
                    <lemma type="home"/>
                    <dep head="1-6" type="prep"/>
                </token>
                <token content="," id="1-10"/>
                <token content="my" id="1-11">
                    <pos type="PRP$"/>
                    <lemma type="my"/>
                </token>
                <token content="wife" id="1-12">
                    <pos type="NN"/>
                    <lemma type="wife"/>
                    <dep head="1-15" type="nsubj"/>
                </token>
                <token content="and" id="1-13"/>
                <token content="I" id="1-14">
                    <pos type="PRP"/>
                    <lemma type="I"/>
                </token>
                <token content="decided" id="1-15">
                    <pos type="VBD"/>
                    <lemma type="decide"/>
                </token>
                <token content="it" id="1-16">
                    <pos type="PRP"/>
                    <lemma type="it"/>
                </token>
                <token content="was" id="1-17">
                    <pos type="VBD"/>
                    <lemma type="be"/>
                </token>
                <token content="time" id="1-18">
                    <pos type="NN"/>
                    <lemma type="time"/>
                    <dep head="1-15" type="ccomp"/>
                </token>
                <token content="to" id="1-19">
                    <pos type="TO"/>
                    <lemma type="to"/>
                    <dep head="1-20" type="aux"/>
                </token>
                <token content="go" id="1-20">
                    <pos type="VB"/>
                    <lemma type="go"/>
                </token>
                <token content="grocery" id="1-21">
                    <pos type="NN"/>
                    <lemma type="grocery"/>
                </token>
                <token content="shopping" id="1-22">
                    <pos type="NN"/>
                    <lemma type="shopping"/>
                    <dep head="1-20" type="dobj"/>
                </token>
                <token content="." id="1-23"/>
            </sentence>
            <sentence id="2">
                <token content="First" id="2-1">
                    <pos type="RB"/>
                    <lemma type="first"/>
                    <dep head="2-4" type="advmod"/>
                </token>
                <token content="," id="2-2"/>
                <token content="we" id="2-3">
                    <pos type="PRP"/>
                    <lemma type="we"/>
                    <dep head="2-4" type="nsubj"/>
                </token>
                <token content="decided" id="2-4">
                    <pos type="VBD"/>
                    <lemma type="decide"/>
                </token>
                <token content="to" id="2-5">
                    <pos type="TO"/>
                    <lemma type="to"/>
                    <dep head="2-6" type="aux"/>
                </token>
                <token content="take" id="2-6">
                    <pos type="VB"/>
                    <lemma type="take"/>
                    <dep head="2-4" type="xcomp"/>
                </token>
                <token content="inventory" id="2-7">
                    <pos type="NN"/>
                    <lemma type="inventory"/>
                    <dep head="2-6" type="dobj"/>
                </token>
                <token content="on" id="2-8"/>
                <token content="everything" id="2-9">
                    <pos type="NN"/>
                    <lemma type="everything"/>
                    <dep head="2-6" type="prep"/>
                </token>
                <token content="we" id="2-10">
                    <pos type="PRP"/>
                    <lemma type="we"/>
                    <dep head="2-11" type="nsubj"/>
                </token>
                <token content="had" id="2-11">
                    <pos type="VBD"/>
                    <lemma type="have"/>
                </token>
                <token content="in" id="2-12"/>
                <token content="the" id="2-13">
                    <pos type="DT"/>
                    <lemma type="the"/>
                </token>
                <token content="house" id="2-14">
                    <pos type="NN"/>
                    <lemma type="house"/>
                    <dep head="2-11" type="prep"/>
                </token>
                <token content="," id="2-15"/>
                <token content="to" id="2-16">
                    <pos type="TO"/>
                    <lemma type="to"/>
                    <dep head="2-17" type="aux"/>
                </token>
                <token content="see" id="2-17">
                    <pos type="VB"/>
                    <lemma type="see"/>
                    <dep head="2-4" type="xcomp"/>
                </token>
                <token content="if" id="2-18">
                    <pos type="IN"/>
                    <lemma type="if"/>
                    <dep head="2-21" type="mark"/>
                </token>
                <token content="we" id="2-19">
                    <pos type="PRP"/>
                    <lemma type="we"/>
                    <dep head="2-21" type="nsubj"/>
                </token>
                <token content="'d" id="2-20">
                    <pos type="MD"/>
                    <lemma type="would"/>
                    <dep head="2-21" type="aux"/>
                </token>
                <token content="need" id="2-21">
                    <pos type="VB"/>
                    <lemma type="need"/>
                    <dep head="2-17" type="advcl"/>
                </token>
                <token content="to" id="2-22">
                    <pos type="TO"/>
                    <lemma type="to"/>
                    <dep head="2-23" type="aux"/>
                </token>
                <token content="buy" id="2-23">
                    <pos type="VB"/>
                    <lemma type="buy"/>
                    <dep head="2-21" type="xcomp"/>
                </token>
                <token content="more" id="2-24">
                    <pos type="JJR"/>
                    <lemma type="more"/>
                    <dep head="2-23" type="dobj"/>
                </token>
                <token content="of" id="2-25"/>
                <token content="it" id="2-26">
                    <pos type="PRP"/>
                    <lemma type="it"/>
                </token>
                <token content="in" id="2-27"/>
                <token content="our" id="2-28">
                    <pos type="PRP$"/>
                    <lemma type="we"/>
                </token>
                <token content="trip" id="2-29">
                    <pos type="NN"/>
                    <lemma type="trip"/>
                    <dep head="2-23" type="prep"/>
                </token>
                <token content="to" id="2-30"/>
                <token content="the" id="2-31">
                    <pos type="DT"/>
                    <lemma type="the"/>
                </token>
                <token content="grocery" id="2-32">
                    <pos type="NN"/>
                    <lemma type="grocery"/>
                </token>
                <token content="store" id="2-33">
                    <pos type="NN"/>
                    <lemma type="store"/>
                    <dep head="2-23" type="prep"/>
                </token>
                <token content="." id="2-34"/>
            </sentence>
            <sentence id="3">
                <token content="After" id="3-1"/>
                <token content="that" id="3-2">
                    <pos type="DT"/>
                    <lemma type="that"/>
                    <dep head="3-5" type="prep"/>
                </token>
                <token content="," id="3-3"/>
                <token content="we" id="3-4">
                    <pos type="PRP"/>
                    <lemma type="we"/>
                    <dep head="3-5" type="nsubj"/>
                </token>
                <token content="made" id="3-5">
                    <pos type="VBD"/>
                    <lemma type="make"/>
                </token>
                <token content="a" id="3-6">
                    <pos type="DT"/>
                    <lemma type="a"/>
                </token>
                <token content="list" id="3-7">
                    <pos type="NN"/>
                    <lemma type="list"/>
                    <dep head="3-5" type="dobj"/>
                </token>
                <token content="of" id="3-8"/>
                <token content="things" id="3-9">
                    <pos type="NNS"/>
                    <lemma type="thing"/>
                </token>
                <token content="we" id="3-10">
                    <pos type="PRP"/>
                    <lemma type="we"/>
                    <dep head="3-11" type="nsubj"/>
                </token>
                <token content="need" id="3-11">
                    <pos type="VBP"/>
                    <lemma type="need"/>
                </token>
                <token content="and" id="3-12"/>
                <token content="want" id="3-13">
                    <pos type="VBP"/>
                    <lemma type="want"/>
                    <dep head="3-11" type="conj"/>
                </token>
                <token content="." id="3-14"/>
            </sentence>
            <sentence id="4">
                <token content="After" id="4-1"/>
                <token content="that" id="4-2">
                    <pos type="DT"/>
                    <lemma type="that"/>
                    <dep head="4-4" type="prep"/>
                </token>
                <token content="we" id="4-3">
                    <pos type="PRP"/>
                    <lemma type="we"/>
                    <dep head="4-4" type="nsubj"/>
                </token>
                <token content="drove" id="4-4">
                    <pos type="VBD"/>
                    <lemma type="drive"/>
                </token>
                <token content="to" id="4-5"/>
                <token content="the" id="4-6">
                    <pos type="DT"/>
                    <lemma type="the"/>
                </token>
                <token content="grocery" id="4-7">
                    <pos type="NN"/>
                    <lemma type="grocery"/>
                </token>
                <token content="store" id="4-8">
                    <pos type="NN"/>
                    <lemma type="store"/>
                    <dep head="4-4" type="prep"/>
                </token>
                <token content="and" id="4-9"/>
                <token content="got" id="4-10">
                    <pos type="VBD"/>
                    <lemma type="get"/>
                    <dep head="4-4" type="conj"/>
                </token>
                <token content="a" id="4-11">
                    <pos type="DT"/>
                    <lemma type="a"/>
                </token>
                <token content="cart" id="4-12">
                    <pos type="NN"/>
                    <lemma type="cart"/>
                    <dep head="4-10" type="dobj"/>
                </token>
                <token content="." id="4-13"/>
            </sentence>
            <sentence id="5">
                <token content="We" id="5-1">
                    <pos type="PRP"/>
                    <lemma type="we"/>
                    <dep head="5-2" type="nsubj"/>
                </token>
                <token content="walked" id="5-2">
                    <pos type="VBD"/>
                    <lemma type="walk"/>
                </token>
                <token content="around" id="5-3"/>
                <token content="the" id="5-4">
                    <pos type="DT"/>
                    <lemma type="the"/>
                </token>
                <token content="grocery" id="5-5">
                    <pos type="NN"/>
                    <lemma type="grocery"/>
                </token>
                <token content="store" id="5-6">
                    <pos type="NN"/>
                    <lemma type="store"/>
                    <dep head="5-2" type="prep"/>
                </token>
                <token content="," id="5-7"/>
                <token content="getting" id="5-8">
                    <pos type="VBG"/>
                    <lemma type="get"/>
                    <dep head="5-2" type="xcomp"/>
                </token>
                <token content="everything" id="5-9">
                    <pos type="NN"/>
                    <lemma type="everything"/>
                    <dep head="5-8" type="dobj"/>
                </token>
                <token content="that" id="5-10">
                    <pos type="IN"/>
                    <lemma type="that"/>
                    <dep head="5-12" type="mark"/>
                </token>
                <token content="we" id="5-11">
                    <pos type="PRP"/>
                    <lemma type="we"/>
                    <dep head="5-12" type="nsubj"/>
                </token>
                <token content="put" id="5-12">
                    <pos type="VBD"/>
                    <lemma type="put"/>
                    <dep head="5-8" type="ccomp"/>
                </token>
                <token content="on" id="5-13"/>
                <token content="our" id="5-14">
                    <pos type="PRP$"/>
                    <lemma type="we"/>
                </token>
                <token content="list" id="5-15">
                    <pos type="NN"/>
                    <lemma type="list"/>
                    <dep head="5-12" type="prep"/>
                </token>
                <token content="." id="5-16"/>
            </sentence>
            <sentence id="6">
                <token content="After" id="6-1">
                    <pos type="IN"/>
                    <lemma type="after"/>
                    <dep head="6-5" type="prep"/>
                </token>
                <token content="," id="6-2"/>
                <token content="we" id="6-3">
                    <pos type="PRP"/>
                    <lemma type="we"/>
                    <dep head="6-5" type="nsubj"/>
                </token>
                <token content="still" id="6-4">
                    <pos type="RB"/>
                    <lemma type="still"/>
                    <dep head="6-5" type="advmod"/>
                </token>
                <token content="had" id="6-5">
                    <pos type="VBD"/>
                    <lemma type="have"/>
                </token>
                <token content="some" id="6-6">
                    <pos type="DT"/>
                    <lemma type="some"/>
                </token>
                <token content="extra" id="6-7">
                    <pos type="JJ"/>
                    <lemma type="extra"/>
                </token>
                <token content="spending" id="6-8">
                    <pos type="NN"/>
                    <lemma type="spending"/>
                </token>
                <token content="money" id="6-9">
                    <pos type="NN"/>
                    <lemma type="money"/>
                    <dep head="6-5" type="dobj"/>
                </token>
                <token content="and" id="6-10"/>
                <token content="decided" id="6-11">
                    <pos type="VBD"/>
                    <lemma type="decide"/>
                    <dep head="6-5" type="conj"/>
                </token>
                <token content="to" id="6-12">
                    <pos type="TO"/>
                    <lemma type="to"/>
                    <dep head="6-13" type="aux"/>
                </token>
                <token content="get" id="6-13">
                    <pos type="VB"/>
                    <lemma type="get"/>
                    <dep head="6-11" type="xcomp"/>
                </token>
                <token content="some" id="6-14">
                    <pos type="DT"/>
                    <lemma type="some"/>
                </token>
                <token content="extra" id="6-15">
                    <pos type="JJ"/>
                    <lemma type="extra"/>
                </token>
                <token content="things" id="6-16">
                    <pos type="NNS"/>
                    <lemma type="thing"/>
                    <dep head="6-13" type="dobj"/>
                </token>
                <token content="." id="6-17"/>
            </sentence>
            <sentence id="7">
                <token content="She" id="7-1">
                    <pos type="PRP"/>
                    <lemma type="she"/>
                </token>
                <token content="was" id="7-2">
                    <pos type="VBD"/>
                    <lemma type="be"/>
                </token>
                <token content="pregnant" id="7-3">
                    <pos type="JJ"/>
                    <lemma type="pregnant"/>
                </token>
                <token content="so" id="7-4">
                    <pos type="IN"/>
                    <lemma type="so"/>
                    <dep head="7-6" type="mark"/>
                </token>
                <token content="she" id="7-5">
                    <pos type="PRP"/>
                    <lemma type="she"/>
                    <dep head="7-6" type="nsubj"/>
                </token>
                <token content="craves" id="7-6">
                    <pos type="VBZ"/>
                    <lemma type="crave"/>
                </token>
                <token content="weird" id="7-7">
                    <pos type="JJ"/>
                    <lemma type="weird"/>
                </token>
                <token content="things" id="7-8">
                    <pos type="NNS"/>
                    <lemma type="thing"/>
                    <dep head="7-6" type="dobj"/>
                </token>
                <token content="." id="7-9"/>
            </sentence>
            <sentence id="8">
                <token content="We" id="8-1">
                    <pos type="PRP"/>
                    <lemma type="we"/>
                    <dep head="8-2" type="nsubj"/>
                </token>
                <token content="got" id="8-2">
                    <pos type="VBD"/>
                    <lemma type="get"/>
                </token>
                <token content="plenty" id="8-3">
                    <pos type="RB"/>
                    <lemma type="plenty"/>
                    <dep head="8-2" type="dobj"/>
                </token>
                <token content="of" id="8-4"/>
                <token content="desserts" id="8-5">
                    <pos type="NNS"/>
                    <lemma type="dessert"/>
                </token>
                <token content="." id="8-6"/>
            </sentence>
            <sentence id="9">
                <token content="When" id="9-1">
                    <pos type="WRB"/>
                    <lemma type="when"/>
                    <dep head="9-4" type="advmod"/>
                </token>
                <token content="we" id="9-2">
                    <pos type="PRP"/>
                    <lemma type="we"/>
                    <dep head="9-4" type="nsubjpass"/>
                </token>
                <token content="were" id="9-3">
                    <pos type="VBD"/>
                    <lemma type="be"/>
                    <dep head="9-4" type="auxpass"/>
                </token>
                <token content="done" id="9-4">
                    <pos type="VBN"/>
                    <lemma type="do"/>
                    <dep head="9-9" type="advcl"/>
                </token>
                <token content="picking" id="9-5">
                    <pos type="VBG"/>
                    <lemma type="pick"/>
                    <dep head="9-4" type="xcomp"/>
                </token>
                <token content="everything" id="9-6">
                    <pos type="NN"/>
                    <lemma type="everything"/>
                    <dep head="9-5" type="dobj"/>
                </token>
                <token content="," id="9-7"/>
                <token content="we" id="9-8">
                    <pos type="PRP"/>
                    <lemma type="we"/>
                    <dep head="9-9" type="nsubj"/>
                </token>
                <token content="headed" id="9-9">
                    <pos type="VBD"/>
                    <lemma type="head"/>
                </token>
                <token content="towards" id="9-10"/>
                <token content="the" id="9-11">
                    <pos type="DT"/>
                    <lemma type="the"/>
                </token>
                <token content="cash" id="9-12">
                    <pos type="NN"/>
                    <lemma type="cash"/>
                </token>
                <token content="registers" id="9-13">
                    <pos type="NN"/>
                    <lemma type="register"/>
                    <dep head="9-9" type="prep"/>
                </token>
                <token content="to" id="9-14">
                    <pos type="TO"/>
                    <lemma type="to"/>
                    <dep head="9-15" type="aux"/>
                </token>
                <token content="check" id="9-15">
                    <pos type="VB"/>
                    <lemma type="check"/>
                    <dep head="9-9" type="xcomp"/>
                </token>
                <token content="out" id="9-16">
                    <pos type="RP"/>
                    <lemma type="out"/>
                    <dep head="9-15" type="prt"/>
                </token>
                <token content="." id="9-17"/>
            </sentence>
            <sentence id="10">
                <token content="We" id="10-1">
                    <pos type="PRP"/>
                    <lemma type="we"/>
                    <dep head="10-2" type="nsubj"/>
                </token>
                <token content="got" id="10-2">
                    <pos type="VBD"/>
                    <lemma type="get"/>
                </token>
                <token content="everything" id="10-3">
                    <pos type="NN"/>
                    <lemma type="everything"/>
                    <dep head="10-4" type="nsubj"/>
                </token>
                <token content="scanned" id="10-4">
                    <pos type="VBD"/>
                    <lemma type="scan"/>
                    <dep head="10-2" type="ccomp"/>
                </token>
                <token content="and" id="10-5"/>
                <token content="handed" id="10-6">
                    <pos type="VBD"/>
                    <lemma type="hand"/>
                    <dep head="10-4" type="conj"/>
                </token>
                <token content="the" id="10-7">
                    <pos type="DT"/>
                    <lemma type="the"/>
                </token>
                <token content="cashier" id="10-8">
                    <pos type="NN"/>
                    <lemma type="cashier"/>
                    <dep head="10-6" type="iobj"/>
                </token>
                <token content="the" id="10-9">
                    <pos type="DT"/>
                    <lemma type="the"/>
                </token>
                <token content="money" id="10-10">
                    <pos type="NN"/>
                    <lemma type="money"/>
                    <dep head="10-6" type="dobj"/>
                </token>
                <token content="to" id="10-11">
                    <pos type="TO"/>
                    <lemma type="to"/>
                    <dep head="10-12" type="aux"/>
                </token>
                <token content="pay" id="10-12">
                    <pos type="VB"/>
                    <lemma type="pay"/>
                    <dep head="10-6" type="vmod"/>
                </token>
                <token content="for" id="10-13"/>
                <token content="everything" id="10-14">
                    <pos type="NN"/>
                    <lemma type="everything"/>
                    <dep head="10-12" type="prep"/>
                </token>
                <token content="." id="10-15"/>
            </sentence>
            <sentence id="11">
                <token content="After" id="11-1"/>
                <token content="that" id="11-2">
                    <pos type="DT"/>
                    <lemma type="that"/>
                    <dep head="11-5" type="prep"/>
                </token>
                <token content="," id="11-3"/>
                <token content="we" id="11-4">
                    <pos type="PRP"/>
                    <lemma type="we"/>
                    <dep head="11-5" type="nsubj"/>
                </token>
                <token content="went" id="11-5">
                    <pos type="VBD"/>
                    <lemma type="go"/>
                </token>
                <token content="home" id="11-6">
                    <pos type="NN"/>
                    <lemma type="home"/>
                </token>
                <token content="and" id="11-7"/>
                <token content="put" id="11-8">
                    <pos type="NN"/>
                    <lemma type="put"/>
                </token>
                <token content="everything" id="11-9">
                    <pos type="NN"/>
                    <lemma type="everything"/>
                    <dep head="11-5" type="dobj"/>
                </token>
                <token content="where" id="11-10">
                    <pos type="WRB"/>
                    <lemma type="where"/>
                    <dep head="11-12" type="advmod"/>
                </token>
                <token content="it" id="11-11">
                    <pos type="PRP"/>
                    <lemma type="it"/>
                    <dep head="11-12" type="nsubj"/>
                </token>
                <token content="belongs" id="11-12">
                    <pos type="VBZ"/>
                    <lemma type="belong"/>
                    <dep head="11-5" type="advcl"/>
                </token>
                <token content="." id="11-13"/>
            </sentence>
        </sentences>
    </text>
    <annotations>
        <participants>
            <label from="1-4" id="0" name="No_label" text="something" type="participant"/>
            <label from="1-8" id="1" name="ScrPart_shopper" text="our" type="participant"/>
            <label from="1-9" id="2" name="NPart" text="home" type="participant"/>
            <label from="1-11" id="3" name="ScrPart_shopper" text="my" type="participant"/>
            <label from="1-12" id="4" name="ScrPart_shopper" text="wife" type="participant"/>
            <label from="1-14" id="5" name="ScrPart_shopper" text="I" type="participant"/>
            <label from="1-16" id="6" name="No_label" text="it" type="participant"/>
            <label from="1-18" id="7" name="No_label" text="time" type="participant"/>
            <label from="2-3" id="8" name="ScrPart_shopper" text="we" type="participant"/>
            <label from="2-7" id="9" name="SuppVComp" text="inventory" type="participant"/>
            <label from="2-9" id="10" name="ScrPart_groceries" text="everything" type="participant"/>
            <label from="2-10" id="11" name="ScrPart_shopper" text="we" type="participant"/>
            <label from="2-14" id="12" name="NPart" text="house" type="participant"/>
            <label from="2-19" id="13" name="ScrPart_shopper" text="we" type="participant"/>
            <label from="2-26" id="14" name="ScrPart_groceries" text="it" type="participant"/>
            <label from="2-28" id="15" name="ScrPart_shopper" text="our" type="participant"/>
            <label from="2-29" id="16" name="NPart" text="trip" type="participant"/>
            <label from="2-32" id="17" name="ScrPart_grocery_shop" text="grocery store" to="2-33" type="participant"/>
            <label from="2-33" id="18" name="ScrPart_grocery_shop" text="store" type="participant"/>
            <label from="3-4" id="19" name="ScrPart_shopper" text="we" type="participant"/>
            <label from="3-7" id="20" name="ScrPart_grocery_list" text="list" type="participant"/>
            <label from="3-9" id="21" name="ScrPart_groceries" text="things" type="participant"/>
            <label from="3-10" id="22" name="ScrPart_shopper" text="we" type="participant"/>
            <label from="4-3" id="23" name="ScrPart_shopper" text="we" type="participant"/>
            <label from="4-7" id="24" name="ScrPart_grocery_shop" text="grocery store" to="4-8" type="participant"/>
            <label from="4-8" id="25" name="ScrPart_grocery_shop" text="store" type="participant"/>
            <label from="4-12" id="26" name="ScrPart_shopping_cart/basket" text="cart" type="participant"/>
            <label from="5-1" id="27" name="ScrPart_shopper" text="We" type="participant"/>
            <label from="5-5" id="28" name="ScrPart_grocery_shop" text="grocery store" to="5-6" type="participant"/>
            <label from="5-6" id="29" name="ScrPart_grocery_shop" text="store" type="participant"/>
            <label from="5-9" id="30" name="ScrPart_groceries" text="everything" type="participant"/>
            <label from="5-11" id="31" name="ScrPart_shopper" text="we" type="participant"/>
            <label from="5-14" id="32" name="ScrPart_shopper" text="our" type="participant"/>
            <label from="5-15" id="33" name="ScrPart_grocery_list" text="list" type="participant"/>
            <label from="6-3" id="34" name="ScrPart_shopper" text="we" type="participant"/>
            <label from="6-9" id="35" name="ScrPart_payment_means" text="money" type="participant"/>
            <label from="6-16" id="36" name="ScrPart_groceries" text="things" type="participant"/>
            <label from="7-1" id="37" name="ScrPart_shopper" text="She" type="participant"/>
            <label from="7-5" id="38" name="ScrPart_shopper" text="she" type="participant"/>
            <label from="7-8" id="39" name="ScrPart_groceries" text="things" type="participant"/>
            <label from="8-1" id="40" name="ScrPart_shopper" text="We" type="participant"/>
            <label from="8-3" id="41" name="Head_of_Partitive" text="plenty" type="participant"/>
            <label from="8-5" id="42" name="ScrPart_groceries" text="desserts" type="participant"/>
            <label from="9-2" id="43" name="ScrPart_shopper" text="we" type="participant"/>
            <label from="9-6" id="44" name="ScrPart_groceries" text="everything" type="participant"/>
            <label from="9-8" id="45" name="ScrPart_shopper" text="we" type="participant"/>
            <label from="9-12" id="46" name="ScrPart_cash_desk" text="cash registers" to="9-13" type="participant"/>
            <label from="9-13" id="47" name="ScrPart_cash_desk" text="registers" type="participant"/>
            <label from="10-1" id="48" name="ScrPart_shopper" text="We" type="participant"/>
            <label from="10-3" id="49" name="ScrPart_groceries" text="everything" type="participant"/>
            <label from="10-8" id="50" name="ScrPart_grocery_staff" text="cashier" type="participant"/>
            <label from="10-10" id="51" name="ScrPart_payment_means" text="money" type="participant"/>
            <label from="10-14" id="52" name="ScrPart_groceries" text="everything" type="participant"/>
            <label from="11-4" id="53" name="ScrPart_shopper" text="we" type="participant"/>
            <label from="11-6" id="54" name="No_label" text="home" type="participant"/>
            <label from="11-9" id="55" name="ScrPart_groceries" text="everything" type="participant"/>
            <label from="11-11" id="56" name="ScrPart_groceries" text="it" type="participant"/>
        </participants>
        <events>
            <label from="1-2" id="57" name="UnrelEv" text="looking for" to="1-3" type="event"/>
            <label from="1-2" id="58" name="UnrelEv" text="looking" type="event"/>
            <label from="1-6" id="59" name="UnrelEv" text="eat" type="event"/>
            <label from="1-15" id="60" name="UnrelEv" text="decided" type="event"/>
            <label from="1-17" id="61" name="UnrelEv" text="was" type="event"/>
            <label from="1-20" id="62" name="Evoking" text="go grocery shopping" to="1-22" type="event"/>
            <label from="2-4" id="63" name="UnrelEv" text="decided" type="event"/>
            <label from="2-6" id="64" name="RelNScrEv" text="take" type="event"/>
            <label from="2-23" id="65" name="RelNScrEv" text="buy" type="event"/>
            <label from="3-5" id="66" name="ScrEv_make_list" text="made" type="event"/>
            <label from="3-11" id="67" name="RelNScrEv" text="need" type="event"/>
            <label from="3-13" id="68" name="RelNScrEv" text="want" type="event"/>
            <label from="4-4" id="69" name="ScrEv_go_grocery" text="drove" type="event"/>
            <label from="4-10" id="70" name="ScrEv_take_shop_cart" text="got" type="event"/>
            <label from="5-2" id="71" name="ScrEv_move_section" text="walked" type="event"/>
            <label from="5-8" id="72" name="ScrEv_get_groceries" text="getting" type="event"/>
            <label from="5-12" id="73" name="ScrEv_make_list" text="put" type="event"/>
            <label from="6-5" id="74" name="UnrelEv" text="had" type="event"/>
            <label from="6-8" id="75" name="RelNScrEv" text="spending" type="event"/>
            <label from="6-11" id="76" name="UnrelEv" text="decided" type="event"/>
            <label from="7-2" id="77" name="UnrelEv" text="was" type="event"/>
            <label from="7-6" id="78" name="UnrelEv" text="craves" type="event"/>
            <label from="8-2" id="79" name="ScrEv_get_groceries" text="got" type="event"/>
            <label from="9-4" id="80" name="UnrelEv" text="done" type="event"/>
            <label from="9-5" id="81" name="ScrEv_get_groceries" text="picking" type="event"/>
            <label from="9-9" id="82" name="ScrEv_go_checkout" text="headed" type="event"/>
            <label from="9-15" id="83" name="ScrEv_pay" text="check" type="event"/>
            <label from="10-2" id="84" name="UnrelEv" text="got" type="event"/>
            <label from="10-4" id="85" name="ScrEv_cashier_scan/weight" text="scanned" type="event"/>
            <label from="10-12" id="86" name="ScrEv_pay" text="pay" type="event"/>
            <label from="11-5" id="87" name="UnrelEv" text="went" type="event"/>
            <label from="11-8" id="88" name="RelNScrEv" text="put" type="event"/>
            <label from="11-12" id="89" name="UnrelEv" text="belongs" type="event"/>
        </events>
        <chains>
            <chain elements="3 5"/>
            <chain elements="4 5 8" name="group_I_wife"/>
            <chain elements="8 11 13 15 19 22 23 27 31 32 34 40 43 45 48 53"/>
            <chain elements="10 14"/>
            <chain elements="18 25 29"/>
            <chain elements="21 30 36 39 44 49 52"/>
            <chain elements="20 33"/>
            <chain elements="4 37 38"/>
            <chain elements="35 51"/>
        </chains>
    </annotations>
</story>
