<?xml version="1.0" encoding="UTF-8" standalone="no"?>
<!DOCTYPE story SYSTEM "../InScript.dtd">
<story id="064" scenario="grocery">
    <text>
        <content>There are six people living in my house , so going grocery shopping is usually a weekly occurrence . 
I do n't mind doing it though , because I like picking out what food to buy . 
I usually go on the morning with my sister . 
We get in the car and drive over to the closest grocery store which is about three miles away . 
We also take a list of items with us so we do n't forget what we need to buy . 
When we arrive at the store we park the car and get out . 
I will grab a shopping cart near the store entrance and then we go inside . 
We then take a look at our shopping list and begin gathering all the items . 
It takes us about 30 minutes to find everything . 
We then go to the checkout and pay for all the stuff . 
Then we go back to our car and drive home . </content>
        <sentences>
            <sentence id="1">
                <token content="There" id="1-1">
                    <pos type="EX"/>
                    <lemma type="there"/>
                    <dep head="1-2" type="expl"/>
                </token>
                <token content="are" id="1-2">
                    <pos type="VBP"/>
                    <lemma type="be"/>
                </token>
                <token content="six" id="1-3">
                    <pos type="CD"/>
                    <lemma type="six"/>
                </token>
                <token content="people" id="1-4">
                    <pos type="NNS"/>
                    <lemma type="people"/>
                    <dep head="1-2" type="nsubj"/>
                </token>
                <token content="living" id="1-5">
                    <pos type="VBG"/>
                    <lemma type="live"/>
                </token>
                <token content="in" id="1-6"/>
                <token content="my" id="1-7">
                    <pos type="PRP$"/>
                    <lemma type="my"/>
                </token>
                <token content="house" id="1-8">
                    <pos type="NN"/>
                    <lemma type="house"/>
                    <dep head="1-5" type="prep"/>
                </token>
                <token content="," id="1-9"/>
                <token content="so" id="1-10">
                    <pos type="IN"/>
                    <lemma type="so"/>
                    <dep head="1-2" type="dep"/>
                </token>
                <token content="going" id="1-11">
                    <pos type="VBG"/>
                    <lemma type="go"/>
                </token>
                <token content="grocery" id="1-12">
                    <pos type="NN"/>
                    <lemma type="grocery"/>
                </token>
                <token content="shopping" id="1-13">
                    <pos type="NN"/>
                    <lemma type="shopping"/>
                    <dep head="1-11" type="dobj"/>
                </token>
                <token content="is" id="1-14">
                    <pos type="VBZ"/>
                    <lemma type="be"/>
                </token>
                <token content="usually" id="1-15">
                    <pos type="RB"/>
                    <lemma type="usually"/>
                </token>
                <token content="a" id="1-16">
                    <pos type="DT"/>
                    <lemma type="a"/>
                </token>
                <token content="weekly" id="1-17">
                    <pos type="JJ"/>
                    <lemma type="weekly"/>
                </token>
                <token content="occurrence" id="1-18">
                    <pos type="NN"/>
                    <lemma type="occurrence"/>
                    <dep head="1-2" type="parataxis"/>
                </token>
                <token content="." id="1-19"/>
            </sentence>
            <sentence id="2">
                <token content="I" id="2-1">
                    <pos type="PRP"/>
                    <lemma type="I"/>
                    <dep head="2-4" type="nsubj"/>
                </token>
                <token content="do" id="2-2">
                    <pos type="VBP"/>
                    <lemma type="do"/>
                    <dep head="2-4" type="aux"/>
                </token>
                <token content="n't" id="2-3">
                    <pos type="RB"/>
                    <lemma type="not"/>
                    <dep head="2-4" type="neg"/>
                </token>
                <token content="mind" id="2-4">
                    <pos type="VB"/>
                    <lemma type="mind"/>
                </token>
                <token content="doing" id="2-5">
                    <pos type="VBG"/>
                    <lemma type="do"/>
                    <dep head="2-4" type="xcomp"/>
                </token>
                <token content="it" id="2-6">
                    <pos type="PRP"/>
                    <lemma type="it"/>
                    <dep head="2-5" type="dobj"/>
                </token>
                <token content="though" id="2-7">
                    <pos type="RB"/>
                    <lemma type="though"/>
                    <dep head="2-5" type="advmod"/>
                </token>
                <token content="," id="2-8"/>
                <token content="because" id="2-9">
                    <pos type="IN"/>
                    <lemma type="because"/>
                    <dep head="2-11" type="mark"/>
                </token>
                <token content="I" id="2-10">
                    <pos type="PRP"/>
                    <lemma type="I"/>
                    <dep head="2-11" type="nsubj"/>
                </token>
                <token content="like" id="2-11">
                    <pos type="VBP"/>
                    <lemma type="like"/>
                    <dep head="2-5" type="advcl"/>
                </token>
                <token content="picking" id="2-12">
                    <pos type="VBG"/>
                    <lemma type="pick"/>
                    <dep head="2-11" type="xcomp"/>
                </token>
                <token content="out" id="2-13">
                    <pos type="RP"/>
                    <lemma type="out"/>
                    <dep head="2-12" type="prt"/>
                </token>
                <token content="what" id="2-14">
                    <pos type="WDT"/>
                    <lemma type="what"/>
                </token>
                <token content="food" id="2-15">
                    <pos type="NN"/>
                    <lemma type="food"/>
                    <dep head="2-12" type="dobj"/>
                </token>
                <token content="to" id="2-16">
                    <pos type="TO"/>
                    <lemma type="to"/>
                    <dep head="2-17" type="aux"/>
                </token>
                <token content="buy" id="2-17">
                    <pos type="VB"/>
                    <lemma type="buy"/>
                    <dep head="2-12" type="vmod"/>
                </token>
                <token content="." id="2-18"/>
            </sentence>
            <sentence id="3">
                <token content="I" id="3-1">
                    <pos type="PRP"/>
                    <lemma type="I"/>
                    <dep head="3-3" type="nsubj"/>
                </token>
                <token content="usually" id="3-2">
                    <pos type="RB"/>
                    <lemma type="usually"/>
                    <dep head="3-3" type="advmod"/>
                </token>
                <token content="go" id="3-3">
                    <pos type="VBP"/>
                    <lemma type="go"/>
                </token>
                <token content="on" id="3-4"/>
                <token content="the" id="3-5">
                    <pos type="DT"/>
                    <lemma type="the"/>
                </token>
                <token content="morning" id="3-6">
                    <pos type="NN"/>
                    <lemma type="morning"/>
                    <dep head="3-3" type="prep"/>
                </token>
                <token content="with" id="3-7"/>
                <token content="my" id="3-8">
                    <pos type="PRP$"/>
                    <lemma type="my"/>
                </token>
                <token content="sister" id="3-9">
                    <pos type="NN"/>
                    <lemma type="sister"/>
                </token>
                <token content="." id="3-10"/>
            </sentence>
            <sentence id="4">
                <token content="We" id="4-1">
                    <pos type="PRP"/>
                    <lemma type="we"/>
                    <dep head="4-2" type="nsubj"/>
                </token>
                <token content="get" id="4-2">
                    <pos type="VB"/>
                    <lemma type="get"/>
                </token>
                <token content="in" id="4-3"/>
                <token content="the" id="4-4">
                    <pos type="DT"/>
                    <lemma type="the"/>
                </token>
                <token content="car" id="4-5">
                    <pos type="NN"/>
                    <lemma type="car"/>
                    <dep head="4-2" type="prep"/>
                </token>
                <token content="and" id="4-6"/>
                <token content="drive" id="4-7">
                    <pos type="VB"/>
                    <lemma type="drive"/>
                    <dep head="4-2" type="conj"/>
                </token>
                <token content="over" id="4-8">
                    <pos type="RP"/>
                    <lemma type="over"/>
                    <dep head="4-7" type="prt"/>
                </token>
                <token content="to" id="4-9"/>
                <token content="the" id="4-10">
                    <pos type="DT"/>
                    <lemma type="the"/>
                </token>
                <token content="closest" id="4-11">
                    <pos type="JJS"/>
                    <lemma type="closest"/>
                </token>
                <token content="grocery" id="4-12">
                    <pos type="NN"/>
                    <lemma type="grocery"/>
                </token>
                <token content="store" id="4-13">
                    <pos type="NN"/>
                    <lemma type="store"/>
                    <dep head="4-7" type="prep"/>
                </token>
                <token content="which" id="4-14">
                    <pos type="WDT"/>
                    <lemma type="which"/>
                    <dep head="4-15" type="nsubj"/>
                </token>
                <token content="is" id="4-15">
                    <pos type="VBZ"/>
                    <lemma type="be"/>
                </token>
                <token content="about" id="4-16">
                    <pos type="RB"/>
                    <lemma type="about"/>
                </token>
                <token content="three" id="4-17">
                    <pos type="CD"/>
                    <lemma type="three"/>
                </token>
                <token content="miles" id="4-18">
                    <pos type="NNS"/>
                    <lemma type="mile"/>
                </token>
                <token content="away" id="4-19">
                    <pos type="RB"/>
                    <lemma type="away"/>
                    <dep head="4-15" type="advmod"/>
                </token>
                <token content="." id="4-20"/>
            </sentence>
            <sentence id="5">
                <token content="We" id="5-1">
                    <pos type="PRP"/>
                    <lemma type="we"/>
                    <dep head="5-3" type="nsubj"/>
                </token>
                <token content="also" id="5-2">
                    <pos type="RB"/>
                    <lemma type="also"/>
                    <dep head="5-3" type="advmod"/>
                </token>
                <token content="take" id="5-3">
                    <pos type="VBP"/>
                    <lemma type="take"/>
                </token>
                <token content="a" id="5-4">
                    <pos type="DT"/>
                    <lemma type="a"/>
                </token>
                <token content="list" id="5-5">
                    <pos type="NN"/>
                    <lemma type="list"/>
                    <dep head="5-3" type="dobj"/>
                </token>
                <token content="of" id="5-6"/>
                <token content="items" id="5-7">
                    <pos type="NNS"/>
                    <lemma type="item"/>
                </token>
                <token content="with" id="5-8"/>
                <token content="us" id="5-9">
                    <pos type="PRP"/>
                    <lemma type="we"/>
                </token>
                <token content="so" id="5-10">
                    <pos type="IN"/>
                    <lemma type="so"/>
                    <dep head="5-14" type="mark"/>
                </token>
                <token content="we" id="5-11">
                    <pos type="PRP"/>
                    <lemma type="we"/>
                    <dep head="5-14" type="nsubj"/>
                </token>
                <token content="do" id="5-12">
                    <pos type="VBP"/>
                    <lemma type="do"/>
                    <dep head="5-14" type="aux"/>
                </token>
                <token content="n't" id="5-13">
                    <pos type="RB"/>
                    <lemma type="not"/>
                    <dep head="5-14" type="neg"/>
                </token>
                <token content="forget" id="5-14">
                    <pos type="VB"/>
                    <lemma type="forget"/>
                    <dep head="5-3" type="advcl"/>
                </token>
                <token content="what" id="5-15">
                    <pos type="WP"/>
                    <lemma type="what"/>
                    <dep head="5-17" type="dobj"/>
                </token>
                <token content="we" id="5-16">
                    <pos type="PRP"/>
                    <lemma type="we"/>
                    <dep head="5-17" type="nsubj"/>
                </token>
                <token content="need" id="5-17">
                    <pos type="VBP"/>
                    <lemma type="need"/>
                    <dep head="5-14" type="ccomp"/>
                </token>
                <token content="to" id="5-18">
                    <pos type="TO"/>
                    <lemma type="to"/>
                    <dep head="5-19" type="aux"/>
                </token>
                <token content="buy" id="5-19">
                    <pos type="VB"/>
                    <lemma type="buy"/>
                    <dep head="5-17" type="xcomp"/>
                </token>
                <token content="." id="5-20"/>
            </sentence>
            <sentence id="6">
                <token content="When" id="6-1">
                    <pos type="WRB"/>
                    <lemma type="when"/>
                    <dep head="6-3" type="advmod"/>
                </token>
                <token content="we" id="6-2">
                    <pos type="PRP"/>
                    <lemma type="we"/>
                    <dep head="6-3" type="nsubj"/>
                </token>
                <token content="arrive" id="6-3">
                    <pos type="VBP"/>
                    <lemma type="arrive"/>
                    <dep head="6-8" type="advcl"/>
                </token>
                <token content="at" id="6-4"/>
                <token content="the" id="6-5">
                    <pos type="DT"/>
                    <lemma type="the"/>
                </token>
                <token content="store" id="6-6">
                    <pos type="NN"/>
                    <lemma type="store"/>
                    <dep head="6-3" type="prep"/>
                </token>
                <token content="we" id="6-7">
                    <pos type="PRP"/>
                    <lemma type="we"/>
                    <dep head="6-8" type="nsubj"/>
                </token>
                <token content="park" id="6-8">
                    <pos type="VBZ"/>
                    <lemma type="park"/>
                </token>
                <token content="the" id="6-9">
                    <pos type="DT"/>
                    <lemma type="the"/>
                </token>
                <token content="car" id="6-10">
                    <pos type="NN"/>
                    <lemma type="car"/>
                    <dep head="6-8" type="dobj"/>
                </token>
                <token content="and" id="6-11"/>
                <token content="get" id="6-12">
                    <pos type="VBP"/>
                    <lemma type="get"/>
                    <dep head="6-8" type="conj"/>
                </token>
                <token content="out" id="6-13">
                    <pos type="RP"/>
                    <lemma type="out"/>
                    <dep head="6-12" type="prt"/>
                </token>
                <token content="." id="6-14"/>
            </sentence>
            <sentence id="7">
                <token content="I" id="7-1">
                    <pos type="PRP"/>
                    <lemma type="I"/>
                    <dep head="7-3" type="nsubj"/>
                </token>
                <token content="will" id="7-2">
                    <pos type="MD"/>
                    <lemma type="will"/>
                    <dep head="7-3" type="aux"/>
                </token>
                <token content="grab" id="7-3">
                    <pos type="VB"/>
                    <lemma type="grab"/>
                </token>
                <token content="a" id="7-4">
                    <pos type="DT"/>
                    <lemma type="a"/>
                </token>
                <token content="shopping" id="7-5">
                    <pos type="NN"/>
                    <lemma type="shopping"/>
                </token>
                <token content="cart" id="7-6">
                    <pos type="NN"/>
                    <lemma type="cart"/>
                    <dep head="7-3" type="dobj"/>
                </token>
                <token content="near" id="7-7"/>
                <token content="the" id="7-8">
                    <pos type="DT"/>
                    <lemma type="the"/>
                </token>
                <token content="store" id="7-9">
                    <pos type="NN"/>
                    <lemma type="store"/>
                </token>
                <token content="entrance" id="7-10">
                    <pos type="NN"/>
                    <lemma type="entrance"/>
                </token>
                <token content="and" id="7-11"/>
                <token content="then" id="7-12">
                    <pos type="RB"/>
                    <lemma type="then"/>
                    <dep head="7-14" type="advmod"/>
                </token>
                <token content="we" id="7-13">
                    <pos type="PRP"/>
                    <lemma type="we"/>
                    <dep head="7-14" type="nsubj"/>
                </token>
                <token content="go" id="7-14">
                    <pos type="VBP"/>
                    <lemma type="go"/>
                    <dep head="7-3" type="conj"/>
                </token>
                <token content="inside" id="7-15">
                    <pos type="RB"/>
                    <lemma type="inside"/>
                    <dep head="7-14" type="advmod"/>
                </token>
                <token content="." id="7-16"/>
            </sentence>
            <sentence id="8">
                <token content="We" id="8-1">
                    <pos type="PRP"/>
                    <lemma type="we"/>
                    <dep head="8-3" type="nsubj"/>
                </token>
                <token content="then" id="8-2">
                    <pos type="RB"/>
                    <lemma type="then"/>
                    <dep head="8-3" type="advmod"/>
                </token>
                <token content="take" id="8-3">
                    <pos type="VB"/>
                    <lemma type="take"/>
                </token>
                <token content="a" id="8-4">
                    <pos type="DT"/>
                    <lemma type="a"/>
                </token>
                <token content="look" id="8-5">
                    <pos type="NN"/>
                    <lemma type="look"/>
                    <dep head="8-3" type="dobj"/>
                </token>
                <token content="at" id="8-6"/>
                <token content="our" id="8-7">
                    <pos type="PRP$"/>
                    <lemma type="we"/>
                </token>
                <token content="shopping" id="8-8">
                    <pos type="NN"/>
                    <lemma type="shopping"/>
                </token>
                <token content="list" id="8-9">
                    <pos type="NN"/>
                    <lemma type="list"/>
                    <dep head="8-3" type="prep"/>
                </token>
                <token content="and" id="8-10"/>
                <token content="begin" id="8-11">
                    <pos type="VB"/>
                    <lemma type="begin"/>
                    <dep head="8-3" type="conj"/>
                </token>
                <token content="gathering" id="8-12">
                    <pos type="VBG"/>
                    <lemma type="gather"/>
                    <dep head="8-11" type="xcomp"/>
                </token>
                <token content="all" id="8-13">
                    <pos type="PDT"/>
                    <lemma type="all"/>
                </token>
                <token content="the" id="8-14">
                    <pos type="DT"/>
                    <lemma type="the"/>
                </token>
                <token content="items" id="8-15">
                    <pos type="NNS"/>
                    <lemma type="item"/>
                    <dep head="8-12" type="dobj"/>
                </token>
                <token content="." id="8-16"/>
            </sentence>
            <sentence id="9">
                <token content="It" id="9-1">
                    <pos type="PRP"/>
                    <lemma type="it"/>
                    <dep head="9-2" type="nsubj"/>
                </token>
                <token content="takes" id="9-2">
                    <pos type="VBZ"/>
                    <lemma type="take"/>
                </token>
                <token content="us" id="9-3">
                    <pos type="PRP"/>
                    <lemma type="we"/>
                    <dep head="9-2" type="dobj"/>
                </token>
                <token content="about" id="9-4"/>
                <token content="30" id="9-5">
                    <pos type="CD"/>
                    <lemma type="30"/>
                </token>
                <token content="minutes" id="9-6">
                    <pos type="NNS"/>
                    <lemma type="minute"/>
                    <dep head="9-2" type="prep"/>
                </token>
                <token content="to" id="9-7">
                    <pos type="TO"/>
                    <lemma type="to"/>
                    <dep head="9-8" type="aux"/>
                </token>
                <token content="find" id="9-8">
                    <pos type="VB"/>
                    <lemma type="find"/>
                    <dep head="9-2" type="vmod"/>
                </token>
                <token content="everything" id="9-9">
                    <pos type="NN"/>
                    <lemma type="everything"/>
                    <dep head="9-8" type="dobj"/>
                </token>
                <token content="." id="9-10"/>
            </sentence>
            <sentence id="10">
                <token content="We" id="10-1">
                    <pos type="PRP"/>
                    <lemma type="we"/>
                    <dep head="10-3" type="nsubj"/>
                </token>
                <token content="then" id="10-2">
                    <pos type="RB"/>
                    <lemma type="then"/>
                    <dep head="10-3" type="advmod"/>
                </token>
                <token content="go" id="10-3">
                    <pos type="VB"/>
                    <lemma type="go"/>
                </token>
                <token content="to" id="10-4"/>
                <token content="the" id="10-5">
                    <pos type="DT"/>
                    <lemma type="the"/>
                </token>
                <token content="checkout" id="10-6">
                    <pos type="NN"/>
                    <lemma type="checkout"/>
                    <dep head="10-3" type="prep"/>
                </token>
                <token content="and" id="10-7"/>
                <token content="pay" id="10-8">
                    <pos type="VB"/>
                    <lemma type="pay"/>
                    <dep head="10-3" type="conj"/>
                </token>
                <token content="for" id="10-9"/>
                <token content="all" id="10-10">
                    <pos type="PDT"/>
                    <lemma type="all"/>
                </token>
                <token content="the" id="10-11">
                    <pos type="DT"/>
                    <lemma type="the"/>
                </token>
                <token content="stuff" id="10-12">
                    <pos type="NN"/>
                    <lemma type="stuff"/>
                    <dep head="10-8" type="prep"/>
                </token>
                <token content="." id="10-13"/>
            </sentence>
            <sentence id="11">
                <token content="Then" id="11-1">
                    <pos type="RB"/>
                    <lemma type="then"/>
                    <dep head="11-3" type="advmod"/>
                </token>
                <token content="we" id="11-2">
                    <pos type="PRP"/>
                    <lemma type="we"/>
                    <dep head="11-3" type="nsubj"/>
                </token>
                <token content="go" id="11-3">
                    <pos type="VBP"/>
                    <lemma type="go"/>
                </token>
                <token content="back" id="11-4">
                    <pos type="RB"/>
                    <lemma type="back"/>
                    <dep head="11-3" type="advmod"/>
                </token>
                <token content="to" id="11-5"/>
                <token content="our" id="11-6">
                    <pos type="PRP$"/>
                    <lemma type="we"/>
                </token>
                <token content="car" id="11-7">
                    <pos type="NN"/>
                    <lemma type="car"/>
                    <dep head="11-3" type="prep"/>
                </token>
                <token content="and" id="11-8"/>
                <token content="drive" id="11-9">
                    <pos type="NN"/>
                    <lemma type="drive"/>
                </token>
                <token content="home" id="11-10">
                    <pos type="NN"/>
                    <lemma type="home"/>
                </token>
                <token content="." id="11-11"/>
            </sentence>
        </sentences>
    </text>
    <annotations>
        <participants>
            <label from="1-4" id="0" name="NPart" text="people" type="participant"/>
            <label from="1-7" id="1" name="ScrPart_shopper" text="my" type="participant"/>
            <label from="1-8" id="2" name="NPart" text="house" type="participant"/>
            <label from="1-18" id="3" name="NPart" text="occurrence" type="participant"/>
            <label from="2-1" id="4" name="ScrPart_shopper" text="I" type="participant"/>
            <label from="2-6" id="5" name="No_label" text="it" type="participant"/>
            <label from="2-10" id="6" name="ScrPart_shopper" text="I" type="participant"/>
            <label from="2-15" id="7" name="ScrPart_groceries" text="food" type="participant"/>
            <label from="3-1" id="8" name="ScrPart_shopper" text="I" type="participant"/>
            <label from="3-6" id="9" name="NPart" text="morning" type="participant"/>
            <label from="3-8" id="10" name="ScrPart_shopper" text="my" type="participant"/>
            <label from="3-9" id="11" name="ScrPart_shopper" text="sister" type="participant"/>
            <label from="4-1" id="12" name="ScrPart_shopper" text="We" type="participant"/>
            <label from="4-5" id="13" name="ScrPart_vehicle" text="car" type="participant"/>
            <label from="4-12" id="14" name="ScrPart_grocery_shop" text="grocery store" to="4-13" type="participant"/>
            <label from="4-13" id="15" name="ScrPart_grocery_shop" text="store" type="participant"/>
            <label from="4-14" id="16" name="ScrPart_grocery_shop" text="which" type="participant"/>
            <label from="4-18" id="17" name="NPart" text="miles" type="participant"/>
            <label from="5-1" id="18" name="ScrPart_shopper" text="We" type="participant"/>
            <label from="5-5" id="19" name="ScrPart_grocery_list" text="list" type="participant"/>
            <label from="5-7" id="20" name="ScrPart_groceries" text="items" type="participant"/>
            <label from="5-9" id="21" name="ScrPart_shopper" text="us" type="participant"/>
            <label from="5-11" id="22" name="ScrPart_shopper" text="we" type="participant"/>
            <label from="5-16" id="23" name="ScrPart_shopper" text="we" type="participant"/>
            <label from="6-2" id="24" name="ScrPart_shopper" text="we" type="participant"/>
            <label from="6-6" id="25" name="ScrPart_grocery_shop" text="store" type="participant"/>
            <label from="6-7" id="26" name="ScrPart_shopper" text="we" type="participant"/>
            <label from="6-10" id="27" name="ScrPart_vehicle" text="car" type="participant"/>
            <label from="7-1" id="28" name="ScrPart_shopper" text="I" type="participant"/>
            <label from="7-5" id="29" name="ScrPart_shopping_cart/basket" text="shopping cart" to="7-6" type="participant"/>
            <label from="7-6" id="30" name="ScrPart_shopping_cart/basket" text="cart" type="participant"/>
            <label from="7-9" id="31" name="ScrPart_other" text="store entrance" to="7-10" type="participant"/>
            <label from="7-10" id="32" name="ScrPart_other" text="entrance" type="participant"/>
            <label from="7-13" id="33" name="ScrPart_shopper" text="we" type="participant"/>
            <label from="8-1" id="34" name="ScrPart_shopper" text="We" type="participant"/>
            <label from="8-5" id="35" name="No_label" text="look" type="participant"/>
            <label from="8-7" id="36" name="ScrPart_shopper" text="our" type="participant"/>
            <label from="8-8" id="37" name="ScrPart_grocery_list" text="shopping list" to="8-9" type="participant"/>
            <label from="8-9" id="38" name="ScrPart_grocery_list" text="list" type="participant"/>
            <label from="8-15" id="39" name="ScrPart_groceries" text="items" type="participant"/>
            <label from="9-1" id="40" name="No_label" text="It" type="participant"/>
            <label from="9-3" id="41" name="ScrPart_shopper" text="us" type="participant"/>
            <label from="9-6" id="42" name="NPart" text="minutes" type="participant"/>
            <label from="9-9" id="43" name="ScrPart_groceries" text="everything" type="participant"/>
            <label from="10-1" id="44" name="ScrPart_shopper" text="We" type="participant"/>
            <label from="10-6" id="45" name="ScrPart_cash_desk" text="checkout" type="participant"/>
            <label from="10-12" id="46" name="ScrPart_groceries" text="stuff" type="participant"/>
            <label from="11-2" id="47" name="ScrPart_shopper" text="we" type="participant"/>
            <label from="11-6" id="48" name="ScrPart_shopper" text="our" type="participant"/>
            <label from="11-7" id="49" name="ScrPart_vehicle" text="car" type="participant"/>
            <label from="11-10" id="50" name="No_label" text="home" type="participant"/>
        </participants>
        <events>
            <label from="1-2" id="51" name="UnrelEv" text="are" type="event"/>
            <label from="1-11" id="52" name="Evoking" text="going grocery shopping" to="1-13" type="event"/>
            <label from="1-14" id="53" name="UnrelEv" text="is" type="event"/>
            <label from="2-4" id="54" name="UnrelEv" text="mind" type="event"/>
            <label from="2-5" id="55" name="RelNScrEv" text="doing" type="event"/>
            <label from="2-11" id="56" name="UnrelEv" text="like" type="event"/>
            <label from="2-12" id="57" name="ScrEv_get_groceries" text="picking out" to="2-13" type="event"/>
            <label from="2-12" id="58" name="ScrEv_get_groceries" text="picking" type="event"/>
            <label from="2-17" id="59" name="RelNScrEv" text="buy" type="event"/>
            <label from="3-3" id="60" name="ScrEv_go_grocery" text="go" type="event"/>
            <label from="4-2" id="61" name="UnrelEv" text="get" type="event"/>
            <label from="4-7" id="62" name="UnrelEv" text="drive over" to="4-8" type="event"/>
            <label from="4-7" id="63" name="UnrelEv" text="drive" type="event"/>
            <label from="4-15" id="64" name="UnrelEv" text="is" type="event"/>
            <label from="5-3" id="65" name="ScrEv_make_list" text="take" type="event"/>
            <label from="5-14" id="66" name="RelNScrEv" text="forget" type="event"/>
            <label from="5-19" id="67" name="RelNScrEv" text="buy" type="event"/>
            <label from="6-3" id="68" name="ScrEv_go_grocery" text="arrive" type="event"/>
            <label from="6-8" id="69" name="RelNScrEv" text="park" type="event"/>
            <label from="6-12" id="70" name="UnrelEv" text="get out" to="6-13" type="event"/>
            <label from="6-12" id="71" name="UnrelEv" text="get" type="event"/>
            <label from="7-3" id="72" name="ScrEv_take_shop_cart" text="grab" type="event"/>
            <label from="7-14" id="73" name="ScrEv_enter" text="go" type="event"/>
            <label from="8-3" id="74" name="RelNScrEv" text="take" type="event"/>
            <label from="8-12" id="75" name="ScrEv_get_groceries" text="gathering" type="event"/>
            <label from="9-2" id="76" name="RelNScrEv" text="takes" type="event"/>
            <label from="9-8" id="77" name="ScrEv_get_groceries" text="find" type="event"/>
            <label from="10-3" id="78" name="ScrEv_go_checkout" text="go" type="event"/>
            <label from="10-8" id="79" name="ScrEv_pay" text="pay" type="event"/>
            <label from="11-3" id="80" name="ScrEv_bring_vehicle" text="go back" to="11-4" type="event"/>
            <label from="11-3" id="81" name="ScrEv_bring_vehicle" text="go" type="event"/>
            <label from="11-9" id="82" name="ScrEv_leave" text="drive" type="event"/>
        </events>
        <chains>
            <chain elements="4 6 8 10 28"/>
            <chain elements="8 11 12" name="group_I_sister"/>
            <chain elements="15 16 25"/>
            <chain elements="12 18 21 22 23 24 26 33 34 44 47"/>
            <chain elements="13 27 49"/>
            <chain elements="19 38"/>
            <chain elements="20 39 43 46"/>
        </chains>
    </annotations>
</story>
