<?xml version="1.0" encoding="UTF-8" standalone="no"?>
<!DOCTYPE story SYSTEM "../InScript.dtd">
<story id="065" scenario="grocery">
    <text>
        <content>Yesterday I went grocery shopping . 
I left my house and drove to the store . 
I parked the car , walked inside and grabbed a shopping cart . 
I looked at my list and saw that I needed some fresh produce . 
I picked out the best looking strawberries , they were on sale for $ 2 a pound . 
I bought several pounds because my daughter loves fresh strawberries . 
I finished up in the produce section , buying some things to make a green salad later to go with dinner . 
I then stopped at the meat section and picked out some nice cuts of steak for dinner . 
I went into the frozen foods section and found ice cream was also on sale . 
I bought vanilla and chocolate . 
I went through the rest of the aisles , consulting my list and picking out what my family needed . 
When I had found everything I needed , and put them in my cart , I walked over to the checkout lanes . 
I stood in line and waited for my turn . 
Finally , it was my turn and the checkout person checked me out . 
I paid my bill , and walked out to my car with the shopping cart . 
Then I loaded the car up with the groceries , returned the cart and drove home . </content>
        <sentences>
            <sentence id="1">
                <token content="Yesterday" id="1-1">
                    <pos type="NN"/>
                    <lemma type="yesterday"/>
                    <dep head="1-3" type="tmod"/>
                </token>
                <token content="I" id="1-2">
                    <pos type="PRP"/>
                    <lemma type="I"/>
                    <dep head="1-3" type="nsubj"/>
                </token>
                <token content="went" id="1-3">
                    <pos type="VBD"/>
                    <lemma type="go"/>
                </token>
                <token content="grocery" id="1-4">
                    <pos type="NN"/>
                    <lemma type="grocery"/>
                </token>
                <token content="shopping" id="1-5">
                    <pos type="NN"/>
                    <lemma type="shopping"/>
                    <dep head="1-3" type="dobj"/>
                </token>
                <token content="." id="1-6"/>
            </sentence>
            <sentence id="2">
                <token content="I" id="2-1">
                    <pos type="PRP"/>
                    <lemma type="I"/>
                    <dep head="2-2" type="nsubj"/>
                </token>
                <token content="left" id="2-2">
                    <pos type="VBD"/>
                    <lemma type="leave"/>
                </token>
                <token content="my" id="2-3">
                    <pos type="PRP$"/>
                    <lemma type="my"/>
                </token>
                <token content="house" id="2-4">
                    <pos type="NN"/>
                    <lemma type="house"/>
                    <dep head="2-2" type="dobj"/>
                </token>
                <token content="and" id="2-5"/>
                <token content="drove" id="2-6">
                    <pos type="VBD"/>
                    <lemma type="drive"/>
                    <dep head="2-2" type="conj"/>
                </token>
                <token content="to" id="2-7"/>
                <token content="the" id="2-8">
                    <pos type="DT"/>
                    <lemma type="the"/>
                </token>
                <token content="store" id="2-9">
                    <pos type="NN"/>
                    <lemma type="store"/>
                    <dep head="2-6" type="prep"/>
                </token>
                <token content="." id="2-10"/>
            </sentence>
            <sentence id="3">
                <token content="I" id="3-1">
                    <pos type="PRP"/>
                    <lemma type="I"/>
                    <dep head="3-2" type="nsubj"/>
                </token>
                <token content="parked" id="3-2">
                    <pos type="VBD"/>
                    <lemma type="park"/>
                </token>
                <token content="the" id="3-3">
                    <pos type="DT"/>
                    <lemma type="the"/>
                </token>
                <token content="car" id="3-4">
                    <pos type="NN"/>
                    <lemma type="car"/>
                    <dep head="3-2" type="dobj"/>
                </token>
                <token content="," id="3-5"/>
                <token content="walked" id="3-6">
                    <pos type="VBD"/>
                    <lemma type="walk"/>
                    <dep head="3-2" type="conj"/>
                </token>
                <token content="inside" id="3-7">
                    <pos type="RB"/>
                    <lemma type="inside"/>
                    <dep head="3-6" type="advmod"/>
                </token>
                <token content="and" id="3-8"/>
                <token content="grabbed" id="3-9">
                    <pos type="VBD"/>
                    <lemma type="grab"/>
                    <dep head="3-2" type="conj"/>
                </token>
                <token content="a" id="3-10">
                    <pos type="DT"/>
                    <lemma type="a"/>
                </token>
                <token content="shopping" id="3-11">
                    <pos type="NN"/>
                    <lemma type="shopping"/>
                </token>
                <token content="cart" id="3-12">
                    <pos type="NN"/>
                    <lemma type="cart"/>
                    <dep head="3-9" type="dobj"/>
                </token>
                <token content="." id="3-13"/>
            </sentence>
            <sentence id="4">
                <token content="I" id="4-1">
                    <pos type="PRP"/>
                    <lemma type="I"/>
                    <dep head="4-2" type="nsubj"/>
                </token>
                <token content="looked" id="4-2">
                    <pos type="VBD"/>
                    <lemma type="look"/>
                </token>
                <token content="at" id="4-3"/>
                <token content="my" id="4-4">
                    <pos type="PRP$"/>
                    <lemma type="my"/>
                </token>
                <token content="list" id="4-5">
                    <pos type="NN"/>
                    <lemma type="list"/>
                    <dep head="4-2" type="prep"/>
                </token>
                <token content="and" id="4-6"/>
                <token content="saw" id="4-7">
                    <pos type="VBD"/>
                    <lemma type="see"/>
                    <dep head="4-2" type="conj"/>
                </token>
                <token content="that" id="4-8">
                    <pos type="IN"/>
                    <lemma type="that"/>
                    <dep head="4-10" type="mark"/>
                </token>
                <token content="I" id="4-9">
                    <pos type="PRP"/>
                    <lemma type="I"/>
                    <dep head="4-10" type="nsubj"/>
                </token>
                <token content="needed" id="4-10">
                    <pos type="VBD"/>
                    <lemma type="need"/>
                    <dep head="4-7" type="ccomp"/>
                </token>
                <token content="some" id="4-11">
                    <pos type="DT"/>
                    <lemma type="some"/>
                </token>
                <token content="fresh" id="4-12">
                    <pos type="JJ"/>
                    <lemma type="fresh"/>
                </token>
                <token content="produce" id="4-13">
                    <pos type="NN"/>
                    <lemma type="produce"/>
                    <dep head="4-10" type="dobj"/>
                </token>
                <token content="." id="4-14"/>
            </sentence>
            <sentence id="5">
                <token content="I" id="5-1">
                    <pos type="PRP"/>
                    <lemma type="I"/>
                    <dep head="5-2" type="nsubj"/>
                </token>
                <token content="picked" id="5-2">
                    <pos type="VBD"/>
                    <lemma type="pick"/>
                    <dep head="5-10" type="ccomp"/>
                </token>
                <token content="out" id="5-3">
                    <pos type="RP"/>
                    <lemma type="out"/>
                    <dep head="5-2" type="prt"/>
                </token>
                <token content="the" id="5-4">
                    <pos type="DT"/>
                    <lemma type="the"/>
                </token>
                <token content="best" id="5-5">
                    <pos type="JJS"/>
                    <lemma type="best"/>
                    <dep head="5-6" type="dep"/>
                </token>
                <token content="looking" id="5-6">
                    <pos type="VBG"/>
                    <lemma type="look"/>
                </token>
                <token content="strawberries" id="5-7">
                    <pos type="NNS"/>
                    <lemma type="strawberry"/>
                    <dep head="5-2" type="dobj"/>
                </token>
                <token content="," id="5-8"/>
                <token content="they" id="5-9">
                    <pos type="PRP"/>
                    <lemma type="they"/>
                    <dep head="5-10" type="nsubj"/>
                </token>
                <token content="were" id="5-10">
                    <pos type="VBD"/>
                    <lemma type="be"/>
                </token>
                <token content="on" id="5-11"/>
                <token content="sale" id="5-12">
                    <pos type="NN"/>
                    <lemma type="sale"/>
                    <dep head="5-10" type="prep"/>
                </token>
                <token content="for" id="5-13"/>
                <token content="$" id="5-14">
                    <pos type="$"/>
                    <lemma type="$"/>
                </token>
                <token content="2" id="5-15">
                    <pos type="CD"/>
                    <lemma type="2"/>
                </token>
                <token content="a" id="5-16">
                    <pos type="DT"/>
                    <lemma type="a"/>
                </token>
                <token content="pound" id="5-17">
                    <pos type="NN"/>
                    <lemma type="pound"/>
                </token>
                <token content="." id="5-18"/>
            </sentence>
            <sentence id="6">
                <token content="I" id="6-1">
                    <pos type="PRP"/>
                    <lemma type="I"/>
                    <dep head="6-2" type="nsubj"/>
                </token>
                <token content="bought" id="6-2">
                    <pos type="VBD"/>
                    <lemma type="buy"/>
                </token>
                <token content="several" id="6-3">
                    <pos type="JJ"/>
                    <lemma type="several"/>
                </token>
                <token content="pounds" id="6-4">
                    <pos type="NNS"/>
                    <lemma type="pound"/>
                    <dep head="6-2" type="dobj"/>
                </token>
                <token content="because" id="6-5">
                    <pos type="IN"/>
                    <lemma type="because"/>
                    <dep head="6-8" type="mark"/>
                </token>
                <token content="my" id="6-6">
                    <pos type="PRP$"/>
                    <lemma type="my"/>
                </token>
                <token content="daughter" id="6-7">
                    <pos type="NN"/>
                    <lemma type="daughter"/>
                    <dep head="6-8" type="nsubj"/>
                </token>
                <token content="loves" id="6-8">
                    <pos type="VBZ"/>
                    <lemma type="love"/>
                    <dep head="6-2" type="advcl"/>
                </token>
                <token content="fresh" id="6-9">
                    <pos type="JJ"/>
                    <lemma type="fresh"/>
                </token>
                <token content="strawberries" id="6-10">
                    <pos type="NNS"/>
                    <lemma type="strawberry"/>
                    <dep head="6-8" type="dobj"/>
                </token>
                <token content="." id="6-11"/>
            </sentence>
            <sentence id="7">
                <token content="I" id="7-1">
                    <pos type="PRP"/>
                    <lemma type="I"/>
                    <dep head="7-2" type="nsubj"/>
                </token>
                <token content="finished" id="7-2">
                    <pos type="VBD"/>
                    <lemma type="finish"/>
                </token>
                <token content="up" id="7-3">
                    <pos type="RP"/>
                    <lemma type="up"/>
                    <dep head="7-2" type="prt"/>
                </token>
                <token content="in" id="7-4"/>
                <token content="the" id="7-5">
                    <pos type="DT"/>
                    <lemma type="the"/>
                </token>
                <token content="produce" id="7-6">
                    <pos type="NN"/>
                    <lemma type="produce"/>
                </token>
                <token content="section" id="7-7">
                    <pos type="NN"/>
                    <lemma type="section"/>
                    <dep head="7-2" type="prep"/>
                </token>
                <token content="," id="7-8"/>
                <token content="buying" id="7-9">
                    <pos type="VBG"/>
                    <lemma type="buy"/>
                    <dep head="7-2" type="xcomp"/>
                </token>
                <token content="some" id="7-10">
                    <pos type="DT"/>
                    <lemma type="some"/>
                </token>
                <token content="things" id="7-11">
                    <pos type="NNS"/>
                    <lemma type="thing"/>
                    <dep head="7-9" type="dobj"/>
                </token>
                <token content="to" id="7-12">
                    <pos type="TO"/>
                    <lemma type="to"/>
                    <dep head="7-13" type="aux"/>
                </token>
                <token content="make" id="7-13">
                    <pos type="VB"/>
                    <lemma type="make"/>
                    <dep head="7-9" type="xcomp"/>
                </token>
                <token content="a" id="7-14">
                    <pos type="DT"/>
                    <lemma type="a"/>
                </token>
                <token content="green" id="7-15">
                    <pos type="JJ"/>
                    <lemma type="green"/>
                </token>
                <token content="salad" id="7-16">
                    <pos type="NN"/>
                    <lemma type="salad"/>
                    <dep head="7-13" type="dobj"/>
                </token>
                <token content="later" id="7-17">
                    <pos type="RB"/>
                    <lemma type="later"/>
                    <dep head="7-13" type="advmod"/>
                </token>
                <token content="to" id="7-18">
                    <pos type="TO"/>
                    <lemma type="to"/>
                    <dep head="7-19" type="aux"/>
                </token>
                <token content="go" id="7-19">
                    <pos type="VB"/>
                    <lemma type="go"/>
                    <dep head="7-13" type="vmod"/>
                </token>
                <token content="with" id="7-20"/>
                <token content="dinner" id="7-21">
                    <pos type="NN"/>
                    <lemma type="dinner"/>
                    <dep head="7-19" type="prep"/>
                </token>
                <token content="." id="7-22"/>
            </sentence>
            <sentence id="8">
                <token content="I" id="8-1">
                    <pos type="PRP"/>
                    <lemma type="I"/>
                    <dep head="8-3" type="nsubj"/>
                </token>
                <token content="then" id="8-2">
                    <pos type="RB"/>
                    <lemma type="then"/>
                    <dep head="8-3" type="advmod"/>
                </token>
                <token content="stopped" id="8-3">
                    <pos type="VBD"/>
                    <lemma type="stop"/>
                </token>
                <token content="at" id="8-4"/>
                <token content="the" id="8-5">
                    <pos type="DT"/>
                    <lemma type="the"/>
                </token>
                <token content="meat" id="8-6">
                    <pos type="NN"/>
                    <lemma type="meat"/>
                </token>
                <token content="section" id="8-7">
                    <pos type="NN"/>
                    <lemma type="section"/>
                    <dep head="8-3" type="prep"/>
                </token>
                <token content="and" id="8-8"/>
                <token content="picked" id="8-9">
                    <pos type="VBD"/>
                    <lemma type="pick"/>
                    <dep head="8-3" type="conj"/>
                </token>
                <token content="out" id="8-10">
                    <pos type="RP"/>
                    <lemma type="out"/>
                    <dep head="8-9" type="prt"/>
                </token>
                <token content="some" id="8-11">
                    <pos type="DT"/>
                    <lemma type="some"/>
                </token>
                <token content="nice" id="8-12">
                    <pos type="JJ"/>
                    <lemma type="nice"/>
                </token>
                <token content="cuts" id="8-13">
                    <pos type="NNS"/>
                    <lemma type="cut"/>
                    <dep head="8-9" type="dobj"/>
                </token>
                <token content="of" id="8-14"/>
                <token content="steak" id="8-15">
                    <pos type="NN"/>
                    <lemma type="steak"/>
                </token>
                <token content="for" id="8-16"/>
                <token content="dinner" id="8-17">
                    <pos type="NN"/>
                    <lemma type="dinner"/>
                </token>
                <token content="." id="8-18"/>
            </sentence>
            <sentence id="9">
                <token content="I" id="9-1">
                    <pos type="PRP"/>
                    <lemma type="I"/>
                    <dep head="9-2" type="nsubj"/>
                </token>
                <token content="went" id="9-2">
                    <pos type="VBD"/>
                    <lemma type="go"/>
                </token>
                <token content="into" id="9-3"/>
                <token content="the" id="9-4">
                    <pos type="DT"/>
                    <lemma type="the"/>
                </token>
                <token content="frozen" id="9-5">
                    <pos type="JJ"/>
                    <lemma type="frozen"/>
                </token>
                <token content="foods" id="9-6">
                    <pos type="NNS"/>
                    <lemma type="food"/>
                </token>
                <token content="section" id="9-7">
                    <pos type="NN"/>
                    <lemma type="section"/>
                    <dep head="9-2" type="prep"/>
                </token>
                <token content="and" id="9-8"/>
                <token content="found" id="9-9">
                    <pos type="VBD"/>
                    <lemma type="find"/>
                    <dep head="9-2" type="conj"/>
                </token>
                <token content="ice" id="9-10">
                    <pos type="NN"/>
                    <lemma type="ice"/>
                </token>
                <token content="cream" id="9-11">
                    <pos type="NN"/>
                    <lemma type="cream"/>
                    <dep head="9-12" type="nsubj"/>
                </token>
                <token content="was" id="9-12">
                    <pos type="VBD"/>
                    <lemma type="be"/>
                    <dep head="9-9" type="ccomp"/>
                </token>
                <token content="also" id="9-13">
                    <pos type="RB"/>
                    <lemma type="also"/>
                    <dep head="9-12" type="advmod"/>
                </token>
                <token content="on" id="9-14"/>
                <token content="sale" id="9-15">
                    <pos type="NN"/>
                    <lemma type="sale"/>
                    <dep head="9-12" type="prep"/>
                </token>
                <token content="." id="9-16"/>
            </sentence>
            <sentence id="10">
                <token content="I" id="10-1">
                    <pos type="PRP"/>
                    <lemma type="I"/>
                    <dep head="10-2" type="nsubj"/>
                </token>
                <token content="bought" id="10-2">
                    <pos type="VBD"/>
                    <lemma type="buy"/>
                </token>
                <token content="vanilla" id="10-3">
                    <pos type="NN"/>
                    <lemma type="vanilla"/>
                    <dep head="10-2" type="dobj"/>
                </token>
                <token content="and" id="10-4"/>
                <token content="chocolate" id="10-5">
                    <pos type="NN"/>
                    <lemma type="chocolate"/>
                </token>
                <token content="." id="10-6"/>
            </sentence>
            <sentence id="11">
                <token content="I" id="11-1">
                    <pos type="PRP"/>
                    <lemma type="I"/>
                    <dep head="11-2" type="nsubj"/>
                </token>
                <token content="went" id="11-2">
                    <pos type="VBD"/>
                    <lemma type="go"/>
                </token>
                <token content="through" id="11-3"/>
                <token content="the" id="11-4">
                    <pos type="DT"/>
                    <lemma type="the"/>
                </token>
                <token content="rest" id="11-5">
                    <pos type="NN"/>
                    <lemma type="rest"/>
                    <dep head="11-2" type="prep"/>
                </token>
                <token content="of" id="11-6"/>
                <token content="the" id="11-7">
                    <pos type="DT"/>
                    <lemma type="the"/>
                </token>
                <token content="aisles" id="11-8">
                    <pos type="NNS"/>
                    <lemma type="aisle"/>
                </token>
                <token content="," id="11-9"/>
                <token content="consulting" id="11-10">
                    <pos type="VBG"/>
                    <lemma type="consult"/>
                    <dep head="11-2" type="ccomp"/>
                </token>
                <token content="my" id="11-11">
                    <pos type="PRP$"/>
                    <lemma type="my"/>
                </token>
                <token content="list" id="11-12">
                    <pos type="NN"/>
                    <lemma type="list"/>
                    <dep head="11-10" type="dobj"/>
                </token>
                <token content="and" id="11-13"/>
                <token content="picking" id="11-14">
                    <pos type="VBG"/>
                    <lemma type="pick"/>
                    <dep head="11-10" type="conj"/>
                </token>
                <token content="out" id="11-15">
                    <pos type="RP"/>
                    <lemma type="out"/>
                    <dep head="11-14" type="prt"/>
                </token>
                <token content="what" id="11-16">
                    <pos type="WP"/>
                    <lemma type="what"/>
                    <dep head="11-19" type="dobj"/>
                </token>
                <token content="my" id="11-17">
                    <pos type="PRP$"/>
                    <lemma type="my"/>
                </token>
                <token content="family" id="11-18">
                    <pos type="NN"/>
                    <lemma type="family"/>
                    <dep head="11-19" type="nsubj"/>
                </token>
                <token content="needed" id="11-19">
                    <pos type="VBD"/>
                    <lemma type="need"/>
                    <dep head="11-14" type="ccomp"/>
                </token>
                <token content="." id="11-20"/>
            </sentence>
            <sentence id="12">
                <token content="When" id="12-1">
                    <pos type="WRB"/>
                    <lemma type="when"/>
                    <dep head="12-4" type="advmod"/>
                </token>
                <token content="I" id="12-2">
                    <pos type="PRP"/>
                    <lemma type="I"/>
                    <dep head="12-4" type="nsubj"/>
                </token>
                <token content="had" id="12-3">
                    <pos type="VBD"/>
                    <lemma type="have"/>
                    <dep head="12-4" type="aux"/>
                </token>
                <token content="found" id="12-4">
                    <pos type="VBN"/>
                    <lemma type="find"/>
                    <dep head="12-17" type="advcl"/>
                </token>
                <token content="everything" id="12-5">
                    <pos type="NN"/>
                    <lemma type="everything"/>
                    <dep head="12-4" type="dobj"/>
                </token>
                <token content="I" id="12-6">
                    <pos type="PRP"/>
                    <lemma type="I"/>
                    <dep head="12-7" type="nsubj"/>
                </token>
                <token content="needed" id="12-7">
                    <pos type="VBD"/>
                    <lemma type="need"/>
                </token>
                <token content="," id="12-8"/>
                <token content="and" id="12-9"/>
                <token content="put" id="12-10">
                    <pos type="VBD"/>
                    <lemma type="put"/>
                    <dep head="12-7" type="conj"/>
                </token>
                <token content="them" id="12-11">
                    <pos type="PRP"/>
                    <lemma type="they"/>
                    <dep head="12-10" type="dobj"/>
                </token>
                <token content="in" id="12-12"/>
                <token content="my" id="12-13">
                    <pos type="PRP$"/>
                    <lemma type="my"/>
                </token>
                <token content="cart" id="12-14">
                    <pos type="NN"/>
                    <lemma type="cart"/>
                    <dep head="12-10" type="prep"/>
                </token>
                <token content="," id="12-15"/>
                <token content="I" id="12-16">
                    <pos type="PRP"/>
                    <lemma type="I"/>
                    <dep head="12-17" type="nsubj"/>
                </token>
                <token content="walked" id="12-17">
                    <pos type="VBD"/>
                    <lemma type="walk"/>
                </token>
                <token content="over" id="12-18">
                    <pos type="RP"/>
                    <lemma type="over"/>
                    <dep head="12-17" type="prt"/>
                </token>
                <token content="to" id="12-19"/>
                <token content="the" id="12-20">
                    <pos type="DT"/>
                    <lemma type="the"/>
                </token>
                <token content="checkout" id="12-21">
                    <pos type="NN"/>
                    <lemma type="checkout"/>
                </token>
                <token content="lanes" id="12-22">
                    <pos type="NNS"/>
                    <lemma type="lane"/>
                    <dep head="12-17" type="prep"/>
                </token>
                <token content="." id="12-23"/>
            </sentence>
            <sentence id="13">
                <token content="I" id="13-1">
                    <pos type="PRP"/>
                    <lemma type="I"/>
                    <dep head="13-2" type="nsubj"/>
                </token>
                <token content="stood" id="13-2">
                    <pos type="VBD"/>
                    <lemma type="stand"/>
                </token>
                <token content="in" id="13-3"/>
                <token content="line" id="13-4">
                    <pos type="NN"/>
                    <lemma type="line"/>
                    <dep head="13-2" type="prep"/>
                </token>
                <token content="and" id="13-5"/>
                <token content="waited" id="13-6">
                    <pos type="VBD"/>
                    <lemma type="wait"/>
                    <dep head="13-2" type="conj"/>
                </token>
                <token content="for" id="13-7"/>
                <token content="my" id="13-8">
                    <pos type="PRP$"/>
                    <lemma type="my"/>
                </token>
                <token content="turn" id="13-9">
                    <pos type="NN"/>
                    <lemma type="turn"/>
                    <dep head="13-6" type="prep"/>
                </token>
                <token content="." id="13-10"/>
            </sentence>
            <sentence id="14">
                <token content="Finally" id="14-1">
                    <pos type="RB"/>
                    <lemma type="finally"/>
                </token>
                <token content="," id="14-2"/>
                <token content="it" id="14-3">
                    <pos type="PRP"/>
                    <lemma type="it"/>
                </token>
                <token content="was" id="14-4">
                    <pos type="VBD"/>
                    <lemma type="be"/>
                </token>
                <token content="my" id="14-5">
                    <pos type="PRP$"/>
                    <lemma type="my"/>
                </token>
                <token content="turn" id="14-6">
                    <pos type="NN"/>
                    <lemma type="turn"/>
                </token>
                <token content="and" id="14-7"/>
                <token content="the" id="14-8">
                    <pos type="DT"/>
                    <lemma type="the"/>
                </token>
                <token content="checkout" id="14-9">
                    <pos type="NN"/>
                    <lemma type="checkout"/>
                </token>
                <token content="person" id="14-10">
                    <pos type="NN"/>
                    <lemma type="person"/>
                    <dep head="14-11" type="nsubj"/>
                </token>
                <token content="checked" id="14-11">
                    <pos type="VBD"/>
                    <lemma type="check"/>
                </token>
                <token content="me" id="14-12">
                    <pos type="PRP"/>
                    <lemma type="I"/>
                    <dep head="14-11" type="dobj"/>
                </token>
                <token content="out" id="14-13">
                    <pos type="RP"/>
                    <lemma type="out"/>
                    <dep head="14-11" type="prt"/>
                </token>
                <token content="." id="14-14"/>
            </sentence>
            <sentence id="15">
                <token content="I" id="15-1">
                    <pos type="PRP"/>
                    <lemma type="I"/>
                    <dep head="15-2" type="nsubj"/>
                </token>
                <token content="paid" id="15-2">
                    <pos type="VBD"/>
                    <lemma type="pay"/>
                </token>
                <token content="my" id="15-3">
                    <pos type="PRP$"/>
                    <lemma type="my"/>
                </token>
                <token content="bill" id="15-4">
                    <pos type="NN"/>
                    <lemma type="bill"/>
                    <dep head="15-2" type="dobj"/>
                </token>
                <token content="," id="15-5"/>
                <token content="and" id="15-6"/>
                <token content="walked" id="15-7">
                    <pos type="VBD"/>
                    <lemma type="walk"/>
                    <dep head="15-2" type="conj"/>
                </token>
                <token content="out" id="15-8">
                    <pos type="RP"/>
                    <lemma type="out"/>
                    <dep head="15-7" type="prt"/>
                </token>
                <token content="to" id="15-9"/>
                <token content="my" id="15-10">
                    <pos type="PRP$"/>
                    <lemma type="my"/>
                </token>
                <token content="car" id="15-11">
                    <pos type="NN"/>
                    <lemma type="car"/>
                    <dep head="15-7" type="prep"/>
                </token>
                <token content="with" id="15-12"/>
                <token content="the" id="15-13">
                    <pos type="DT"/>
                    <lemma type="the"/>
                </token>
                <token content="shopping" id="15-14">
                    <pos type="NN"/>
                    <lemma type="shopping"/>
                </token>
                <token content="cart" id="15-15">
                    <pos type="NN"/>
                    <lemma type="cart"/>
                    <dep head="15-7" type="prep"/>
                </token>
                <token content="." id="15-16"/>
            </sentence>
            <sentence id="16">
                <token content="Then" id="16-1">
                    <pos type="RB"/>
                    <lemma type="then"/>
                    <dep head="16-3" type="advmod"/>
                </token>
                <token content="I" id="16-2">
                    <pos type="PRP"/>
                    <lemma type="I"/>
                    <dep head="16-3" type="nsubj"/>
                </token>
                <token content="loaded" id="16-3">
                    <pos type="VBD"/>
                    <lemma type="load"/>
                </token>
                <token content="the" id="16-4">
                    <pos type="DT"/>
                    <lemma type="the"/>
                </token>
                <token content="car" id="16-5">
                    <pos type="NN"/>
                    <lemma type="car"/>
                    <dep head="16-3" type="dobj"/>
                </token>
                <token content="up" id="16-6">
                    <pos type="RP"/>
                    <lemma type="up"/>
                    <dep head="16-3" type="prt"/>
                </token>
                <token content="with" id="16-7"/>
                <token content="the" id="16-8">
                    <pos type="DT"/>
                    <lemma type="the"/>
                </token>
                <token content="groceries" id="16-9">
                    <pos type="NNS"/>
                    <lemma type="grocery"/>
                    <dep head="16-3" type="prep"/>
                </token>
                <token content="," id="16-10"/>
                <token content="returned" id="16-11">
                    <pos type="VBD"/>
                    <lemma type="return"/>
                    <dep head="16-3" type="conj"/>
                </token>
                <token content="the" id="16-12">
                    <pos type="DT"/>
                    <lemma type="the"/>
                </token>
                <token content="cart" id="16-13">
                    <pos type="NN"/>
                    <lemma type="cart"/>
                    <dep head="16-11" type="dobj"/>
                </token>
                <token content="and" id="16-14"/>
                <token content="drove" id="16-15">
                    <pos type="VBD"/>
                    <lemma type="drive"/>
                    <dep head="16-3" type="conj"/>
                </token>
                <token content="home" id="16-16">
                    <pos type="NN"/>
                    <lemma type="home"/>
                    <dep head="16-15" type="dobj"/>
                </token>
                <token content="." id="16-17"/>
            </sentence>
        </sentences>
    </text>
    <annotations>
        <participants>
            <label from="1-1" id="0" name="NPart" text="Yesterday" type="participant"/>
            <label from="1-2" id="1" name="ScrPart_shopper" text="I" type="participant"/>
            <label from="2-1" id="2" name="ScrPart_shopper" text="I" type="participant"/>
            <label from="2-3" id="3" name="ScrPart_shopper" text="my" type="participant"/>
            <label from="2-4" id="4" name="NPart" text="house" type="participant"/>
            <label from="2-9" id="5" name="ScrPart_grocery_shop" text="store" type="participant"/>
            <label from="3-1" id="6" name="ScrPart_shopper" text="I" type="participant"/>
            <label from="3-4" id="7" name="ScrPart_vehicle" text="car" type="participant"/>
            <label from="3-11" id="8" name="ScrPart_shopping_cart/basket" text="shopping cart" to="3-12" type="participant"/>
            <label from="3-12" id="9" name="ScrPart_shopping_cart/basket" text="cart" type="participant"/>
            <label from="4-1" id="10" name="ScrPart_shopper" text="I" type="participant"/>
            <label from="4-4" id="11" name="ScrPart_shopper" text="my" type="participant"/>
            <label from="4-5" id="12" name="ScrPart_grocery_list" text="list" type="participant"/>
            <label from="4-9" id="13" name="ScrPart_shopper" text="I" type="participant"/>
            <label from="4-13" id="14" name="ScrPart_groceries" text="produce" type="participant"/>
            <label from="5-1" id="15" name="ScrPart_shopper" text="I" type="participant"/>
            <label from="5-7" id="16" name="ScrPart_groceries" text="strawberries" type="participant"/>
            <label from="5-9" id="17" name="ScrPart_groceries" text="they" type="participant"/>
            <label from="5-14" id="18" name="ScrPart_price" text="$ 2" to="5-15" type="participant"/>
            <label from="5-17" id="19" name="Head_of_Partitive" text="pound" type="participant"/>
            <label from="6-1" id="20" name="ScrPart_shopper" text="I" type="participant"/>
            <label from="6-4" id="21" name="Head_of_Partitive" text="pounds" type="participant"/>
            <label from="6-6" id="22" name="ScrPart_shopper" text="my" type="participant"/>
            <label from="6-7" id="23" name="NPart" text="daughter" type="participant"/>
            <label from="6-10" id="24" name="ScrPart_groceries" text="strawberries" type="participant"/>
            <label from="7-1" id="25" name="ScrPart_shopper" text="I" type="participant"/>
            <label from="7-6" id="26" name="ScrPart_section" text="produce section" to="7-7" type="participant"/>
            <label from="7-7" id="27" name="ScrPart_section" text="section" type="participant"/>
            <label from="7-11" id="28" name="ScrPart_groceries" text="things" type="participant"/>
            <label from="7-16" id="29" name="NPart" text="salad" type="participant"/>
            <label from="7-21" id="30" name="NPart" text="dinner" type="participant"/>
            <label from="8-1" id="31" name="ScrPart_shopper" text="I" type="participant"/>
            <label from="8-6" id="32" name="ScrPart_section" text="meat section" to="8-7" type="participant"/>
            <label from="8-7" id="33" name="ScrPart_section" text="section" type="participant"/>
            <label from="8-13" id="34" name="NPart" text="cuts" type="participant"/>
            <label from="8-15" id="35" name="ScrPart_groceries" text="steak" type="participant"/>
            <label from="8-17" id="36" name="NPart" text="dinner" type="participant"/>
            <label from="9-1" id="37" name="ScrPart_shopper" text="I" type="participant"/>
            <label from="9-5" id="38" name="ScrPart_section" text="frozen foods section" to="9-7" type="participant"/>
            <label from="9-7" id="39" name="ScrPart_section" text="section" type="participant"/>
            <label from="9-10" id="40" name="ScrPart_groceries" text="ice cream" to="9-11" type="participant"/>
            <label from="9-11" id="41" name="ScrPart_groceries" text="cream" type="participant"/>
            <label from="9-15" id="42" name="No_label" text="sale" type="participant"/>
            <label from="10-1" id="43" name="ScrPart_shopper" text="I" type="participant"/>
            <label from="10-3" id="44" name="ScrPart_groceries" text="vanilla" type="participant"/>
            <label from="10-5" id="45" name="ScrPart_groceries" text="chocolate" type="participant"/>
            <label from="11-1" id="46" name="ScrPart_shopper" text="I" type="participant"/>
            <label from="11-5" id="47" name="Head_of_Partitive" text="rest" type="participant"/>
            <label from="11-8" id="48" name="ScrPart_section" text="aisles" type="participant"/>
            <label from="11-11" id="49" name="ScrPart_shopper" text="my" type="participant"/>
            <label from="11-12" id="50" name="ScrPart_grocery_list" text="list and" to="11-13" type="participant"/>
            <label from="11-17" id="51" name="ScrPart_shopper" text="my" type="participant"/>
            <label from="11-18" id="52" name="NPart" text="family" type="participant"/>
            <label from="12-2" id="53" name="ScrPart_shopper" text="I" type="participant"/>
            <label from="12-5" id="54" name="ScrPart_groceries" text="everything" type="participant"/>
            <label from="12-6" id="55" name="ScrPart_shopper" text="I" type="participant"/>
            <label from="12-11" id="56" name="ScrPart_groceries" text="them" type="participant"/>
            <label from="12-13" id="57" name="ScrPart_shopper" text="my" type="participant"/>
            <label from="12-14" id="58" name="ScrPart_shopping_cart/basket" text="cart" type="participant"/>
            <label from="12-16" id="59" name="ScrPart_shopper" text="I" type="participant"/>
            <label from="12-21" id="60" name="ScrPart_cash_desk" text="checkout lanes" to="12-22" type="participant"/>
            <label from="12-22" id="61" name="ScrPart_cash_desk" text="lanes" type="participant"/>
            <label from="13-1" id="62" name="ScrPart_shopper" text="I" type="participant"/>
            <label from="13-4" id="63" name="ScrPart_line" text="line" type="participant"/>
            <label from="13-8" id="64" name="ScrPart_shopper" text="my" type="participant"/>
            <label from="13-9" id="65" name="NPart" text="turn" type="participant"/>
            <label from="14-3" id="66" name="No_label" text="it" type="participant"/>
            <label from="14-5" id="67" name="ScrPart_shopper" text="my" type="participant"/>
            <label from="14-6" id="68" name="No_label" text="turn" type="participant"/>
            <label from="14-9" id="69" name="ScrPart_grocery_staff" text="checkout person" to="14-10" type="participant"/>
            <label from="14-10" id="70" name="ScrPart_grocery_staff" text="person" type="participant"/>
            <label from="14-12" id="71" name="ScrPart_shopper" text="me" type="participant"/>
            <label from="15-1" id="72" name="ScrPart_shopper" text="I" type="participant"/>
            <label from="15-3" id="73" name="ScrPart_shopper" text="my" type="participant"/>
            <label from="15-4" id="74" name="NPart" text="bill" type="participant"/>
            <label from="15-10" id="75" name="ScrPart_shopper" text="my" type="participant"/>
            <label from="15-11" id="76" name="ScrPart_vehicle" text="car" type="participant"/>
            <label from="15-14" id="77" name="ScrPart_shopping_cart/basket" text="shopping cart" to="15-15" type="participant"/>
            <label from="15-15" id="78" name="ScrPart_shopping_cart/basket" text="cart" type="participant"/>
            <label from="16-2" id="79" name="ScrPart_shopper" text="I" type="participant"/>
            <label from="16-5" id="80" name="ScrPart_vehicle" text="car" type="participant"/>
            <label from="16-9" id="81" name="ScrPart_groceries" text="groceries" type="participant"/>
            <label from="16-13" id="82" name="ScrPart_shopping_cart/basket" text="cart" type="participant"/>
            <label from="16-16" id="83" name="No_label" text="home" type="participant"/>
        </participants>
        <events>
            <label from="1-3" id="84" name="Evoking" text="went grocery shopping" to="1-5" type="event"/>
            <label from="2-2" id="85" name="UnrelEv" text="left" type="event"/>
            <label from="2-6" id="86" name="ScrEv_go_grocery" text="drove" type="event"/>
            <label from="3-2" id="87" name="RelNScrEv" text="parked" type="event"/>
            <label from="3-6" id="88" name="ScrEv_enter" text="walked" type="event"/>
            <label from="3-9" id="89" name="ScrEv_take_shop_cart" text="grabbed" type="event"/>
            <label from="4-2" id="90" name="RelNScrEv" text="looked" type="event"/>
            <label from="4-7" id="91" name="UnrelEv" text="saw" type="event"/>
            <label from="4-10" id="92" name="RelNScrEv" text="needed" type="event"/>
            <label from="5-2" id="93" name="ScrEv_get_groceries" text="picked out" to="5-3" type="event"/>
            <label from="5-2" id="94" name="ScrEv_get_groceries" text="picked" type="event"/>
            <label from="5-6" id="95" name="UnrelEv" text="looking" type="event"/>
            <label from="5-10" id="96" name="RelNScrEv" text="were" type="event"/>
            <label from="5-12" id="97" name="UnrelEv" text="sale" type="event"/>
            <label from="6-2" id="98" name="RelNScrEv" text="bought" type="event"/>
            <label from="6-8" id="99" name="UnrelEv" text="loves" type="event"/>
            <label from="7-2" id="100" name="UnrelEv" text="finished up" to="7-3" type="event"/>
            <label from="7-2" id="101" name="UnrelEv" text="finished" type="event"/>
            <label from="7-9" id="102" name="RelNScrEv" text="buying" type="event"/>
            <label from="7-13" id="103" name="UnrelEv" text="make" type="event"/>
            <label from="7-19" id="104" name="UnrelEv" text="go" type="event"/>
            <label from="8-3" id="105" name="ScrEv_move_section" text="stopped" type="event"/>
            <label from="8-9" id="106" name="ScrEv_get_groceries" text="picked" type="event"/>
            <label from="9-2" id="107" name="ScrEv_move_section" text="went" type="event"/>
            <label from="9-9" id="108" name="UnrelEv" text="found" type="event"/>
            <label from="9-12" id="109" name="RelNScrEv" text="was" type="event"/>
            <label from="10-2" id="110" name="RelNScrEv" text="bought" type="event"/>
            <label from="11-2" id="111" name="ScrEv_move_section" text="went through" to="11-3" type="event"/>
            <label from="11-2" id="112" name="ScrEv_move_section" text="went" type="event"/>
            <label from="11-10" id="113" name="ScrEv_check_list" text="consulting" type="event"/>
            <label from="11-14" id="114" name="ScrEv_get_groceries" text="picking out" to="11-15" type="event"/>
            <label from="11-14" id="115" name="ScrEv_get_groceries" text="picking" type="event"/>
            <label from="11-19" id="116" name="RelNScrEv" text="needed" type="event"/>
            <label from="12-4" id="117" name="ScrEv_get_groceries" text="found" type="event"/>
            <label from="12-7" id="118" name="RelNScrEv" text="needed" type="event"/>
            <label from="12-10" id="119" name="ScrEv_other" text="put" type="event"/>
            <label from="12-17" id="120" name="ScrEv_go_checkout" text="walked over" to="12-18" type="event"/>
            <label from="12-17" id="121" name="ScrEv_go_checkout" text="walked" type="event"/>
            <label from="13-2" id="122" name="UnrelEv" text="stood" type="event"/>
            <label from="13-6" id="123" name="ScrEv_wait" text="waited for" to="13-7" type="event"/>
            <label from="13-6" id="124" name="ScrEv_wait" text="waited" type="event"/>
            <label from="14-4" id="125" name="UnrelEv" text="was" type="event"/>
            <label from="14-11" id="126" name="RelNScrEv" text="checked" type="event"/>
            <label from="15-2" id="127" name="ScrEv_pay" text="paid" type="event"/>
            <label from="15-7" id="128" name="ScrEv_bring_vehicle" text="walked" type="event"/>
            <label from="16-3" id="129" name="ScrEv_bring_vehicle" text="loaded" type="event"/>
            <label from="16-11" id="130" name="ScrEv_return_shop_cart" text="returned" type="event"/>
            <label from="16-15" id="131" name="UnrelEv" text="drove" type="event"/>
        </events>
        <chains>
            <chain elements="1 2 3 6 10 11 13 15 20 22 25 31 37 43 46 49 51 53 55 57 59 62 64 67 71 72 73 75 79"/>
            <chain elements="19 21"/>
            <chain elements="16 24"/>
            <chain elements="54 56 81"/>
            <chain elements="9 58 78 82"/>
            <chain elements="7 76 80"/>
        </chains>
    </annotations>
</story>
