<?xml version="1.0" encoding="UTF-8" standalone="no"?>
<!DOCTYPE story SYSTEM "../InScript.dtd">
<story id="072" scenario="grocery">
    <text>
        <content>Every Saturday I do a chore I actually really enjoy - grocery shopping ! 
This past Saturday was no exception , so I began to plan my outing . 
I always begin by surveying my refrigerator and cabinets . 
What food do I already have and what do I need ? 
There are certain basic things I get almost every week . 
At this point I begin to make a written list to bring with . 
This week I also had a birthday party to shop for so extras like cake mix and a can of frosting went on my list . 
Once the list was done I headed to the store . 
It 's a short drive , and once there I grabbed a cart and begin to head down the aisles . 
Produce then canned goods then meats . 
After that on to dairy and dried goods , and even cleaning products . 
Finally it was off to the frozen aisles , I needed to get ice cream for the party ! 
With a full cart I went to the cash register , loaded all the food on the convener belt , and then paid for the groceries as a boy bagged everything . 
Another Saturday 's chore was done ! </content>
        <sentences>
            <sentence id="1">
                <token content="Every" id="1-1">
                    <pos type="DT"/>
                    <lemma type="every"/>
                </token>
                <token content="Saturday" id="1-2">
                    <pos type="NNP"/>
                    <lemma type="Saturday"/>
                    <dep head="1-10" type="nsubj"/>
                </token>
                <token content="I" id="1-3">
                    <pos type="PRP"/>
                    <lemma type="I"/>
                    <dep head="1-4" type="nsubj"/>
                </token>
                <token content="do" id="1-4">
                    <pos type="VBP"/>
                    <lemma type="do"/>
                </token>
                <token content="a" id="1-5">
                    <pos type="DT"/>
                    <lemma type="a"/>
                </token>
                <token content="chore" id="1-6">
                    <pos type="JJ"/>
                    <lemma type="chore"/>
                </token>
                <token content="I" id="1-7">
                    <pos type="NN"/>
                    <lemma type="i"/>
                    <dep head="1-4" type="dobj"/>
                </token>
                <token content="actually" id="1-8">
                    <pos type="RB"/>
                    <lemma type="actually"/>
                    <dep head="1-4" type="advmod"/>
                </token>
                <token content="really" id="1-9">
                    <pos type="RB"/>
                    <lemma type="really"/>
                    <dep head="1-10" type="advmod"/>
                </token>
                <token content="enjoy" id="1-10">
                    <pos type="VBP"/>
                    <lemma type="enjoy"/>
                </token>
                <token content="-" id="1-11"/>
                <token content="grocery" id="1-12">
                    <pos type="NN"/>
                    <lemma type="grocery"/>
                </token>
                <token content="shopping" id="1-13">
                    <pos type="NN"/>
                    <lemma type="shopping"/>
                    <dep head="1-10" type="dobj"/>
                </token>
                <token content="!" id="1-14"/>
            </sentence>
            <sentence id="2">
                <token content="This" id="2-1">
                    <pos type="DT"/>
                    <lemma type="this"/>
                </token>
                <token content="past" id="2-2">
                    <pos type="JJ"/>
                    <lemma type="past"/>
                </token>
                <token content="Saturday" id="2-3">
                    <pos type="NNP"/>
                    <lemma type="Saturday"/>
                </token>
                <token content="was" id="2-4">
                    <pos type="VBD"/>
                    <lemma type="be"/>
                </token>
                <token content="no" id="2-5">
                    <pos type="DT"/>
                    <lemma type="no"/>
                </token>
                <token content="exception" id="2-6">
                    <pos type="NN"/>
                    <lemma type="exception"/>
                </token>
                <token content="," id="2-7"/>
                <token content="so" id="2-8">
                    <pos type="IN"/>
                    <lemma type="so"/>
                </token>
                <token content="I" id="2-9">
                    <pos type="PRP"/>
                    <lemma type="I"/>
                    <dep head="2-10" type="nsubj"/>
                </token>
                <token content="began" id="2-10">
                    <pos type="VBD"/>
                    <lemma type="begin"/>
                </token>
                <token content="to" id="2-11">
                    <pos type="TO"/>
                    <lemma type="to"/>
                    <dep head="2-12" type="aux"/>
                </token>
                <token content="plan" id="2-12">
                    <pos type="VB"/>
                    <lemma type="plan"/>
                    <dep head="2-10" type="xcomp"/>
                </token>
                <token content="my" id="2-13">
                    <pos type="PRP$"/>
                    <lemma type="my"/>
                </token>
                <token content="outing" id="2-14">
                    <pos type="NN"/>
                    <lemma type="outing"/>
                    <dep head="2-12" type="dobj"/>
                </token>
                <token content="." id="2-15"/>
            </sentence>
            <sentence id="3">
                <token content="I" id="3-1">
                    <pos type="PRP"/>
                    <lemma type="I"/>
                    <dep head="3-3" type="nsubj"/>
                </token>
                <token content="always" id="3-2">
                    <pos type="RB"/>
                    <lemma type="always"/>
                    <dep head="3-3" type="advmod"/>
                </token>
                <token content="begin" id="3-3">
                    <pos type="VBP"/>
                    <lemma type="begin"/>
                </token>
                <token content="by" id="3-4"/>
                <token content="surveying" id="3-5">
                    <pos type="VBG"/>
                    <lemma type="survey"/>
                    <dep head="3-3" type="prepc"/>
                </token>
                <token content="my" id="3-6">
                    <pos type="PRP$"/>
                    <lemma type="my"/>
                </token>
                <token content="refrigerator" id="3-7">
                    <pos type="NN"/>
                    <lemma type="refrigerator"/>
                    <dep head="3-5" type="dobj"/>
                </token>
                <token content="and" id="3-8"/>
                <token content="cabinets" id="3-9">
                    <pos type="NNS"/>
                    <lemma type="cabinet"/>
                </token>
                <token content="." id="3-10"/>
            </sentence>
            <sentence id="4">
                <token content="What" id="4-1">
                    <pos type="WDT"/>
                    <lemma type="what"/>
                </token>
                <token content="food" id="4-2">
                    <pos type="NN"/>
                    <lemma type="food"/>
                    <dep head="4-6" type="dobj"/>
                </token>
                <token content="do" id="4-3">
                    <pos type="VBP"/>
                    <lemma type="do"/>
                    <dep head="4-6" type="aux"/>
                </token>
                <token content="I" id="4-4">
                    <pos type="PRP"/>
                    <lemma type="I"/>
                    <dep head="4-6" type="nsubj"/>
                </token>
                <token content="already" id="4-5">
                    <pos type="RB"/>
                    <lemma type="already"/>
                    <dep head="4-6" type="advmod"/>
                </token>
                <token content="have" id="4-6">
                    <pos type="VB"/>
                    <lemma type="have"/>
                </token>
                <token content="and" id="4-7"/>
                <token content="what" id="4-8">
                    <pos type="WP"/>
                    <lemma type="what"/>
                    <dep head="4-11" type="dobj"/>
                </token>
                <token content="do" id="4-9">
                    <pos type="VBP"/>
                    <lemma type="do"/>
                    <dep head="4-11" type="aux"/>
                </token>
                <token content="I" id="4-10">
                    <pos type="PRP"/>
                    <lemma type="I"/>
                    <dep head="4-11" type="nsubj"/>
                </token>
                <token content="need" id="4-11">
                    <pos type="VB"/>
                    <lemma type="need"/>
                    <dep head="4-6" type="conj"/>
                </token>
                <token content="?" id="4-12"/>
            </sentence>
            <sentence id="5">
                <token content="There" id="5-1">
                    <pos type="EX"/>
                    <lemma type="there"/>
                    <dep head="5-2" type="expl"/>
                </token>
                <token content="are" id="5-2">
                    <pos type="VBP"/>
                    <lemma type="be"/>
                </token>
                <token content="certain" id="5-3">
                    <pos type="JJ"/>
                    <lemma type="certain"/>
                </token>
                <token content="basic" id="5-4">
                    <pos type="JJ"/>
                    <lemma type="basic"/>
                </token>
                <token content="things" id="5-5">
                    <pos type="NNS"/>
                    <lemma type="thing"/>
                    <dep head="5-2" type="nsubj"/>
                </token>
                <token content="I" id="5-6">
                    <pos type="PRP"/>
                    <lemma type="I"/>
                    <dep head="5-7" type="nsubj"/>
                </token>
                <token content="get" id="5-7">
                    <pos type="VBP"/>
                    <lemma type="get"/>
                </token>
                <token content="almost" id="5-8">
                    <pos type="RB"/>
                    <lemma type="almost"/>
                </token>
                <token content="every" id="5-9">
                    <pos type="DT"/>
                    <lemma type="every"/>
                </token>
                <token content="week" id="5-10">
                    <pos type="NN"/>
                    <lemma type="week"/>
                    <dep head="5-7" type="tmod"/>
                </token>
                <token content="." id="5-11"/>
            </sentence>
            <sentence id="6">
                <token content="At" id="6-1"/>
                <token content="this" id="6-2">
                    <pos type="DT"/>
                    <lemma type="this"/>
                </token>
                <token content="point" id="6-3">
                    <pos type="NN"/>
                    <lemma type="point"/>
                    <dep head="6-5" type="prep"/>
                </token>
                <token content="I" id="6-4">
                    <pos type="PRP"/>
                    <lemma type="I"/>
                    <dep head="6-5" type="nsubj"/>
                </token>
                <token content="begin" id="6-5">
                    <pos type="VBP"/>
                    <lemma type="begin"/>
                </token>
                <token content="to" id="6-6">
                    <pos type="TO"/>
                    <lemma type="to"/>
                    <dep head="6-7" type="aux"/>
                </token>
                <token content="make" id="6-7">
                    <pos type="VB"/>
                    <lemma type="make"/>
                    <dep head="6-5" type="xcomp"/>
                </token>
                <token content="a" id="6-8">
                    <pos type="DT"/>
                    <lemma type="a"/>
                </token>
                <token content="written" id="6-9">
                    <pos type="JJ"/>
                    <lemma type="written"/>
                </token>
                <token content="list" id="6-10">
                    <pos type="NN"/>
                    <lemma type="list"/>
                    <dep head="6-7" type="dobj"/>
                </token>
                <token content="to" id="6-11">
                    <pos type="TO"/>
                    <lemma type="to"/>
                    <dep head="6-12" type="aux"/>
                </token>
                <token content="bring" id="6-12">
                    <pos type="VB"/>
                    <lemma type="bring"/>
                    <dep head="6-7" type="vmod"/>
                </token>
                <token content="with" id="6-13">
                    <pos type="IN"/>
                    <lemma type="with"/>
                    <dep head="6-12" type="prep"/>
                </token>
                <token content="." id="6-14"/>
            </sentence>
            <sentence id="7">
                <token content="This" id="7-1">
                    <pos type="DT"/>
                    <lemma type="this"/>
                </token>
                <token content="week" id="7-2">
                    <pos type="NN"/>
                    <lemma type="week"/>
                    <dep head="7-5" type="dep"/>
                </token>
                <token content="I" id="7-3">
                    <pos type="PRP"/>
                    <lemma type="I"/>
                    <dep head="7-5" type="nsubj"/>
                </token>
                <token content="also" id="7-4">
                    <pos type="RB"/>
                    <lemma type="also"/>
                    <dep head="7-5" type="advmod"/>
                </token>
                <token content="had" id="7-5">
                    <pos type="VBD"/>
                    <lemma type="have"/>
                </token>
                <token content="a" id="7-6">
                    <pos type="DT"/>
                    <lemma type="a"/>
                </token>
                <token content="birthday" id="7-7">
                    <pos type="NN"/>
                    <lemma type="birthday"/>
                </token>
                <token content="party" id="7-8">
                    <pos type="NN"/>
                    <lemma type="party"/>
                    <dep head="7-5" type="dobj"/>
                </token>
                <token content="to" id="7-9">
                    <pos type="TO"/>
                    <lemma type="to"/>
                    <dep head="7-10" type="aux"/>
                </token>
                <token content="shop" id="7-10">
                    <pos type="VB"/>
                    <lemma type="shop"/>
                </token>
                <token content="for" id="7-11"/>
                <token content="so" id="7-12">
                    <pos type="RB"/>
                    <lemma type="so"/>
                </token>
                <token content="extras" id="7-13">
                    <pos type="NNS"/>
                    <lemma type="extra"/>
                    <dep head="7-10" type="prep"/>
                </token>
                <token content="like" id="7-14"/>
                <token content="cake" id="7-15">
                    <pos type="NN"/>
                    <lemma type="cake"/>
                </token>
                <token content="mix" id="7-16">
                    <pos type="NN"/>
                    <lemma type="mix"/>
                </token>
                <token content="and" id="7-17"/>
                <token content="a" id="7-18">
                    <pos type="DT"/>
                    <lemma type="a"/>
                </token>
                <token content="can" id="7-19">
                    <pos type="NN"/>
                    <lemma type="can"/>
                    <dep head="7-22" type="nsubj"/>
                </token>
                <token content="of" id="7-20"/>
                <token content="frosting" id="7-21">
                    <pos type="NN"/>
                    <lemma type="frosting"/>
                </token>
                <token content="went" id="7-22">
                    <pos type="VBD"/>
                    <lemma type="go"/>
                    <dep head="7-5" type="conj"/>
                </token>
                <token content="on" id="7-23"/>
                <token content="my" id="7-24">
                    <pos type="PRP$"/>
                    <lemma type="my"/>
                </token>
                <token content="list" id="7-25">
                    <pos type="NN"/>
                    <lemma type="list"/>
                    <dep head="7-22" type="prep"/>
                </token>
                <token content="." id="7-26"/>
            </sentence>
            <sentence id="8">
                <token content="Once" id="8-1">
                    <pos type="IN"/>
                    <lemma type="once"/>
                    <dep head="8-5" type="mark"/>
                </token>
                <token content="the" id="8-2">
                    <pos type="DT"/>
                    <lemma type="the"/>
                </token>
                <token content="list" id="8-3">
                    <pos type="NN"/>
                    <lemma type="list"/>
                    <dep head="8-5" type="nsubjpass"/>
                </token>
                <token content="was" id="8-4">
                    <pos type="VBD"/>
                    <lemma type="be"/>
                    <dep head="8-5" type="auxpass"/>
                </token>
                <token content="done" id="8-5">
                    <pos type="VBN"/>
                    <lemma type="do"/>
                    <dep head="8-7" type="advcl"/>
                </token>
                <token content="I" id="8-6">
                    <pos type="PRP"/>
                    <lemma type="I"/>
                    <dep head="8-7" type="nsubj"/>
                </token>
                <token content="headed" id="8-7">
                    <pos type="VBD"/>
                    <lemma type="head"/>
                </token>
                <token content="to" id="8-8"/>
                <token content="the" id="8-9">
                    <pos type="DT"/>
                    <lemma type="the"/>
                </token>
                <token content="store" id="8-10">
                    <pos type="NN"/>
                    <lemma type="store"/>
                    <dep head="8-7" type="prep"/>
                </token>
                <token content="." id="8-11"/>
            </sentence>
            <sentence id="9">
                <token content="It" id="9-1">
                    <pos type="PRP"/>
                    <lemma type="it"/>
                </token>
                <token content="'s" id="9-2">
                    <pos type="VBZ"/>
                    <lemma type="be"/>
                </token>
                <token content="a" id="9-3">
                    <pos type="DT"/>
                    <lemma type="a"/>
                </token>
                <token content="short" id="9-4">
                    <pos type="JJ"/>
                    <lemma type="short"/>
                </token>
                <token content="drive" id="9-5">
                    <pos type="NN"/>
                    <lemma type="drive"/>
                </token>
                <token content="," id="9-6"/>
                <token content="and" id="9-7"/>
                <token content="once" id="9-8">
                    <pos type="RB"/>
                    <lemma type="once"/>
                </token>
                <token content="there" id="9-9">
                    <pos type="RB"/>
                    <lemma type="there"/>
                    <dep head="9-11" type="advmod"/>
                </token>
                <token content="I" id="9-10">
                    <pos type="PRP"/>
                    <lemma type="I"/>
                    <dep head="9-11" type="nsubj"/>
                </token>
                <token content="grabbed" id="9-11">
                    <pos type="VBD"/>
                    <lemma type="grab"/>
                </token>
                <token content="a" id="9-12">
                    <pos type="DT"/>
                    <lemma type="a"/>
                </token>
                <token content="cart" id="9-13">
                    <pos type="NN"/>
                    <lemma type="cart"/>
                    <dep head="9-11" type="dobj"/>
                </token>
                <token content="and" id="9-14"/>
                <token content="begin" id="9-15">
                    <pos type="VBP"/>
                    <lemma type="begin"/>
                    <dep head="9-11" type="conj"/>
                </token>
                <token content="to" id="9-16">
                    <pos type="TO"/>
                    <lemma type="to"/>
                    <dep head="9-17" type="aux"/>
                </token>
                <token content="head" id="9-17">
                    <pos type="VB"/>
                    <lemma type="head"/>
                    <dep head="9-15" type="xcomp"/>
                </token>
                <token content="down" id="9-18">
                    <pos type="RP"/>
                    <lemma type="down"/>
                    <dep head="9-17" type="prt"/>
                </token>
                <token content="the" id="9-19">
                    <pos type="DT"/>
                    <lemma type="the"/>
                </token>
                <token content="aisles" id="9-20">
                    <pos type="NNS"/>
                    <lemma type="aisle"/>
                    <dep head="9-17" type="dobj"/>
                </token>
                <token content="." id="9-21"/>
            </sentence>
            <sentence id="10">
                <token content="Produce" id="10-1">
                    <pos type="NNP"/>
                    <lemma type="Produce"/>
                    <dep head="10-6" type="nsubj"/>
                </token>
                <token content="then" id="10-2">
                    <pos type="RB"/>
                    <lemma type="then"/>
                    <dep head="10-6" type="advmod"/>
                </token>
                <token content="canned" id="10-3">
                    <pos type="JJ"/>
                    <lemma type="canned"/>
                </token>
                <token content="goods" id="10-4">
                    <pos type="NNS"/>
                    <lemma type="goods"/>
                    <dep head="10-6" type="nsubj"/>
                </token>
                <token content="then" id="10-5">
                    <pos type="RB"/>
                    <lemma type="then"/>
                    <dep head="10-6" type="advmod"/>
                </token>
                <token content="meats" id="10-6">
                    <pos type="VBZ"/>
                    <lemma type="meat"/>
                </token>
                <token content="." id="10-7"/>
            </sentence>
            <sentence id="11">
                <token content="After" id="11-1">
                    <pos type="IN"/>
                    <lemma type="after"/>
                </token>
                <token content="that" id="11-2">
                    <pos type="DT"/>
                    <lemma type="that"/>
                </token>
                <token content="on" id="11-3">
                    <pos type="IN"/>
                    <lemma type="on"/>
                </token>
                <token content="to" id="11-4">
                    <pos type="TO"/>
                    <lemma type="to"/>
                </token>
                <token content="dairy" id="11-5">
                    <pos type="NN"/>
                    <lemma type="dairy"/>
                </token>
                <token content="and" id="11-6"/>
                <token content="dried" id="11-7">
                    <pos type="NN"/>
                    <lemma type="dried"/>
                </token>
                <token content="goods" id="11-8">
                    <pos type="NNS"/>
                    <lemma type="goods"/>
                </token>
                <token content="," id="11-9"/>
                <token content="and" id="11-10"/>
                <token content="even" id="11-11">
                    <pos type="RB"/>
                    <lemma type="even"/>
                </token>
                <token content="cleaning" id="11-12">
                    <pos type="NN"/>
                    <lemma type="cleaning"/>
                </token>
                <token content="products" id="11-13">
                    <pos type="NNS"/>
                    <lemma type="product"/>
                </token>
                <token content="." id="11-14"/>
            </sentence>
            <sentence id="12">
                <token content="Finally" id="12-1">
                    <pos type="RB"/>
                    <lemma type="finally"/>
                    <dep head="12-3" type="advmod"/>
                </token>
                <token content="it" id="12-2">
                    <pos type="PRP"/>
                    <lemma type="it"/>
                    <dep head="12-3" type="nsubj"/>
                </token>
                <token content="was" id="12-3">
                    <pos type="VBD"/>
                    <lemma type="be"/>
                    <dep head="12-11" type="ccomp"/>
                </token>
                <token content="off" id="12-4">
                    <pos type="RB"/>
                    <lemma type="off"/>
                    <dep head="12-3" type="advmod"/>
                </token>
                <token content="to" id="12-5"/>
                <token content="the" id="12-6">
                    <pos type="DT"/>
                    <lemma type="the"/>
                </token>
                <token content="frozen" id="12-7">
                    <pos type="VBN"/>
                    <lemma type="freeze"/>
                </token>
                <token content="aisles" id="12-8">
                    <pos type="NNS"/>
                    <lemma type="aisle"/>
                </token>
                <token content="," id="12-9"/>
                <token content="I" id="12-10">
                    <pos type="PRP"/>
                    <lemma type="I"/>
                    <dep head="12-11" type="nsubj"/>
                </token>
                <token content="needed" id="12-11">
                    <pos type="VBD"/>
                    <lemma type="need"/>
                </token>
                <token content="to" id="12-12">
                    <pos type="TO"/>
                    <lemma type="to"/>
                    <dep head="12-13" type="aux"/>
                </token>
                <token content="get" id="12-13">
                    <pos type="VB"/>
                    <lemma type="get"/>
                    <dep head="12-11" type="xcomp"/>
                </token>
                <token content="ice" id="12-14">
                    <pos type="NN"/>
                    <lemma type="ice"/>
                </token>
                <token content="cream" id="12-15">
                    <pos type="NN"/>
                    <lemma type="cream"/>
                    <dep head="12-13" type="dobj"/>
                </token>
                <token content="for" id="12-16"/>
                <token content="the" id="12-17">
                    <pos type="DT"/>
                    <lemma type="the"/>
                </token>
                <token content="party" id="12-18">
                    <pos type="NN"/>
                    <lemma type="party"/>
                    <dep head="12-13" type="prep"/>
                </token>
                <token content="!" id="12-19"/>
            </sentence>
            <sentence id="13">
                <token content="With" id="13-1"/>
                <token content="a" id="13-2">
                    <pos type="DT"/>
                    <lemma type="a"/>
                </token>
                <token content="full" id="13-3">
                    <pos type="JJ"/>
                    <lemma type="full"/>
                </token>
                <token content="cart" id="13-4">
                    <pos type="NN"/>
                    <lemma type="cart"/>
                    <dep head="13-6" type="prep"/>
                </token>
                <token content="I" id="13-5">
                    <pos type="PRP"/>
                    <lemma type="I"/>
                    <dep head="13-6" type="nsubj"/>
                </token>
                <token content="went" id="13-6">
                    <pos type="VBD"/>
                    <lemma type="go"/>
                </token>
                <token content="to" id="13-7"/>
                <token content="the" id="13-8">
                    <pos type="DT"/>
                    <lemma type="the"/>
                </token>
                <token content="cash" id="13-9">
                    <pos type="NN"/>
                    <lemma type="cash"/>
                </token>
                <token content="register" id="13-10">
                    <pos type="NN"/>
                    <lemma type="register"/>
                    <dep head="13-6" type="prep"/>
                </token>
                <token content="," id="13-11"/>
                <token content="loaded" id="13-12">
                    <pos type="VBD"/>
                    <lemma type="load"/>
                    <dep head="13-6" type="conj"/>
                </token>
                <token content="all" id="13-13">
                    <pos type="PDT"/>
                    <lemma type="all"/>
                </token>
                <token content="the" id="13-14">
                    <pos type="DT"/>
                    <lemma type="the"/>
                </token>
                <token content="food" id="13-15">
                    <pos type="NN"/>
                    <lemma type="food"/>
                    <dep head="13-12" type="dobj"/>
                </token>
                <token content="on" id="13-16"/>
                <token content="the" id="13-17">
                    <pos type="DT"/>
                    <lemma type="the"/>
                </token>
                <token content="convener" id="13-18">
                    <pos type="NN"/>
                    <lemma type="convener"/>
                </token>
                <token content="belt" id="13-19">
                    <pos type="NN"/>
                    <lemma type="belt"/>
                    <dep head="13-12" type="prep"/>
                </token>
                <token content="," id="13-20"/>
                <token content="and" id="13-21"/>
                <token content="then" id="13-22">
                    <pos type="RB"/>
                    <lemma type="then"/>
                    <dep head="13-23" type="advmod"/>
                </token>
                <token content="paid" id="13-23">
                    <pos type="VBD"/>
                    <lemma type="pay"/>
                    <dep head="13-6" type="conj"/>
                </token>
                <token content="for" id="13-24"/>
                <token content="the" id="13-25">
                    <pos type="DT"/>
                    <lemma type="the"/>
                </token>
                <token content="groceries" id="13-26">
                    <pos type="NNS"/>
                    <lemma type="grocery"/>
                    <dep head="13-23" type="prep"/>
                </token>
                <token content="as" id="13-27"/>
                <token content="a" id="13-28">
                    <pos type="DT"/>
                    <lemma type="a"/>
                </token>
                <token content="boy" id="13-29">
                    <pos type="NN"/>
                    <lemma type="boy"/>
                </token>
                <token content="bagged" id="13-30">
                    <pos type="NN"/>
                    <lemma type="bagged"/>
                </token>
                <token content="everything" id="13-31">
                    <pos type="NN"/>
                    <lemma type="everything"/>
                    <dep head="13-23" type="prep"/>
                </token>
                <token content="." id="13-32"/>
            </sentence>
            <sentence id="14">
                <token content="Another" id="14-1">
                    <pos type="DT"/>
                    <lemma type="another"/>
                </token>
                <token content="Saturday" id="14-2">
                    <pos type="NNP"/>
                    <lemma type="Saturday"/>
                </token>
                <token content="'s" id="14-3"/>
                <token content="chore" id="14-4">
                    <pos type="NN"/>
                    <lemma type="chore"/>
                    <dep head="14-6" type="nsubjpass"/>
                </token>
                <token content="was" id="14-5">
                    <pos type="VBD"/>
                    <lemma type="be"/>
                    <dep head="14-6" type="auxpass"/>
                </token>
                <token content="done" id="14-6">
                    <pos type="VBN"/>
                    <lemma type="do"/>
                </token>
                <token content="!" id="14-7"/>
            </sentence>
        </sentences>
    </text>
    <annotations>
        <participants>
            <label from="1-2" id="0" name="NPart" text="Saturday" type="participant"/>
            <label from="1-3" id="1" name="ScrPart_shopper" text="I" type="participant"/>
            <label from="1-6" id="2" name="NPart" text="chore" type="participant"/>
            <label from="1-7" id="3" name="ScrPart_shopper" text="I" type="participant"/>
            <label from="2-3" id="4" name="NPart" text="Saturday" type="participant"/>
            <label from="2-6" id="5" name="NPart" text="exception" type="participant"/>
            <label from="2-9" id="6" name="ScrPart_shopper" text="I" type="participant"/>
            <label from="2-13" id="7" name="ScrPart_shopper" text="my" type="participant"/>
            <label from="3-1" id="8" name="ScrPart_shopper" text="I" type="participant"/>
            <label from="3-6" id="9" name="ScrPart_shopper" text="my" type="participant"/>
            <label from="3-7" id="10" name="NPart" text="refrigerator" type="participant"/>
            <label from="3-9" id="11" name="NPart" text="cabinets" type="participant"/>
            <label from="4-2" id="12" name="ScrPart_groceries" text="food" type="participant"/>
            <label from="4-4" id="13" name="ScrPart_shopper" text="I" type="participant"/>
            <label from="4-10" id="14" name="ScrPart_shopper" text="I" type="participant"/>
            <label from="5-5" id="15" name="ScrPart_groceries" text="things" type="participant"/>
            <label from="5-6" id="16" name="ScrPart_shopper" text="I" type="participant"/>
            <label from="5-10" id="17" name="NPart" text="week" type="participant"/>
            <label from="6-3" id="18" name="No_label" text="point" type="participant"/>
            <label from="6-4" id="19" name="ScrPart_shopper" text="I" type="participant"/>
            <label from="6-10" id="20" name="ScrPart_grocery_list" text="list" type="participant"/>
            <label from="7-2" id="21" name="NPart" text="week" type="participant"/>
            <label from="7-3" id="22" name="ScrPart_shopper" text="I" type="participant"/>
            <label from="7-7" id="23" name="NPart" text="birthday party" to="7-8" type="participant"/>
            <label from="7-8" id="24" name="NPart" text="party" type="participant"/>
            <label from="7-13" id="25" name="ScrPart_groceries" text="extras" type="participant"/>
            <label from="7-15" id="26" name="ScrPart_groceries" text="cake mix" to="7-16" type="participant"/>
            <label from="7-16" id="27" name="ScrPart_groceries" text="mix" type="participant"/>
            <label from="7-19" id="28" name="NPart" text="can" type="participant"/>
            <label from="7-21" id="29" name="ScrPart_groceries" text="frosting" type="participant"/>
            <label from="7-24" id="30" name="ScrPart_shopper" text="my" type="participant"/>
            <label from="7-25" id="31" name="ScrPart_grocery_list" text="list" type="participant"/>
            <label from="8-3" id="32" name="ScrPart_grocery_list" text="list" type="participant"/>
            <label from="8-6" id="33" name="ScrPart_shopper" text="I" type="participant"/>
            <label from="8-10" id="34" name="ScrPart_grocery_shop" text="store" type="participant"/>
            <label from="9-1" id="35" name="No_label" text="It" type="participant"/>
            <label from="9-5" id="36" name="NPart" text="drive" type="participant"/>
            <label from="9-9" id="37" name="ScrPart_grocery_shop" text="there" type="participant"/>
            <label from="9-10" id="38" name="ScrPart_shopper" text="I" type="participant"/>
            <label from="9-13" id="39" name="ScrPart_shopping_cart/basket" text="cart" type="participant"/>
            <label from="9-20" id="40" name="ScrPart_section" text="aisles" type="participant"/>
            <label from="10-1" id="41" name="ScrPart_groceries" text="Produce" type="participant"/>
            <label from="10-4" id="42" name="ScrPart_groceries" text="goods" type="participant"/>
            <label from="10-6" id="43" name="ScrPart_groceries" text="meats" type="participant"/>
            <label from="11-5" id="44" name="ScrPart_groceries" text="dairy" type="participant"/>
            <label from="11-8" id="45" name="ScrPart_groceries" text="goods" type="participant"/>
            <label from="11-12" id="46" name="ScrPart_groceries" text="cleaning products" to="11-13" type="participant"/>
            <label from="11-13" id="47" name="ScrPart_groceries" text="products" type="participant"/>
            <label from="12-2" id="48" name="No_label" text="it" type="participant"/>
            <label from="12-8" id="49" name="ScrPart_section" text="aisles" type="participant"/>
            <label from="12-10" id="50" name="ScrPart_shopper" text="I" type="participant"/>
            <label from="12-14" id="51" name="ScrPart_groceries" text="ice cream" to="12-15" type="participant"/>
            <label from="12-18" id="52" name="NPart" text="party" type="participant"/>
            <label from="13-4" id="53" name="ScrPart_shopping_cart/basket" text="cart" type="participant"/>
            <label from="13-5" id="54" name="ScrPart_shopper" text="I" type="participant"/>
            <label from="13-9" id="55" name="ScrPart_section" text="cash register" to="13-10" type="participant"/>
            <label from="13-10" id="56" name="ScrPart_section" text="register" type="participant"/>
            <label from="13-15" id="57" name="ScrPart_groceries" text="food" type="participant"/>
            <label from="13-18" id="58" name="ScrPart_conveyor_belt" text="convener belt" to="13-19" type="participant"/>
            <label from="13-19" id="59" name="ScrPart_conveyor_belt" text="belt" type="participant"/>
            <label from="13-26" id="60" name="ScrPart_groceries" text="groceries" type="participant"/>
            <label from="13-29" id="61" name="ScrPart_grocery_staff" text="boy" type="participant"/>
            <label from="13-31" id="62" name="ScrPart_groceries" text="everything" type="participant"/>
            <label from="14-2" id="63" name="NPart" text="Saturday" type="participant"/>
            <label from="14-4" id="64" name="NPart" text="chore" type="participant"/>
        </participants>
        <events>
            <label from="1-4" id="65" name="UnrelEv" text="do" type="event"/>
            <label from="1-10" id="66" name="UnrelEv" text="enjoy" type="event"/>
            <label from="1-12" id="67" name="Evoking" text="grocery shopping" to="1-13" type="event"/>
            <label from="2-4" id="68" name="UnrelEv" text="was" type="event"/>
            <label from="2-10" id="69" name="UnrelEv" text="began" type="event"/>
            <label from="2-12" id="70" name="UnrelEv" text="plan" type="event"/>
            <label from="2-14" id="71" name="UnrelEv" text="outing" type="event"/>
            <label from="3-3" id="72" name="UnrelEv" text="begin" type="event"/>
            <label from="3-5" id="73" name="RelNScrEv" text="surveying" type="event"/>
            <label from="4-6" id="74" name="UnrelEv" text="have" type="event"/>
            <label from="4-11" id="75" name="RelNScrEv" text="need" type="event"/>
            <label from="5-2" id="76" name="UnrelEv" text="are" type="event"/>
            <label from="5-7" id="77" name="ScrEv_get_groceries" text="get" type="event"/>
            <label from="6-5" id="78" name="UnrelEv" text="begin" type="event"/>
            <label from="6-7" id="79" name="ScrEv_make_list" text="make" type="event"/>
            <label from="6-9" id="80" name="UnrelEv" text="written" type="event"/>
            <label from="6-12" id="81" name="RelNScrEv" text="bring" type="event"/>
            <label from="7-5" id="82" name="UnrelEv" text="had" type="event"/>
            <label from="7-10" id="83" name="RelNScrEv" text="shop" type="event"/>
            <label from="7-22" id="84" name="RelNScrEv" text="went" type="event"/>
            <label from="8-5" id="85" name="ScrEv_make_list" text="done" type="event"/>
            <label from="8-7" id="86" name="ScrEv_go_grocery" text="headed" type="event"/>
            <label from="9-2" id="87" name="UnrelEv" text="'s" type="event"/>
            <label from="9-11" id="88" name="ScrEv_take_shop_cart" text="grabbed" type="event"/>
            <label from="9-15" id="89" name="UnrelEv" text="begin" type="event"/>
            <label from="9-17" id="90" name="ScrEv_move_section" text="head" type="event"/>
            <label from="10-3" id="91" name="UnrelEv" text="canned" type="event"/>
            <label from="11-7" id="92" name="UnrelEv" text="dried" type="event"/>
            <label from="12-3" id="93" name="UnrelEv" text="was" type="event"/>
            <label from="12-7" id="94" name="UnrelEv" text="frozen" type="event"/>
            <label from="12-11" id="95" name="UnrelEv" text="needed" type="event"/>
            <label from="12-13" id="96" name="ScrEv_get_groceries" text="get" type="event"/>
            <label from="12-15" id="97" name="UnrelEv" text="cream" type="event"/>
            <label from="13-6" id="98" name="ScrEv_go_checkout" text="went" type="event"/>
            <label from="13-12" id="99" name="ScrEv_put_conveyor" text="loaded" type="event"/>
            <label from="13-23" id="100" name="ScrEv_pay" text="paid" type="event"/>
            <label from="13-30" id="101" name="ScrEv_pack_groceries" text="bagged" type="event"/>
            <label from="14-6" id="102" name="UnrelEv" text="done" type="event"/>
        </events>
        <chains>
            <chain elements="1 3 6 7 8 9 13 14 16 19 22 30 33 38 50 54"/>
            <chain elements="12 15"/>
            <chain elements="20 31 32"/>
            <chain elements="34 37"/>
            <chain elements="39 53"/>
            <chain elements="57 60 62"/>
        </chains>
    </annotations>
</story>
