<?xml version="1.0" encoding="UTF-8" standalone="no"?>
<!DOCTYPE story SYSTEM "../InScript.dtd">
<story id="053" scenario="grocery">
    <text>
        <content>I love to save money everywhere I can , a penny saved a penny earned kind of philosophy . 
So when I analyzed our finances I saw we could save a considerable amount of money by doing more grocery shopping . 
I set up our strategy to go every weekend and budget about 200 dollars for the two of us each week . 
We like to go to Publix . 
We will start off buying produce , fruits and vegetables and such . 
Then we move over and look for the best deals on meat . 
We usually get fish , beef , chicken and pork . 
Next we 'll head over towards dairy and eggs . 
I like to get the 18 packs of eggs . 
They are protein loaded and super cheap . 
I 'll pick up some cottage cheese and about 4 to 6 pounds of cheese . 
We then get a couple of things out of the frozen section . </content>
        <sentences>
            <sentence id="1">
                <token content="I" id="1-1">
                    <pos type="PRP"/>
                    <lemma type="I"/>
                    <dep head="1-2" type="nsubj"/>
                </token>
                <token content="love" id="1-2">
                    <pos type="VBP"/>
                    <lemma type="love"/>
                    <dep head="1-12" type="ccomp"/>
                </token>
                <token content="to" id="1-3">
                    <pos type="TO"/>
                    <lemma type="to"/>
                    <dep head="1-4" type="aux"/>
                </token>
                <token content="save" id="1-4">
                    <pos type="VB"/>
                    <lemma type="save"/>
                    <dep head="1-2" type="xcomp"/>
                </token>
                <token content="money" id="1-5">
                    <pos type="NN"/>
                    <lemma type="money"/>
                    <dep head="1-4" type="iobj"/>
                </token>
                <token content="everywhere" id="1-6">
                    <pos type="RB"/>
                    <lemma type="everywhere"/>
                    <dep head="1-4" type="dobj"/>
                </token>
                <token content="I" id="1-7">
                    <pos type="PRP"/>
                    <lemma type="I"/>
                </token>
                <token content="can" id="1-8">
                    <pos type="MD"/>
                    <lemma type="can"/>
                </token>
                <token content="," id="1-9"/>
                <token content="a" id="1-10">
                    <pos type="DT"/>
                    <lemma type="a"/>
                </token>
                <token content="penny" id="1-11">
                    <pos type="NN"/>
                    <lemma type="penny"/>
                    <dep head="1-12" type="nsubj"/>
                </token>
                <token content="saved" id="1-12">
                    <pos type="VBD"/>
                    <lemma type="save"/>
                </token>
                <token content="a" id="1-13">
                    <pos type="DT"/>
                    <lemma type="a"/>
                </token>
                <token content="penny" id="1-14">
                    <pos type="NN"/>
                    <lemma type="penny"/>
                    <dep head="1-15" type="nsubj"/>
                </token>
                <token content="earned" id="1-15">
                    <pos type="VBD"/>
                    <lemma type="earn"/>
                    <dep head="1-12" type="ccomp"/>
                </token>
                <token content="kind" id="1-16">
                    <pos type="NN"/>
                    <lemma type="kind"/>
                    <dep head="1-15" type="dobj"/>
                </token>
                <token content="of" id="1-17"/>
                <token content="philosophy" id="1-18">
                    <pos type="NN"/>
                    <lemma type="philosophy"/>
                </token>
                <token content="." id="1-19"/>
            </sentence>
            <sentence id="2">
                <token content="So" id="2-1">
                    <pos type="CC"/>
                    <lemma type="so"/>
                    <dep head="2-8" type="cc"/>
                </token>
                <token content="when" id="2-2">
                    <pos type="WRB"/>
                    <lemma type="when"/>
                    <dep head="2-4" type="advmod"/>
                </token>
                <token content="I" id="2-3">
                    <pos type="PRP"/>
                    <lemma type="I"/>
                    <dep head="2-4" type="nsubj"/>
                </token>
                <token content="analyzed" id="2-4">
                    <pos type="VBD"/>
                    <lemma type="analyze"/>
                    <dep head="2-8" type="advcl"/>
                </token>
                <token content="our" id="2-5">
                    <pos type="PRP$"/>
                    <lemma type="we"/>
                </token>
                <token content="finances" id="2-6">
                    <pos type="NNS"/>
                    <lemma type="finances"/>
                    <dep head="2-4" type="dobj"/>
                </token>
                <token content="I" id="2-7">
                    <pos type="PRP"/>
                    <lemma type="I"/>
                    <dep head="2-8" type="nsubj"/>
                </token>
                <token content="saw" id="2-8">
                    <pos type="VBD"/>
                    <lemma type="see"/>
                </token>
                <token content="we" id="2-9">
                    <pos type="PRP"/>
                    <lemma type="we"/>
                    <dep head="2-11" type="nsubj"/>
                </token>
                <token content="could" id="2-10">
                    <pos type="MD"/>
                    <lemma type="could"/>
                    <dep head="2-11" type="aux"/>
                </token>
                <token content="save" id="2-11">
                    <pos type="VB"/>
                    <lemma type="save"/>
                    <dep head="2-8" type="ccomp"/>
                </token>
                <token content="a" id="2-12">
                    <pos type="DT"/>
                    <lemma type="a"/>
                </token>
                <token content="considerable" id="2-13">
                    <pos type="JJ"/>
                    <lemma type="considerable"/>
                </token>
                <token content="amount" id="2-14">
                    <pos type="NN"/>
                    <lemma type="amount"/>
                    <dep head="2-11" type="dobj"/>
                </token>
                <token content="of" id="2-15"/>
                <token content="money" id="2-16">
                    <pos type="NN"/>
                    <lemma type="money"/>
                </token>
                <token content="by" id="2-17"/>
                <token content="doing" id="2-18">
                    <pos type="VBG"/>
                    <lemma type="do"/>
                    <dep head="2-11" type="prepc"/>
                </token>
                <token content="more" id="2-19">
                    <pos type="JJR"/>
                    <lemma type="more"/>
                </token>
                <token content="grocery" id="2-20">
                    <pos type="NN"/>
                    <lemma type="grocery"/>
                </token>
                <token content="shopping" id="2-21">
                    <pos type="NN"/>
                    <lemma type="shopping"/>
                    <dep head="2-18" type="dobj"/>
                </token>
                <token content="." id="2-22"/>
            </sentence>
            <sentence id="3">
                <token content="I" id="3-1">
                    <pos type="PRP"/>
                    <lemma type="I"/>
                    <dep head="3-2" type="nsubj"/>
                </token>
                <token content="set" id="3-2">
                    <pos type="VBD"/>
                    <lemma type="set"/>
                </token>
                <token content="up" id="3-3">
                    <pos type="RP"/>
                    <lemma type="up"/>
                    <dep head="3-2" type="prt"/>
                </token>
                <token content="our" id="3-4">
                    <pos type="PRP$"/>
                    <lemma type="we"/>
                </token>
                <token content="strategy" id="3-5">
                    <pos type="NN"/>
                    <lemma type="strategy"/>
                    <dep head="3-2" type="dobj"/>
                </token>
                <token content="to" id="3-6">
                    <pos type="TO"/>
                    <lemma type="to"/>
                    <dep head="3-7" type="aux"/>
                </token>
                <token content="go" id="3-7">
                    <pos type="VB"/>
                    <lemma type="go"/>
                    <dep head="3-2" type="vmod"/>
                </token>
                <token content="every" id="3-8">
                    <pos type="DT"/>
                    <lemma type="every"/>
                </token>
                <token content="weekend" id="3-9">
                    <pos type="NN"/>
                    <lemma type="weekend"/>
                    <dep head="3-7" type="dobj"/>
                </token>
                <token content="and" id="3-10"/>
                <token content="budget" id="3-11">
                    <pos type="NN"/>
                    <lemma type="budget"/>
                </token>
                <token content="about" id="3-12">
                    <pos type="RB"/>
                    <lemma type="about"/>
                </token>
                <token content="200" id="3-13">
                    <pos type="CD"/>
                    <lemma type="200"/>
                </token>
                <token content="dollars" id="3-14">
                    <pos type="NNS"/>
                    <lemma type="dollar"/>
                </token>
                <token content="for" id="3-15"/>
                <token content="the" id="3-16">
                    <pos type="DT"/>
                    <lemma type="the"/>
                </token>
                <token content="two" id="3-17">
                    <pos type="CD"/>
                    <lemma type="two"/>
                </token>
                <token content="of" id="3-18"/>
                <token content="us" id="3-19">
                    <pos type="PRP"/>
                    <lemma type="we"/>
                </token>
                <token content="each" id="3-20">
                    <pos type="DT"/>
                    <lemma type="each"/>
                </token>
                <token content="week" id="3-21">
                    <pos type="NN"/>
                    <lemma type="week"/>
                    <dep head="3-2" type="tmod"/>
                </token>
                <token content="." id="3-22"/>
            </sentence>
            <sentence id="4">
                <token content="We" id="4-1">
                    <pos type="PRP"/>
                    <lemma type="we"/>
                    <dep head="4-2" type="nsubj"/>
                </token>
                <token content="like" id="4-2">
                    <pos type="VBP"/>
                    <lemma type="like"/>
                </token>
                <token content="to" id="4-3">
                    <pos type="TO"/>
                    <lemma type="to"/>
                    <dep head="4-4" type="aux"/>
                </token>
                <token content="go" id="4-4">
                    <pos type="VB"/>
                    <lemma type="go"/>
                    <dep head="4-2" type="xcomp"/>
                </token>
                <token content="to" id="4-5"/>
                <token content="Publix" id="4-6">
                    <pos type="NNP"/>
                    <lemma type="Publix"/>
                    <dep head="4-4" type="prep"/>
                </token>
                <token content="." id="4-7"/>
            </sentence>
            <sentence id="5">
                <token content="We" id="5-1">
                    <pos type="PRP"/>
                    <lemma type="we"/>
                    <dep head="5-3" type="nsubj"/>
                </token>
                <token content="will" id="5-2">
                    <pos type="MD"/>
                    <lemma type="will"/>
                    <dep head="5-3" type="aux"/>
                </token>
                <token content="start" id="5-3">
                    <pos type="VB"/>
                    <lemma type="start"/>
                </token>
                <token content="off" id="5-4">
                    <pos type="RP"/>
                    <lemma type="off"/>
                    <dep head="5-3" type="prt"/>
                </token>
                <token content="buying" id="5-5">
                    <pos type="NN"/>
                    <lemma type="buying"/>
                </token>
                <token content="produce" id="5-6">
                    <pos type="NN"/>
                    <lemma type="produce"/>
                    <dep head="5-3" type="dobj"/>
                </token>
                <token content="," id="5-7"/>
                <token content="fruits" id="5-8">
                    <pos type="NNS"/>
                    <lemma type="fruit"/>
                </token>
                <token content="and" id="5-9"/>
                <token content="vegetables" id="5-10">
                    <pos type="NNS"/>
                    <lemma type="vegetable"/>
                </token>
                <token content="and" id="5-11"/>
                <token content="such" id="5-12">
                    <pos type="JJ"/>
                    <lemma type="such"/>
                </token>
                <token content="." id="5-13"/>
            </sentence>
            <sentence id="6">
                <token content="Then" id="6-1">
                    <pos type="RB"/>
                    <lemma type="then"/>
                    <dep head="6-3" type="advmod"/>
                </token>
                <token content="we" id="6-2">
                    <pos type="PRP"/>
                    <lemma type="we"/>
                    <dep head="6-3" type="nsubj"/>
                </token>
                <token content="move" id="6-3">
                    <pos type="VBP"/>
                    <lemma type="move"/>
                </token>
                <token content="over" id="6-4">
                    <pos type="RP"/>
                    <lemma type="over"/>
                    <dep head="6-3" type="prt"/>
                </token>
                <token content="and" id="6-5"/>
                <token content="look" id="6-6">
                    <pos type="VBP"/>
                    <lemma type="look"/>
                    <dep head="6-3" type="conj"/>
                </token>
                <token content="for" id="6-7"/>
                <token content="the" id="6-8">
                    <pos type="DT"/>
                    <lemma type="the"/>
                </token>
                <token content="best" id="6-9">
                    <pos type="JJS"/>
                    <lemma type="best"/>
                </token>
                <token content="deals" id="6-10">
                    <pos type="NNS"/>
                    <lemma type="deal"/>
                    <dep head="6-6" type="prep"/>
                </token>
                <token content="on" id="6-11"/>
                <token content="meat" id="6-12">
                    <pos type="NN"/>
                    <lemma type="meat"/>
                </token>
                <token content="." id="6-13"/>
            </sentence>
            <sentence id="7">
                <token content="We" id="7-1">
                    <pos type="PRP"/>
                    <lemma type="we"/>
                    <dep head="7-3" type="nsubj"/>
                </token>
                <token content="usually" id="7-2">
                    <pos type="RB"/>
                    <lemma type="usually"/>
                    <dep head="7-3" type="advmod"/>
                </token>
                <token content="get" id="7-3">
                    <pos type="VBP"/>
                    <lemma type="get"/>
                </token>
                <token content="fish" id="7-4">
                    <pos type="NN"/>
                    <lemma type="fish"/>
                    <dep head="7-3" type="dobj"/>
                </token>
                <token content="," id="7-5"/>
                <token content="beef" id="7-6">
                    <pos type="NN"/>
                    <lemma type="beef"/>
                </token>
                <token content="," id="7-7"/>
                <token content="chicken" id="7-8">
                    <pos type="NN"/>
                    <lemma type="chicken"/>
                </token>
                <token content="and" id="7-9"/>
                <token content="pork" id="7-10">
                    <pos type="NN"/>
                    <lemma type="pork"/>
                </token>
                <token content="." id="7-11"/>
            </sentence>
            <sentence id="8">
                <token content="Next" id="8-1">
                    <pos type="RB"/>
                    <lemma type="next"/>
                    <dep head="8-4" type="advmod"/>
                </token>
                <token content="we" id="8-2">
                    <pos type="PRP"/>
                    <lemma type="we"/>
                    <dep head="8-4" type="nsubj"/>
                </token>
                <token content="'ll" id="8-3">
                    <pos type="MD"/>
                    <lemma type="'ll"/>
                    <dep head="8-4" type="aux"/>
                </token>
                <token content="head" id="8-4">
                    <pos type="VB"/>
                    <lemma type="head"/>
                </token>
                <token content="over" id="8-5">
                    <pos type="RP"/>
                    <lemma type="over"/>
                    <dep head="8-4" type="prt"/>
                </token>
                <token content="towards" id="8-6"/>
                <token content="dairy" id="8-7">
                    <pos type="NN"/>
                    <lemma type="dairy"/>
                    <dep head="8-4" type="prep"/>
                </token>
                <token content="and" id="8-8"/>
                <token content="eggs" id="8-9">
                    <pos type="NNS"/>
                    <lemma type="egg"/>
                </token>
                <token content="." id="8-10"/>
            </sentence>
            <sentence id="9">
                <token content="I" id="9-1">
                    <pos type="PRP"/>
                    <lemma type="I"/>
                    <dep head="9-2" type="nsubj"/>
                </token>
                <token content="like" id="9-2">
                    <pos type="VBP"/>
                    <lemma type="like"/>
                </token>
                <token content="to" id="9-3">
                    <pos type="TO"/>
                    <lemma type="to"/>
                    <dep head="9-4" type="aux"/>
                </token>
                <token content="get" id="9-4">
                    <pos type="VB"/>
                    <lemma type="get"/>
                    <dep head="9-2" type="xcomp"/>
                </token>
                <token content="the" id="9-5">
                    <pos type="DT"/>
                    <lemma type="the"/>
                </token>
                <token content="18" id="9-6">
                    <pos type="CD"/>
                    <lemma type="18"/>
                </token>
                <token content="packs" id="9-7">
                    <pos type="NNS"/>
                    <lemma type="pack"/>
                    <dep head="9-4" type="dobj"/>
                </token>
                <token content="of" id="9-8"/>
                <token content="eggs" id="9-9">
                    <pos type="NNS"/>
                    <lemma type="egg"/>
                </token>
                <token content="." id="9-10"/>
            </sentence>
            <sentence id="10">
                <token content="They" id="10-1">
                    <pos type="PRP"/>
                    <lemma type="they"/>
                    <dep head="10-4" type="nsubjpass"/>
                </token>
                <token content="are" id="10-2">
                    <pos type="VBP"/>
                    <lemma type="be"/>
                    <dep head="10-4" type="auxpass"/>
                </token>
                <token content="protein" id="10-3">
                    <pos type="RB"/>
                    <lemma type="protein"/>
                    <dep head="10-4" type="advmod"/>
                </token>
                <token content="loaded" id="10-4">
                    <pos type="VBN"/>
                    <lemma type="load"/>
                </token>
                <token content="and" id="10-5"/>
                <token content="super" id="10-6">
                    <pos type="RB"/>
                    <lemma type="super"/>
                </token>
                <token content="cheap" id="10-7">
                    <pos type="JJ"/>
                    <lemma type="cheap"/>
                    <dep head="10-4" type="conj"/>
                </token>
                <token content="." id="10-8"/>
            </sentence>
            <sentence id="11">
                <token content="I" id="11-1">
                    <pos type="PRP"/>
                    <lemma type="I"/>
                    <dep head="11-3" type="nsubj"/>
                </token>
                <token content="'ll" id="11-2">
                    <pos type="MD"/>
                    <lemma type="'ll"/>
                    <dep head="11-3" type="aux"/>
                </token>
                <token content="pick" id="11-3">
                    <pos type="VB"/>
                    <lemma type="pick"/>
                </token>
                <token content="up" id="11-4">
                    <pos type="RP"/>
                    <lemma type="up"/>
                    <dep head="11-3" type="prt"/>
                </token>
                <token content="some" id="11-5">
                    <pos type="DT"/>
                    <lemma type="some"/>
                </token>
                <token content="cottage" id="11-6">
                    <pos type="NN"/>
                    <lemma type="cottage"/>
                </token>
                <token content="cheese" id="11-7">
                    <pos type="NN"/>
                    <lemma type="cheese"/>
                    <dep head="11-3" type="dobj"/>
                </token>
                <token content="and" id="11-8"/>
                <token content="about" id="11-9">
                    <pos type="RB"/>
                    <lemma type="about"/>
                </token>
                <token content="4" id="11-10">
                    <pos type="CD"/>
                    <lemma type="4"/>
                </token>
                <token content="to" id="11-11">
                    <pos type="TO"/>
                    <lemma type="to"/>
                </token>
                <token content="6" id="11-12">
                    <pos type="CD"/>
                    <lemma type="6"/>
                </token>
                <token content="pounds" id="11-13">
                    <pos type="NNS"/>
                    <lemma type="pound"/>
                </token>
                <token content="of" id="11-14"/>
                <token content="cheese" id="11-15">
                    <pos type="NN"/>
                    <lemma type="cheese"/>
                </token>
                <token content="." id="11-16"/>
            </sentence>
            <sentence id="12">
                <token content="We" id="12-1">
                    <pos type="PRP"/>
                    <lemma type="we"/>
                    <dep head="12-3" type="nsubj"/>
                </token>
                <token content="then" id="12-2">
                    <pos type="RB"/>
                    <lemma type="then"/>
                    <dep head="12-3" type="advmod"/>
                </token>
                <token content="get" id="12-3">
                    <pos type="VBP"/>
                    <lemma type="get"/>
                </token>
                <token content="a" id="12-4">
                    <pos type="DT"/>
                    <lemma type="a"/>
                </token>
                <token content="couple" id="12-5">
                    <pos type="NN"/>
                    <lemma type="couple"/>
                    <dep head="12-3" type="dobj"/>
                </token>
                <token content="of" id="12-6"/>
                <token content="things" id="12-7">
                    <pos type="NNS"/>
                    <lemma type="thing"/>
                </token>
                <token content="out" id="12-8"/>
                <token content="of" id="12-9"/>
                <token content="the" id="12-10">
                    <pos type="DT"/>
                    <lemma type="the"/>
                </token>
                <token content="frozen" id="12-11">
                    <pos type="JJ"/>
                    <lemma type="frozen"/>
                </token>
                <token content="section" id="12-12">
                    <pos type="NN"/>
                    <lemma type="section"/>
                </token>
                <token content="." id="12-13"/>
            </sentence>
        </sentences>
    </text>
    <annotations>
        <participants>
            <label from="1-1" id="0" name="ScrPart_shopper" text="I" type="participant"/>
            <label from="1-5" id="1" name="ScrPart_saving" text="money" type="participant"/>
            <label from="1-7" id="2" name="ScrPart_shopper" text="I" type="participant"/>
            <label from="1-11" id="3" name="ScrPart_saving" text="penny" type="participant"/>
            <label from="1-14" id="4" name="ScrPart_saving" text="penny" type="participant"/>
            <label from="1-16" id="5" name="Head_of_Partitive" text="kind" type="participant"/>
            <label from="1-18" id="6" name="NPart" text="philosophy" type="participant"/>
            <label from="2-3" id="7" name="ScrPart_shopper" text="I" type="participant"/>
            <label from="2-5" id="8" name="ScrPart_shopper" text="our" type="participant"/>
            <label from="2-6" id="9" name="NPart" text="finances" type="participant"/>
            <label from="2-7" id="10" name="ScrPart_shopper" text="I" type="participant"/>
            <label from="2-9" id="11" name="ScrPart_shopper" text="we" type="participant"/>
            <label from="2-14" id="12" name="Head_of_Partitive" text="amount" type="participant"/>
            <label from="2-16" id="13" name="ScrPart_saving" text="money" type="participant"/>
            <label from="2-20" id="14" name="ScrPart_other" text="grocery shopping" to="2-21" type="participant"/>
            <label from="3-1" id="15" name="ScrPart_shopper" text="I" type="participant"/>
            <label from="3-4" id="16" name="ScrPart_shopper" text="our" type="participant"/>
            <label from="3-5" id="17" name="NPart" text="strategy" type="participant"/>
            <label from="3-9" id="18" name="NPart" text="weekend" type="participant"/>
            <label from="3-14" id="19" name="NPart" text="dollars" type="participant"/>
            <label from="3-19" id="20" name="ScrPart_shopper" text="us" type="participant"/>
            <label from="3-21" id="21" name="NPart" text="week" type="participant"/>
            <label from="4-1" id="22" name="ScrPart_shopper" text="We" type="participant"/>
            <label from="4-6" id="23" name="ScrPart_grocery_shop" text="Publix" type="participant"/>
            <label from="5-1" id="24" name="ScrPart_shopper" text="We" type="participant"/>
            <label from="5-6" id="25" name="ScrPart_groceries" text="produce" type="participant"/>
            <label from="5-8" id="26" name="ScrPart_groceries" text="fruits" type="participant"/>
            <label from="5-10" id="27" name="ScrPart_groceries" text="vegetables" type="participant"/>
            <label from="6-2" id="28" name="ScrPart_shopper" text="we" type="participant"/>
            <label from="6-10" id="29" name="NPart" text="deals" type="participant"/>
            <label from="6-12" id="30" name="ScrPart_groceries" text="meat" type="participant"/>
            <label from="7-1" id="31" name="ScrPart_shopper" text="We" type="participant"/>
            <label from="7-4" id="32" name="ScrPart_groceries" text="fish" type="participant"/>
            <label from="7-6" id="33" name="ScrPart_groceries" text="beef" type="participant"/>
            <label from="7-8" id="34" name="ScrPart_groceries" text="chicken" type="participant"/>
            <label from="7-10" id="35" name="ScrPart_groceries" text="pork" type="participant"/>
            <label from="8-2" id="36" name="ScrPart_shopper" text="we" type="participant"/>
            <label from="8-7" id="37" name="ScrPart_groceries" text="dairy" type="participant"/>
            <label from="8-9" id="38" name="ScrPart_groceries" text="eggs" type="participant"/>
            <label from="9-1" id="39" name="ScrPart_shopper" text="I" type="participant"/>
            <label from="9-7" id="40" name="Head_of_Partitive" text="packs" type="participant"/>
            <label from="9-9" id="41" name="ScrPart_groceries" text="eggs" type="participant"/>
            <label from="10-1" id="42" name="ScrPart_groceries" text="They" type="participant"/>
            <label from="10-3" id="43" name="NPart" text="protein" type="participant"/>
            <label from="11-1" id="44" name="ScrPart_shopper" text="I" type="participant"/>
            <label from="11-6" id="45" name="ScrPart_groceries" text="cottage cheese" to="11-7" type="participant"/>
            <label from="11-7" id="46" name="ScrPart_groceries" text="cheese" type="participant"/>
            <label from="11-13" id="47" name="Head_of_Partitive" text="pounds" type="participant"/>
            <label from="11-15" id="48" name="ScrPart_groceries" text="cheese" type="participant"/>
            <label from="12-1" id="49" name="ScrPart_shopper" text="We" type="participant"/>
            <label from="12-5" id="50" name="Head_of_Partitive" text="couple" type="participant"/>
            <label from="12-7" id="51" name="ScrPart_groceries" text="things" type="participant"/>
            <label from="12-11" id="52" name="ScrPart_section" text="frozen section" to="12-12" type="participant"/>
            <label from="12-12" id="53" name="ScrPart_section" text="section" type="participant"/>
        </participants>
        <events>
            <label from="1-2" id="54" name="UnrelEv" text="love" type="event"/>
            <label from="1-4" id="55" name="RelNScrEv" text="save" type="event"/>
            <label from="1-12" id="56" name="RelNScrEv" text="saved" type="event"/>
            <label from="1-15" id="57" name="UnrelEv" text="earned" type="event"/>
            <label from="2-4" id="58" name="UnrelEv" text="analyzed" type="event"/>
            <label from="2-8" id="59" name="UnrelEv" text="saw" type="event"/>
            <label from="2-11" id="60" name="RelNScrEv" text="save" type="event"/>
            <label from="2-18" id="61" name="Evoking" text="doing more grocery shopping" to="2-21" type="event"/>
            <label from="3-2" id="62" name="UnrelEv" text="set up" to="3-3" type="event"/>
            <label from="3-2" id="63" name="UnrelEv" text="set" type="event"/>
            <label from="3-7" id="64" name="ScrEv_go_grocery" text="go" type="event"/>
            <label from="3-11" id="65" name="UnrelEv" text="budget" type="event"/>
            <label from="4-2" id="66" name="UnrelEv" text="like" type="event"/>
            <label from="4-4" id="67" name="ScrEv_go_grocery" text="go" type="event"/>
            <label from="5-3" id="68" name="UnrelEv" text="start off" to="5-4" type="event"/>
            <label from="5-3" id="69" name="UnrelEv" text="start" type="event"/>
            <label from="5-5" id="70" name="ScrEv_get_groceries" text="buying" type="event"/>
            <label from="6-3" id="71" name="ScrEv_move_section" text="move over" to="6-4" type="event"/>
            <label from="6-3" id="72" name="ScrEv_move_section" text="move" type="event"/>
            <label from="6-6" id="73" name="RelNScrEv" text="look for" to="6-7" type="event"/>
            <label from="6-6" id="74" name="RelNScrEv" text="look" type="event"/>
            <label from="7-3" id="75" name="ScrEv_get_groceries" text="get" type="event"/>
            <label from="8-4" id="76" name="ScrEv_move_section" text="head" type="event"/>
            <label from="9-2" id="77" name="UnrelEv" text="like" type="event"/>
            <label from="9-4" id="78" name="ScrEv_get_groceries" text="get" type="event"/>
            <label from="10-2" id="79" name="UnrelEv" text="are" type="event"/>
            <label from="10-4" id="80" name="UnrelEv" text="loaded" type="event"/>
            <label from="11-3" id="81" name="ScrEv_get_groceries" text="pick up" to="11-4" type="event"/>
            <label from="11-3" id="82" name="ScrEv_get_groceries" text="pick" type="event"/>
            <label from="12-3" id="83" name="ScrEv_get_groceries" text="get" type="event"/>
        </events>
        <chains>
            <chain elements="0 2 7 10 15 39 44"/>
            <chain elements="1 3 4 13"/>
            <chain elements="8 11 16 20 22 24 28 31 36 49"/>
            <chain elements="38 41 42"/>
        </chains>
    </annotations>
</story>
