<?xml version="1.0" encoding="UTF-8" standalone="no"?>
<!DOCTYPE story SYSTEM "../InScript.dtd">
<story id="086" scenario="grocery">
    <text>
        <content>Last weekend , I got into my car to head to the grocery store . 
The store I normally go grocery shop at is Safeway , with the exception of the few times I go to SaveMart . 
But for this time , I headed to Safeway . 
I grabbed a shopping cart and immediately went to the left of the store like I normally do . 
I grabbed the bread items I needed along with any breakfast pastries I enjoy buying . 
Like normal , I skip the first four aisles due to them being for personal care and pet care . 
I buy my personal items elsewhere -LRB- such as shampoo , etc. -RRB- . 
I then went down the beverage aisle where I picked up several Gatorades and bottled waters . 
I then continue going up each aisle after the beverage one , where I would pick up my frozen foods , canned foods , snacks -LRB- such as chips and cookies -RRB- , and any other lunch items -LRB- frozen or non-frozen -RRB- . 
I then ended with the fruits and vegetables , where I picked up a bunch of bananas and about four apples . 
I took my cart to the lone open register after waiting for about five minutes . 
After purchasing my items , I went out to my car and packed my groceries into the trunk . </content>
        <sentences>
            <sentence id="1">
                <token content="Last" id="1-1">
                    <pos type="JJ"/>
                    <lemma type="last"/>
                </token>
                <token content="weekend" id="1-2">
                    <pos type="NN"/>
                    <lemma type="weekend"/>
                    <dep head="1-5" type="nsubj"/>
                </token>
                <token content="," id="1-3"/>
                <token content="I" id="1-4">
                    <pos type="PRP"/>
                    <lemma type="I"/>
                    <dep head="1-5" type="nsubj"/>
                </token>
                <token content="got" id="1-5">
                    <pos type="VBD"/>
                    <lemma type="get"/>
                </token>
                <token content="into" id="1-6"/>
                <token content="my" id="1-7">
                    <pos type="PRP$"/>
                    <lemma type="my"/>
                </token>
                <token content="car" id="1-8">
                    <pos type="NN"/>
                    <lemma type="car"/>
                    <dep head="1-5" type="prep"/>
                </token>
                <token content="to" id="1-9">
                    <pos type="TO"/>
                    <lemma type="to"/>
                    <dep head="1-10" type="aux"/>
                </token>
                <token content="head" id="1-10">
                    <pos type="VB"/>
                    <lemma type="head"/>
                </token>
                <token content="to" id="1-11"/>
                <token content="the" id="1-12">
                    <pos type="DT"/>
                    <lemma type="the"/>
                </token>
                <token content="grocery" id="1-13">
                    <pos type="NN"/>
                    <lemma type="grocery"/>
                </token>
                <token content="store" id="1-14">
                    <pos type="NN"/>
                    <lemma type="store"/>
                    <dep head="1-10" type="prep"/>
                </token>
                <token content="." id="1-15"/>
            </sentence>
            <sentence id="2">
                <token content="The" id="2-1">
                    <pos type="DT"/>
                    <lemma type="the"/>
                </token>
                <token content="store" id="2-2">
                    <pos type="NN"/>
                    <lemma type="store"/>
                </token>
                <token content="I" id="2-3">
                    <pos type="PRP"/>
                    <lemma type="I"/>
                    <dep head="2-5" type="nsubj"/>
                </token>
                <token content="normally" id="2-4">
                    <pos type="RB"/>
                    <lemma type="normally"/>
                    <dep head="2-5" type="advmod"/>
                </token>
                <token content="go" id="2-5">
                    <pos type="VB"/>
                    <lemma type="go"/>
                </token>
                <token content="grocery" id="2-6">
                    <pos type="NN"/>
                    <lemma type="grocery"/>
                </token>
                <token content="shop" id="2-7">
                    <pos type="NN"/>
                    <lemma type="shop"/>
                    <dep head="2-5" type="dobj"/>
                </token>
                <token content="at" id="2-8">
                    <pos type="IN"/>
                    <lemma type="at"/>
                    <dep head="2-5" type="prep"/>
                </token>
                <token content="is" id="2-9">
                    <pos type="VBZ"/>
                    <lemma type="be"/>
                </token>
                <token content="Safeway" id="2-10">
                    <pos type="NNP"/>
                    <lemma type="Safeway"/>
                </token>
                <token content="," id="2-11"/>
                <token content="with" id="2-12"/>
                <token content="the" id="2-13">
                    <pos type="DT"/>
                    <lemma type="the"/>
                </token>
                <token content="exception" id="2-14">
                    <pos type="NN"/>
                    <lemma type="exception"/>
                </token>
                <token content="of" id="2-15"/>
                <token content="the" id="2-16">
                    <pos type="DT"/>
                    <lemma type="the"/>
                </token>
                <token content="few" id="2-17">
                    <pos type="JJ"/>
                    <lemma type="few"/>
                </token>
                <token content="times" id="2-18">
                    <pos type="NNS"/>
                    <lemma type="time"/>
                </token>
                <token content="I" id="2-19">
                    <pos type="PRP"/>
                    <lemma type="I"/>
                    <dep head="2-20" type="nsubj"/>
                </token>
                <token content="go" id="2-20">
                    <pos type="VBP"/>
                    <lemma type="go"/>
                </token>
                <token content="to" id="2-21"/>
                <token content="SaveMart" id="2-22">
                    <pos type="NNP"/>
                    <lemma type="SaveMart"/>
                    <dep head="2-20" type="prep"/>
                </token>
                <token content="." id="2-23"/>
            </sentence>
            <sentence id="3">
                <token content="But" id="3-1">
                    <pos type="CC"/>
                    <lemma type="but"/>
                    <dep head="3-7" type="cc"/>
                </token>
                <token content="for" id="3-2"/>
                <token content="this" id="3-3">
                    <pos type="DT"/>
                    <lemma type="this"/>
                </token>
                <token content="time" id="3-4">
                    <pos type="NN"/>
                    <lemma type="time"/>
                    <dep head="3-7" type="prep"/>
                </token>
                <token content="," id="3-5"/>
                <token content="I" id="3-6">
                    <pos type="PRP"/>
                    <lemma type="I"/>
                    <dep head="3-7" type="nsubj"/>
                </token>
                <token content="headed" id="3-7">
                    <pos type="VBD"/>
                    <lemma type="head"/>
                </token>
                <token content="to" id="3-8"/>
                <token content="Safeway" id="3-9">
                    <pos type="NNP"/>
                    <lemma type="Safeway"/>
                    <dep head="3-7" type="prep"/>
                </token>
                <token content="." id="3-10"/>
            </sentence>
            <sentence id="4">
                <token content="I" id="4-1">
                    <pos type="PRP"/>
                    <lemma type="I"/>
                    <dep head="4-2" type="nsubj"/>
                </token>
                <token content="grabbed" id="4-2">
                    <pos type="VBD"/>
                    <lemma type="grab"/>
                </token>
                <token content="a" id="4-3">
                    <pos type="DT"/>
                    <lemma type="a"/>
                </token>
                <token content="shopping" id="4-4">
                    <pos type="NN"/>
                    <lemma type="shopping"/>
                </token>
                <token content="cart" id="4-5">
                    <pos type="NN"/>
                    <lemma type="cart"/>
                    <dep head="4-2" type="dobj"/>
                </token>
                <token content="and" id="4-6"/>
                <token content="immediately" id="4-7">
                    <pos type="RB"/>
                    <lemma type="immediately"/>
                    <dep head="4-8" type="advmod"/>
                </token>
                <token content="went" id="4-8">
                    <pos type="VBD"/>
                    <lemma type="go"/>
                    <dep head="4-2" type="conj"/>
                </token>
                <token content="to" id="4-9"/>
                <token content="the" id="4-10">
                    <pos type="DT"/>
                    <lemma type="the"/>
                </token>
                <token content="left" id="4-11">
                    <pos type="NN"/>
                    <lemma type="left"/>
                    <dep head="4-8" type="prep"/>
                </token>
                <token content="of" id="4-12"/>
                <token content="the" id="4-13">
                    <pos type="DT"/>
                    <lemma type="the"/>
                </token>
                <token content="store" id="4-14">
                    <pos type="NN"/>
                    <lemma type="store"/>
                </token>
                <token content="like" id="4-15">
                    <pos type="IN"/>
                    <lemma type="like"/>
                    <dep head="4-18" type="mark"/>
                </token>
                <token content="I" id="4-16">
                    <pos type="PRP"/>
                    <lemma type="I"/>
                    <dep head="4-18" type="nsubj"/>
                </token>
                <token content="normally" id="4-17">
                    <pos type="RB"/>
                    <lemma type="normally"/>
                    <dep head="4-18" type="advmod"/>
                </token>
                <token content="do" id="4-18">
                    <pos type="VBP"/>
                    <lemma type="do"/>
                    <dep head="4-2" type="advcl"/>
                </token>
                <token content="." id="4-19"/>
            </sentence>
            <sentence id="5">
                <token content="I" id="5-1">
                    <pos type="PRP"/>
                    <lemma type="I"/>
                    <dep head="5-2" type="nsubj"/>
                </token>
                <token content="grabbed" id="5-2">
                    <pos type="VBD"/>
                    <lemma type="grab"/>
                </token>
                <token content="the" id="5-3">
                    <pos type="DT"/>
                    <lemma type="the"/>
                </token>
                <token content="bread" id="5-4">
                    <pos type="NN"/>
                    <lemma type="bread"/>
                </token>
                <token content="items" id="5-5">
                    <pos type="NNS"/>
                    <lemma type="item"/>
                    <dep head="5-12" type="nsubj"/>
                </token>
                <token content="I" id="5-6">
                    <pos type="PRP"/>
                    <lemma type="I"/>
                    <dep head="5-7" type="nsubj"/>
                </token>
                <token content="needed" id="5-7">
                    <pos type="VBD"/>
                    <lemma type="need"/>
                </token>
                <token content="along" id="5-8"/>
                <token content="with" id="5-9"/>
                <token content="any" id="5-10">
                    <pos type="DT"/>
                    <lemma type="any"/>
                </token>
                <token content="breakfast" id="5-11">
                    <pos type="NN"/>
                    <lemma type="breakfast"/>
                    <dep head="5-7" type="prep"/>
                </token>
                <token content="pastries" id="5-12">
                    <pos type="VBZ"/>
                    <lemma type="pastry"/>
                    <dep head="5-2" type="ccomp"/>
                </token>
                <token content="I" id="5-13">
                    <pos type="PRP"/>
                    <lemma type="I"/>
                    <dep head="5-14" type="nsubj"/>
                </token>
                <token content="enjoy" id="5-14">
                    <pos type="VBP"/>
                    <lemma type="enjoy"/>
                    <dep head="5-12" type="ccomp"/>
                </token>
                <token content="buying" id="5-15">
                    <pos type="VBG"/>
                    <lemma type="buy"/>
                    <dep head="5-14" type="xcomp"/>
                </token>
                <token content="." id="5-16"/>
            </sentence>
            <sentence id="6">
                <token content="Like" id="6-1"/>
                <token content="normal" id="6-2">
                    <pos type="JJ"/>
                    <lemma type="normal"/>
                    <dep head="6-5" type="prep"/>
                </token>
                <token content="," id="6-3"/>
                <token content="I" id="6-4">
                    <pos type="PRP"/>
                    <lemma type="I"/>
                    <dep head="6-5" type="nsubj"/>
                </token>
                <token content="skip" id="6-5">
                    <pos type="VB"/>
                    <lemma type="skip"/>
                </token>
                <token content="the" id="6-6">
                    <pos type="DT"/>
                    <lemma type="the"/>
                </token>
                <token content="first" id="6-7">
                    <pos type="JJ"/>
                    <lemma type="first"/>
                </token>
                <token content="four" id="6-8">
                    <pos type="CD"/>
                    <lemma type="four"/>
                </token>
                <token content="aisles" id="6-9">
                    <pos type="NNS"/>
                    <lemma type="aisle"/>
                    <dep head="6-5" type="dobj"/>
                </token>
                <token content="due" id="6-10"/>
                <token content="to" id="6-11"/>
                <token content="them" id="6-12">
                    <pos type="PRP"/>
                    <lemma type="they"/>
                    <dep head="6-13" type="nsubj"/>
                </token>
                <token content="being" id="6-13">
                    <pos type="VBG"/>
                    <lemma type="be"/>
                </token>
                <token content="for" id="6-14"/>
                <token content="personal" id="6-15">
                    <pos type="JJ"/>
                    <lemma type="personal"/>
                </token>
                <token content="care" id="6-16">
                    <pos type="NN"/>
                    <lemma type="care"/>
                    <dep head="6-13" type="prep"/>
                </token>
                <token content="and" id="6-17"/>
                <token content="pet" id="6-18">
                    <pos type="NN"/>
                    <lemma type="pet"/>
                </token>
                <token content="care" id="6-19">
                    <pos type="NN"/>
                    <lemma type="care"/>
                </token>
                <token content="." id="6-20"/>
            </sentence>
            <sentence id="7">
                <token content="I" id="7-1">
                    <pos type="PRP"/>
                    <lemma type="I"/>
                    <dep head="7-2" type="nsubj"/>
                </token>
                <token content="buy" id="7-2">
                    <pos type="VBP"/>
                    <lemma type="buy"/>
                </token>
                <token content="my" id="7-3">
                    <pos type="PRP$"/>
                    <lemma type="my"/>
                </token>
                <token content="personal" id="7-4">
                    <pos type="JJ"/>
                    <lemma type="personal"/>
                </token>
                <token content="items" id="7-5">
                    <pos type="NNS"/>
                    <lemma type="item"/>
                    <dep head="7-2" type="dobj"/>
                </token>
                <token content="elsewhere" id="7-6">
                    <pos type="RB"/>
                    <lemma type="elsewhere"/>
                    <dep head="7-2" type="advmod"/>
                </token>
                <token content="-LRB-" id="7-7"/>
                <token content="such" id="7-8"/>
                <token content="as" id="7-9"/>
                <token content="shampoo" id="7-10">
                    <pos type="NN"/>
                    <lemma type="shampoo"/>
                </token>
                <token content="," id="7-11"/>
                <token content="etc." id="7-12">
                    <pos type="FW"/>
                    <lemma type="etc."/>
                </token>
                <token content="-RRB-" id="7-13"/>
                <token content="." id="7-14"/>
            </sentence>
            <sentence id="8">
                <token content="I" id="8-1">
                    <pos type="PRP"/>
                    <lemma type="I"/>
                    <dep head="8-3" type="nsubj"/>
                </token>
                <token content="then" id="8-2">
                    <pos type="RB"/>
                    <lemma type="then"/>
                    <dep head="8-3" type="advmod"/>
                </token>
                <token content="went" id="8-3">
                    <pos type="VBD"/>
                    <lemma type="go"/>
                </token>
                <token content="down" id="8-4">
                    <pos type="RP"/>
                    <lemma type="down"/>
                    <dep head="8-3" type="prt"/>
                </token>
                <token content="the" id="8-5">
                    <pos type="DT"/>
                    <lemma type="the"/>
                </token>
                <token content="beverage" id="8-6">
                    <pos type="NN"/>
                    <lemma type="beverage"/>
                </token>
                <token content="aisle" id="8-7">
                    <pos type="NN"/>
                    <lemma type="aisle"/>
                    <dep head="8-3" type="dobj"/>
                </token>
                <token content="where" id="8-8">
                    <pos type="WRB"/>
                    <lemma type="where"/>
                    <dep head="8-10" type="advmod"/>
                </token>
                <token content="I" id="8-9">
                    <pos type="PRP"/>
                    <lemma type="I"/>
                    <dep head="8-10" type="nsubj"/>
                </token>
                <token content="picked" id="8-10">
                    <pos type="VBD"/>
                    <lemma type="pick"/>
                    <dep head="8-3" type="advcl"/>
                </token>
                <token content="up" id="8-11">
                    <pos type="RP"/>
                    <lemma type="up"/>
                    <dep head="8-10" type="prt"/>
                </token>
                <token content="several" id="8-12">
                    <pos type="JJ"/>
                    <lemma type="several"/>
                </token>
                <token content="Gatorades" id="8-13">
                    <pos type="NNS"/>
                    <lemma type="gatorade"/>
                    <dep head="8-10" type="dobj"/>
                </token>
                <token content="and" id="8-14"/>
                <token content="bottled" id="8-15">
                    <pos type="JJ"/>
                    <lemma type="bottled"/>
                </token>
                <token content="waters" id="8-16">
                    <pos type="NNS"/>
                    <lemma type="water"/>
                </token>
                <token content="." id="8-17"/>
            </sentence>
            <sentence id="9">
                <token content="I" id="9-1">
                    <pos type="PRP"/>
                    <lemma type="I"/>
                    <dep head="9-3" type="nsubj"/>
                </token>
                <token content="then" id="9-2">
                    <pos type="RB"/>
                    <lemma type="then"/>
                    <dep head="9-3" type="advmod"/>
                </token>
                <token content="continue" id="9-3">
                    <pos type="VBP"/>
                    <lemma type="continue"/>
                </token>
                <token content="going" id="9-4">
                    <pos type="VBG"/>
                    <lemma type="go"/>
                    <dep head="9-3" type="xcomp"/>
                </token>
                <token content="up" id="9-5">
                    <pos type="RP"/>
                    <lemma type="up"/>
                    <dep head="9-4" type="prt"/>
                </token>
                <token content="each" id="9-6">
                    <pos type="DT"/>
                    <lemma type="each"/>
                </token>
                <token content="aisle" id="9-7">
                    <pos type="NN"/>
                    <lemma type="aisle"/>
                    <dep head="9-4" type="dobj"/>
                </token>
                <token content="after" id="9-8"/>
                <token content="the" id="9-9">
                    <pos type="DT"/>
                    <lemma type="the"/>
                </token>
                <token content="beverage" id="9-10">
                    <pos type="NN"/>
                    <lemma type="beverage"/>
                </token>
                <token content="one" id="9-11">
                    <pos type="NN"/>
                    <lemma type="one"/>
                </token>
                <token content="," id="9-12"/>
                <token content="where" id="9-13">
                    <pos type="WRB"/>
                    <lemma type="where"/>
                    <dep head="9-16" type="advmod"/>
                </token>
                <token content="I" id="9-14">
                    <pos type="PRP"/>
                    <lemma type="I"/>
                    <dep head="9-16" type="nsubj"/>
                </token>
                <token content="would" id="9-15">
                    <pos type="MD"/>
                    <lemma type="would"/>
                    <dep head="9-16" type="aux"/>
                </token>
                <token content="pick" id="9-16">
                    <pos type="VB"/>
                    <lemma type="pick"/>
                </token>
                <token content="up" id="9-17">
                    <pos type="RP"/>
                    <lemma type="up"/>
                    <dep head="9-16" type="prt"/>
                </token>
                <token content="my" id="9-18">
                    <pos type="PRP$"/>
                    <lemma type="my"/>
                </token>
                <token content="frozen" id="9-19">
                    <pos type="JJ"/>
                    <lemma type="frozen"/>
                </token>
                <token content="foods" id="9-20">
                    <pos type="NNS"/>
                    <lemma type="food"/>
                    <dep head="9-16" type="dobj"/>
                </token>
                <token content="," id="9-21"/>
                <token content="canned" id="9-22">
                    <pos type="JJ"/>
                    <lemma type="canned"/>
                </token>
                <token content="foods" id="9-23">
                    <pos type="NNS"/>
                    <lemma type="food"/>
                </token>
                <token content="," id="9-24"/>
                <token content="snacks" id="9-25">
                    <pos type="NNS"/>
                    <lemma type="snack"/>
                </token>
                <token content="-LRB-" id="9-26"/>
                <token content="such" id="9-27"/>
                <token content="as" id="9-28"/>
                <token content="chips" id="9-29">
                    <pos type="NNS"/>
                    <lemma type="chip"/>
                </token>
                <token content="and" id="9-30"/>
                <token content="cookies" id="9-31">
                    <pos type="NNS"/>
                    <lemma type="cookie"/>
                </token>
                <token content="-RRB-" id="9-32"/>
                <token content="," id="9-33"/>
                <token content="and" id="9-34"/>
                <token content="any" id="9-35">
                    <pos type="DT"/>
                    <lemma type="any"/>
                </token>
                <token content="other" id="9-36">
                    <pos type="JJ"/>
                    <lemma type="other"/>
                </token>
                <token content="lunch" id="9-37">
                    <pos type="NN"/>
                    <lemma type="lunch"/>
                </token>
                <token content="items" id="9-38">
                    <pos type="NNS"/>
                    <lemma type="item"/>
                </token>
                <token content="-LRB-" id="9-39"/>
                <token content="frozen" id="9-40">
                    <pos type="JJ"/>
                    <lemma type="frozen"/>
                </token>
                <token content="or" id="9-41"/>
                <token content="non-frozen" id="9-42">
                    <pos type="JJ"/>
                    <lemma type="non-frozen"/>
                </token>
                <token content="-RRB-" id="9-43"/>
                <token content="." id="9-44"/>
            </sentence>
            <sentence id="10">
                <token content="I" id="10-1">
                    <pos type="PRP"/>
                    <lemma type="I"/>
                    <dep head="10-3" type="nsubj"/>
                </token>
                <token content="then" id="10-2">
                    <pos type="RB"/>
                    <lemma type="then"/>
                    <dep head="10-3" type="advmod"/>
                </token>
                <token content="ended" id="10-3">
                    <pos type="VBD"/>
                    <lemma type="end"/>
                </token>
                <token content="with" id="10-4"/>
                <token content="the" id="10-5">
                    <pos type="DT"/>
                    <lemma type="the"/>
                </token>
                <token content="fruits" id="10-6">
                    <pos type="NNS"/>
                    <lemma type="fruit"/>
                    <dep head="10-3" type="prep"/>
                </token>
                <token content="and" id="10-7"/>
                <token content="vegetables" id="10-8">
                    <pos type="NNS"/>
                    <lemma type="vegetable"/>
                </token>
                <token content="," id="10-9"/>
                <token content="where" id="10-10">
                    <pos type="WRB"/>
                    <lemma type="where"/>
                    <dep head="10-12" type="advmod"/>
                </token>
                <token content="I" id="10-11">
                    <pos type="PRP"/>
                    <lemma type="I"/>
                    <dep head="10-12" type="nsubj"/>
                </token>
                <token content="picked" id="10-12">
                    <pos type="VBD"/>
                    <lemma type="pick"/>
                </token>
                <token content="up" id="10-13">
                    <pos type="RP"/>
                    <lemma type="up"/>
                    <dep head="10-12" type="prt"/>
                </token>
                <token content="a" id="10-14">
                    <pos type="DT"/>
                    <lemma type="a"/>
                </token>
                <token content="bunch" id="10-15">
                    <pos type="NN"/>
                    <lemma type="bunch"/>
                    <dep head="10-12" type="dobj"/>
                </token>
                <token content="of" id="10-16"/>
                <token content="bananas" id="10-17">
                    <pos type="NNS"/>
                    <lemma type="banana"/>
                </token>
                <token content="and" id="10-18"/>
                <token content="about" id="10-19">
                    <pos type="RB"/>
                    <lemma type="about"/>
                </token>
                <token content="four" id="10-20">
                    <pos type="CD"/>
                    <lemma type="four"/>
                </token>
                <token content="apples" id="10-21">
                    <pos type="NNS"/>
                    <lemma type="apple"/>
                </token>
                <token content="." id="10-22"/>
            </sentence>
            <sentence id="11">
                <token content="I" id="11-1">
                    <pos type="PRP"/>
                    <lemma type="I"/>
                    <dep head="11-2" type="nsubj"/>
                </token>
                <token content="took" id="11-2">
                    <pos type="VBD"/>
                    <lemma type="take"/>
                </token>
                <token content="my" id="11-3">
                    <pos type="PRP$"/>
                    <lemma type="my"/>
                </token>
                <token content="cart" id="11-4">
                    <pos type="NN"/>
                    <lemma type="cart"/>
                    <dep head="11-2" type="dobj"/>
                </token>
                <token content="to" id="11-5"/>
                <token content="the" id="11-6">
                    <pos type="DT"/>
                    <lemma type="the"/>
                </token>
                <token content="lone" id="11-7">
                    <pos type="JJ"/>
                    <lemma type="lone"/>
                </token>
                <token content="open" id="11-8">
                    <pos type="JJ"/>
                    <lemma type="open"/>
                </token>
                <token content="register" id="11-9">
                    <pos type="NN"/>
                    <lemma type="register"/>
                    <dep head="11-2" type="prep"/>
                </token>
                <token content="after" id="11-10"/>
                <token content="waiting" id="11-11">
                    <pos type="VBG"/>
                    <lemma type="wait"/>
                    <dep head="11-2" type="prepc"/>
                </token>
                <token content="for" id="11-12"/>
                <token content="about" id="11-13">
                    <pos type="RB"/>
                    <lemma type="about"/>
                </token>
                <token content="five" id="11-14">
                    <pos type="CD"/>
                    <lemma type="five"/>
                </token>
                <token content="minutes" id="11-15">
                    <pos type="NNS"/>
                    <lemma type="minute"/>
                    <dep head="11-11" type="prep"/>
                </token>
                <token content="." id="11-16"/>
            </sentence>
            <sentence id="12">
                <token content="After" id="12-1"/>
                <token content="purchasing" id="12-2">
                    <pos type="VBG"/>
                    <lemma type="purchase"/>
                    <dep head="12-7" type="prepc"/>
                </token>
                <token content="my" id="12-3">
                    <pos type="PRP$"/>
                    <lemma type="my"/>
                </token>
                <token content="items" id="12-4">
                    <pos type="NNS"/>
                    <lemma type="item"/>
                    <dep head="12-2" type="dobj"/>
                </token>
                <token content="," id="12-5"/>
                <token content="I" id="12-6">
                    <pos type="PRP"/>
                    <lemma type="I"/>
                    <dep head="12-7" type="nsubj"/>
                </token>
                <token content="went" id="12-7">
                    <pos type="VBD"/>
                    <lemma type="go"/>
                </token>
                <token content="out" id="12-8">
                    <pos type="RP"/>
                    <lemma type="out"/>
                    <dep head="12-7" type="prt"/>
                </token>
                <token content="to" id="12-9"/>
                <token content="my" id="12-10">
                    <pos type="PRP$"/>
                    <lemma type="my"/>
                </token>
                <token content="car" id="12-11">
                    <pos type="NN"/>
                    <lemma type="car"/>
                    <dep head="12-7" type="prep"/>
                </token>
                <token content="and" id="12-12"/>
                <token content="packed" id="12-13">
                    <pos type="VBD"/>
                    <lemma type="pack"/>
                    <dep head="12-7" type="conj"/>
                </token>
                <token content="my" id="12-14">
                    <pos type="PRP$"/>
                    <lemma type="my"/>
                </token>
                <token content="groceries" id="12-15">
                    <pos type="NNS"/>
                    <lemma type="grocery"/>
                    <dep head="12-13" type="dobj"/>
                </token>
                <token content="into" id="12-16"/>
                <token content="the" id="12-17">
                    <pos type="DT"/>
                    <lemma type="the"/>
                </token>
                <token content="trunk" id="12-18">
                    <pos type="NN"/>
                    <lemma type="trunk"/>
                    <dep head="12-13" type="prep"/>
                </token>
                <token content="." id="12-19"/>
            </sentence>
        </sentences>
    </text>
    <annotations>
        <participants>
            <label from="1-2" id="0" name="NPart" text="weekend" type="participant"/>
            <label from="1-4" id="1" name="ScrPart_shopper" text="I" type="participant"/>
            <label from="1-7" id="2" name="ScrPart_shopper" text="my" type="participant"/>
            <label from="1-8" id="3" name="ScrPart_vehicle" text="car" type="participant"/>
            <label from="1-13" id="4" name="ScrPart_grocery_shop" text="grocery store" to="1-14" type="participant"/>
            <label from="1-14" id="5" name="ScrPart_grocery_shop" text="store" type="participant"/>
            <label from="2-2" id="6" name="ScrPart_grocery_shop" text="store" type="participant"/>
            <label from="2-3" id="7" name="ScrPart_shopper" text="I" type="participant"/>
            <label from="2-6" id="8" name="ScrPart_groceries" text="grocery" type="participant"/>
            <label from="2-10" id="9" name="ScrPart_grocery_shop" text="Safeway" type="participant"/>
            <label from="2-14" id="10" name="NPart" text="exception" type="participant"/>
            <label from="2-18" id="11" name="No_label" text="times" type="participant"/>
            <label from="2-19" id="12" name="ScrPart_shopper" text="I" type="participant"/>
            <label from="2-22" id="13" name="ScrPart_grocery_shop" text="SaveMart" type="participant"/>
            <label from="3-4" id="14" name="No_label" text="time" type="participant"/>
            <label from="3-6" id="15" name="ScrPart_shopper" text="I" type="participant"/>
            <label from="3-9" id="16" name="ScrPart_grocery_shop" text="Safeway" type="participant"/>
            <label from="4-1" id="17" name="ScrPart_shopper" text="I" type="participant"/>
            <label from="4-4" id="18" name="ScrPart_shopping_cart/basket" text="shopping cart" to="4-5" type="participant"/>
            <label from="4-5" id="19" name="ScrPart_shopping_cart/basket" text="cart" type="participant"/>
            <label from="4-11" id="20" name="Head_of_Partitive" text="left" type="participant"/>
            <label from="4-14" id="21" name="ScrPart_grocery_shop" text="store" type="participant"/>
            <label from="4-16" id="22" name="ScrPart_shopper" text="I" type="participant"/>
            <label from="5-1" id="23" name="ScrPart_shopper" text="I" type="participant"/>
            <label from="5-4" id="24" name="ScrPart_groceries" text="bread items" to="5-5" type="participant"/>
            <label from="5-5" id="25" name="ScrPart_groceries" text="items" type="participant"/>
            <label from="5-6" id="26" name="ScrPart_shopper" text="I" type="participant"/>
            <label from="5-11" id="27" name="ScrPart_groceries" text="breakfast pastries" to="5-12" type="participant"/>
            <label from="5-12" id="28" name="ScrPart_groceries" text="pastries" type="participant"/>
            <label from="5-13" id="29" name="ScrPart_shopper" text="I" type="participant"/>
            <label from="6-4" id="30" name="ScrPart_shopper" text="I" type="participant"/>
            <label from="6-9" id="31" name="ScrPart_section" text="aisles" type="participant"/>
            <label from="6-12" id="32" name="ScrPart_section" text="them" type="participant"/>
            <label from="6-15" id="33" name="NPart" text="personal care" to="6-16" type="participant"/>
            <label from="6-16" id="34" name="NPart" text="care" type="participant"/>
            <label from="6-18" id="35" name="NPart" text="pet care" to="6-19" type="participant"/>
            <label from="6-19" id="36" name="NPart" text="care" type="participant"/>
            <label from="7-1" id="37" name="ScrPart_shopper" text="I" type="participant"/>
            <label from="7-3" id="38" name="ScrPart_shopper" text="my" type="participant"/>
            <label from="7-4" id="39" name="NPart" text="personal items" to="7-5" type="participant"/>
            <label from="7-5" id="40" name="NPart" text="items" type="participant"/>
            <label from="7-10" id="41" name="NPart" text="shampoo" type="participant"/>
            <label from="8-1" id="42" name="ScrPart_shopper" text="I" type="participant"/>
            <label from="8-6" id="43" name="ScrPart_section" text="beverage aisle" to="8-7" type="participant"/>
            <label from="8-7" id="44" name="ScrPart_section" text="aisle" type="participant"/>
            <label from="8-9" id="45" name="ScrPart_shopper" text="I" type="participant"/>
            <label from="8-13" id="46" name="ScrPart_groceries" text="Gatorades" type="participant"/>
            <label from="8-15" id="47" name="ScrPart_groceries" text="bottled waters" to="8-16" type="participant"/>
            <label from="8-16" id="48" name="ScrPart_groceries" text="waters" type="participant"/>
            <label from="9-1" id="49" name="ScrPart_shopper" text="I" type="participant"/>
            <label from="9-7" id="50" name="ScrPart_section" text="aisle" type="participant"/>
            <label from="9-10" id="51" name="ScrPart_groceries" text="beverage" type="participant"/>
            <label from="9-11" id="52" name="ScrPart_section" text="one" type="participant"/>
            <label from="9-14" id="53" name="ScrPart_shopper" text="I" type="participant"/>
            <label from="9-18" id="54" name="ScrPart_shopper" text="my" type="participant"/>
            <label from="9-19" id="55" name="ScrPart_groceries" text="frozen foods" to="9-20" type="participant"/>
            <label from="9-20" id="56" name="ScrPart_groceries" text="foods" type="participant"/>
            <label from="9-22" id="57" name="ScrPart_groceries" text="canned foods" to="9-23" type="participant"/>
            <label from="9-23" id="58" name="ScrPart_groceries" text="foods" type="participant"/>
            <label from="9-25" id="59" name="ScrPart_groceries" text="snacks" type="participant"/>
            <label from="9-29" id="60" name="ScrPart_groceries" text="chips" type="participant"/>
            <label from="9-31" id="61" name="ScrPart_groceries" text="cookies" type="participant"/>
            <label from="9-37" id="62" name="ScrPart_groceries" text="lunch items" to="9-38" type="participant"/>
            <label from="9-38" id="63" name="ScrPart_groceries" text="items" type="participant"/>
            <label from="10-1" id="64" name="ScrPart_shopper" text="I" type="participant"/>
            <label from="10-6" id="65" name="ScrPart_groceries" text="fruits" type="participant"/>
            <label from="10-8" id="66" name="ScrPart_groceries" text="vegetables" type="participant"/>
            <label from="10-11" id="67" name="ScrPart_shopper" text="I" type="participant"/>
            <label from="10-15" id="68" name="Head_of_Partitive" text="bunch" type="participant"/>
            <label from="10-17" id="69" name="ScrPart_groceries" text="bananas" type="participant"/>
            <label from="10-21" id="70" name="ScrPart_groceries" text="apples" type="participant"/>
            <label from="11-1" id="71" name="ScrPart_shopper" text="I" type="participant"/>
            <label from="11-3" id="72" name="ScrPart_shopper" text="my" type="participant"/>
            <label from="11-4" id="73" name="ScrPart_shopping_cart/basket" text="cart" type="participant"/>
            <label from="11-9" id="74" name="ScrPart_cash_desk" text="register" type="participant"/>
            <label from="11-15" id="75" name="NPart" text="minutes" type="participant"/>
            <label from="12-3" id="76" name="ScrPart_shopper" text="my" type="participant"/>
            <label from="12-4" id="77" name="ScrPart_groceries" text="items" type="participant"/>
            <label from="12-6" id="78" name="ScrPart_shopper" text="I" type="participant"/>
            <label from="12-10" id="79" name="ScrPart_shopper" text="my" type="participant"/>
            <label from="12-11" id="80" name="ScrPart_vehicle" text="car" type="participant"/>
            <label from="12-14" id="81" name="ScrPart_shopper" text="my" type="participant"/>
            <label from="12-15" id="82" name="ScrPart_groceries" text="groceries" type="participant"/>
            <label from="12-18" id="83" name="ScrPart_vehicle" text="trunk" type="participant"/>
        </participants>
        <events>
            <label from="1-5" id="84" name="RelNScrEv" text="got" type="event"/>
            <label from="1-10" id="85" name="Evoking" text="head to the grocery store" to="1-14" type="event"/>
            <label from="1-10" id="86" name="ScrEv_go_grocery" text="head" type="event"/>
            <label from="2-5" id="87" name="ScrEv_go_grocery" text="go" type="event"/>
            <label from="2-7" id="88" name="ScrEv_get_groceries" text="shop" type="event"/>
            <label from="2-20" id="89" name="ScrEv_go_grocery" text="go" type="event"/>
            <label from="3-7" id="90" name="ScrEv_go_grocery" text="headed" type="event"/>
            <label from="4-2" id="91" name="ScrEv_take_shop_cart" text="grabbed" type="event"/>
            <label from="4-8" id="92" name="ScrEv_move_section" text="went" type="event"/>
            <label from="4-18" id="93" name="UnrelEv" text="do" type="event"/>
            <label from="5-2" id="94" name="ScrEv_get_groceries" text="grabbed" type="event"/>
            <label from="5-7" id="95" name="RelNScrEv" text="needed" type="event"/>
            <label from="5-14" id="96" name="UnrelEv" text="enjoy" type="event"/>
            <label from="5-15" id="97" name="ScrEv_get_groceries" text="buying" type="event"/>
            <label from="6-5" id="98" name="ScrEv_move_section" text="skip" type="event"/>
            <label from="6-13" id="99" name="UnrelEv" text="being" type="event"/>
            <label from="7-2" id="100" name="RelNScrEv" text="buy" type="event"/>
            <label from="8-3" id="101" name="ScrEv_move_section" text="went down" to="8-4" type="event"/>
            <label from="8-3" id="102" name="ScrEv_move_section" text="went" type="event"/>
            <label from="8-10" id="103" name="ScrEv_get_groceries" text="picked up" to="8-11" type="event"/>
            <label from="8-10" id="104" name="ScrEv_get_groceries" text="picked" type="event"/>
            <label from="9-3" id="105" name="UnrelEv" text="continue" type="event"/>
            <label from="9-4" id="106" name="ScrEv_move_section" text="going up" to="9-5" type="event"/>
            <label from="9-4" id="107" name="ScrEv_move_section" text="going" type="event"/>
            <label from="9-16" id="108" name="ScrEv_get_groceries" text="pick up" to="9-17" type="event"/>
            <label from="9-16" id="109" name="ScrEv_get_groceries" text="pick" type="event"/>
            <label from="10-3" id="110" name="ScrEv_move_section" text="ended" type="event"/>
            <label from="10-12" id="111" name="ScrEv_get_groceries" text="picked up" to="10-13" type="event"/>
            <label from="10-12" id="112" name="ScrEv_get_groceries" text="picked" type="event"/>
            <label from="11-2" id="113" name="ScrEv_go_checkout" text="took" type="event"/>
            <label from="11-11" id="114" name="ScrEv_wait" text="waiting" type="event"/>
            <label from="12-2" id="115" name="ScrEv_pay" text="purchasing" type="event"/>
            <label from="12-7" id="116" name="ScrEv_leave" text="went out" to="12-8" type="event"/>
            <label from="12-7" id="117" name="ScrEv_leave" text="went" type="event"/>
            <label from="12-13" id="118" name="ScrEv_bring_vehicle" text="packed" type="event"/>
        </events>
        <chains>
            <chain elements="1 2 7 12 15 17 22 23 26 29 30 37 38 42 45 49 53 54 64 67 71 72 76 78 79 81"/>
            <chain elements="5 6 9 16"/>
            <chain elements="19 73"/>
            <chain elements="3 80 83"/>
            <chain elements="77 82"/>
            <chain elements="31 32"/>
        </chains>
    </annotations>
</story>
