<?xml version="1.0" encoding="UTF-8" standalone="no"?>
<!DOCTYPE story SYSTEM "../InScript.dtd">
<story id="031" scenario="grocery">
    <text>
        <content>The other night I went grocery shopping and first I drove my car to the store and parked in the parking lot . 
Then I walked into the store and got a shopping cart . 
I took the shopping cart and began walking down the isles while I looked at my shopping list . 
I usually write a shopping list when I go to the store to make sure that I do n't forget anything . 
I grabbed items from many different isles , like grabbing milk from the fridge at the back of the store and some cheese in the isle next to that . 
Once I got everything on my list I took the shopping cart and wheeled it over to the line for the checkout counter and my items are scanned and go down the belt to be bagged . 
Finally a bagger bags my groceries and I put them in my cart and out the door of the grocery store and put the grocery bags in my car and put the cart away in the designated shopping cart drop off point . </content>
        <sentences>
            <sentence id="1">
                <token content="The" id="1-1">
                    <pos type="DT"/>
                    <lemma type="the"/>
                </token>
                <token content="other" id="1-2">
                    <pos type="JJ"/>
                    <lemma type="other"/>
                </token>
                <token content="night" id="1-3">
                    <pos type="NN"/>
                    <lemma type="night"/>
                    <dep head="1-5" type="dep"/>
                </token>
                <token content="I" id="1-4">
                    <pos type="PRP"/>
                    <lemma type="I"/>
                    <dep head="1-5" type="nsubj"/>
                </token>
                <token content="went" id="1-5">
                    <pos type="VBD"/>
                    <lemma type="go"/>
                </token>
                <token content="grocery" id="1-6">
                    <pos type="NN"/>
                    <lemma type="grocery"/>
                </token>
                <token content="shopping" id="1-7">
                    <pos type="NN"/>
                    <lemma type="shopping"/>
                    <dep head="1-5" type="dobj"/>
                </token>
                <token content="and" id="1-8"/>
                <token content="first" id="1-9">
                    <pos type="RB"/>
                    <lemma type="first"/>
                    <dep head="1-11" type="advmod"/>
                </token>
                <token content="I" id="1-10">
                    <pos type="PRP"/>
                    <lemma type="I"/>
                    <dep head="1-11" type="nsubj"/>
                </token>
                <token content="drove" id="1-11">
                    <pos type="VBD"/>
                    <lemma type="drive"/>
                    <dep head="1-5" type="conj"/>
                </token>
                <token content="my" id="1-12">
                    <pos type="PRP$"/>
                    <lemma type="my"/>
                </token>
                <token content="car" id="1-13">
                    <pos type="NN"/>
                    <lemma type="car"/>
                    <dep head="1-11" type="dobj"/>
                </token>
                <token content="to" id="1-14"/>
                <token content="the" id="1-15">
                    <pos type="DT"/>
                    <lemma type="the"/>
                </token>
                <token content="store" id="1-16">
                    <pos type="NN"/>
                    <lemma type="store"/>
                    <dep head="1-11" type="prep"/>
                </token>
                <token content="and" id="1-17"/>
                <token content="parked" id="1-18">
                    <pos type="VBN"/>
                    <lemma type="park"/>
                    <dep head="1-11" type="conj"/>
                </token>
                <token content="in" id="1-19"/>
                <token content="the" id="1-20">
                    <pos type="DT"/>
                    <lemma type="the"/>
                </token>
                <token content="parking" id="1-21">
                    <pos type="NN"/>
                    <lemma type="parking"/>
                </token>
                <token content="lot" id="1-22">
                    <pos type="NN"/>
                    <lemma type="lot"/>
                    <dep head="1-18" type="prep"/>
                </token>
                <token content="." id="1-23"/>
            </sentence>
            <sentence id="2">
                <token content="Then" id="2-1">
                    <pos type="RB"/>
                    <lemma type="then"/>
                    <dep head="2-3" type="advmod"/>
                </token>
                <token content="I" id="2-2">
                    <pos type="PRP"/>
                    <lemma type="I"/>
                    <dep head="2-3" type="nsubj"/>
                </token>
                <token content="walked" id="2-3">
                    <pos type="VBD"/>
                    <lemma type="walk"/>
                </token>
                <token content="into" id="2-4"/>
                <token content="the" id="2-5">
                    <pos type="DT"/>
                    <lemma type="the"/>
                </token>
                <token content="store" id="2-6">
                    <pos type="NN"/>
                    <lemma type="store"/>
                    <dep head="2-3" type="prep"/>
                </token>
                <token content="and" id="2-7"/>
                <token content="got" id="2-8">
                    <pos type="VBD"/>
                    <lemma type="get"/>
                    <dep head="2-3" type="conj"/>
                </token>
                <token content="a" id="2-9">
                    <pos type="DT"/>
                    <lemma type="a"/>
                </token>
                <token content="shopping" id="2-10">
                    <pos type="VBG"/>
                    <lemma type="shop"/>
                </token>
                <token content="cart" id="2-11">
                    <pos type="NN"/>
                    <lemma type="cart"/>
                    <dep head="2-3" type="dobj"/>
                </token>
                <token content="." id="2-12"/>
            </sentence>
            <sentence id="3">
                <token content="I" id="3-1">
                    <pos type="PRP"/>
                    <lemma type="I"/>
                    <dep head="3-2" type="nsubj"/>
                </token>
                <token content="took" id="3-2">
                    <pos type="VBD"/>
                    <lemma type="take"/>
                </token>
                <token content="the" id="3-3">
                    <pos type="DT"/>
                    <lemma type="the"/>
                </token>
                <token content="shopping" id="3-4">
                    <pos type="NN"/>
                    <lemma type="shopping"/>
                </token>
                <token content="cart" id="3-5">
                    <pos type="NN"/>
                    <lemma type="cart"/>
                    <dep head="3-2" type="dobj"/>
                </token>
                <token content="and" id="3-6"/>
                <token content="began" id="3-7">
                    <pos type="VBD"/>
                    <lemma type="begin"/>
                    <dep head="3-2" type="conj"/>
                </token>
                <token content="walking" id="3-8">
                    <pos type="VBG"/>
                    <lemma type="walk"/>
                    <dep head="3-7" type="xcomp"/>
                </token>
                <token content="down" id="3-9">
                    <pos type="RP"/>
                    <lemma type="down"/>
                    <dep head="3-8" type="prt"/>
                </token>
                <token content="the" id="3-10">
                    <pos type="DT"/>
                    <lemma type="the"/>
                </token>
                <token content="isles" id="3-11">
                    <pos type="NNS"/>
                    <lemma type="isle"/>
                    <dep head="3-8" type="dobj"/>
                </token>
                <token content="while" id="3-12">
                    <pos type="IN"/>
                    <lemma type="while"/>
                    <dep head="3-14" type="mark"/>
                </token>
                <token content="I" id="3-13">
                    <pos type="PRP"/>
                    <lemma type="I"/>
                    <dep head="3-14" type="nsubj"/>
                </token>
                <token content="looked" id="3-14">
                    <pos type="VBD"/>
                    <lemma type="look"/>
                    <dep head="3-7" type="advcl"/>
                </token>
                <token content="at" id="3-15"/>
                <token content="my" id="3-16">
                    <pos type="PRP$"/>
                    <lemma type="my"/>
                </token>
                <token content="shopping" id="3-17">
                    <pos type="NN"/>
                    <lemma type="shopping"/>
                </token>
                <token content="list" id="3-18">
                    <pos type="NN"/>
                    <lemma type="list"/>
                    <dep head="3-14" type="prep"/>
                </token>
                <token content="." id="3-19"/>
            </sentence>
            <sentence id="4">
                <token content="I" id="4-1">
                    <pos type="PRP"/>
                    <lemma type="I"/>
                    <dep head="4-3" type="nsubj"/>
                </token>
                <token content="usually" id="4-2">
                    <pos type="RB"/>
                    <lemma type="usually"/>
                    <dep head="4-3" type="advmod"/>
                </token>
                <token content="write" id="4-3">
                    <pos type="VBP"/>
                    <lemma type="write"/>
                </token>
                <token content="a" id="4-4">
                    <pos type="DT"/>
                    <lemma type="a"/>
                </token>
                <token content="shopping" id="4-5">
                    <pos type="VBG"/>
                    <lemma type="shop"/>
                </token>
                <token content="list" id="4-6">
                    <pos type="NN"/>
                    <lemma type="list"/>
                    <dep head="4-3" type="dobj"/>
                </token>
                <token content="when" id="4-7">
                    <pos type="WRB"/>
                    <lemma type="when"/>
                    <dep head="4-9" type="advmod"/>
                </token>
                <token content="I" id="4-8">
                    <pos type="PRP"/>
                    <lemma type="I"/>
                    <dep head="4-9" type="nsubj"/>
                </token>
                <token content="go" id="4-9">
                    <pos type="VBP"/>
                    <lemma type="go"/>
                    <dep head="4-3" type="advcl"/>
                </token>
                <token content="to" id="4-10"/>
                <token content="the" id="4-11">
                    <pos type="DT"/>
                    <lemma type="the"/>
                </token>
                <token content="store" id="4-12">
                    <pos type="NN"/>
                    <lemma type="store"/>
                    <dep head="4-9" type="prep"/>
                </token>
                <token content="to" id="4-13">
                    <pos type="TO"/>
                    <lemma type="to"/>
                    <dep head="4-14" type="aux"/>
                </token>
                <token content="make" id="4-14">
                    <pos type="VB"/>
                    <lemma type="make"/>
                </token>
                <token content="sure" id="4-15">
                    <pos type="JJ"/>
                    <lemma type="sure"/>
                    <dep head="4-14" type="acomp"/>
                </token>
                <token content="that" id="4-16">
                    <pos type="IN"/>
                    <lemma type="that"/>
                    <dep head="4-20" type="mark"/>
                </token>
                <token content="I" id="4-17">
                    <pos type="PRP"/>
                    <lemma type="I"/>
                    <dep head="4-20" type="nsubj"/>
                </token>
                <token content="do" id="4-18">
                    <pos type="VBP"/>
                    <lemma type="do"/>
                    <dep head="4-20" type="aux"/>
                </token>
                <token content="n't" id="4-19">
                    <pos type="RB"/>
                    <lemma type="not"/>
                    <dep head="4-20" type="neg"/>
                </token>
                <token content="forget" id="4-20">
                    <pos type="VB"/>
                    <lemma type="forget"/>
                    <dep head="4-14" type="ccomp"/>
                </token>
                <token content="anything" id="4-21">
                    <pos type="NN"/>
                    <lemma type="anything"/>
                    <dep head="4-20" type="dobj"/>
                </token>
                <token content="." id="4-22"/>
            </sentence>
            <sentence id="5">
                <token content="I" id="5-1">
                    <pos type="PRP"/>
                    <lemma type="I"/>
                    <dep head="5-2" type="nsubj"/>
                </token>
                <token content="grabbed" id="5-2">
                    <pos type="VBD"/>
                    <lemma type="grab"/>
                </token>
                <token content="items" id="5-3">
                    <pos type="NNS"/>
                    <lemma type="item"/>
                    <dep head="5-2" type="dobj"/>
                </token>
                <token content="from" id="5-4"/>
                <token content="many" id="5-5">
                    <pos type="JJ"/>
                    <lemma type="many"/>
                </token>
                <token content="different" id="5-6">
                    <pos type="JJ"/>
                    <lemma type="different"/>
                </token>
                <token content="isles" id="5-7">
                    <pos type="NNS"/>
                    <lemma type="isle"/>
                    <dep head="5-2" type="prep"/>
                </token>
                <token content="," id="5-8"/>
                <token content="like" id="5-9"/>
                <token content="grabbing" id="5-10">
                    <pos type="VBG"/>
                    <lemma type="grab"/>
                    <dep head="5-2" type="prepc"/>
                </token>
                <token content="milk" id="5-11">
                    <pos type="NN"/>
                    <lemma type="milk"/>
                    <dep head="5-10" type="dobj"/>
                </token>
                <token content="from" id="5-12"/>
                <token content="the" id="5-13">
                    <pos type="DT"/>
                    <lemma type="the"/>
                </token>
                <token content="fridge" id="5-14">
                    <pos type="NN"/>
                    <lemma type="fridge"/>
                    <dep head="5-10" type="prep"/>
                </token>
                <token content="at" id="5-15"/>
                <token content="the" id="5-16">
                    <pos type="DT"/>
                    <lemma type="the"/>
                </token>
                <token content="back" id="5-17">
                    <pos type="NN"/>
                    <lemma type="back"/>
                </token>
                <token content="of" id="5-18"/>
                <token content="the" id="5-19">
                    <pos type="DT"/>
                    <lemma type="the"/>
                </token>
                <token content="store" id="5-20">
                    <pos type="NN"/>
                    <lemma type="store"/>
                </token>
                <token content="and" id="5-21"/>
                <token content="some" id="5-22">
                    <pos type="DT"/>
                    <lemma type="some"/>
                </token>
                <token content="cheese" id="5-23">
                    <pos type="NN"/>
                    <lemma type="cheese"/>
                </token>
                <token content="in" id="5-24"/>
                <token content="the" id="5-25">
                    <pos type="DT"/>
                    <lemma type="the"/>
                </token>
                <token content="isle" id="5-26">
                    <pos type="NN"/>
                    <lemma type="isle"/>
                </token>
                <token content="next" id="5-27"/>
                <token content="to" id="5-28"/>
                <token content="that" id="5-29">
                    <pos type="DT"/>
                    <lemma type="that"/>
                </token>
                <token content="." id="5-30"/>
            </sentence>
            <sentence id="6">
                <token content="Once" id="6-1">
                    <pos type="IN"/>
                    <lemma type="once"/>
                    <dep head="6-3" type="mark"/>
                </token>
                <token content="I" id="6-2">
                    <pos type="PRP"/>
                    <lemma type="I"/>
                    <dep head="6-3" type="nsubj"/>
                </token>
                <token content="got" id="6-3">
                    <pos type="VBD"/>
                    <lemma type="get"/>
                    <dep head="6-9" type="advcl"/>
                </token>
                <token content="everything" id="6-4">
                    <pos type="NN"/>
                    <lemma type="everything"/>
                    <dep head="6-3" type="dobj"/>
                </token>
                <token content="on" id="6-5"/>
                <token content="my" id="6-6">
                    <pos type="PRP$"/>
                    <lemma type="my"/>
                </token>
                <token content="list" id="6-7">
                    <pos type="NN"/>
                    <lemma type="list"/>
                    <dep head="6-3" type="prep"/>
                </token>
                <token content="I" id="6-8">
                    <pos type="PRP"/>
                    <lemma type="I"/>
                    <dep head="6-9" type="nsubj"/>
                </token>
                <token content="took" id="6-9">
                    <pos type="VBD"/>
                    <lemma type="take"/>
                </token>
                <token content="the" id="6-10">
                    <pos type="DT"/>
                    <lemma type="the"/>
                </token>
                <token content="shopping" id="6-11">
                    <pos type="NN"/>
                    <lemma type="shopping"/>
                </token>
                <token content="cart" id="6-12">
                    <pos type="NN"/>
                    <lemma type="cart"/>
                    <dep head="6-9" type="dobj"/>
                </token>
                <token content="and" id="6-13"/>
                <token content="wheeled" id="6-14">
                    <pos type="VBZ"/>
                    <lemma type="wheel"/>
                    <dep head="6-9" type="conj"/>
                </token>
                <token content="it" id="6-15">
                    <pos type="PRP"/>
                    <lemma type="it"/>
                    <dep head="6-14" type="dobj"/>
                </token>
                <token content="over" id="6-16">
                    <pos type="RP"/>
                    <lemma type="over"/>
                    <dep head="6-14" type="prt"/>
                </token>
                <token content="to" id="6-17"/>
                <token content="the" id="6-18">
                    <pos type="DT"/>
                    <lemma type="the"/>
                </token>
                <token content="line" id="6-19">
                    <pos type="NN"/>
                    <lemma type="line"/>
                    <dep head="6-14" type="prep"/>
                </token>
                <token content="for" id="6-20"/>
                <token content="the" id="6-21">
                    <pos type="DT"/>
                    <lemma type="the"/>
                </token>
                <token content="checkout" id="6-22">
                    <pos type="NN"/>
                    <lemma type="checkout"/>
                </token>
                <token content="counter" id="6-23">
                    <pos type="NN"/>
                    <lemma type="counter"/>
                </token>
                <token content="and" id="6-24"/>
                <token content="my" id="6-25">
                    <pos type="PRP$"/>
                    <lemma type="my"/>
                </token>
                <token content="items" id="6-26">
                    <pos type="NNS"/>
                    <lemma type="item"/>
                    <dep head="6-28" type="nsubjpass"/>
                </token>
                <token content="are" id="6-27">
                    <pos type="VBP"/>
                    <lemma type="be"/>
                    <dep head="6-28" type="auxpass"/>
                </token>
                <token content="scanned" id="6-28">
                    <pos type="VBN"/>
                    <lemma type="scan"/>
                    <dep head="6-9" type="conj"/>
                </token>
                <token content="and" id="6-29"/>
                <token content="go" id="6-30">
                    <pos type="VB"/>
                    <lemma type="go"/>
                    <dep head="6-28" type="conj"/>
                </token>
                <token content="down" id="6-31">
                    <pos type="RP"/>
                    <lemma type="down"/>
                    <dep head="6-30" type="prt"/>
                </token>
                <token content="the" id="6-32">
                    <pos type="DT"/>
                    <lemma type="the"/>
                </token>
                <token content="belt" id="6-33">
                    <pos type="NN"/>
                    <lemma type="belt"/>
                    <dep head="6-30" type="dobj"/>
                </token>
                <token content="to" id="6-34">
                    <pos type="TO"/>
                    <lemma type="to"/>
                    <dep head="6-36" type="aux"/>
                </token>
                <token content="be" id="6-35">
                    <pos type="VB"/>
                    <lemma type="be"/>
                    <dep head="6-36" type="auxpass"/>
                </token>
                <token content="bagged" id="6-36">
                    <pos type="VBN"/>
                    <lemma type="bag"/>
                </token>
                <token content="." id="6-37"/>
            </sentence>
            <sentence id="7">
                <token content="Finally" id="7-1">
                    <pos type="RB"/>
                    <lemma type="finally"/>
                    <dep head="7-4" type="advmod"/>
                </token>
                <token content="a" id="7-2">
                    <pos type="DT"/>
                    <lemma type="a"/>
                </token>
                <token content="bagger" id="7-3">
                    <pos type="NN"/>
                    <lemma type="bagger"/>
                    <dep head="7-4" type="nsubj"/>
                </token>
                <token content="bags" id="7-4">
                    <pos type="VBZ"/>
                    <lemma type="bag"/>
                </token>
                <token content="my" id="7-5">
                    <pos type="PRP$"/>
                    <lemma type="my"/>
                </token>
                <token content="groceries" id="7-6">
                    <pos type="NNS"/>
                    <lemma type="grocery"/>
                    <dep head="7-4" type="dobj"/>
                </token>
                <token content="and" id="7-7"/>
                <token content="I" id="7-8">
                    <pos type="PRP"/>
                    <lemma type="I"/>
                    <dep head="7-9" type="nsubj"/>
                </token>
                <token content="put" id="7-9">
                    <pos type="VB"/>
                    <lemma type="put"/>
                    <dep head="7-9" type="conj"/>
                </token>
                <token content="them" id="7-10">
                    <pos type="PRP"/>
                    <lemma type="they"/>
                    <dep head="7-9" type="dobj"/>
                </token>
                <token content="in" id="7-11"/>
                <token content="my" id="7-12">
                    <pos type="PRP$"/>
                    <lemma type="my"/>
                </token>
                <token content="cart" id="7-13">
                    <pos type="NN"/>
                    <lemma type="cart"/>
                    <dep head="7-9" type="prep"/>
                </token>
                <token content="and" id="7-14"/>
                <token content="out" id="7-15"/>
                <token content="the" id="7-16">
                    <pos type="DT"/>
                    <lemma type="the"/>
                </token>
                <token content="door" id="7-17">
                    <pos type="NN"/>
                    <lemma type="door"/>
                    <dep head="7-9" type="prep"/>
                </token>
                <token content="of" id="7-18"/>
                <token content="the" id="7-19">
                    <pos type="DT"/>
                    <lemma type="the"/>
                </token>
                <token content="grocery" id="7-20">
                    <pos type="NN"/>
                    <lemma type="grocery"/>
                </token>
                <token content="store" id="7-21">
                    <pos type="NN"/>
                    <lemma type="store"/>
                </token>
                <token content="and" id="7-22"/>
                <token content="put" id="7-23">
                    <pos type="VB"/>
                    <lemma type="put"/>
                    <dep head="7-9" type="conj"/>
                </token>
                <token content="the" id="7-24">
                    <pos type="DT"/>
                    <lemma type="the"/>
                </token>
                <token content="grocery" id="7-25">
                    <pos type="NN"/>
                    <lemma type="grocery"/>
                </token>
                <token content="bags" id="7-26">
                    <pos type="NNS"/>
                    <lemma type="bag"/>
                    <dep head="7-23" type="dobj"/>
                </token>
                <token content="in" id="7-27"/>
                <token content="my" id="7-28">
                    <pos type="PRP$"/>
                    <lemma type="my"/>
                </token>
                <token content="car" id="7-29">
                    <pos type="NN"/>
                    <lemma type="car"/>
                    <dep head="7-23" type="prep"/>
                </token>
                <token content="and" id="7-30"/>
                <token content="put" id="7-31">
                    <pos type="VB"/>
                    <lemma type="put"/>
                    <dep head="7-9" type="conj"/>
                </token>
                <token content="the" id="7-32">
                    <pos type="DT"/>
                    <lemma type="the"/>
                </token>
                <token content="cart" id="7-33">
                    <pos type="NN"/>
                    <lemma type="cart"/>
                    <dep head="7-31" type="dobj"/>
                </token>
                <token content="away" id="7-34">
                    <pos type="RP"/>
                    <lemma type="away"/>
                    <dep head="7-31" type="prt"/>
                </token>
                <token content="in" id="7-35"/>
                <token content="the" id="7-36">
                    <pos type="DT"/>
                    <lemma type="the"/>
                </token>
                <token content="designated" id="7-37">
                    <pos type="VBN"/>
                    <lemma type="designate"/>
                </token>
                <token content="shopping" id="7-38">
                    <pos type="NN"/>
                    <lemma type="shopping"/>
                </token>
                <token content="cart" id="7-39">
                    <pos type="NN"/>
                    <lemma type="cart"/>
                </token>
                <token content="drop" id="7-40">
                    <pos type="NN"/>
                    <lemma type="drop"/>
                    <dep head="7-31" type="prep"/>
                </token>
                <token content="off" id="7-41"/>
                <token content="point" id="7-42">
                    <pos type="NN"/>
                    <lemma type="point"/>
                </token>
                <token content="." id="7-43"/>
            </sentence>
        </sentences>
    </text>
    <annotations>
        <participants>
            <label from="1-3" id="0" name="NPart" text="night" type="participant"/>
            <label from="1-4" id="1" name="ScrPart_shopper" text="I" type="participant"/>
            <label from="1-6" id="2" name="ScrPart_groceries" text="grocery" type="participant"/>
            <label from="1-10" id="3" name="ScrPart_shopper" text="I" type="participant"/>
            <label from="1-12" id="4" name="ScrPart_shopper" text="my" type="participant"/>
            <label from="1-13" id="5" name="ScrPart_vehicle" text="car" type="participant"/>
            <label from="1-16" id="6" name="ScrPart_grocery_shop" text="store" type="participant"/>
            <label from="1-21" id="7" name="NPart" text="parking lot" to="1-22" type="participant"/>
            <label from="1-22" id="8" name="NPart" text="lot" type="participant"/>
            <label from="2-2" id="9" name="ScrPart_shopper" text="I" type="participant"/>
            <label from="2-6" id="10" name="ScrPart_grocery_shop" text="store" type="participant"/>
            <label from="2-10" id="11" name="ScrPart_shopping_cart/basket" text="shopping cart" to="2-11" type="participant"/>
            <label from="2-11" id="12" name="ScrPart_shopping_cart/basket" text="cart" type="participant"/>
            <label from="3-1" id="13" name="ScrPart_shopper" text="I" type="participant"/>
            <label from="3-4" id="14" name="ScrPart_shopping_cart/basket" text="shopping cart" to="3-5" type="participant"/>
            <label from="3-5" id="15" name="ScrPart_shopping_cart/basket" text="cart" type="participant"/>
            <label from="3-11" id="16" name="ScrPart_section" text="isles" type="participant"/>
            <label from="3-13" id="17" name="ScrPart_shopper" text="I" type="participant"/>
            <label from="3-16" id="18" name="ScrPart_shopper" text="my" type="participant"/>
            <label from="3-17" id="19" name="ScrPart_grocery_list" text="shopping list" to="3-18" type="participant"/>
            <label from="3-18" id="20" name="ScrPart_grocery_list" text="list" type="participant"/>
            <label from="4-1" id="21" name="ScrPart_shopper" text="I" type="participant"/>
            <label from="4-5" id="22" name="ScrPart_grocery_list" text="shopping list" to="4-6" type="participant"/>
            <label from="4-6" id="23" name="ScrPart_grocery_list" text="list" type="participant"/>
            <label from="4-8" id="24" name="ScrPart_shopper" text="I" type="participant"/>
            <label from="4-12" id="25" name="ScrPart_grocery_shop" text="store" type="participant"/>
            <label from="4-17" id="26" name="ScrPart_shopper" text="I" type="participant"/>
            <label from="4-21" id="27" name="ScrPart_groceries" text="anything" type="participant"/>
            <label from="5-1" id="28" name="ScrPart_shopper" text="I" type="participant"/>
            <label from="5-3" id="29" name="ScrPart_groceries" text="items" type="participant"/>
            <label from="5-7" id="30" name="ScrPart_section" text="isles" type="participant"/>
            <label from="5-11" id="31" name="ScrPart_groceries" text="milk" type="participant"/>
            <label from="5-14" id="32" name="NPart" text="fridge" type="participant"/>
            <label from="5-17" id="33" name="NPart" text="back" type="participant"/>
            <label from="5-20" id="34" name="ScrPart_grocery_shop" text="store" type="participant"/>
            <label from="5-23" id="35" name="ScrPart_groceries" text="cheese" type="participant"/>
            <label from="5-26" id="36" name="ScrPart_section" text="isle" type="participant"/>
            <label from="6-2" id="37" name="ScrPart_shopper" text="I" type="participant"/>
            <label from="6-4" id="38" name="ScrPart_groceries" text="everything" type="participant"/>
            <label from="6-6" id="39" name="ScrPart_shopper" text="my" type="participant"/>
            <label from="6-7" id="40" name="ScrPart_grocery_list" text="list" type="participant"/>
            <label from="6-8" id="41" name="ScrPart_shopper" text="I" type="participant"/>
            <label from="6-11" id="42" name="ScrPart_shopping_cart/basket" text="shopping cart" to="6-12" type="participant"/>
            <label from="6-12" id="43" name="ScrPart_shopping_cart/basket" text="cart" type="participant"/>
            <label from="6-15" id="44" name="ScrPart_shopping_cart/basket" text="it" type="participant"/>
            <label from="6-19" id="45" name="ScrPart_line" text="line" type="participant"/>
            <label from="6-22" id="46" name="ScrPart_cash_desk" text="checkout counter" to="6-23" type="participant"/>
            <label from="6-23" id="47" name="ScrPart_cash_desk" text="counter" type="participant"/>
            <label from="6-25" id="48" name="ScrPart_shopper" text="my" type="participant"/>
            <label from="6-26" id="49" name="ScrPart_groceries" text="items" type="participant"/>
            <label from="6-33" id="50" name="ScrPart_conveyor_belt" text="belt" type="participant"/>
            <label from="7-3" id="51" name="ScrPart_grocery_staff" text="bagger" type="participant"/>
            <label from="7-5" id="52" name="ScrPart_shopper" text="my" type="participant"/>
            <label from="7-6" id="53" name="ScrPart_groceries" text="groceries" type="participant"/>
            <label from="7-8" id="54" name="ScrPart_shopper" text="I" type="participant"/>
            <label from="7-10" id="55" name="ScrPart_groceries" text="them" type="participant"/>
            <label from="7-12" id="56" name="ScrPart_shopper" text="my" type="participant"/>
            <label from="7-13" id="57" name="ScrPart_shopping_cart/basket" text="cart" type="participant"/>
            <label from="7-17" id="58" name="NPart" text="door" type="participant"/>
            <label from="7-20" id="59" name="ScrPart_grocery_shop" text="grocery store" to="7-21" type="participant"/>
            <label from="7-21" id="60" name="ScrPart_grocery_shop" text="store" type="participant"/>
            <label from="7-25" id="61" name="ScrPart_shopping_bags" text="grocery bags" to="7-26" type="participant"/>
            <label from="7-26" id="62" name="ScrPart_shopping_bags" text="bags" type="participant"/>
            <label from="7-28" id="63" name="ScrPart_shopper" text="my" type="participant"/>
            <label from="7-29" id="64" name="ScrPart_vehicle" text="car" type="participant"/>
            <label from="7-33" id="65" name="ScrPart_shopping_cart/basket" text="cart" type="participant"/>
            <label from="7-38" id="66" name="ScrPart_shopping_cart/basket" text="shopping cart" to="7-39" type="participant"/>
            <label from="7-39" id="67" name="ScrPart_shopping_cart/basket" text="cart" type="participant"/>
            <label from="7-42" id="68" name="NPart" text="point" type="participant"/>
        </participants>
        <events>
            <label from="1-5" id="69" name="Evoking" text="went grocery shopping" to="1-7" type="event"/>
            <label from="1-7" id="70" name="ScrEv_get_groceries" text="shopping" type="event"/>
            <label from="1-11" id="71" name="ScrEv_go_grocery" text="drove" type="event"/>
            <label from="1-18" id="72" name="RelNScrEv" text="parked" type="event"/>
            <label from="2-3" id="73" name="ScrEv_enter" text="walked" type="event"/>
            <label from="2-8" id="74" name="ScrEv_take_shop_cart" text="got" type="event"/>
            <label from="3-2" id="75" name="ScrEv_take_shop_cart" text="took" type="event"/>
            <label from="3-7" id="76" name="UnrelEv" text="began" type="event"/>
            <label from="3-8" id="77" name="ScrEv_move_section" text="walking down" to="3-9" type="event"/>
            <label from="3-14" id="78" name="RelNScrEv" text="looked at" to="3-15" type="event"/>
            <label from="4-3" id="79" name="ScrEv_make_list" text="write" type="event"/>
            <label from="4-9" id="80" name="Evoking" text="go to the store" to="4-12" type="event"/>
            <label from="4-14" id="81" name="ScrEv_check_list" text="make sure" to="4-15" type="event"/>
            <label from="4-20" id="82" name="RelNScrEv" text="forget" type="event"/>
            <label from="5-2" id="83" name="ScrEv_get_groceries" text="grabbed" type="event"/>
            <label from="5-10" id="84" name="ScrEv_get_groceries" text="grabbing" type="event"/>
            <label from="6-3" id="85" name="ScrEv_get_groceries" text="got" type="event"/>
            <label from="6-9" id="86" name="RelNScrEv" text="took" type="event"/>
            <label from="6-14" id="87" name="ScrEv_go_checkout" text="wheeled" type="event"/>
            <label from="6-28" id="88" name="ScrEv_cashier_scan/weight" text="scanned" type="event"/>
            <label from="6-30" id="89" name="ScrEv_cashier_scan/weight" text="go down" to="6-31" type="event"/>
            <label from="6-36" id="90" name="ScrEv_pack_groceries" text="bagged" type="event"/>
            <label from="7-4" id="91" name="ScrEv_pack_groceries" text="bags" type="event"/>
            <label from="7-9" id="92" name="RelNScrEv" text="put" type="event"/>
            <label from="7-23" id="93" name="ScrEv_bring_vehicle" text="put" type="event"/>
            <label from="7-31" id="94" name="ScrEv_return_shop_cart" text="put" type="event"/>
            <label from="7-37" id="95" name="UnrelEv" text="designated" type="event"/>
            <label from="7-40" id="96" name="ScrEv_return_shop_cart" text="drop off" to="7-41" type="event"/>
        </events>
        <chains>
            <chain elements="3 1 4 9 13 17 18 21 24 26 28 37 39 41 48 52 54 56 63"/>
            <chain elements="64 5"/>
            <chain elements="10 6 25 34 60"/>
            <chain elements="15 12 43 44 57 65 67"/>
            <chain elements="30 16 36"/>
            <chain elements="23 20 40"/>
            <chain elements="29 27 38 49 53 55 2"/>
        </chains>
    </annotations>
</story>
