<?xml version="1.0" encoding="UTF-8" standalone="no"?>
<!DOCTYPE story SYSTEM "../InScript.dtd">
<story id="077" scenario="grocery">
    <text>
        <content>Today is grocery day , I go every Thursday . 
I check the paper on Wednesday and try to to match all the coupons I can to each sale . 
I grab my coupon book and head it to the store . 
AS I walk in there are item s stack that are unadvertised deals and I check the out to see if I need anything . 
I walk into the store and the way it is laid out I can easily find the items that I need pretty quickly , grocery shopping is not my favorite past time , I go to the deli counter and get lunch meat for help yourself nights and school lunches . 
I then head to the meat department to get some chicken and a roast for Sunday . 
Now time for the isles and my coupon matches , I head down each isle relativity quickly since I already know pretty much what I am going to buy and how much of it I need . 
I finish each isle and have all of my necessities . 
I go over to the bakery to see what they have on sale today and see a large carrot roll with cream cheese filling . 
So I place that in my cart and head for the checkout isle . 
I place all my purchases on the belt near the cashier and watch as each one is scanned , She totals my purchase and I pay for them . 
As I leave the store I look at my watch and realize it took me much less time as usual . 
Now I can enjoy the rest of my day ! </content>
        <sentences>
            <sentence id="1">
                <token content="Today" id="1-1">
                    <pos type="NNP"/>
                    <lemma type="Today"/>
                </token>
                <token content="is" id="1-2">
                    <pos type="VBZ"/>
                    <lemma type="be"/>
                </token>
                <token content="grocery" id="1-3">
                    <pos type="NN"/>
                    <lemma type="grocery"/>
                </token>
                <token content="day" id="1-4">
                    <pos type="NN"/>
                    <lemma type="day"/>
                    <dep head="1-7" type="ccomp"/>
                </token>
                <token content="," id="1-5"/>
                <token content="I" id="1-6">
                    <pos type="PRP"/>
                    <lemma type="I"/>
                    <dep head="1-7" type="nsubj"/>
                </token>
                <token content="go" id="1-7">
                    <pos type="VBP"/>
                    <lemma type="go"/>
                </token>
                <token content="every" id="1-8">
                    <pos type="DT"/>
                    <lemma type="every"/>
                </token>
                <token content="Thursday" id="1-9">
                    <pos type="NNP"/>
                    <lemma type="Thursday"/>
                    <dep head="1-7" type="tmod"/>
                </token>
                <token content="." id="1-10"/>
            </sentence>
            <sentence id="2">
                <token content="I" id="2-1">
                    <pos type="PRP"/>
                    <lemma type="I"/>
                    <dep head="2-2" type="nsubj"/>
                </token>
                <token content="check" id="2-2">
                    <pos type="VBP"/>
                    <lemma type="check"/>
                </token>
                <token content="the" id="2-3">
                    <pos type="DT"/>
                    <lemma type="the"/>
                </token>
                <token content="paper" id="2-4">
                    <pos type="NN"/>
                    <lemma type="paper"/>
                    <dep head="2-2" type="dobj"/>
                </token>
                <token content="on" id="2-5"/>
                <token content="Wednesday" id="2-6">
                    <pos type="NNP"/>
                    <lemma type="Wednesday"/>
                    <dep head="2-2" type="prep"/>
                </token>
                <token content="and" id="2-7"/>
                <token content="try" id="2-8">
                    <pos type="VBP"/>
                    <lemma type="try"/>
                    <dep head="2-2" type="conj"/>
                </token>
                <token content="to" id="2-9">
                    <pos type="TO"/>
                    <lemma type="to"/>
                    <dep head="2-8" type="xcomp"/>
                </token>
                <token content="to" id="2-10">
                    <pos type="TO"/>
                    <lemma type="to"/>
                    <dep head="2-11" type="aux"/>
                </token>
                <token content="match" id="2-11">
                    <pos type="VB"/>
                    <lemma type="match"/>
                </token>
                <token content="all" id="2-12">
                    <pos type="PDT"/>
                    <lemma type="all"/>
                </token>
                <token content="the" id="2-13">
                    <pos type="DT"/>
                    <lemma type="the"/>
                </token>
                <token content="coupons" id="2-14">
                    <pos type="NNS"/>
                    <lemma type="coupon"/>
                    <dep head="2-11" type="dobj"/>
                </token>
                <token content="I" id="2-15">
                    <pos type="PRP"/>
                    <lemma type="I"/>
                </token>
                <token content="can" id="2-16">
                    <pos type="MD"/>
                    <lemma type="can"/>
                </token>
                <token content="to" id="2-17"/>
                <token content="each" id="2-18">
                    <pos type="DT"/>
                    <lemma type="each"/>
                </token>
                <token content="sale" id="2-19">
                    <pos type="NN"/>
                    <lemma type="sale"/>
                </token>
                <token content="." id="2-20"/>
            </sentence>
            <sentence id="3">
                <token content="I" id="3-1">
                    <pos type="PRP"/>
                    <lemma type="I"/>
                    <dep head="3-2" type="nsubj"/>
                </token>
                <token content="grab" id="3-2">
                    <pos type="VBP"/>
                    <lemma type="grab"/>
                </token>
                <token content="my" id="3-3">
                    <pos type="PRP$"/>
                    <lemma type="my"/>
                </token>
                <token content="coupon" id="3-4">
                    <pos type="NN"/>
                    <lemma type="coupon"/>
                </token>
                <token content="book" id="3-5">
                    <pos type="NN"/>
                    <lemma type="book"/>
                    <dep head="3-2" type="dobj"/>
                </token>
                <token content="and" id="3-6"/>
                <token content="head" id="3-7">
                    <pos type="VBP"/>
                    <lemma type="head"/>
                    <dep head="3-2" type="conj"/>
                </token>
                <token content="it" id="3-8">
                    <pos type="PRP"/>
                    <lemma type="it"/>
                    <dep head="3-7" type="dobj"/>
                </token>
                <token content="to" id="3-9"/>
                <token content="the" id="3-10">
                    <pos type="DT"/>
                    <lemma type="the"/>
                </token>
                <token content="store" id="3-11">
                    <pos type="NN"/>
                    <lemma type="store"/>
                    <dep head="3-7" type="prep"/>
                </token>
                <token content="." id="3-12"/>
            </sentence>
            <sentence id="4">
                <token content="AS" id="4-1">
                    <pos type="NNP"/>
                    <lemma type="AS"/>
                    <dep head="4-8" type="nsubj"/>
                </token>
                <token content="I" id="4-2">
                    <pos type="PRP"/>
                    <lemma type="I"/>
                    <dep head="4-3" type="nsubj"/>
                </token>
                <token content="walk" id="4-3">
                    <pos type="VBP"/>
                    <lemma type="walk"/>
                </token>
                <token content="in" id="4-4">
                    <pos type="IN"/>
                    <lemma type="in"/>
                    <dep head="4-6" type="mark"/>
                </token>
                <token content="there" id="4-5">
                    <pos type="EX"/>
                    <lemma type="there"/>
                    <dep head="4-6" type="expl"/>
                </token>
                <token content="are" id="4-6">
                    <pos type="VBP"/>
                    <lemma type="be"/>
                    <dep head="4-3" type="advcl"/>
                </token>
                <token content="item" id="4-7">
                    <pos type="NN"/>
                    <lemma type="item"/>
                    <dep head="4-6" type="nsubj"/>
                </token>
                <token content="s" id="4-8">
                    <pos type="VBZ"/>
                    <lemma type="s"/>
                </token>
                <token content="stack" id="4-9">
                    <pos type="NNP"/>
                    <lemma type="stack"/>
                    <dep head="4-8" type="dep"/>
                </token>
                <token content="that" id="4-10">
                    <pos type="WDT"/>
                    <lemma type="that"/>
                    <dep head="4-12" type="nsubjpass"/>
                </token>
                <token content="are" id="4-11">
                    <pos type="VBP"/>
                    <lemma type="be"/>
                    <dep head="4-12" type="auxpass"/>
                </token>
                <token content="unadvertised" id="4-12">
                    <pos type="VBN"/>
                    <lemma type="unadvertise"/>
                </token>
                <token content="deals" id="4-13">
                    <pos type="NNS"/>
                    <lemma type="deal"/>
                    <dep head="4-12" type="dobj"/>
                </token>
                <token content="and" id="4-14"/>
                <token content="I" id="4-15">
                    <pos type="PRP"/>
                    <lemma type="I"/>
                    <dep head="4-16" type="nsubj"/>
                </token>
                <token content="check" id="4-16">
                    <pos type="VBP"/>
                    <lemma type="check"/>
                    <dep head="4-8" type="conj"/>
                </token>
                <token content="the" id="4-17">
                    <pos type="DT"/>
                    <lemma type="the"/>
                </token>
                <token content="out" id="4-18">
                    <pos type="IN"/>
                    <lemma type="out"/>
                </token>
                <token content="to" id="4-19">
                    <pos type="TO"/>
                    <lemma type="to"/>
                    <dep head="4-20" type="aux"/>
                </token>
                <token content="see" id="4-20">
                    <pos type="VB"/>
                    <lemma type="see"/>
                </token>
                <token content="if" id="4-21">
                    <pos type="IN"/>
                    <lemma type="if"/>
                    <dep head="4-23" type="mark"/>
                </token>
                <token content="I" id="4-22">
                    <pos type="PRP"/>
                    <lemma type="I"/>
                    <dep head="4-23" type="nsubj"/>
                </token>
                <token content="need" id="4-23">
                    <pos type="VBP"/>
                    <lemma type="need"/>
                    <dep head="4-20" type="advcl"/>
                </token>
                <token content="anything" id="4-24">
                    <pos type="NN"/>
                    <lemma type="anything"/>
                    <dep head="4-16" type="dobj"/>
                </token>
                <token content="." id="4-25"/>
            </sentence>
            <sentence id="5">
                <token content="I" id="5-1">
                    <pos type="PRP"/>
                    <lemma type="I"/>
                    <dep head="5-2" type="nsubj"/>
                </token>
                <token content="walk" id="5-2">
                    <pos type="VBP"/>
                    <lemma type="walk"/>
                </token>
                <token content="into" id="5-3"/>
                <token content="the" id="5-4">
                    <pos type="DT"/>
                    <lemma type="the"/>
                </token>
                <token content="store" id="5-5">
                    <pos type="NN"/>
                    <lemma type="store"/>
                    <dep head="5-2" type="prep"/>
                </token>
                <token content="and" id="5-6"/>
                <token content="the" id="5-7">
                    <pos type="DT"/>
                    <lemma type="the"/>
                </token>
                <token content="way" id="5-8">
                    <pos type="NN"/>
                    <lemma type="way"/>
                    <dep head="5-16" type="nsubj"/>
                </token>
                <token content="it" id="5-9">
                    <pos type="PRP"/>
                    <lemma type="it"/>
                    <dep head="5-11" type="nsubjpass"/>
                </token>
                <token content="is" id="5-10">
                    <pos type="VBZ"/>
                    <lemma type="be"/>
                    <dep head="5-11" type="auxpass"/>
                </token>
                <token content="laid" id="5-11">
                    <pos type="VBN"/>
                    <lemma type="lay"/>
                </token>
                <token content="out" id="5-12">
                    <pos type="RP"/>
                    <lemma type="out"/>
                    <dep head="5-11" type="prt"/>
                </token>
                <token content="I" id="5-13">
                    <pos type="PRP"/>
                    <lemma type="I"/>
                    <dep head="5-11" type="dobj"/>
                </token>
                <token content="can" id="5-14">
                    <pos type="MD"/>
                    <lemma type="can"/>
                    <dep head="5-16" type="aux"/>
                </token>
                <token content="easily" id="5-15">
                    <pos type="RB"/>
                    <lemma type="easily"/>
                    <dep head="5-16" type="advmod"/>
                </token>
                <token content="find" id="5-16">
                    <pos type="VB"/>
                    <lemma type="find"/>
                    <dep head="5-2" type="conj"/>
                </token>
                <token content="the" id="5-17">
                    <pos type="DT"/>
                    <lemma type="the"/>
                </token>
                <token content="items" id="5-18">
                    <pos type="NNS"/>
                    <lemma type="item"/>
                    <dep head="5-16" type="dobj"/>
                </token>
                <token content="that" id="5-19">
                    <pos type="IN"/>
                    <lemma type="that"/>
                    <dep head="5-21" type="mark"/>
                </token>
                <token content="I" id="5-20">
                    <pos type="PRP"/>
                    <lemma type="I"/>
                    <dep head="5-21" type="nsubj"/>
                </token>
                <token content="need" id="5-21">
                    <pos type="VBP"/>
                    <lemma type="need"/>
                    <dep head="5-16" type="ccomp"/>
                </token>
                <token content="pretty" id="5-22">
                    <pos type="RB"/>
                    <lemma type="pretty"/>
                </token>
                <token content="quickly" id="5-23">
                    <pos type="RB"/>
                    <lemma type="quickly"/>
                    <dep head="5-21" type="advmod"/>
                </token>
                <token content="," id="5-24"/>
                <token content="grocery" id="5-25">
                    <pos type="NN"/>
                    <lemma type="grocery"/>
                </token>
                <token content="shopping" id="5-26">
                    <pos type="NN"/>
                    <lemma type="shopping"/>
                </token>
                <token content="is" id="5-27">
                    <pos type="VBZ"/>
                    <lemma type="be"/>
                </token>
                <token content="not" id="5-28">
                    <pos type="RB"/>
                    <lemma type="not"/>
                </token>
                <token content="my" id="5-29">
                    <pos type="PRP$"/>
                    <lemma type="my"/>
                </token>
                <token content="favorite" id="5-30">
                    <pos type="JJ"/>
                    <lemma type="favorite"/>
                </token>
                <token content="past" id="5-31">
                    <pos type="JJ"/>
                    <lemma type="past"/>
                </token>
                <token content="time" id="5-32">
                    <pos type="NN"/>
                    <lemma type="time"/>
                    <dep head="5-2" type="ccomp"/>
                </token>
                <token content="," id="5-33"/>
                <token content="I" id="5-34">
                    <pos type="PRP"/>
                    <lemma type="I"/>
                    <dep head="5-35" type="nsubj"/>
                </token>
                <token content="go" id="5-35">
                    <pos type="VB"/>
                    <lemma type="go"/>
                    <dep head="5-2" type="dep"/>
                </token>
                <token content="to" id="5-36"/>
                <token content="the" id="5-37">
                    <pos type="DT"/>
                    <lemma type="the"/>
                </token>
                <token content="deli" id="5-38">
                    <pos type="NNS"/>
                    <lemma type="deli"/>
                </token>
                <token content="counter" id="5-39">
                    <pos type="NN"/>
                    <lemma type="counter"/>
                    <dep head="5-35" type="prep"/>
                </token>
                <token content="and" id="5-40"/>
                <token content="get" id="5-41">
                    <pos type="VB"/>
                    <lemma type="get"/>
                    <dep head="5-35" type="conj"/>
                </token>
                <token content="lunch" id="5-42">
                    <pos type="NN"/>
                    <lemma type="lunch"/>
                </token>
                <token content="meat" id="5-43">
                    <pos type="NN"/>
                    <lemma type="meat"/>
                    <dep head="5-41" type="dobj"/>
                </token>
                <token content="for" id="5-44"/>
                <token content="help" id="5-45">
                    <pos type="NN"/>
                    <lemma type="help"/>
                    <dep head="5-41" type="prep"/>
                </token>
                <token content="yourself" id="5-46">
                    <pos type="CD"/>
                    <lemma type="yourself"/>
                </token>
                <token content="nights" id="5-47">
                    <pos type="NNS"/>
                    <lemma type="night"/>
                    <dep head="5-41" type="tmod"/>
                </token>
                <token content="and" id="5-48"/>
                <token content="school" id="5-49">
                    <pos type="NN"/>
                    <lemma type="school"/>
                    <dep head="5-50" type="nsubj"/>
                </token>
                <token content="lunches" id="5-50">
                    <pos type="VBZ"/>
                    <lemma type="lunch"/>
                    <dep head="5-2" type="conj"/>
                </token>
                <token content="." id="5-51"/>
            </sentence>
            <sentence id="6">
                <token content="I" id="6-1">
                    <pos type="PRP"/>
                    <lemma type="I"/>
                    <dep head="6-3" type="nsubj"/>
                </token>
                <token content="then" id="6-2">
                    <pos type="RB"/>
                    <lemma type="then"/>
                    <dep head="6-3" type="advmod"/>
                </token>
                <token content="head" id="6-3">
                    <pos type="VBP"/>
                    <lemma type="head"/>
                </token>
                <token content="to" id="6-4"/>
                <token content="the" id="6-5">
                    <pos type="DT"/>
                    <lemma type="the"/>
                </token>
                <token content="meat" id="6-6">
                    <pos type="NN"/>
                    <lemma type="meat"/>
                </token>
                <token content="department" id="6-7">
                    <pos type="NN"/>
                    <lemma type="department"/>
                    <dep head="6-3" type="prep"/>
                </token>
                <token content="to" id="6-8">
                    <pos type="TO"/>
                    <lemma type="to"/>
                    <dep head="6-9" type="aux"/>
                </token>
                <token content="get" id="6-9">
                    <pos type="VB"/>
                    <lemma type="get"/>
                    <dep head="6-3" type="xcomp"/>
                </token>
                <token content="some" id="6-10">
                    <pos type="DT"/>
                    <lemma type="some"/>
                </token>
                <token content="chicken" id="6-11">
                    <pos type="NN"/>
                    <lemma type="chicken"/>
                    <dep head="6-9" type="dobj"/>
                </token>
                <token content="and" id="6-12"/>
                <token content="a" id="6-13">
                    <pos type="DT"/>
                    <lemma type="a"/>
                </token>
                <token content="roast" id="6-14">
                    <pos type="NN"/>
                    <lemma type="roast"/>
                </token>
                <token content="for" id="6-15"/>
                <token content="Sunday" id="6-16">
                    <pos type="NNP"/>
                    <lemma type="Sunday"/>
                    <dep head="6-9" type="prep"/>
                </token>
                <token content="." id="6-17"/>
            </sentence>
            <sentence id="7">
                <token content="Now" id="7-1">
                    <pos type="RB"/>
                    <lemma type="now"/>
                    <dep head="7-9" type="advmod"/>
                </token>
                <token content="time" id="7-2">
                    <pos type="NN"/>
                    <lemma type="time"/>
                    <dep head="7-9" type="nsubj"/>
                </token>
                <token content="for" id="7-3"/>
                <token content="the" id="7-4">
                    <pos type="DT"/>
                    <lemma type="the"/>
                </token>
                <token content="isles" id="7-5">
                    <pos type="NNS"/>
                    <lemma type="isle"/>
                </token>
                <token content="and" id="7-6"/>
                <token content="my" id="7-7">
                    <pos type="PRP$"/>
                    <lemma type="my"/>
                </token>
                <token content="coupon" id="7-8">
                    <pos type="NN"/>
                    <lemma type="coupon"/>
                </token>
                <token content="matches" id="7-9">
                    <pos type="VBZ"/>
                    <lemma type="match"/>
                    <dep head="7-12" type="advcl"/>
                </token>
                <token content="," id="7-10"/>
                <token content="I" id="7-11">
                    <pos type="PRP"/>
                    <lemma type="I"/>
                    <dep head="7-12" type="nsubj"/>
                </token>
                <token content="head" id="7-12">
                    <pos type="VBP"/>
                    <lemma type="head"/>
                </token>
                <token content="down" id="7-13">
                    <pos type="RP"/>
                    <lemma type="down"/>
                    <dep head="7-12" type="prt"/>
                </token>
                <token content="each" id="7-14">
                    <pos type="DT"/>
                    <lemma type="each"/>
                </token>
                <token content="isle" id="7-15">
                    <pos type="JJ"/>
                    <lemma type="isle"/>
                </token>
                <token content="relativity" id="7-16">
                    <pos type="NN"/>
                    <lemma type="relativity"/>
                    <dep head="7-12" type="dobj"/>
                </token>
                <token content="quickly" id="7-17">
                    <pos type="RB"/>
                    <lemma type="quickly"/>
                    <dep head="7-21" type="advmod"/>
                </token>
                <token content="since" id="7-18">
                    <pos type="IN"/>
                    <lemma type="since"/>
                    <dep head="7-21" type="mark"/>
                </token>
                <token content="I" id="7-19">
                    <pos type="PRP"/>
                    <lemma type="I"/>
                    <dep head="7-21" type="nsubj"/>
                </token>
                <token content="already" id="7-20">
                    <pos type="RB"/>
                    <lemma type="already"/>
                    <dep head="7-21" type="advmod"/>
                </token>
                <token content="know" id="7-21">
                    <pos type="VBP"/>
                    <lemma type="know"/>
                    <dep head="7-12" type="advcl"/>
                </token>
                <token content="pretty" id="7-22">
                    <pos type="RB"/>
                    <lemma type="pretty"/>
                </token>
                <token content="much" id="7-23">
                    <pos type="RB"/>
                    <lemma type="much"/>
                    <dep head="7-21" type="advmod"/>
                </token>
                <token content="what" id="7-24">
                    <pos type="WP"/>
                    <lemma type="what"/>
                    <dep head="7-27" type="dobj"/>
                </token>
                <token content="I" id="7-25">
                    <pos type="PRP"/>
                    <lemma type="I"/>
                    <dep head="7-27" type="nsubj"/>
                </token>
                <token content="am" id="7-26">
                    <pos type="VBP"/>
                    <lemma type="be"/>
                    <dep head="7-27" type="aux"/>
                </token>
                <token content="going" id="7-27">
                    <pos type="VBG"/>
                    <lemma type="go"/>
                    <dep head="7-21" type="dep"/>
                </token>
                <token content="to" id="7-28">
                    <pos type="TO"/>
                    <lemma type="to"/>
                    <dep head="7-29" type="aux"/>
                </token>
                <token content="buy" id="7-29">
                    <pos type="VB"/>
                    <lemma type="buy"/>
                    <dep head="7-27" type="xcomp"/>
                </token>
                <token content="and" id="7-30"/>
                <token content="how" id="7-31">
                    <pos type="WRB"/>
                    <lemma type="how"/>
                </token>
                <token content="much" id="7-32">
                    <pos type="RB"/>
                    <lemma type="much"/>
                    <dep head="7-36" type="dobj"/>
                </token>
                <token content="of" id="7-33"/>
                <token content="it" id="7-34">
                    <pos type="PRP"/>
                    <lemma type="it"/>
                </token>
                <token content="I" id="7-35">
                    <pos type="PRP"/>
                    <lemma type="I"/>
                    <dep head="7-36" type="nsubj"/>
                </token>
                <token content="need" id="7-36">
                    <pos type="VBP"/>
                    <lemma type="need"/>
                    <dep head="7-27" type="conj"/>
                </token>
                <token content="." id="7-37"/>
            </sentence>
            <sentence id="8">
                <token content="I" id="8-1">
                    <pos type="PRP"/>
                    <lemma type="I"/>
                    <dep head="8-2" type="nsubj"/>
                </token>
                <token content="finish" id="8-2">
                    <pos type="VBP"/>
                    <lemma type="finish"/>
                </token>
                <token content="each" id="8-3">
                    <pos type="DT"/>
                    <lemma type="each"/>
                </token>
                <token content="isle" id="8-4">
                    <pos type="NN"/>
                    <lemma type="isle"/>
                    <dep head="8-2" type="dobj"/>
                </token>
                <token content="and" id="8-5"/>
                <token content="have" id="8-6">
                    <pos type="VBP"/>
                    <lemma type="have"/>
                    <dep head="8-2" type="conj"/>
                </token>
                <token content="all" id="8-7">
                    <pos type="DT"/>
                    <lemma type="all"/>
                    <dep head="8-6" type="dobj"/>
                </token>
                <token content="of" id="8-8"/>
                <token content="my" id="8-9">
                    <pos type="PRP$"/>
                    <lemma type="my"/>
                </token>
                <token content="necessities" id="8-10">
                    <pos type="NNS"/>
                    <lemma type="necessity"/>
                </token>
                <token content="." id="8-11"/>
            </sentence>
            <sentence id="9">
                <token content="I" id="9-1">
                    <pos type="PRP"/>
                    <lemma type="I"/>
                    <dep head="9-2" type="nsubj"/>
                </token>
                <token content="go" id="9-2">
                    <pos type="VBP"/>
                    <lemma type="go"/>
                </token>
                <token content="over" id="9-3">
                    <pos type="RP"/>
                    <lemma type="over"/>
                    <dep head="9-2" type="prt"/>
                </token>
                <token content="to" id="9-4"/>
                <token content="the" id="9-5">
                    <pos type="DT"/>
                    <lemma type="the"/>
                </token>
                <token content="bakery" id="9-6">
                    <pos type="NN"/>
                    <lemma type="bakery"/>
                    <dep head="9-2" type="prep"/>
                </token>
                <token content="to" id="9-7">
                    <pos type="TO"/>
                    <lemma type="to"/>
                    <dep head="9-8" type="aux"/>
                </token>
                <token content="see" id="9-8">
                    <pos type="VB"/>
                    <lemma type="see"/>
                </token>
                <token content="what" id="9-9">
                    <pos type="WP"/>
                    <lemma type="what"/>
                </token>
                <token content="they" id="9-10">
                    <pos type="PRP"/>
                    <lemma type="they"/>
                </token>
                <token content="have" id="9-11">
                    <pos type="VBP"/>
                    <lemma type="have"/>
                </token>
                <token content="on" id="9-12">
                    <pos type="IN"/>
                    <lemma type="on"/>
                    <dep head="9-8" type="ccomp"/>
                </token>
                <token content="sale" id="9-13">
                    <pos type="NN"/>
                    <lemma type="sale"/>
                </token>
                <token content="today" id="9-14">
                    <pos type="NN"/>
                    <lemma type="today"/>
                </token>
                <token content="and" id="9-15"/>
                <token content="see" id="9-16">
                    <pos type="VB"/>
                    <lemma type="see"/>
                    <dep head="9-8" type="conj"/>
                </token>
                <token content="a" id="9-17">
                    <pos type="DT"/>
                    <lemma type="a"/>
                </token>
                <token content="large" id="9-18">
                    <pos type="JJ"/>
                    <lemma type="large"/>
                </token>
                <token content="carrot" id="9-19">
                    <pos type="NN"/>
                    <lemma type="carrot"/>
                </token>
                <token content="roll" id="9-20">
                    <pos type="NN"/>
                    <lemma type="roll"/>
                    <dep head="9-16" type="dobj"/>
                </token>
                <token content="with" id="9-21"/>
                <token content="cream" id="9-22">
                    <pos type="NN"/>
                    <lemma type="cream"/>
                </token>
                <token content="cheese" id="9-23">
                    <pos type="NN"/>
                    <lemma type="cheese"/>
                </token>
                <token content="filling" id="9-24">
                    <pos type="NN"/>
                    <lemma type="filling"/>
                    <dep head="9-16" type="prep"/>
                </token>
                <token content="." id="9-25"/>
            </sentence>
            <sentence id="10">
                <token content="So" id="10-1">
                    <pos type="IN"/>
                    <lemma type="so"/>
                    <dep head="10-3" type="dep"/>
                </token>
                <token content="I" id="10-2">
                    <pos type="PRP"/>
                    <lemma type="I"/>
                    <dep head="10-3" type="nsubj"/>
                </token>
                <token content="place" id="10-3">
                    <pos type="VBP"/>
                    <lemma type="place"/>
                </token>
                <token content="that" id="10-4">
                    <pos type="DT"/>
                    <lemma type="that"/>
                    <dep head="10-3" type="dobj"/>
                </token>
                <token content="in" id="10-5"/>
                <token content="my" id="10-6">
                    <pos type="PRP$"/>
                    <lemma type="my"/>
                </token>
                <token content="cart" id="10-7">
                    <pos type="NN"/>
                    <lemma type="cart"/>
                </token>
                <token content="and" id="10-8"/>
                <token content="head" id="10-9">
                    <pos type="NN"/>
                    <lemma type="head"/>
                </token>
                <token content="for" id="10-10"/>
                <token content="the" id="10-11">
                    <pos type="DT"/>
                    <lemma type="the"/>
                </token>
                <token content="checkout" id="10-12">
                    <pos type="NN"/>
                    <lemma type="checkout"/>
                </token>
                <token content="isle" id="10-13">
                    <pos type="NN"/>
                    <lemma type="isle"/>
                    <dep head="10-3" type="prep"/>
                </token>
                <token content="." id="10-14"/>
            </sentence>
            <sentence id="11">
                <token content="I" id="11-1">
                    <pos type="PRP"/>
                    <lemma type="I"/>
                    <dep head="11-2" type="nsubj"/>
                </token>
                <token content="place" id="11-2">
                    <pos type="VBP"/>
                    <lemma type="place"/>
                </token>
                <token content="all" id="11-3">
                    <pos type="PDT"/>
                    <lemma type="all"/>
                </token>
                <token content="my" id="11-4">
                    <pos type="PRP$"/>
                    <lemma type="my"/>
                </token>
                <token content="purchases" id="11-5">
                    <pos type="NNS"/>
                    <lemma type="purchase"/>
                    <dep head="11-2" type="dobj"/>
                </token>
                <token content="on" id="11-6"/>
                <token content="the" id="11-7">
                    <pos type="DT"/>
                    <lemma type="the"/>
                </token>
                <token content="belt" id="11-8">
                    <pos type="NN"/>
                    <lemma type="belt"/>
                    <dep head="11-2" type="prep"/>
                </token>
                <token content="near" id="11-9"/>
                <token content="the" id="11-10">
                    <pos type="DT"/>
                    <lemma type="the"/>
                </token>
                <token content="cashier" id="11-11">
                    <pos type="NN"/>
                    <lemma type="cashier"/>
                </token>
                <token content="and" id="11-12"/>
                <token content="watch" id="11-13">
                    <pos type="VBP"/>
                    <lemma type="watch"/>
                    <dep head="11-2" type="conj"/>
                </token>
                <token content="as" id="11-14">
                    <pos type="IN"/>
                    <lemma type="as"/>
                    <dep head="11-18" type="mark"/>
                </token>
                <token content="each" id="11-15">
                    <pos type="DT"/>
                    <lemma type="each"/>
                </token>
                <token content="one" id="11-16">
                    <pos type="NN"/>
                    <lemma type="one"/>
                    <dep head="11-18" type="nsubjpass"/>
                </token>
                <token content="is" id="11-17">
                    <pos type="VBZ"/>
                    <lemma type="be"/>
                    <dep head="11-18" type="auxpass"/>
                </token>
                <token content="scanned" id="11-18">
                    <pos type="VBN"/>
                    <lemma type="scan"/>
                    <dep head="11-13" type="advcl"/>
                </token>
                <token content="," id="11-19"/>
                <token content="She" id="11-20">
                    <pos type="PRP"/>
                    <lemma type="she"/>
                    <dep head="11-21" type="nsubj"/>
                </token>
                <token content="totals" id="11-21">
                    <pos type="VBZ"/>
                    <lemma type="total"/>
                    <dep head="11-2" type="conj"/>
                </token>
                <token content="my" id="11-22">
                    <pos type="PRP$"/>
                    <lemma type="my"/>
                </token>
                <token content="purchase" id="11-23">
                    <pos type="NN"/>
                    <lemma type="purchase"/>
                    <dep head="11-21" type="dobj"/>
                </token>
                <token content="and" id="11-24"/>
                <token content="I" id="11-25">
                    <pos type="PRP"/>
                    <lemma type="I"/>
                    <dep head="11-26" type="nsubj"/>
                </token>
                <token content="pay" id="11-26">
                    <pos type="VBP"/>
                    <lemma type="pay"/>
                    <dep head="11-2" type="conj"/>
                </token>
                <token content="for" id="11-27"/>
                <token content="them" id="11-28">
                    <pos type="PRP"/>
                    <lemma type="they"/>
                    <dep head="11-26" type="prep"/>
                </token>
                <token content="." id="11-29"/>
            </sentence>
            <sentence id="12">
                <token content="As" id="12-1">
                    <pos type="IN"/>
                    <lemma type="as"/>
                    <dep head="12-3" type="mark"/>
                </token>
                <token content="I" id="12-2">
                    <pos type="PRP"/>
                    <lemma type="I"/>
                    <dep head="12-3" type="nsubj"/>
                </token>
                <token content="leave" id="12-3">
                    <pos type="VBP"/>
                    <lemma type="leave"/>
                    <dep head="12-7" type="advcl"/>
                </token>
                <token content="the" id="12-4">
                    <pos type="DT"/>
                    <lemma type="the"/>
                </token>
                <token content="store" id="12-5">
                    <pos type="NN"/>
                    <lemma type="store"/>
                    <dep head="12-3" type="dobj"/>
                </token>
                <token content="I" id="12-6">
                    <pos type="PRP"/>
                    <lemma type="I"/>
                    <dep head="12-7" type="nsubj"/>
                </token>
                <token content="look" id="12-7">
                    <pos type="VBP"/>
                    <lemma type="look"/>
                </token>
                <token content="at" id="12-8"/>
                <token content="my" id="12-9">
                    <pos type="PRP$"/>
                    <lemma type="my"/>
                </token>
                <token content="watch" id="12-10">
                    <pos type="NN"/>
                    <lemma type="watch"/>
                    <dep head="12-7" type="prep"/>
                </token>
                <token content="and" id="12-11"/>
                <token content="realize" id="12-12">
                    <pos type="VBP"/>
                    <lemma type="realize"/>
                    <dep head="12-7" type="conj"/>
                </token>
                <token content="it" id="12-13">
                    <pos type="PRP"/>
                    <lemma type="it"/>
                    <dep head="12-14" type="nsubj"/>
                </token>
                <token content="took" id="12-14">
                    <pos type="VBD"/>
                    <lemma type="take"/>
                    <dep head="12-12" type="ccomp"/>
                </token>
                <token content="me" id="12-15">
                    <pos type="PRP"/>
                    <lemma type="I"/>
                </token>
                <token content="much" id="12-16">
                    <pos type="RB"/>
                    <lemma type="much"/>
                </token>
                <token content="less" id="12-17">
                    <pos type="JJR"/>
                    <lemma type="less"/>
                </token>
                <token content="time" id="12-18">
                    <pos type="NN"/>
                    <lemma type="time"/>
                    <dep head="12-14" type="xcomp"/>
                </token>
                <token content="as" id="12-19">
                    <pos type="RB"/>
                    <lemma type="as"/>
                </token>
                <token content="usual" id="12-20">
                    <pos type="JJ"/>
                    <lemma type="usual"/>
                </token>
                <token content="." id="12-21"/>
            </sentence>
            <sentence id="13">
                <token content="Now" id="13-1">
                    <pos type="RB"/>
                    <lemma type="now"/>
                    <dep head="13-4" type="advmod"/>
                </token>
                <token content="I" id="13-2">
                    <pos type="PRP"/>
                    <lemma type="I"/>
                    <dep head="13-4" type="nsubj"/>
                </token>
                <token content="can" id="13-3">
                    <pos type="MD"/>
                    <lemma type="can"/>
                    <dep head="13-4" type="aux"/>
                </token>
                <token content="enjoy" id="13-4">
                    <pos type="VB"/>
                    <lemma type="enjoy"/>
                </token>
                <token content="the" id="13-5">
                    <pos type="DT"/>
                    <lemma type="the"/>
                </token>
                <token content="rest" id="13-6">
                    <pos type="NN"/>
                    <lemma type="rest"/>
                    <dep head="13-4" type="dobj"/>
                </token>
                <token content="of" id="13-7"/>
                <token content="my" id="13-8">
                    <pos type="PRP$"/>
                    <lemma type="my"/>
                </token>
                <token content="day" id="13-9">
                    <pos type="NN"/>
                    <lemma type="day"/>
                </token>
                <token content="!" id="13-10"/>
            </sentence>
        </sentences>
    </text>
    <annotations>
        <participants>
            <label from="1-1" id="0" name="NPart" text="Today" type="participant"/>
            <label from="1-3" id="1" name="Unclear" text="grocery day" to="1-4" type="participant"/>
            <label from="1-4" id="2" name="Unclear" text="day" type="participant"/>
            <label from="1-6" id="3" name="ScrPart_shopper" text="I" type="participant"/>
            <label from="1-9" id="4" name="NPart" text="Thursday" type="participant"/>
            <label from="2-1" id="5" name="ScrPart_shopper" text="I" type="participant"/>
            <label from="2-4" id="6" name="NPart" text="paper" type="participant"/>
            <label from="2-6" id="7" name="NPart" text="Wednesday" type="participant"/>
            <label from="2-14" id="8" name="ScrPart_deal_coupon" text="coupons" type="participant"/>
            <label from="2-15" id="9" name="ScrPart_shopper" text="I" type="participant"/>
            <label from="2-19" id="10" name="ScrPart_other" text="sale" type="participant"/>
            <label from="3-1" id="11" name="ScrPart_shopper" text="I" type="participant"/>
            <label from="3-3" id="12" name="ScrPart_shopper" text="my" type="participant"/>
            <label from="3-4" id="13" name="ScrPart_deal_coupon" text="coupon book" to="3-5" type="participant"/>
            <label from="3-5" id="14" name="ScrPart_deal_coupon" text="book" type="participant"/>
            <label from="3-8" id="15" name="ScrPart_deal_coupon" text="it" type="participant"/>
            <label from="3-11" id="16" name="ScrPart_grocery_shop" text="store" type="participant"/>
            <label from="4-2" id="17" name="ScrPart_shopper" text="I" type="participant"/>
            <label from="4-7" id="18" name="ScrPart_groceries" text="item" type="participant"/>
            <label from="4-13" id="19" name="ScrPart_other" text="deals" type="participant"/>
            <label from="4-15" id="20" name="ScrPart_shopper" text="I" type="participant"/>
            <label from="4-17" id="21" name="ScrPart_other" text="the" type="participant"/>
            <label from="4-22" id="22" name="ScrPart_shopper" text="I" type="participant"/>
            <label from="4-24" id="23" name="ScrPart_groceries" text="anything" type="participant"/>
            <label from="5-1" id="24" name="ScrPart_shopper" text="I" type="participant"/>
            <label from="5-5" id="25" name="ScrPart_grocery_shop" text="store" type="participant"/>
            <label from="5-8" id="26" name="No_label" text="way" type="participant"/>
            <label from="5-9" id="27" name="ScrPart_grocery_shop" text="it" type="participant"/>
            <label from="5-13" id="28" name="ScrPart_shopper" text="I" type="participant"/>
            <label from="5-18" id="29" name="ScrPart_groceries" text="items" type="participant"/>
            <label from="5-20" id="30" name="ScrPart_shopper" text="I" type="participant"/>
            <label from="5-29" id="31" name="ScrPart_shopper" text="my" type="participant"/>
            <label from="5-31" id="32" name="NPart" text="past time" to="5-32" type="participant"/>
            <label from="5-32" id="33" name="NPart" text="time" type="participant"/>
            <label from="5-34" id="34" name="ScrPart_shopper" text="I" type="participant"/>
            <label from="5-38" id="35" name="ScrPart_section" text="deli counter" to="5-39" type="participant"/>
            <label from="5-39" id="36" name="ScrPart_section" text="counter" type="participant"/>
            <label from="5-42" id="37" name="ScrPart_groceries" text="lunch meat" to="5-43" type="participant"/>
            <label from="5-43" id="38" name="ScrPart_groceries" text="meat" type="participant"/>
            <label from="5-46" id="39" name="No_label" text="yourself" type="participant"/>
            <label from="5-47" id="40" name="NPart" text="nights" type="participant"/>
            <label from="5-49" id="41" name="NPart" text="school lunches" to="5-50" type="participant"/>
            <label from="5-50" id="42" name="NPart" text="lunches" type="participant"/>
            <label from="6-1" id="43" name="ScrPart_shopper" text="I" type="participant"/>
            <label from="6-6" id="44" name="ScrPart_section" text="meat department" to="6-7" type="participant"/>
            <label from="6-7" id="45" name="ScrPart_section" text="department" type="participant"/>
            <label from="6-11" id="46" name="ScrPart_groceries" text="chicken" type="participant"/>
            <label from="6-14" id="47" name="ScrPart_groceries" text="roast" type="participant"/>
            <label from="6-16" id="48" name="NPart" text="Sunday" type="participant"/>
            <label from="7-2" id="49" name="No_label" text="time" type="participant"/>
            <label from="7-5" id="50" name="ScrPart_section" text="isles" type="participant"/>
            <label from="7-7" id="51" name="ScrPart_shopper" text="my" type="participant"/>
            <label from="7-8" id="52" name="ScrPart_deal_coupon" text="coupon matches" to="7-9" type="participant"/>
            <label from="7-9" id="53" name="ScrPart_deal_coupon" text="matches" type="participant"/>
            <label from="7-11" id="54" name="ScrPart_shopper" text="I" type="participant"/>
            <label from="7-15" id="55" name="ScrPart_section" text="isle" type="participant"/>
            <label from="7-19" id="56" name="ScrPart_shopper" text="I" type="participant"/>
            <label from="7-25" id="57" name="ScrPart_shopper" text="I" type="participant"/>
            <label from="7-34" id="58" name="ScrPart_groceries" text="it" type="participant"/>
            <label from="7-35" id="59" name="ScrPart_shopper" text="I" type="participant"/>
            <label from="8-1" id="60" name="ScrPart_shopper" text="I" type="participant"/>
            <label from="8-4" id="61" name="ScrPart_section" text="isle" type="participant"/>
            <label from="8-9" id="62" name="ScrPart_shopper" text="my" type="participant"/>
            <label from="8-10" id="63" name="ScrPart_groceries" text="necessities" type="participant"/>
            <label from="9-1" id="64" name="ScrPart_shopper" text="I" type="participant"/>
            <label from="9-6" id="65" name="ScrPart_section" text="bakery" type="participant"/>
            <label from="9-9" id="66" name="ScrPart_groceries" text="what" type="participant"/>
            <label from="9-10" id="67" name="ScrPart_section" text="they" type="participant"/>
            <label from="9-13" id="68" name="SuppVComp" text="sale" type="participant"/>
            <label from="9-14" id="69" name="NPart" text="today" type="participant"/>
            <label from="9-19" id="70" name="ScrPart_groceries" text="carrot roll with cream cheese filling" to="9-24" type="participant"/>
            <label from="9-19" id="71" name="ScrPart_groceries" text="carrot roll" to="9-20" type="participant"/>
            <label from="9-20" id="72" name="ScrPart_groceries" text="roll" type="participant"/>
            <label from="10-2" id="73" name="ScrPart_shopper" text="I" type="participant"/>
            <label from="10-4" id="74" name="ScrPart_groceries" text="that" type="participant"/>
            <label from="10-6" id="75" name="ScrPart_shopper" text="my" type="participant"/>
            <label from="10-7" id="76" name="ScrPart_shopping_cart/basket" text="cart" type="participant"/>
            <label from="10-12" id="77" name="ScrPart_section" text="checkout isle" to="10-13" type="participant"/>
            <label from="10-13" id="78" name="ScrPart_section" text="isle" type="participant"/>
            <label from="11-1" id="79" name="ScrPart_shopper" text="I" type="participant"/>
            <label from="11-4" id="80" name="ScrPart_shopper" text="my" type="participant"/>
            <label from="11-5" id="81" name="ScrPart_groceries" text="purchases" type="participant"/>
            <label from="11-8" id="82" name="ScrPart_conveyor_belt" text="belt" type="participant"/>
            <label from="11-11" id="83" name="ScrPart_grocery_staff" text="cashier" type="participant"/>
            <label from="11-16" id="84" name="ScrPart_groceries" text="one" type="participant"/>
            <label from="11-20" id="85" name="ScrPart_grocery_staff" text="She" type="participant"/>
            <label from="11-22" id="86" name="ScrPart_shopper" text="my" type="participant"/>
            <label from="11-23" id="87" name="ScrPart_groceries" text="purchase" type="participant"/>
            <label from="11-25" id="88" name="ScrPart_shopper" text="I" type="participant"/>
            <label from="11-28" id="89" name="ScrPart_groceries" text="them" type="participant"/>
            <label from="12-2" id="90" name="ScrPart_shopper" text="I" type="participant"/>
            <label from="12-5" id="91" name="ScrPart_grocery_shop" text="store" type="participant"/>
            <label from="12-6" id="92" name="ScrPart_shopper" text="I" type="participant"/>
            <label from="12-9" id="93" name="ScrPart_shopper" text="my" type="participant"/>
            <label from="12-10" id="94" name="NPart" text="watch" type="participant"/>
            <label from="12-13" id="95" name="No_label" text="it" type="participant"/>
            <label from="12-15" id="96" name="ScrPart_shopper" text="me" type="participant"/>
            <label from="12-18" id="97" name="SuppVComp" text="time" type="participant"/>
            <label from="13-2" id="98" name="ScrPart_shopper" text="I" type="participant"/>
            <label from="13-6" id="99" name="Head_of_Partitive" text="rest" type="participant"/>
            <label from="13-8" id="100" name="ScrPart_shopper" text="my" type="participant"/>
            <label from="13-9" id="101" name="NPart" text="day" type="participant"/>
        </participants>
        <events>
            <label from="1-2" id="102" name="Evoking" text="is grocery day" to="1-4" type="event"/>
            <label from="1-2" id="103" name="UnrelEv" text="is" type="event"/>
            <label from="1-7" id="104" name="ScrEv_go_grocery" text="go" type="event"/>
            <label from="2-2" id="105" name="RelNScrEv" text="check" type="event"/>
            <label from="2-8" id="106" name="UnrelEv" text="try" type="event"/>
            <label from="2-11" id="107" name="RelNScrEv" text="match" type="event"/>
            <label from="3-2" id="108" name="RelNScrEv" text="grab" type="event"/>
            <label from="3-7" id="109" name="RelNScrEv" text="head" type="event"/>
            <label from="4-3" id="110" name="ScrEv_enter" text="walk in" to="4-4" type="event"/>
            <label from="4-3" id="111" name="ScrEv_enter" text="walk" type="event"/>
            <label from="4-6" id="112" name="UnrelEv" text="are" type="event"/>
            <label from="4-11" id="113" name="UnrelEv" text="are" type="event"/>
            <label from="4-12" id="114" name="RelNScrEv" text="unadvertised" type="event"/>
            <label from="4-16" id="115" name="RelNScrEv" text="check" type="event"/>
            <label from="4-20" id="116" name="UnrelEv" text="see" type="event"/>
            <label from="4-23" id="117" name="RelNScrEv" text="need" type="event"/>
            <label from="5-2" id="118" name="ScrEv_enter" text="walk into" to="5-3" type="event"/>
            <label from="5-2" id="119" name="ScrEv_enter" text="walk" type="event"/>
            <label from="5-11" id="120" name="UnrelEv" text="laid out" to="5-12" type="event"/>
            <label from="5-11" id="121" name="UnrelEv" text="laid" type="event"/>
            <label from="5-16" id="122" name="ScrEv_get_groceries" text="find" type="event"/>
            <label from="5-21" id="123" name="RelNScrEv" text="need" type="event"/>
            <label from="5-25" id="124" name="Evoking" text="grocery shopping" to="5-26" type="event"/>
            <label from="5-27" id="125" name="UnrelEv" text="is" type="event"/>
            <label from="5-35" id="126" name="ScrEv_move_section" text="go" type="event"/>
            <label from="5-41" id="127" name="ScrEv_get_groceries" text="get" type="event"/>
            <label from="5-45" id="128" name="UnrelEv" text="help" type="event"/>
            <label from="6-3" id="129" name="ScrEv_move_section" text="head" type="event"/>
            <label from="6-9" id="130" name="ScrEv_get_groceries" text="get" type="event"/>
            <label from="7-12" id="131" name="ScrEv_move_section" text="head down" to="7-13" type="event"/>
            <label from="7-12" id="132" name="ScrEv_move_section" text="head" type="event"/>
            <label from="7-21" id="133" name="UnrelEv" text="know" type="event"/>
            <label from="7-29" id="134" name="ScrEv_get_groceries" text="buy" type="event"/>
            <label from="7-36" id="135" name="RelNScrEv" text="need" type="event"/>
            <label from="8-2" id="136" name="UnrelEv" text="finish" type="event"/>
            <label from="8-6" id="137" name="ScrEv_get_groceries" text="have" type="event"/>
            <label from="9-2" id="138" name="ScrEv_move_section" text="go over" to="9-3" type="event"/>
            <label from="9-2" id="139" name="ScrEv_move_section" text="go" type="event"/>
            <label from="9-8" id="140" name="UnrelEv" text="see" type="event"/>
            <label from="9-11" id="141" name="RelNScrEv" text="have" type="event"/>
            <label from="9-16" id="142" name="UnrelEv" text="see" type="event"/>
            <label from="10-3" id="143" name="ScrEv_get_groceries" text="place" type="event"/>
            <label from="10-9" id="144" name="ScrEv_move_section" text="head" type="event"/>
            <label from="11-2" id="145" name="ScrEv_put_conveyor" text="place" type="event"/>
            <label from="11-13" id="146" name="UnrelEv" text="watch" type="event"/>
            <label from="11-18" id="147" name="ScrEv_cashier_scan/weight" text="scanned" type="event"/>
            <label from="11-21" id="148" name="ScrEv_cashier_scan/weight" text="totals" type="event"/>
            <label from="11-26" id="149" name="ScrEv_pay" text="pay" type="event"/>
            <label from="12-3" id="150" name="ScrEv_leave" text="leave" type="event"/>
            <label from="12-7" id="151" name="UnrelEv" text="look" type="event"/>
            <label from="12-12" id="152" name="UnrelEv" text="realize" type="event"/>
            <label from="12-14" id="153" name="UnrelEv" text="took" type="event"/>
            <label from="13-4" id="154" name="UnrelEv" text="enjoy" type="event"/>
        </events>
        <chains>
            <chain elements="3 5 9 11 12 17 20 22 24 28 30 34 43 51 54 56 57 59 60 62 64 73 75 79 80 86 88 90 92 93 96 98 100 31"/>
            <chain elements="8 14 53 15"/>
            <chain elements="13 15"/>
            <chain elements="18 19 21 23"/>
            <chain elements="16 25 27 91"/>
            <chain elements="58 63"/>
            <chain elements="65 67"/>
            <chain elements="66 72 74"/>
            <chain elements="81 84 87 89"/>
            <chain elements="83 85"/>
        </chains>
    </annotations>
</story>
