<scripts>
<label type="PARAPHRASE" event="other_choose_style">
<item source="2" script="28" slot="1" total_slots="8" original="Choose a style that you like."></item>
<item source="2" script="29" slot="1" total_slots="8" original="Find a picture of your desired haircut in a magazine"></item>
<item source="2" script="32" slot="5" total_slots="9" original="Pick a hair style from the book."></item>
<item source="2" script="48" slot="1" total_slots="8" original="Find a style you like"></item>
<item source="2" script="51" slot="2" total_slots="6" original="getting a hair style"></item>

</label>
<label type="PARAPHRASE" event="UnRelEv">
<item source="2" script="29" slot="2" total_slots="8" original="Tear out of magazine"></item>

</label>
<label type="PARAPHRASE" event="UnRelEv">
<item source="2" script="29" slot="6" total_slots="8" original="allow her to work her magic"></item>

</label>
<label type="PARAPHRASE" event="UnRelEv">
<item source="2" script="39" slot="1" total_slots="9" original="Wash my hair"></item>

</label>
<label type="PARAPHRASE" event="UnRelEv">
<item source="2" script="39" slot="2" total_slots="9" original="Get dressed"></item>

</label>
<label type="PARAPHRASE" event="UnRelEv">
<item source="2" script="39" slot="3" total_slots="9" original="Get keys and wallet"></item>

</label>
<label type="PARAPHRASE" event="other_choose_salon">
<item source="2" script="28" slot="2" total_slots="8" original="Choose a salon or barber, as appropriate."></item>
<item source="2" script="30" slot="1" total_slots="7" original="choose where you want to get a hair cut"></item>

</label>
<label type="PARAPHRASE" event="other_going_to_get_haircut">
<item source="2" script="51" slot="1" total_slots="6" original="going to get your hair cut"></item>

</label>
<label type="PARAPHRASE" event="make_appointment">
<item source="2" script="29" slot="3" total_slots="8" original="call beauty shop to make appt."></item>
<item source="2" script="30" slot="2" total_slots="7" original="make an appointment"></item>
<item source="2" script="32" slot="1" total_slots="9" original="Call the hair salon."></item>
<item source="2" script="32" slot="2" total_slots="9" original="Make an appointment with the stylist."></item>
<item source="2" script="33" slot="1" total_slots="12" original="make appointment at hair salon"></item>
<item source="2" script="35" slot="1" total_slots="9" original="Make appointment at hair salon."></item>
<item source="2" script="38" slot="2" total_slots="5" original="Make an appointment."></item>
<item source="2" script="41" slot="1" total_slots="5" original="Make appointment for haircut"></item>
<item source="2" script="42" slot="1" total_slots="10" original="Make appointment at salon"></item>

</label>
<label type="PARAPHRASE" event="other_wait_appointment">
<item source="2" script="42" slot="2" total_slots="10" original="Wait for appointment"></item>

</label>
<label type="PARAPHRASE" event="other_go_to_car">
<item source="2" script="39" slot="4" total_slots="9" original="Go to car"></item>

</label>
<label type="PARAPHRASE" event="other_get_in_car">
<item source="2" script="31" slot="1" total_slots="5" original="Get in car"></item>
<item source="2" script="39" slot="5" total_slots="9" original="Get in and start it"></item>
<item source="2" script="50" slot="1" total_slots="9" original="Get in car"></item>

</label>
<label type="PARAPHRASE" event="get_salon">
<item source="2" script="29" slot="4" total_slots="8" original="go to beauty shop"></item>
<item source="2" script="30" slot="3" total_slots="7" original="go to hair dresser"></item>
<item source="2" script="31" slot="2" total_slots="5" original="Drive to hair salon"></item>
<item source="2" script="32" slot="3" total_slots="9" original="Drive to the hair salon."></item>
<item source="2" script="33" slot="2" total_slots="12" original="go to hair salon"></item>
<item source="2" script="34" slot="1" total_slots="9" original="go to the barber"></item>
<item source="2" script="35" slot="2" total_slots="9" original="Drive to salon and check in with receptionist."></item>
<item source="2" script="36" slot="1" total_slots="6" original="Drive to beauty shop"></item>
<item source="2" script="37" slot="1" total_slots="7" original="Drive to the hair salon."></item>
<item source="2" script="38" slot="1" total_slots="5" original="Drive to the salon."></item>
<item source="2" script="39" slot="6" total_slots="9" original="Drive to barber shop"></item>
<item source="2" script="40" slot="1" total_slots="12" original="Go to hair salon"></item>
<item source="2" script="41" slot="2" total_slots="5" original="Go to hair cut"></item>
<item source="2" script="42" slot="3" total_slots="10" original="Go to salon"></item>
<item source="2" script="43" slot="1" total_slots="7" original="arrive salon"></item>
<item source="2" script="44" slot="1" total_slots="8" original="Drive to hair salon"></item>
<item source="2" script="47" slot="1" total_slots="8" original="Go to the barber shop"></item>
<item source="2" script="48" slot="2" total_slots="8" original="Go to a hair salon"></item>
<item source="2" script="50" slot="2" total_slots="9" original="Drive to beauty salon"></item>
<item source="2" script="51" slot="3" total_slots="6" original="going to the hairdresser"></item>
<item source="2" script="51" slot="4" total_slots="6" original="going to the barber"></item>
<item source="2" script="52" slot="1" total_slots="7" original="go to the saloon"></item>

</label>
<label type="PARAPHRASE" event="other_park">
<item source="2" script="39" slot="7" total_slots="9" original="Park"></item>

</label>
<label type="PARAPHRASE" event="enter">
<item source="2" script="39" slot="8" total_slots="9" original="Go in"></item>
<item source="2" script="46" slot="1" total_slots="11" original="Enter barber shop"></item>
<item source="2" script="49" slot="1" total_slots="6" original="Enter barber shop"></item>

</label>
<label type="PARAPHRASE" event="check_in">
<item source="2" script="31" slot="3" total_slots="5" original="Ask hair stylist for a hair cut"></item>
<item source="2" script="33" slot="3" total_slots="12" original="give name and check in"></item>
<item source="2" script="34" slot="2" total_slots="9" original="sign in"></item>
<item source="2" script="36" slot="2" total_slots="6" original="sign in with clerk"></item>
<item source="2" script="50" slot="3" total_slots="9" original="Sign in at beauty salon desk"></item>

</label>
<label type="PARAPHRASE" event="other_sit_in_waiting_chair">
<item source="2" script="31" slot="4" total_slots="5" original="Sit in chair"></item>

</label>
<label type="PARAPHRASE" event="wait">
<item source="2" script="31" slot="5" total_slots="5" original="Wait for hair cut"></item>
<item source="2" script="34" slot="3" total_slots="9" original="wait until you are called"></item>
<item source="2" script="36" slot="3" total_slots="6" original="Wait for your name to be called"></item>
<item source="2" script="37" slot="2" total_slots="7" original="Wait in line."></item>
<item source="2" script="40" slot="2" total_slots="12" original="Wait for stylist"></item>
<item source="2" script="44" slot="2" total_slots="8" original="Wait your turn"></item>
<item source="2" script="46" slot="2" total_slots="11" original="Wait to be seated"></item>
<item source="2" script="47" slot="2" total_slots="8" original="Wait and read magazines"></item>
<item source="2" script="49" slot="2" total_slots="6" original="Wait for empty seat"></item>
<item source="2" script="50" slot="4" total_slots="9" original="Wait for my turn"></item>

</label>
<label type="PARAPHRASE" event="UnRelEv">
<item source="2" script="50" slot="6" total_slots="9" original="Relax"></item>

</label>
<label type="PARAPHRASE" event="talk_haircut">
<item source="2" script="28" slot="3" total_slots="8" original="Show the stylist what you would like."></item>
<item source="2" script="29" slot="5" total_slots="8" original="show beautician your pic"></item>
<item source="2" script="30" slot="4" total_slots="7" original="tell hair dresser the style you want"></item>
<item source="2" script="33" slot="5" total_slots="12" original="describe how you want hair to be cut to hair dresser"></item>
<item source="2" script="34" slot="5" total_slots="9" original="tell them how you'd like your hair cut"></item>
<item source="2" script="35" slot="3" total_slots="9" original="Discuss desired cut with your stylist."></item>
<item source="2" script="37" slot="4" total_slots="7" original="Tell the hair stylist what i want."></item>
<item source="2" script="38" slot="4" total_slots="5" original="Tell the stylist what haircut I want."></item>
<item source="2" script="40" slot="6" total_slots="12" original="Show stylist what I want"></item>
<item source="2" script="42" slot="4" total_slots="10" original="Tell stylist what haircut you want"></item>
<item source="2" script="44" slot="3" total_slots="8" original="Describe what hair style you would like"></item>
<item source="2" script="46" slot="4" total_slots="11" original="Tell barber which hairstyle"></item>
<item source="2" script="47" slot="4" total_slots="8" original="Tell barber what you want"></item>
<item source="2" script="48" slot="3" total_slots="8" original="Show the stylist the cut you like."></item>
<item source="2" script="49" slot="4" total_slots="6" original="Tell barber how to cut hair"></item>
<item source="2" script="52" slot="4" total_slots="7" original="tell him what cut you want"></item>

</label>
<label type="PARAPHRASE" event="sit_down">
<item source="2" script="28" slot="4" total_slots="8" original="Sit still in the chair and let the stylist cut your hair."></item>
<item source="2" script="33" slot="4" total_slots="12" original="sit in chair"></item>
<item source="2" script="34" slot="4" total_slots="9" original="sit in the barber's chair"></item>
<item source="2" script="37" slot="3" total_slots="7" original="Sit down on the salon chair."></item>
<item source="2" script="38" slot="3" total_slots="5" original="Sit in the hair cutting chair."></item>
<item source="2" script="40" slot="4" total_slots="12" original="Sit in stylist's chair"></item>
<item source="2" script="41" slot="3" total_slots="5" original="Sit in chair"></item>
<item source="2" script="42" slot="6" total_slots="10" original="Sit in chair"></item>
<item source="2" script="43" slot="2" total_slots="7" original="sit in a chair"></item>
<item source="2" script="44" slot="4" total_slots="8" original="Sit in salon chair and be still"></item>
<item source="2" script="45" slot="1" total_slots="8" original="Sit down in barber chair."></item>
<item source="2" script="46" slot="3" total_slots="11" original="Take seat on chair"></item>
<item source="2" script="47" slot="3" total_slots="8" original="When called sit in the barber's chair"></item>
<item source="2" script="48" slot="4" total_slots="8" original="Sit down and let them cut"></item>
<item source="2" script="49" slot="3" total_slots="6" original="Sit in barber chair"></item>
<item source="2" script="50" slot="5" total_slots="9" original="Sit in barber chair"></item>
<item source="2" script="52" slot="2" total_slots="7" original="sit in the chair"></item>

</label>
<label type="PARAPHRASE" event="other_wait_stylist_finished">
<item source="2" script="37" slot="5" total_slots="7" original="Wait until the stylist is finished."></item>

</label>
<label type="PARAPHRASE" event="other_do_what_barber_tells">
<item source="2" script="47" slot="5" total_slots="8" original="Do what the barber tells you"></item>

</label>
<label type="PARAPHRASE" event="small_talk">
<item source="2" script="34" slot="7" total_slots="9" original="make small talk with the barber"></item>
<item source="2" script="40" slot="7" total_slots="12" original="Make small talk with stylist"></item>
<item source="2" script="44" slot="5" total_slots="8" original="Converse with stylist as necessary"></item>
<item source="2" script="46" slot="5" total_slots="11" original="Talk awkwardly during haircut"></item>
<item source="2" script="52" slot="3" total_slots="7" original="talk to the hairstylist"></item>

</label>
<label type="PARAPHRASE" event="other_put_on_collar">
<item source="2" script="45" slot="2" total_slots="8" original="The barber wraps the little collar around your neck."></item>

</label>
<label type="PARAPHRASE" event="put_on_cape">
<item source="2" script="33" slot="6" total_slots="12" original="let hairdresser put cape on you"></item>
<item source="2" script="40" slot="5" total_slots="12" original="Get bib put on"></item>
<item source="2" script="43" slot="3" total_slots="7" original="get cape on"></item>
<item source="2" script="45" slot="3" total_slots="8" original="The barber wraps a cape around you."></item>

</label>
<label type="PARAPHRASE" event="wash">
<item source="2" script="32" slot="4" total_slots="9" original="Get the hair washed by stylist."></item>
<item source="2" script="35" slot="4" total_slots="9" original="Get hair washed by stylist."></item>
<item source="2" script="40" slot="3" total_slots="12" original="Get hair washed"></item>
<item source="2" script="42" slot="5" total_slots="10" original="Let stylist wash your hair"></item>

</label>
<label type="PARAPHRASE" event="cut">
<item source="2" script="30" slot="5" total_slots="7" original="have the hair dresser cut your hair"></item>
<item source="2" script="32" slot="6" total_slots="9" original="Cut the hair."></item>
<item source="2" script="33" slot="7" total_slots="12" original="let hairdresser cut hair"></item>
<item source="2" script="34" slot="6" total_slots="9" original="wait patiently whilst they cut your hair"></item>
<item source="2" script="35" slot="5" total_slots="9" original="Sit still in chair while stylist cuts hair."></item>
<item source="2" script="36" slot="5" total_slots="6" original="Sit while she cuts your hair"></item>
<item source="2" script="38" slot="5" total_slots="5" original="Have her cut my hair."></item>
<item source="2" script="39" slot="9" total_slots="9" original="Get hair cut"></item>
<item source="2" script="41" slot="4" total_slots="5" original="Have hair cut by person who cuts hair"></item>
<item source="2" script="42" slot="7" total_slots="10" original="Watch stylist cut your hair"></item>
<item source="2" script="43" slot="4" total_slots="7" original="get hair cut"></item>
<item source="2" script="45" slot="4" total_slots="8" original="The barber cuts hair."></item>
<item source="2" script="50" slot="7" total_slots="9" original="Enjoy hair cut"></item>
<item source="2" script="51" slot="5" total_slots="6" original="getting a trim"></item>
<item source="2" script="51" slot="6" total_slots="6" original="getting a cut"></item>
<item source="2" script="52" slot="5" total_slots="7" original="get the haircut done"></item>

</label>
<label type="PARAPHRASE" event="other_buzz_back_of_neck">
<item source="2" script="45" slot="5" total_slots="8" original="The barber buzzes the back of the neck."></item>

</label>
<label type="PARAPHRASE" event="dry">
<item source="2" script="32" slot="7" total_slots="9" original="Blow the hair with a hair drier."></item>
<item source="2" script="35" slot="6" total_slots="9" original="Wait while stylist dries and styles your hair."></item>
<item source="2" script="40" slot="8" total_slots="12" original="Get hair blow dried"></item>
<item source="2" script="42" slot="8" total_slots="10" original="Watch stylist dry your hair"></item>

</label>
<label type="PARAPHRASE" event="look_mirror">
<item source="2" script="33" slot="8" total_slots="12" original="check the haircut in mirror"></item>
<item source="2" script="40" slot="9" total_slots="12" original="Look at haircut"></item>
<item source="2" script="46" slot="6" total_slots="11" original="Inspect haircut when shown"></item>
<item source="2" script="47" slot="6" total_slots="8" original="Look in the mirror and tell barber if he has cut enough"></item>
<item source="2" script="48" slot="5" total_slots="8" original="Look in the mirror to see if you like it."></item>
<item source="2" script="52" slot="6" total_slots="7" original="check in the mirror once done"></item>

</label>
<label type="PARAPHRASE" event="customer_opinion">
<item source="2" script="28" slot="5" total_slots="8" original="Tell the stylist if you are pleased or if he or she missed any spots."></item>
<item source="2" script="29" slot="7" total_slots="8" original="oooh and ahhhh when she shows you the final result"></item>
<item source="2" script="33" slot="9" total_slots="12" original="approve or ask for changes"></item>
<item source="2" script="34" slot="8" total_slots="9" original="once they are finished, review their work"></item>
<item source="2" script="40" slot="10" total_slots="12" original="Tell stylist I like my hair"></item>

</label>
<label type="PARAPHRASE" event="remove_cap">
<item source="2" script="45" slot="7" total_slots="8" original="The barber takes the cape off."></item>

</label>
<label type="PARAPHRASE" event="other_stand_up">
<item source="2" script="43" slot="5" total_slots="7" original="get up"></item>
<item source="2" script="46" slot="7" total_slots="11" original="Get up off chair"></item>

</label>
<label type="PARAPHRASE" event="brush_hair">
<item source="2" script="28" slot="6" total_slots="8" original="Let the stylist brush any stray hair off your neck and shoulders."></item>
<item source="2" script="45" slot="6" total_slots="8" original="The barber brushes off stray hairs."></item>
<item source="2" script="46" slot="8" total_slots="11" original="Brush off stray hairs"></item>

</label>
<label type="PARAPHRASE" event="move_in_salon">
<item source="2" script="36" slot="4" total_slots="6" original="Go to clerk's chair"></item>

</label>
<label type="PARAPHRASE" event="pay">
<item source="2" script="28" slot="7" total_slots="8" original="Pay for your haircut."></item>
<item source="2" script="29" slot="8" total_slots="8" original="pay and tip generously and leave shop"></item>
<item source="2" script="30" slot="6" total_slots="7" original="pay the hair dresser"></item>
<item source="2" script="32" slot="8" total_slots="9" original="Pay the stylist."></item>
<item source="2" script="33" slot="10" total_slots="12" original="pay for haircut"></item>
<item source="2" script="34" slot="9" total_slots="9" original="pay the barber"></item>
<item source="2" script="35" slot="7" total_slots="9" original="Pay for hair cut at front desk."></item>
<item source="2" script="36" slot="6" total_slots="6" original="Pay and tip the clerk when finished"></item>
<item source="2" script="37" slot="6" total_slots="7" original="Pay for my hair cut."></item>
<item source="2" script="40" slot="11" total_slots="12" original="Pay for haircut"></item>
<item source="2" script="41" slot="5" total_slots="5" original="Pay and tip hair stylist when done"></item>
<item source="2" script="42" slot="9" total_slots="10" original="Pay for haircut"></item>
<item source="2" script="43" slot="6" total_slots="7" original="pay for cut"></item>
<item source="2" script="44" slot="6" total_slots="8" original="When finished, pay for services"></item>
<item source="2" script="45" slot="8" total_slots="8" original="You pay for the hair cut."></item>
<item source="2" script="46" slot="10" total_slots="11" original="Pay for service"></item>
<item source="2" script="47" slot="7" total_slots="8" original="Pay the barber"></item>
<item source="2" script="48" slot="6" total_slots="8" original="Pay the stylist"></item>
<item source="2" script="49" slot="5" total_slots="6" original="Pay barber"></item>
<item source="2" script="52" slot="7" total_slots="7" original="pay the hair stylist"></item>

</label>
<label type="PARAPHRASE" event="UnRelEv">
<item source="2" script="44" slot="7" total_slots="8" original="Smile and say thank you"></item>

</label>
<label type="PARAPHRASE" event="leave_tip">
<item source="2" script="28" slot="8" total_slots="8" original="Tip the stylist."></item>
<item source="2" script="30" slot="7" total_slots="7" original="give a tip"></item>
<item source="2" script="33" slot="11" total_slots="12" original="tip hairdresser"></item>
<item source="2" script="35" slot="8" total_slots="9" original="Leave tip for stylist."></item>
<item source="2" script="40" slot="12" total_slots="12" original="Tip stylist"></item>
<item source="2" script="46" slot="9" total_slots="11" original="Tip barber"></item>
<item source="2" script="48" slot="7" total_slots="8" original="Tip the stylist"></item>

</label>
<label type="PARAPHRASE" event="leave">
<item source="2" script="32" slot="9" total_slots="9" original="Leave the hair salon."></item>
<item source="2" script="33" slot="12" total_slots="12" original="leave salon"></item>
<item source="2" script="35" slot="9" total_slots="9" original="Go home."></item>
<item source="2" script="37" slot="7" total_slots="7" original="Drive home."></item>
<item source="2" script="42" slot="10" total_slots="10" original="Leave salon"></item>
<item source="2" script="43" slot="7" total_slots="7" original="leave"></item>
<item source="2" script="44" slot="8" total_slots="8" original="Leave hair salon"></item>
<item source="2" script="46" slot="11" total_slots="11" original="Exit barber shop"></item>
<item source="2" script="47" slot="8" total_slots="8" original="Leave barber shop"></item>
<item source="2" script="48" slot="8" total_slots="8" original="Leave the salon."></item>
<item source="2" script="49" slot="6" total_slots="6" original="Leave barber shop"></item>
<item source="2" script="50" slot="9" total_slots="9" original="Drive home"></item>

</label>
<label type="PARAPHRASE" event="other_get_back_in_car">
<item source="2" script="50" slot="8" total_slots="9" original="Get back in car"></item>

</label>
</scripts>