<scripts>
<label type="PARAPHRASE" event="RelNScrEv">
<item source="2" script="35" slot="1" total_slots="10" original="First you have to plan where you want to go."></item>
<item source="2" script="38" slot="1" total_slots="5" original="Find the nearest train station"></item>
<item source="2" script="54" slot="1" total_slots="8" original="Plan your train trip."></item>

</label>
<label type="PARAPHRASE" event="other_pack">
<item source="2" script="35" slot="4" total_slots="10" original="You have to pack your bags and go to train station."></item>
<item source="2" script="36" slot="1" total_slots="6" original="Packing/Gathering luggage."></item>
<item source="2" script="42" slot="2" total_slots="8" original="Pack clothes."></item>
<item source="2" script="42" slot="3" total_slots="8" original="Get a snack for the train ride."></item>
<item source="2" script="47" slot="1" total_slots="11" original="Pack bags"></item>

</label>
<label type="PARAPHRASE" event="UnrelEv">
<item source="2" script="34" slot="1" total_slots="6" original="get dress and go to train station"></item>

</label>
<label type="PARAPHRASE" event="UnrelEv">
<item source="2" script="35" slot="5" total_slots="10" original="Next, you check in and wait to board your plane."></item>

</label>
<label type="PARAPHRASE" event="check_time-table">
<item source="2" script="38" slot="2" total_slots="5" original="Look at all the times and pick a destination"></item>
<item source="2" script="43" slot="1" total_slots="7" original="Check train schedule"></item>
<item source="2" script="50" slot="3" total_slots="7" original="CHECK TRAIN TIME"></item>

</label>
<label type="PARAPHRASE" event="get_train_station">
<item source="2" script="30" slot="1" total_slots="9" original="Go to station"></item>
<item source="2" script="31" slot="1" total_slots="9" original="drive to train station"></item>
<item source="2" script="32" slot="1" total_slots="5" original="arrive train station"></item>
<item source="2" script="33" slot="1" total_slots="8" original="Enter the train station"></item>
<item source="2" script="36" slot="3" total_slots="6" original="Driving to the train station."></item>
<item source="2" script="37" slot="1" total_slots="10" original="Drive to station"></item>
<item source="2" script="37" slot="3" total_slots="10" original="Walk into station"></item>
<item source="2" script="39" slot="1" total_slots="5" original="Go to train station."></item>
<item source="2" script="40" slot="1" total_slots="6" original="get to train stop"></item>
<item source="2" script="41" slot="2" total_slots="8" original="Drive to train station"></item>
<item source="2" script="42" slot="4" total_slots="8" original="Go to train station."></item>
<item source="2" script="45" slot="1" total_slots="10" original="Go to station"></item>
<item source="2" script="47" slot="2" total_slots="11" original="Go to train station"></item>
<item source="2" script="48" slot="1" total_slots="7" original="go to train station"></item>
<item source="2" script="49" slot="1" total_slots="5" original="Go to the train station"></item>
<item source="2" script="50" slot="1" total_slots="7" original="GET TO STATION"></item>
<item source="2" script="51" slot="1" total_slots="8" original="go to train station"></item>
<item source="2" script="52" slot="1" total_slots="7" original="Go to the train station"></item>
<item source="2" script="53" slot="1" total_slots="5" original="Arrive at the station."></item>
<item source="2" script="54" slot="2" total_slots="8" original="Go to the station."></item>

</label>
<label type="PARAPHRASE" event="other_park_car">
<item source="2" script="37" slot="2" total_slots="10" original="Park at station"></item>

</label>
<label type="PARAPHRASE" event="other_go_ticket_counter">
<item source="2" script="34" slot="2" total_slots="6" original="go to ticket window"></item>
<item source="2" script="45" slot="2" total_slots="10" original="Go to ticket office"></item>

</label>
<label type="PARAPHRASE" event="get_tickets">
<item source="2" script="30" slot="2" total_slots="9" original="Buy a ticket at the window"></item>
<item source="2" script="31" slot="2" total_slots="9" original="buy ticket"></item>
<item source="2" script="33" slot="2" total_slots="8" original="Get tickets from ticket counter"></item>
<item source="2" script="34" slot="3" total_slots="6" original="tell the clerk where you want to travel to"></item>
<item source="2" script="34" slot="4" total_slots="6" original="pay the clerk for ticket"></item>
<item source="2" script="35" slot="2" total_slots="10" original="Then, you have to buy your ticket."></item>
<item source="2" script="35" slot="3" total_slots="10" original="Then, you have to buy your ticket."></item>
<item source="2" script="36" slot="2" total_slots="6" original="Gathering ticket and required identification."></item>
<item source="2" script="37" slot="4" total_slots="10" original="Purchase train tickets"></item>
<item source="2" script="38" slot="3" total_slots="5" original="Pay for the ticket at the ticket counter"></item>
<item source="2" script="39" slot="2" total_slots="5" original="Buy ticket."></item>
<item source="2" script="40" slot="2" total_slots="6" original="buy pass"></item>
<item source="2" script="41" slot="1" total_slots="8" original="Obtain train ticket"></item>
<item source="2" script="42" slot="1" total_slots="8" original="Purchase train ticket."></item>
<item source="2" script="43" slot="2" total_slots="7" original="Purchase ticket"></item>
<item source="2" script="44" slot="1" total_slots="6" original="Buy ticket to train."></item>
<item source="2" script="45" slot="3" total_slots="10" original="Purchase ticket"></item>
<item source="2" script="47" slot="3" total_slots="11" original="Purchase ticket"></item>
<item source="2" script="48" slot="2" total_slots="7" original="purchase tickets"></item>
<item source="2" script="49" slot="2" total_slots="5" original="Buy a ticket"></item>
<item source="2" script="50" slot="2" total_slots="7" original="PURCHASE TICKET"></item>
<item source="2" script="51" slot="2" total_slots="8" original="buy ticket"></item>
<item source="2" script="53" slot="2" total_slots="5" original="Purchase ticket."></item>
<item source="2" script="54" slot="3" total_slots="8" original="Purchase your train ticket."></item>

</label>
<label type="PARAPHRASE" event="other_find_platform">
<item source="2" script="33" slot="3" total_slots="8" original="find out what platform the train will be on"></item>
<item source="2" script="54" slot="4" total_slots="8" original="Find the correct platform."></item>

</label>
<label type="PARAPHRASE" event="get_platform">
<item source="2" script="33" slot="4" total_slots="8" original="walk to the train platform"></item>
<item source="2" script="37" slot="5" total_slots="10" original="Walk to correct platform"></item>
<item source="2" script="45" slot="4" total_slots="10" original="Go to platform"></item>

</label>
<label type="PARAPHRASE" event="wait">
<item source="2" script="30" slot="3" total_slots="9" original="Wait on platform for train"></item>
<item source="2" script="31" slot="3" total_slots="9" original="wait for train"></item>
<item source="2" script="32" slot="2" total_slots="5" original="wait for train"></item>
<item source="2" script="33" slot="5" total_slots="8" original="wait until time to board train"></item>
<item source="2" script="34" slot="5" total_slots="6" original="wait for boarding time for train"></item>
<item source="2" script="37" slot="6" total_slots="10" original="Wait for train"></item>
<item source="2" script="45" slot="5" total_slots="10" original="Wait for train"></item>
<item source="2" script="46" slot="1" total_slots="6" original="wait at train stop"></item>
<item source="2" script="48" slot="3" total_slots="7" original="wait for train"></item>
<item source="2" script="49" slot="3" total_slots="5" original="Wait for my train"></item>
<item source="2" script="50" slot="4" total_slots="7" original="WAIT FOR TRAIN TO ARRIVE"></item>
<item source="2" script="51" slot="3" total_slots="8" original="wait for train"></item>
<item source="2" script="52" slot="2" total_slots="7" original="sit or stand and wait for your train"></item>
<item source="2" script="53" slot="3" total_slots="5" original="Wait on platform."></item>
<item source="2" script="54" slot="5" total_slots="8" original="Wait for your train to arrive."></item>

</label>
<label type="PARAPHRASE" event="other_wait_to_board">
<item source="2" script="33" slot="6" total_slots="8" original="step up to train"></item>
<item source="2" script="39" slot="3" total_slots="5" original="Wait in line."></item>

</label>
<label type="PARAPHRASE" event="get_on">
<item source="2" script="30" slot="4" total_slots="9" original="Get on train"></item>
<item source="2" script="31" slot="4" total_slots="9" original="board train"></item>
<item source="2" script="32" slot="3" total_slots="5" original="enter train"></item>
<item source="2" script="33" slot="8" total_slots="8" original="get on train."></item>
<item source="2" script="34" slot="6" total_slots="6" original="get on the train and enjoy"></item>
<item source="2" script="35" slot="6" total_slots="10" original="You board your train and find your seat."></item>
<item source="2" script="36" slot="5" total_slots="6" original="Board the train."></item>
<item source="2" script="37" slot="7" total_slots="10" original="Enter train"></item>
<item source="2" script="38" slot="4" total_slots="5" original="Board the train"></item>
<item source="2" script="39" slot="4" total_slots="5" original="Board train."></item>
<item source="2" script="40" slot="3" total_slots="6" original="get on train"></item>
<item source="2" script="41" slot="4" total_slots="8" original="Get on train"></item>
<item source="2" script="42" slot="5" total_slots="8" original="Board train."></item>
<item source="2" script="43" slot="4" total_slots="7" original="Get on the correct train"></item>
<item source="2" script="44" slot="3" total_slots="6" original="Board train."></item>
<item source="2" script="45" slot="6" total_slots="10" original="When train arrives, get on train"></item>
<item source="2" script="46" slot="2" total_slots="6" original="board correct train"></item>
<item source="2" script="47" slot="4" total_slots="11" original="Get on train"></item>
<item source="2" script="48" slot="4" total_slots="7" original="board train"></item>
<item source="2" script="49" slot="4" total_slots="5" original="Get on my train"></item>
<item source="2" script="50" slot="5" total_slots="7" original="BOARD TRAIN"></item>
<item source="2" script="51" slot="4" total_slots="8" original="get on train"></item>
<item source="2" script="52" slot="3" total_slots="7" original="when the train comes , get up and enter the train"></item>
<item source="2" script="53" slot="4" total_slots="5" original="Board train."></item>
<item source="2" script="54" slot="6" total_slots="8" original="Enter the appropriate train car."></item>

</label>
<label type="PARAPHRASE" event="other_stow_luggage">
<item source="2" script="41" slot="6" total_slots="8" original="Place luggage down"></item>

</label>
<label type="PARAPHRASE" event="find_place">
<item source="2" script="30" slot="5" total_slots="9" original="Find a seat"></item>
<item source="2" script="31" slot="6" total_slots="9" original="find a seat"></item>
<item source="2" script="31" slot="7" total_slots="9" original="sit down"></item>
<item source="2" script="32" slot="4" total_slots="5" original="find seat"></item>
<item source="2" script="37" slot="8" total_slots="10" original="Find correct seat"></item>
<item source="2" script="37" slot="9" total_slots="10" original="Sit in seat"></item>
<item source="2" script="39" slot="5" total_slots="5" original="Sit down and ride."></item>
<item source="2" script="40" slot="4" total_slots="6" original="find seat"></item>
<item source="2" script="41" slot="5" total_slots="8" original="Find a seat"></item>
<item source="2" script="47" slot="5" total_slots="11" original="Find seat"></item>
<item source="2" script="47" slot="6" total_slots="11" original="Sit and relax"></item>
<item source="2" script="42" slot="7" total_slots="8" original="Find a seat."></item>
<item source="2" script="43" slot="5" total_slots="7" original="Find a seat"></item>
<item source="2" script="43" slot="6" total_slots="7" original="Sit down and enjoy the ride"></item>
<item source="2" script="44" slot="4" total_slots="6" original="Find a seat."></item>
<item source="2" script="45" slot="7" total_slots="10" original="Find a seat"></item>
<item source="2" script="46" slot="3" total_slots="6" original="find a seat or stand"></item>
<item source="2" script="50" slot="6" total_slots="7" original="FIND SEAT"></item>
<item source="2" script="50" slot="7" total_slots="7" original="SIT DOWN"></item>
<item source="2" script="51" slot="5" total_slots="8" original="sit"></item>
<item source="2" script="52" slot="4" total_slots="7" original="sit down"></item>
<item source="2" script="54" slot="7" total_slots="8" original="Find your seat or compartment."></item>

</label>
<label type="PARAPHRASE" event="conductor_checks">
<item source="2" script="30" slot="6" total_slots="9" original="Give ticket to conductor"></item>
<item source="2" script="31" slot="5" total_slots="9" original="give conductor ticket"></item>
<item source="2" script="33" slot="7" total_slots="8" original="hand your ticket to the conductor"></item>
<item source="2" script="36" slot="4" total_slots="6" original="Giving ticket to conductor/ticket taker."></item>
<item source="2" script="41" slot="3" total_slots="8" original="Show receptionist train ticket"></item>
<item source="2" script="42" slot="6" total_slots="8" original="Give ticket to conductor."></item>
<item source="2" script="43" slot="3" total_slots="7" original="Give ticket to the attendant"></item>
<item source="2" script="44" slot="2" total_slots="6" original="Give ticket to conductor."></item>
<item source="2" script="52" slot="5" total_slots="7" original="wait for attendant to walk by and pay for your ticket"></item>

</label>
<label type="PARAPHRASE" event="spend_time_train">
<item source="2" script="30" slot="7" total_slots="9" original="Ride and enjoy the countryside"></item>
<item source="2" script="32" slot="5" total_slots="5" original="enjoy ride"></item>
<item source="2" script="35" slot="7" total_slots="10" original="You ride the train to your destination."></item>
<item source="2" script="35" slot="8" total_slots="10" original="If you're going on a long trip, you may receive a meal."></item>
<item source="2" script="36" slot="6" total_slots="6" original="Relax while you reach your destination."></item>
<item source="2" script="37" slot="10" total_slots="10" original="Enjoy train ride"></item>
<item source="2" script="38" slot="5" total_slots="5" original="Enjoy the ride on the train"></item>
<item source="2" script="40" slot="5" total_slots="6" original="ride to your stop"></item>
<item source="2" script="42" slot="8" total_slots="8" original="Wait until you reach your destination."></item>
<item source="2" script="44" slot="5" total_slots="6" original="Enjoy train ride."></item>
<item source="2" script="45" slot="8" total_slots="10" original="Wait until your station"></item>
<item source="2" script="46" slot="4" total_slots="6" original="listen to music or read etc while riding"></item>
<item source="2" script="46" slot="5" total_slots="6" original="look at window if you haven't seen the surroundings"></item>
<item source="2" script="47" slot="7" total_slots="11" original="Look out window"></item>
<item source="2" script="47" slot="8" total_slots="11" original="Order meal"></item>
<item source="2" script="47" slot="9" total_slots="11" original="Eat"></item>
<item source="2" script="48" slot="5" total_slots="7" original="ride train"></item>
<item source="2" script="49" slot="5" total_slots="5" original="Go to my destination"></item>
<item source="2" script="51" slot="6" total_slots="8" original="wait until train reaches destination"></item>
<item source="2" script="52" slot="6" total_slots="7" original="enjoy train ride"></item>
<item source="2" script="53" slot="5" total_slots="5" original="Enjoy the journey."></item>
<item source="2" script="54" slot="8" total_slots="8" original="Enjoy the train trip."></item>

</label>
<label type="PARAPHRASE" event="arrive_destination">
<item source="2" script="30" slot="8" total_slots="9" original="Arrive"></item>
<item source="2" script="31" slot="8" total_slots="9" original="arrive at destination"></item>
<item source="2" script="35" slot="9" total_slots="10" original="You arrive to your destination, and take your luggage."></item>
<item source="2" script="41" slot="7" total_slots="8" original="Arrive at destination"></item>
<item source="2" script="47" slot="10" total_slots="11" original="Get to destination"></item>
<item source="2" script="48" slot="6" total_slots="7" original="arrive at destination"></item>

</label>
<label type="PARAPHRASE" event="get_off">
<item source="2" script="30" slot="9" total_slots="9" original="Leave train"></item>
<item source="2" script="31" slot="9" total_slots="9" original="exit train"></item>
<item source="2" script="40" slot="6" total_slots="6" original="get off train"></item>
<item source="2" script="41" slot="8" total_slots="8" original="Get off train"></item>
<item source="2" script="43" slot="7" total_slots="7" original="Get off at correct destination"></item>
<item source="2" script="44" slot="6" total_slots="6" original="Leave train at destination."></item>
<item source="2" script="45" slot="9" total_slots="10" original="Get off train"></item>
<item source="2" script="46" slot="6" total_slots="6" original="exit train at correct stop"></item>
<item source="2" script="47" slot="11" total_slots="11" original="Leave train"></item>
<item source="2" script="48" slot="7" total_slots="7" original="disembark train"></item>
<item source="2" script="51" slot="7" total_slots="8" original="get off train"></item>
<item source="2" script="52" slot="7" total_slots="7" original="get off at destination"></item>

</label>
<label type="PARAPHRASE" event="other_leave_station">
<item source="2" script="45" slot="10" total_slots="10" original="Leave station"></item>

</label>
<label type="PARAPHRASE" event="UnrelEv">
<item source="2" script="35" slot="10" total_slots="10" original="Then, you enjoy your destination."></item>

</label>
<label type="PARAPHRASE" event="UnrelEv">
<item source="2" script="51" slot="8" total_slots="8" original="repeat for return trip if needed"></item>

</label>
</scripts>