<scripts>
<label type="PARAPHRASE" event="other_go_garden_center">
<item source="2" script="31" slot="1" total_slots="11" original="Go to nursery"></item>
<item source="2" script="50" slot="1" total_slots="9" original="go to store"></item>

</label>
<label type="PARAPHRASE" event="choose_tree">
<item source="2" script="27" slot="1" total_slots="6" original="choose tree and spot to plant"></item>

</label>
<label type="PARAPHRASE" event="get_tree">
<item source="2" script="26" slot="1" total_slots="7" original="Buy the tree"></item>
<item source="2" script="29" slot="1" total_slots="6" original="Get tree seeds."></item>
<item source="2" script="31" slot="2" total_slots="11" original="Buy tree sapling"></item>
<item source="2" script="33" slot="1" total_slots="6" original="Get the tree and take it out into the yard."></item>
<item source="2" script="35" slot="1" total_slots="7" original="acquire sapling"></item>
<item source="2" script="36" slot="1" total_slots="7" original="Purchase a tree"></item>
<item source="2" script="38" slot="3" total_slots="10" original="Get tree"></item>
<item source="2" script="39" slot="1" total_slots="10" original="Acquire sapling"></item>
<item source="2" script="40" slot="1" total_slots="6" original="Buy seeds"></item>
<item source="2" script="42" slot="1" total_slots="5" original="get seeds"></item>
<item source="2" script="43" slot="1" total_slots="7" original="Buy seeds"></item>
<item source="2" script="45" slot="1" total_slots="7" original="Purchase seeds."></item>
<item source="2" script="46" slot="1" total_slots="6" original="Get tree and shovel"></item>
<item source="2" script="47" slot="1" total_slots="5" original="Buy tree seed"></item>
<item source="2" script="49" slot="1" total_slots="5" original="get tree seed"></item>
<item source="2" script="50" slot="2" total_slots="9" original="buy sapling"></item>
<item source="2" script="51" slot="1" total_slots="8" original="Buy a tree."></item>
<item source="2" script="52" slot="2" total_slots="5" original="Buy or get a seed."></item>

</label>
<label type="PARAPHRASE" event="take_home">
<item source="2" script="31" slot="3" total_slots="11" original="Take tree sapling to place you want to plant it"></item>
<item source="2" script="40" slot="2" total_slots="6" original="Go to garden"></item>
<item source="2" script="50" slot="3" total_slots="9" original="go home"></item>

</label>
<label type="PARAPHRASE" event="find_place">
<item source="2" script="26" slot="2" total_slots="7" original="Select a site to plant the tree"></item>
<item source="2" script="30" slot="1" total_slots="5" original="Find place in ground with enough space for tree."></item>
<item source="2" script="33" slot="2" total_slots="6" original="Choose a spot to plant the tree."></item>
<item source="2" script="35" slot="2" total_slots="7" original="determine where to plant it"></item>
<item source="2" script="37" slot="2" total_slots="8" original="Find a suitable area"></item>
<item source="2" script="41" slot="1" total_slots="6" original="Selecting the site to plant tree"></item>
<item source="2" script="45" slot="3" total_slots="7" original="Go outside to find spot for tree."></item>
<item source="2" script="48" slot="1" total_slots="6" original="Find place for tree"></item>
<item source="2" script="50" slot="5" total_slots="9" original="select location"></item>
<item source="2" script="52" slot="1" total_slots="5" original="Pick a spot in the yard for the tree."></item>

</label>
<label type="PARAPHRASE" event="RelNScrEv">
<item source="2" script="37" slot="3" total_slots="8" original="Measure depth of required hole"></item>

</label>
<label type="PARAPHRASE" event="get_tools">
<item source="2" script="26" slot="3" total_slots="7" original="Get a shovel"></item>
<item source="2" script="31" slot="4" total_slots="11" original="Get a shovel"></item>
<item source="2" script="31" slot="8" total_slots="11" original="Get a water hose"></item>
<item source="2" script="32" slot="1" total_slots="5" original="Grab shovel"></item>
<item source="2" script="33" slot="3" total_slots="6" original="Get a shovel and dig a hole where you want to plant the tree."></item>
<item source="2" script="38" slot="1" total_slots="10" original="Find shovel"></item>
<item source="2" script="39" slot="2" total_slots="10" original="Get shovel and watering can"></item>
<item source="2" script="44" slot="1" total_slots="6" original="get shovel"></item>
<item source="2" script="45" slot="2" total_slots="7" original="Get shovel and water ready."></item>
<item source="2" script="48" slot="2" total_slots="6" original="Get shovel"></item>
<item source="2" script="50" slot="4" total_slots="9" original="get shovel"></item>
<item source="2" script="51" slot="2" total_slots="8" original="Find the shovel."></item>
<item source="2" script="51" slot="7" total_slots="8" original="Get the hose."></item>

</label>
<label type="PARAPHRASE" event="dug_hole">
<item source="2" script="26" slot="4" total_slots="7" original="Dig a hole three times the save as the root ball"></item>
<item source="2" script="27" slot="2" total_slots="6" original="dig hole big enough for tree to grow"></item>
<item source="2" script="29" slot="2" total_slots="6" original="Dig a hole in the ground."></item>
<item source="2" script="30" slot="2" total_slots="5" original="Dig hole in the ground."></item>
<item source="2" script="31" slot="5" total_slots="11" original="Dig a hole"></item>
<item source="2" script="32" slot="2" total_slots="5" original="dig hole in ground"></item>
<item source="2" script="35" slot="3" total_slots="7" original="dig a small hole, keep the displaced dirt accessible"></item>
<item source="2" script="36" slot="2" total_slots="7" original="Dig a hole where you want the tree planted"></item>
<item source="2" script="37" slot="4" total_slots="8" original="Use shovel to dig hole"></item>
<item source="2" script="38" slot="2" total_slots="10" original="Dig hole"></item>
<item source="2" script="39" slot="5" total_slots="10" original="Dig hole"></item>
<item source="2" script="40" slot="3" total_slots="6" original="Dig hole"></item>
<item source="2" script="41" slot="2" total_slots="6" original="Dig hole for tree"></item>
<item source="2" script="42" slot="2" total_slots="5" original="dig a hole"></item>
<item source="2" script="43" slot="2" total_slots="7" original="Dig a hole into the ground"></item>
<item source="2" script="44" slot="2" total_slots="6" original="dig hole at least 5 inches bigger then the root ball of tree"></item>
<item source="2" script="44" slot="3" total_slots="6" original="start digging"></item>
<item source="2" script="45" slot="4" total_slots="7" original="Dig hole for tree with shovel."></item>
<item source="2" script="46" slot="2" total_slots="6" original="Dig an appropriate sized hole for the tree"></item>
<item source="2" script="47" slot="2" total_slots="5" original="Dig small hole in dirt"></item>
<item source="2" script="48" slot="3" total_slots="6" original="Dig hole"></item>
<item source="2" script="49" slot="2" total_slots="5" original="dig a hole"></item>
<item source="2" script="50" slot="6" total_slots="9" original="dig hole"></item>
<item source="2" script="51" slot="3" total_slots="8" original="Dig a hole in the yard."></item>

</label>
<label type="PARAPHRASE" event="other_score_roots">
<item source="2" script="41" slot="4" total_slots="6" original="Score roots to ensure good root growth"></item>

</label>
<label type="PARAPHRASE" event="other_hold_tree">
<item source="2" script="46" slot="4" total_slots="6" original="Hold the tree upright while filling the hole back up"></item>

</label>
<label type="PARAPHRASE" event="unwrap_root">
<item source="2" script="36" slot="4" total_slots="7" original="Take tree out of container"></item>
<item source="2" script="51" slot="4" total_slots="8" original="Take the tree out of its container."></item>

</label>
<label type="PARAPHRASE" event="place_root">
<item source="2" script="26" slot="5" total_slots="7" original="Place the tree at the top of the hole"></item>
<item source="2" script="27" slot="3" total_slots="6" original="place tree in hole"></item>
<item source="2" script="29" slot="3" total_slots="6" original="Plant seed in ground."></item>
<item source="2" script="30" slot="3" total_slots="5" original="Put tree seedling into hole."></item>
<item source="2" script="31" slot="6" total_slots="11" original="Put sapling in hole"></item>
<item source="2" script="32" slot="3" total_slots="5" original="Put tree into hole in ground"></item>
<item source="2" script="33" slot="4" total_slots="6" original="Place the roots of the tree into the hole you have dug."></item>
<item source="2" script="35" slot="4" total_slots="7" original="place sapling in hole, roots down"></item>
<item source="2" script="36" slot="5" total_slots="7" original="Put in the ground"></item>
<item source="2" script="37" slot="5" total_slots="8" original="Place sapling into the hole"></item>
<item source="2" script="38" slot="4" total_slots="10" original="Put tree roots into hole"></item>
<item source="2" script="39" slot="6" total_slots="10" original="Place sapling in hole"></item>
<item source="2" script="40" slot="4" total_slots="6" original="Put seed in hole"></item>
<item source="2" script="41" slot="5" total_slots="6" original="Place tree in hole"></item>
<item source="2" script="42" slot="3" total_slots="5" original="insert some seeds"></item>
<item source="2" script="43" slot="3" total_slots="7" original="Place seed into hole"></item>
<item source="2" script="44" slot="5" total_slots="6" original="put tree in hole"></item>
<item source="2" script="45" slot="5" total_slots="7" original="Place seeds in hole."></item>
<item source="2" script="46" slot="3" total_slots="6" original="Place the tree in the hole"></item>
<item source="2" script="47" slot="3" total_slots="5" original="Place seed in hole"></item>
<item source="2" script="48" slot="4" total_slots="6" original="Place tree in hole"></item>
<item source="2" script="49" slot="3" total_slots="5" original="place seed in hole"></item>
<item source="2" script="50" slot="7" total_slots="9" original="put sapling in hole"></item>
<item source="2" script="51" slot="5" total_slots="8" original="Put it in the hole."></item>
<item source="2" script="52" slot="3" total_slots="5" original="Plant tree seed about 4 inches in the dirt."></item>

</label>
<label type="PARAPHRASE" event="refill_hole">
<item source="2" script="26" slot="6" total_slots="7" original="Fill in dirt around the tree gently"></item>
<item source="2" script="27" slot="4" total_slots="6" original="replace the dirt"></item>
<item source="2" script="29" slot="4" total_slots="6" original="Fill hole up with soil that you used to dig the hole."></item>
<item source="2" script="30" slot="4" total_slots="5" original="Fill hole with dirt and fertilizer."></item>
<item source="2" script="31" slot="7" total_slots="11" original="Fill in the hole with the shovel"></item>
<item source="2" script="32" slot="4" total_slots="5" original="Add shoveled dirt back into hole"></item>
<item source="2" script="33" slot="5" total_slots="6" original="Cover the roots with surrounding dirt."></item>
<item source="2" script="35" slot="5" total_slots="7" original="replace displaced dirt"></item>
<item source="2" script="36" slot="6" total_slots="7" original="Cover the tree with the dirt you took out of the hole"></item>
<item source="2" script="37" slot="6" total_slots="8" original="Refill hole with remaining dirt"></item>
<item source="2" script="38" slot="5" total_slots="10" original="Put loose dirt around roots"></item>
<item source="2" script="38" slot="6" total_slots="10" original="Fill hole so that only top of tree is above ground"></item>
<item source="2" script="38" slot="8" total_slots="10" original="Add additional dirt if necessary"></item>
<item source="2" script="39" slot="7" total_slots="10" original="Fill hole with dirt"></item>
<item source="2" script="40" slot="6" total_slots="6" original="Cover hole"></item>
<item source="2" script="41" slot="6" total_slots="6" original="Cover hole with soil"></item>
<item source="2" script="42" slot="4" total_slots="5" original="cover up hole"></item>
<item source="2" script="43" slot="4" total_slots="7" original="Cover hole back up"></item>
<item source="2" script="44" slot="6" total_slots="6" original="cover back up with dirt"></item>
<item source="2" script="45" slot="6" total_slots="7" original="Cover seeds over with soil."></item>
<item source="2" script="47" slot="4" total_slots="5" original="Cover hole"></item>
<item source="2" script="48" slot="5" total_slots="6" original="Fill hole with dirt"></item>
<item source="2" script="49" slot="4" total_slots="5" original="cover hole with dirt"></item>
<item source="2" script="50" slot="8" total_slots="9" original="cover sapling with dirt"></item>
<item source="2" script="51" slot="6" total_slots="8" original="Cover the roots with dirt."></item>

</label>
<label type="PARAPHRASE" event="tamp_dirt">
<item source="2" script="35" slot="6" total_slots="7" original="pack dirt around tree"></item>
<item source="2" script="37" slot="7" total_slots="8" original="Pat gently to secure sapling"></item>
<item source="2" script="39" slot="8" total_slots="10" original="Tamp down dirt"></item>

</label>
<label type="PARAPHRASE" event="other_check_stability">
<item source="2" script="38" slot="7" total_slots="10" original="Make sure tree is standing straight and secure"></item>

</label>
<label type="PARAPHRASE" event="other_put_away_tools">
<item source="2" script="37" slot="8" total_slots="8" original="Put tools away"></item>
<item source="2" script="39" slot="10" total_slots="10" original="Put away shovel and watering can"></item>

</label>
<label type="PARAPHRASE" event="water">
<item source="2" script="26" slot="7" total_slots="7" original="Water the tree"></item>
<item source="2" script="27" slot="5" total_slots="6" original="water the tree"></item>
<item source="2" script="29" slot="5" total_slots="6" original="Water it."></item>
<item source="2" script="30" slot="5" total_slots="5" original="Water tree daily."></item>
<item source="2" script="31" slot="9" total_slots="11" original="Turn water on"></item>
<item source="2" script="31" slot="10" total_slots="11" original="Water tree"></item>
<item source="2" script="32" slot="5" total_slots="5" original="Water tree"></item>
<item source="2" script="33" slot="6" total_slots="6" original="Water the tree."></item>
<item source="2" script="35" slot="7" total_slots="7" original="add water"></item>
<item source="2" script="36" slot="3" total_slots="7" original="Put some water in the hole"></item>
<item source="2" script="36" slot="7" total_slots="7" original="Water again"></item>
<item source="2" script="38" slot="9" total_slots="10" original="Add small amount of water to base of tree"></item>
<item source="2" script="38" slot="10" total_slots="10" original="Water tree daily and wait to grow"></item>
<item source="2" script="39" slot="3" total_slots="10" original="Fill watering can"></item>
<item source="2" script="39" slot="9" total_slots="10" original="Water sapling"></item>
<item source="2" script="40" slot="5" total_slots="6" original="Water the seed"></item>
<item source="2" script="41" slot="3" total_slots="6" original="Put a small amount of water in hole"></item>
<item source="2" script="42" slot="5" total_slots="5" original="water the soil"></item>
<item source="2" script="43" slot="5" total_slots="7" original="Take some water"></item>
<item source="2" script="43" slot="6" total_slots="7" original="Water the seed everyday"></item>
<item source="2" script="44" slot="4" total_slots="6" original="put water and fertilizer in hole"></item>
<item source="2" script="45" slot="7" total_slots="7" original="Water soil."></item>
<item source="2" script="46" slot="6" total_slots="6" original="Water the tree"></item>
<item source="2" script="47" slot="5" total_slots="5" original="Water seed every day"></item>
<item source="2" script="48" slot="6" total_slots="6" original="Water tree"></item>
<item source="2" script="49" slot="5" total_slots="5" original="water and care for tree"></item>
<item source="2" script="50" slot="9" total_slots="9" original="water new sapling"></item>
<item source="2" script="51" slot="8" total_slots="8" original="Water the tree."></item>
<item source="2" script="52" slot="4" total_slots="5" original="Water the area daily."></item>

</label>
<label type="PARAPHRASE" event="tie_stakes_up">
<item source="2" script="46" slot="5" total_slots="6" original="Place a stabilizing stick if need"></item>

</label>
<label type="PARAPHRASE" event="UnRelEv">
<item source="2" script="27" slot="6" total_slots="6" original="wait for the tree to grow"></item>
<item source="2" script="29" slot="6" total_slots="6" original="Wait and watch as it blossoms."></item>
<item source="2" script="31" slot="11" total_slots="11" original="Wait for tree to grow"></item>

</label>
<label type="PARAPHRASE" event="UnRelEv">
<item source="2" script="37" slot="1" total_slots="8" original="Go outside"></item>
<item source="2" script="39" slot="4" total_slots="10" original="Go outside"></item>

</label>
<label type="PARAPHRASE" event="UnRelEv">
<item source="2" script="43" slot="7" total_slots="7" original="Make sure it gets sunlight"></item>

</label>
<label type="PARAPHRASE" event="UnRelEv">
<item source="2" script="52" slot="5" total_slots="5" original="As the tree grows, remove any weeds that may grow from the area."></item>

</label>
</scripts>