<scripts><script id="0" source="2"><item slot="1" original="Walk in the door" ></item>
<item slot="2" original="Look at the menu" ></item>
<item slot="3" original="Decide what you want" ></item>
<item slot="4" original="Order from the register" ></item>
<item slot="5" original="Wait at the counter for your food" ></item>
<item slot="6" original="Get your tray" ></item>
<item slot="7" original="Fill your drink at the dispenser" ></item>
<item slot="8" original="Get napkins and straw" ></item>
<item slot="9" original="Pick a table" ></item>
<item slot="10" original="Sit down" ></item>
<item slot="11" original="Eat your food" ></item>
</script><script id="1" source="2"><item slot="1" original="Enter the restaurant." ></item>
<item slot="2" original="Look over the menu." ></item>
<item slot="3" original="Go to cashier and place order." ></item>
<item slot="4" original="Pay for meal." ></item>
<item slot="5" original="Wait until order is ready." ></item>
<item slot="6" original="Pick up order." ></item>
<item slot="7" original="Find a table." ></item>
<item slot="8" original="Eat the meal." ></item>
<item slot="9" original="Leave the restaurant." ></item>
</script><script id="2" source="2"><item slot="1" original="ENTER INTO THE  FAST FOOD RESTAURANT" ></item>
<item slot="2" original="FIND A SEAT" ></item>
<item slot="3" original="WAITER BRINGS THE MENU" ></item>
<item slot="4" original="SELECT ORDER FROM FAST FOOD" ></item>
<item slot="5" original="BURGER AND NOODLES IN THE ORDER" ></item>
<item slot="6" original="ORDER DRINK" ></item>
<item slot="7" original="EAT AND DRINK" ></item>
<item slot="8" original="WAITER BRINGS BILL" ></item>
<item slot="9" original="PAY THE BILL" ></item>
<item slot="10" original="WAITER BRINGS RECEIPT" ></item>
<item slot="11" original="TIPS THE WAITER" ></item>
<item slot="12" original="LEAVE THE FAST FOOD RESTAURANT" ></item>
</script><script id="3" source="2"><item slot="1" original="entering the restaurant" ></item>
<item slot="2" original="ordering food" ></item>
<item slot="3" original="ordering drink" ></item>
<item slot="4" original="paying for purchase" ></item>
<item slot="5" original="waiting for food" ></item>
<item slot="6" original="sitting down with food" ></item>
<item slot="7" original="eating food" ></item>
<item slot="8" original="leaving the restaurant" ></item>
</script><script id="4" source="2"><item slot="1" original="Decide what you want for lunch" ></item>
<item slot="2" original="Drive to the fast food restaurant" ></item>
<item slot="3" original="Select the food item of your choice" ></item>
<item slot="4" original="order the food item" ></item>
<item slot="5" original="Pay for your order" ></item>
<item slot="6" original="Sit at a table and eat your lunch" ></item>
</script><script id="5" source="2"><item slot="1" original="Enter the fast food restaurant" ></item>
<item slot="2" original="Stand in line" ></item>
<item slot="3" original="Decide what to order" ></item>
<item slot="4" original="Wait in line" ></item>
<item slot="5" original="Order food" ></item>
<item slot="6" original="Pay" ></item>
<item slot="7" original="Wait for food" ></item>
<item slot="8" original="Pick up food" ></item>
<item slot="9" original="Take food to table" ></item>
<item slot="10" original="Sit down" ></item>
<item slot="11" original="Eat" ></item>
<item slot="12" original="Throw away trash" ></item>
<item slot="13" original="Leave" ></item>
</script><script id="6" source="2"><item slot="1" original="Enter the fast food restaurant" ></item>
<item slot="2" original="Join the queue" ></item>
<item slot="3" original="look and select items from the menu board" ></item>
<item slot="4" original="Order the chosen items" ></item>
<item slot="5" original="Pay" ></item>
<item slot="6" original="Get change and receipt" ></item>
<item slot="7" original="Wait for your items to arrive" ></item>
<item slot="8" original="Take the items to an empty table" ></item>
<item slot="9" original="Eat it and enjoy" ></item>
</script><script id="7" source="2"><item slot="1" original="Travel to a fast food restaurant" ></item>
<item slot="2" original="Enter the restaurant" ></item>
<item slot="3" original="Order your food" ></item>
<item slot="4" original="Pay for your order" ></item>
<item slot="5" original="Retrieve your food when it is ready" ></item>
<item slot="6" original="Eat your food" ></item>
</script><script id="8" source="2"><item slot="1" original="order food at counter" ></item>
<item slot="2" original="pay for food" ></item>
<item slot="3" original="wait for food" ></item>
<item slot="4" original="eat food" ></item>
<item slot="5" original="throw away trash" ></item>
<item slot="6" original="place tray in tray return" ></item>
</script><script id="9" source="2"><item slot="1" original="Walk into chosen restaurant" ></item>
<item slot="2" original="Glance at menu before stepping in line" ></item>
<item slot="3" original="Step in line once choice is made" ></item>
<item slot="4" original="Relay order to employee" ></item>
<item slot="5" original="Pay" ></item>
<item slot="6" original="Wait for food" ></item>
<item slot="7" original="Take tray and find a booth" ></item>
<item slot="8" original="Eat the food" ></item>
<item slot="9" original="Throw away the trash" ></item>
<item slot="10" original="Stack the tray" ></item>
<item slot="11" original="Leave the restaurant" ></item>
</script><script id="10" source="2"><item slot="1" original="Choose a restaurant" ></item>
<item slot="2" original="Drive to restaurant" ></item>
<item slot="3" original="Park at restaurant" ></item>
<item slot="4" original="Walk into restaurant" ></item>
<item slot="5" original="Walk up to registers" ></item>
<item slot="6" original="Look at menu" ></item>
<item slot="7" original="Decide what to eat" ></item>
<item slot="8" original="Order food" ></item>
<item slot="9" original="Wait for food" ></item>
<item slot="10" original="Look around for available tables" ></item>
<item slot="11" original="Get food" ></item>
<item slot="12" original="Get forks, napkins and salt/pepper" ></item>
<item slot="13" original="Get drink" ></item>
<item slot="14" original="Find a table" ></item>
<item slot="15" original="Eat food" ></item>
<item slot="16" original="Take tray to trash spot and discard trash" ></item>
</script><script id="11" source="2"><item slot="1" original="Look at menu." ></item>
<item slot="2" original="Go up to cashier." ></item>
<item slot="3" original="Order what you want off the menu." ></item>
<item slot="4" original="Pay the cashier for the meal." ></item>
<item slot="5" original="Wait till your meal is ready." ></item>
<item slot="6" original="Take your meal." ></item>
<item slot="7" original="Go to a table." ></item>
<item slot="8" original="Sit down and eat your meal." ></item>
</script><script id="12" source="2"><item slot="1" original="Get in the car" ></item>
<item slot="2" original="Drive over to the restaurant" ></item>
<item slot="3" original="Park the car and get out" ></item>
<item slot="4" original="Walk inside the restaurant doors" ></item>
<item slot="5" original="Walk to the counter and look at the menu" ></item>
<item slot="6" original="Order what you want" ></item>
<item slot="7" original="Pay for the food" ></item>
<item slot="8" original="Wait for your order to be ready" ></item>
<item slot="9" original="Take your food" ></item>
<item slot="10" original="Sit down and eat" ></item>
</script><script id="13" source="2"><item slot="1" original="Enter into the fast food restaurant" ></item>
<item slot="2" original="Refer the menu and decide what to eat" ></item>
<item slot="3" original="Go to the cash counter, pay for the food and get the receipt." ></item>
<item slot="4" original="Go to the service counter, give the receipt and get the food" ></item>
<item slot="5" original="Prefer a seat in the corner" ></item>
<item slot="6" original="Eat the food enjoying its taste and flavor" ></item>
<item slot="7" original="Put the waste in the bin and leave the restaurant" ></item>
</script><script id="14" source="2"><item slot="1" original="Go into restaurant." ></item>
<item slot="2" original="Go to counter." ></item>
<item slot="3" original="Examine menu and make choices." ></item>
<item slot="4" original="Order items." ></item>
<item slot="5" original="Pay to items." ></item>
<item slot="6" original="Proceed to table" ></item>
<item slot="7" original="Enjoy food." ></item>
</script><script id="16" source="2"><item slot="1" original="Drive to fast food restaurant." ></item>
<item slot="2" original="Go to counter." ></item>
<item slot="3" original="Study menu." ></item>
<item slot="4" original="Tell cashier what food and drink you want." ></item>
<item slot="5" original="Pay." ></item>
<item slot="6" original="Take tray of food when ready." ></item>
<item slot="7" original="Find empty seat." ></item>
<item slot="8" original="Eat." ></item>
<item slot="9" original="Get up and take tray to trash can." ></item>
<item slot="10" original="Throw away trash, stow tray on top." ></item>
<item slot="11" original="Leave." ></item>
</script><script id="18" source="2"><item slot="1" original="Go into restaurant and walk up to counter" ></item>
<item slot="2" original="Decide what items you want to eat" ></item>
<item slot="3" original="Order your food items and drinks" ></item>
<item slot="4" original="Pay for your order" ></item>
<item slot="5" original="Wait for your food to be cooked" ></item>
<item slot="6" original="Take food on tray to a table and sit down" ></item>
<item slot="7" original="Eat your meal" ></item>
<item slot="8" original="When finished meal, take trash and throw away" ></item>
<item slot="9" original="Place tray on appropriate stack, usually on top of trash cans" ></item>
<item slot="10" original="Leave restaurant" ></item>
</script><script id="19" source="2"><item slot="1" original="Get to the fast food restaurant" ></item>
<item slot="2" original="Order food from the cashier" ></item>
<item slot="3" original="Wait for the food to come out,  usually takes a few minutes" ></item>
<item slot="4" original="Get a drink" ></item>
<item slot="5" original="Find a clean table to eat the food at" ></item>
<item slot="6" original="Eat the food" ></item>
<item slot="7" original="Drink the drink" ></item>
<item slot="8" original="Throw away the wrappers" ></item>
<item slot="9" original="Leave the fast food restaurant" ></item>
</script><script id="20" source="2"><item slot="1" original="Enter fast food spot" ></item>
<item slot="2" original="Look at menu" ></item>
<item slot="3" original="Choose food" ></item>
<item slot="4" original="Stand in line" ></item>
<item slot="5" original="Order food" ></item>
<item slot="6" original="Pay for food" ></item>
<item slot="7" original="Wait while meal cooks" ></item>
<item slot="8" original="Get meal from cashier" ></item>
<item slot="9" original="Check contents for accuracy" ></item>
<item slot="10" original="Leave spot" ></item>
</script><script id="21" source="2"><item slot="1" original="Go to the restaurant." ></item>
<item slot="2" original="Wait in line." ></item>
<item slot="3" original="Tell the cashier your order." ></item>
<item slot="4" original="Pay." ></item>
<item slot="5" original="Wait for your food." ></item>
<item slot="6" original="Take your tray to an empty table." ></item>
<item slot="7" original="Sit down." ></item>
<item slot="8" original="Eat." ></item>
<item slot="9" original="Bring your tray to the proper area." ></item>
<item slot="10" original="Throw your trash." ></item>
<item slot="11" original="Leave." ></item>
</script><script id="22" source="2"><item slot="1" original="Walk in" ></item>
<item slot="2" original="Look at menu above counter" ></item>
<item slot="3" original="Place order" ></item>
<item slot="4" original="Receive ticket and order number" ></item>
<item slot="5" original="Pick up food and drink cup" ></item>
<item slot="6" original="Fill cup" ></item>
<item slot="7" original="Sit down and eat" ></item>
<item slot="8" original="Throw trash away and place tray by trash" ></item>
<item slot="9" original="Walk out" ></item>
</script><script id="23" source="2"><item slot="1" original="Go to fast food" ></item>
<item slot="2" original="Choose what you want" ></item>
<item slot="3" original="Pay for food" ></item>
<item slot="4" original="Get food" ></item>
<item slot="5" original="Find a table" ></item>
<item slot="6" original="Eat fast food" ></item>
</script><script id="24" source="2"><item slot="1" original="Enter into restaurant" ></item>
<item slot="2" original="Get in line" ></item>
<item slot="3" original="Look at menu board while waiting" ></item>
<item slot="4" original="Tell cashier my order" ></item>
<item slot="5" original="Cashier gives cups for drinks" ></item>
<item slot="6" original="Go to drink machine" ></item>
<item slot="7" original="Choose drink" ></item>
<item slot="8" original="Fill cup with drink" ></item>
<item slot="9" original="Get order from counter" ></item>
<item slot="10" original="Choose a seat" ></item>
<item slot="11" original="Eat and drink" ></item>
<item slot="12" original="Throw trash away" ></item>
<item slot="13" original="Leave the restaurant" ></item>
</script><script id="25" source="2"><item slot="1" original="choose the restaurant" ></item>
<item slot="2" original="go into the restaurant" ></item>
<item slot="3" original="walk up to the counter" ></item>
<item slot="4" original="tell the cashier your order" ></item>
<item slot="5" original="pay for order" ></item>
<item slot="6" original="wait for order" ></item>
<item slot="7" original="pick up order" ></item>
<item slot="8" original="take it to table" ></item>
<item slot="9" original="eat" ></item>
</script><script id="26" source="2"><item slot="1" original="Drive to restaurant." ></item>
<item slot="2" original="Park." ></item>
<item slot="3" original="Go into restaurant." ></item>
<item slot="4" original="Order food at counter." ></item>
<item slot="5" original="Pay for food." ></item>
<item slot="6" original="Wait by counter to pick up food." ></item>
<item slot="7" original="Find a table to sit at." ></item>
<item slot="8" original="Go get drinks from the soda machine." ></item>
<item slot="9" original="Eat and drink." ></item>
<item slot="10" original="Leave." ></item>
</script><script id="28" source="2"><item slot="1" original="Enter the restaurant" ></item>
<item slot="2" original="Stand in line" ></item>
<item slot="3" original="Decide what you want to eat" ></item>
<item slot="4" original="Give order" ></item>
<item slot="5" original="Pay for order" ></item>
<item slot="6" original="Wait for your number to be called" ></item>
<item slot="7" original="Your number is called" ></item>
<item slot="8" original="Grab order" ></item>
<item slot="9" original="Fill drink cup" ></item>
<item slot="10" original="Find a place to sit" ></item>
<item slot="11" original="Unwrap food" ></item>
<item slot="12" original="Eat and drink" ></item>
<item slot="13" original="Throw away trash" ></item>
<item slot="14" original="Leave restaurant" ></item>
</script><script id="29" source="2"><item slot="1" original="Get in car" ></item>
<item slot="2" original="Drive to favorite fast food restaurant" ></item>
<item slot="3" original="Park car" ></item>
<item slot="4" original="Walk into building" ></item>
<item slot="5" original="Go to cashier" ></item>
<item slot="6" original="Order food" ></item>
<item slot="7" original="Wait for food" ></item>
<item slot="8" original="Grab food" ></item>
<item slot="9" original="Find table" ></item>
<item slot="10" original="Sit at table" ></item>
<item slot="11" original="Eat" ></item>
</script><script id="30" source="2"><item slot="1" original="Drive to the fast food restaurant." ></item>
<item slot="2" original="Park the car." ></item>
<item slot="3" original="Come into the fast food restaurant." ></item>
<item slot="4" original="Order at the counter." ></item>
<item slot="5" original="Find a table and sit." ></item>
<item slot="6" original="Wait for food." ></item>
<item slot="7" original="Get the food." ></item>
<item slot="8" original="Start to eat." ></item>
<item slot="9" original="Leave the restaurant." ></item>
</script><script id="31" source="2"><item slot="1" original="Drive or walk to restaurant." ></item>
<item slot="2" original="Walk up to counter and wait your turn." ></item>
<item slot="3" original="Look at menu on wall behind counter." ></item>
<item slot="4" original="Decide what you want to order." ></item>
<item slot="5" original="Tell cashier your order." ></item>
<item slot="6" original="Pay for your food." ></item>
<item slot="7" original="Wait for your number to be announced." ></item>
<item slot="8" original="Fill up your beverage at drink station." ></item>
<item slot="9" original="Take food to table and eat." ></item>
</script><script id="32" source="2"><item slot="1" original="Go into the restaurant" ></item>
<item slot="2" original="Pick out what food you want" ></item>
<item slot="3" original="Order from person at the counter" ></item>
<item slot="4" original="Pay for food" ></item>
<item slot="5" original="Wait for food" ></item>
<item slot="6" original="Pick up food at the counter and eat" ></item>
<item slot="7" original="Throw trash away when done" ></item>
</script><script id="33" source="2"><item slot="1" original="Drive to fast food restaurant." ></item>
<item slot="2" original="Look at menu." ></item>
<item slot="3" original="Decide what you want to order." ></item>
<item slot="4" original="Wait in line." ></item>
<item slot="5" original="Place order." ></item>
<item slot="6" original="Wait for food." ></item>
<item slot="7" original="Get ketchup and other sauces." ></item>
<item slot="8" original="Find a table." ></item>
<item slot="9" original="Get seated." ></item>
<item slot="10" original="Eat food." ></item>
</script><script id="34" source="2"><item slot="1" original="Leave to favorite restaurant" ></item>
<item slot="2" original="Pull into parking lot" ></item>
<item slot="3" original="Exit car" ></item>
<item slot="4" original="Enter front door" ></item>
<item slot="5" original="Walk up to register" ></item>
<item slot="6" original="Order food" ></item>
<item slot="7" original="Pay for food" ></item>
<item slot="8" original="Wait for order to be made" ></item>
<item slot="9" original="Take food from clerk" ></item>
<item slot="10" original="Sit down at a table" ></item>
<item slot="11" original="Eat and drink" ></item>
<item slot="12" original="Throw away trash" ></item>
<item slot="13" original="Put tray on counter" ></item>
<item slot="14" original="Exit restaurant" ></item>
</script><script id="35" source="2"><item slot="1" original="Enter the restaurant" ></item>
<item slot="2" original="Find a booth" ></item>
<item slot="3" original="Go to the counter" ></item>
<item slot="4" original="Order food" ></item>
<item slot="5" original="Go back to booth" ></item>
<item slot="6" original="Eat" ></item>
<item slot="7" original="Grab tray" ></item>
<item slot="8" original="Throw away garbage" ></item>
<item slot="9" original="Leave restaurant" ></item>
</script><script id="36" source="2"><item slot="1" original="Enter restaurant" ></item>
<item slot="2" original="Select menu items" ></item>
<item slot="3" original="Wait in line" ></item>
<item slot="4" original="Order" ></item>
<item slot="5" original="Pay for food" ></item>
<item slot="6" original="Wait for food" ></item>
<item slot="7" original="Take food" ></item>
<item slot="8" original="Find a seat" ></item>
<item slot="9" original="Eat food" ></item>
<item slot="10" original="Throw away garbage" ></item>
<item slot="11" original="Return tray" ></item>
<item slot="12" original="Leave restaurant" ></item>
</script><script id="37" source="2"><item slot="1" original="Go to car" ></item>
<item slot="2" original="Drive to restaurant" ></item>
<item slot="3" original="Park" ></item>
<item slot="4" original="Go inside" ></item>
<item slot="5" original="Order food" ></item>
<item slot="6" original="Sit down" ></item>
<item slot="7" original="Eat" ></item>
</script><script id="38" source="2"><item slot="1" original="Line up for counter" ></item>
<item slot="2" original="Look at menu" ></item>
<item slot="3" original="Choose items from menu" ></item>
<item slot="4" original="When it's your turn, place your order" ></item>
<item slot="5" original="Wait for your order" ></item>
<item slot="6" original="When your order is called, collect it" ></item>
<item slot="7" original="Find a seat" ></item>
<item slot="8" original="Sit down" ></item>
<item slot="9" original="Eat" ></item>
</script><script id="39" source="2"><item slot="1" original="Decide which fast food restaurant to go to." ></item>
<item slot="2" original="Drive to restaurant." ></item>
<item slot="3" original="Look at menu." ></item>
<item slot="4" original="Order food." ></item>
<item slot="5" original="Pay cashier" ></item>
<item slot="6" original="Wait for food." ></item>
<item slot="7" original="Grab food." ></item>
<item slot="8" original="Find a seat." ></item>
<item slot="9" original="Eat your food." ></item>
<item slot="10" original="Throw trash away." ></item>
<item slot="11" original="Leave." ></item>
</script><script id="40" source="2"><item slot="1" original="Enter restaurant" ></item>
<item slot="2" original="Walk up to the counter" ></item>
<item slot="3" original="Order food" ></item>
<item slot="4" original="Wait for food" ></item>
<item slot="5" original="Take food to the table" ></item>
<item slot="6" original="Get condiments" ></item>
<item slot="7" original="Eat food" ></item>
<item slot="8" original="Throw trash away" ></item>
<item slot="9" original="Exit the building" ></item>
</script><script id="41" source="2"><item slot="1" original="Go to a fast food restaurant" ></item>
<item slot="2" original="Go inside and walk up to the counter" ></item>
<item slot="3" original="Order your food from the cashier" ></item>
<item slot="4" original="Wait for your food" ></item>
<item slot="5" original="When food is ready, take food and go to a table" ></item>
<item slot="6" original="Sit down at table" ></item>
<item slot="7" original="Eat food" ></item>
</script><script id="42" source="2"><item slot="1" original="Visit fast food restaurant" ></item>
<item slot="2" original="Pull up to the drive thru or go inside to order" ></item>
<item slot="3" original="Tell the employee your order" ></item>
<item slot="4" original="Wait for food to get done" ></item>
<item slot="5" original="Pay for your meal" ></item>
<item slot="6" original="Enjoy your food" ></item>
</script><script id="44" source="2"><item slot="1" original="Go into restaurant." ></item>
<item slot="2" original="Stand in line to place order." ></item>
<item slot="3" original="Decide order." ></item>
<item slot="4" original="Tell cashier your order." ></item>
<item slot="5" original="Pay." ></item>
<item slot="6" original="Take your order and sit down at table." ></item>
<item slot="7" original="Eat meal." ></item>
<item slot="8" original="When finished, throw trash away." ></item>
<item slot="9" original="Leave restaurant." ></item>
</script><script id="45" source="2"><item slot="1" original="arrive at restaurant" ></item>
<item slot="2" original="get in line" ></item>
<item slot="3" original="order food at register" ></item>
<item slot="4" original="pay for purchase" ></item>
<item slot="5" original="get order from employee" ></item>
<item slot="6" original="take food to seat" ></item>
<item slot="7" original="eat meal" ></item>
<item slot="8" original="exit restaurant" ></item>
</script><script id="47" source="2"><item slot="1" original="Enter restaurant." ></item>
<item slot="2" original="Walk up to counter." ></item>
<item slot="3" original="Look over the menu." ></item>
<item slot="4" original="Walk up to register." ></item>
<item slot="5" original="Give order to cashier." ></item>
<item slot="6" original="Pay for order." ></item>
<item slot="7" original="Take food to table." ></item>
<item slot="8" original="Eat food." ></item>
<item slot="9" original="Place trash in trash can." ></item>
<item slot="10" original="Place tray on top of trash can." ></item>
<item slot="11" original="Leave restaurant." ></item>
</script><script id="48" source="2"><item slot="1" original="Pick a fast food restaurant." ></item>
<item slot="2" original="Walk/drive to the restaurant of choice." ></item>
<item slot="3" original="Order at the counter." ></item>
<item slot="4" original="Pay for food." ></item>
<item slot="5" original="Receive food when it is ready." ></item>
<item slot="6" original="Find a table to sit." ></item>
<item slot="7" original="Eat and drink food." ></item>
<item slot="8" original="Clean up by putting trash in garbage can and placing the tray on the tray area." ></item>
<item slot="9" original="Exit the fast food restaurant." ></item>
</script><script id="49" source="2"><item slot="1" original="enter restaurant" ></item>
<item slot="2" original="go to counter" ></item>
<item slot="3" original="order food" ></item>
<item slot="4" original="sit at table" ></item>
<item slot="5" original="eat food" ></item>
<item slot="6" original="throw away trash" ></item>
<item slot="7" original="leave restaurant" ></item>
</script><script id="50" source="2"><item slot="1" original="Drive to desired restaurant" ></item>
<item slot="2" original="Look at menu" ></item>
<item slot="3" original="Decide what to eat" ></item>
<item slot="4" original="Order food from cashier" ></item>
<item slot="5" original="Pay cashier" ></item>
<item slot="6" original="Wait for food" ></item>
<item slot="7" original="Go get straws and condiments needed" ></item>
<item slot="8" original="Sit at a table" ></item>
<item slot="9" original="Eat!" ></item>
</script><script id="51" source="2"><item slot="1" original="Go into restaurant" ></item>
<item slot="2" original="Go to register" ></item>
<item slot="3" original="Order food" ></item>
<item slot="4" original="Get food" ></item>
<item slot="5" original="Find table" ></item>
<item slot="6" original="Sit down and eat" ></item>
<item slot="7" original="Throw garbage into trash" ></item>
<item slot="8" original="Leave restaurant" ></item>
</script><script id="52" source="2"><item slot="1" original="Enter restaurant" ></item>
<item slot="2" original="Approach counter" ></item>
<item slot="3" original="Decide on order" ></item>
<item slot="4" original="Order food" ></item>
<item slot="5" original="Pay cashier" ></item>
<item slot="6" original="Wait for order to be made" ></item>
<item slot="7" original="Pick up order from counter" ></item>
<item slot="8" original="Select seat" ></item>
<item slot="9" original="Eat food" ></item>
<item slot="10" original="Collect trash" ></item>
<item slot="11" original="Place trash in wastebasket" ></item>
<item slot="12" original="Leave restaurant" ></item>
</script><script id="53" source="2"><item slot="1" original="Enter the restaurant." ></item>
<item slot="2" original="Walk to the counter." ></item>
<item slot="3" original="Look at the menu board." ></item>
<item slot="4" original="Order your food." ></item>
<item slot="5" original="Pay for your food." ></item>
<item slot="6" original="Pick up your tray of food." ></item>
<item slot="7" original="Sit at a table." ></item>
<item slot="8" original="Eat your food." ></item>
<item slot="9" original="Take your garbage and throw it out." ></item>
<item slot="10" original="Put your tray in the correct place." ></item>
<item slot="11" original="Leave the restaurant." ></item>
</script><script id="54" source="2"><item slot="1" original="Enter the restaurant" ></item>
<item slot="2" original="Look at the menu" ></item>
<item slot="3" original="Go to the counter" ></item>
<item slot="4" original="Order the meal" ></item>
<item slot="5" original="Wait for the meal to be cooked" ></item>
<item slot="6" original="Take the meal from the counter" ></item>
<item slot="7" original="Leave the restaurant" ></item>
</script><script id="55" source="2"><item slot="1" original="Decide where to eat." ></item>
<item slot="2" original="Go to fast food restaurant." ></item>
<item slot="3" original="Decide what to order from menu." ></item>
<item slot="4" original="Order food." ></item>
<item slot="5" original="Pay for food." ></item>
<item slot="6" original="Wait for order to be prepared." ></item>
<item slot="7" original="Find a table." ></item>
<item slot="8" original="Eat food" ></item>
<item slot="9" original="Empty food trash into trash bin." ></item>
<item slot="10" original="Exit fast food restaurant." ></item>
<item slot="11" original="Go home." ></item>
</script><script id="56" source="2"><item slot="1" original="Walk into restaurant" ></item>
<item slot="2" original="Get in line to order" ></item>
<item slot="3" original="Decide what food to order" ></item>
<item slot="4" original="Place order at counter" ></item>
<item slot="5" original="Pay for order" ></item>
<item slot="6" original="Wait for food to be ready" ></item>
<item slot="7" original="Get food" ></item>
<item slot="8" original="Eat food" ></item>
<item slot="9" original="Leave restaurant" ></item>
</script><script id="57" source="2"><item slot="1" original="Enter the restaurant" ></item>
<item slot="2" original="Tell the cashier what you would like from the menu behind the counter" ></item>
<item slot="3" original="Pay for your order" ></item>
<item slot="4" original="Wait for your food to be brought to you on a tray" ></item>
<item slot="5" original="You can get condiments, straws and napkins at another counter" ></item>
<item slot="6" original="Once your food has arrived, take it to a table" ></item>
<item slot="7" original="Sit down and eat" ></item>
<item slot="8" original="When finished eating, take your trash to a trash can" ></item>
<item slot="9" original="Throw your trash away, place tray above trash can" ></item>
<item slot="10" original="Leave restaurant" ></item>
</script><script id="58" source="2"><item slot="1" original="choose restaurant you desire to eat at" ></item>
<item slot="2" original="drive to restaurant" ></item>
<item slot="3" original="exit car and enter restaurant" ></item>
<item slot="4" original="at front desk order desired food" ></item>
<item slot="5" original="pay for food" ></item>
<item slot="6" original="wait for number to be called" ></item>
<item slot="7" original="when number called, pick up food items" ></item>
<item slot="8" original="find seat and eat food" ></item>
<item slot="9" original="throw away trash" ></item>
<item slot="10" original="exit restaurant" ></item>
<item slot="11" original="drive home" ></item>
</script><script id="59" source="2"><item slot="1" original="Go to restaurant" ></item>
<item slot="2" original="Wait in line" ></item>
<item slot="3" original="Order food" ></item>
<item slot="4" original="Pay for food" ></item>
<item slot="5" original="Fill up drink yourself if you ordered one" ></item>
<item slot="6" original="Wait for number to be called" ></item>
<item slot="7" original="Grab food when number is called" ></item>
<item slot="8" original="Eat food" ></item>
<item slot="9" original="Clear off table" ></item>
<item slot="10" original="Throw away your trash" ></item>
<item slot="11" original="Leave restaurant" ></item>
</script><script id="60" source="2"><item slot="1" original="Go to fast food establishment" ></item>
<item slot="2" original="Read the menu" ></item>
<item slot="3" original="Decide what you want to eat" ></item>
<item slot="4" original="Order food" ></item>
<item slot="5" original="Pay for food" ></item>
<item slot="6" original="Find a seat" ></item>
<item slot="7" original="Sit down" ></item>
<item slot="8" original="When order is called, stand up and go get food" ></item>
<item slot="9" original="Sit back down" ></item>
<item slot="10" original="Eat food" ></item>
</script><script id="61" source="2"><item slot="1" original="Drive to a restaurant." ></item>
<item slot="2" original="Get out of the car." ></item>
<item slot="3" original="Stand in line." ></item>
<item slot="4" original="Order at the checkout." ></item>
<item slot="5" original="Sit and eat." ></item>
</script><script id="62" source="2"><item slot="1" original="Walk into restaurant." ></item>
<item slot="2" original="Stand in line." ></item>
<item slot="3" original="Read menu." ></item>
<item slot="4" original="Walk to cashier." ></item>
<item slot="5" original="Order food." ></item>
<item slot="6" original="Pay lady." ></item>
<item slot="7" original="Lady gives you food." ></item>
<item slot="8" original="Go sit down." ></item>
<item slot="9" original="Eat food." ></item>
<item slot="10" original="Throw away trash." ></item>
<item slot="11" original="Leave restaurant." ></item>
</script><script id="63" source="2"><item slot="1" original="Enter into the fast food restaurant" ></item>
<item slot="2" original="Check the menu" ></item>
<item slot="3" original="Select food from menu" ></item>
<item slot="4" original="Order food from waiter" ></item>
<item slot="5" original="Waiter gives bill" ></item>
<item slot="6" original="Pay the bill" ></item>
<item slot="7" original="Get your food" ></item>
<item slot="8" original="Find a seat" ></item>
<item slot="9" original="Eat" ></item>
<item slot="10" original="Leave the restaurant" ></item>
</script><script id="64" source="2"><item slot="1" original="Enter into the restaurant" ></item>
<item slot="2" original="Walk up to counter" ></item>
<item slot="3" original="Order food" ></item>
<item slot="4" original="Pay bill" ></item>
<item slot="5" original="Wait for them to call your name" ></item>
<item slot="6" original="Take food from them" ></item>
<item slot="7" original="Find a seat" ></item>
<item slot="8" original="Eat" ></item>
<item slot="9" original="Leave the restaurant" ></item>
</script><script id="65" source="2"><item slot="1" original="Place your order at the counter." ></item>
<item slot="2" original="While waiting for your food to be ready, prepare a drink if you ordered one." ></item>
<item slot="3" original="Grab some napkins and ketchup, if desired." ></item>
<item slot="4" original="Choose a seat." ></item>
<item slot="5" original="Take your food tray from the counter and take a seat." ></item>
<item slot="6" original="Eat." ></item>
<item slot="7" original="Throw trash away -- it is rude to leave trash on the table at a restaurant." ></item>
<item slot="8" original="Leave the restaurant." ></item>
</script><script id="66" source="2"><item slot="1" original=" Enter into the restaurant" ></item>
<item slot="2" original="walk up to cashier" ></item>
<item slot="3" original="order food and pay" ></item>
<item slot="4" original="wait until food is prepared" ></item>
<item slot="5" original="find a seat to sit" ></item>
<item slot="6" original="pick food up at the cashier" ></item>
<item slot="7" original="sit back down" ></item>
<item slot="8" original="eat food" ></item>
</script><script id="67" source="2"><item slot="1" original="Enter the restaurant" ></item>
<item slot="2" original="Approach the counter" ></item>
<item slot="3" original="Read the items that are available from the menu" ></item>
<item slot="4" original="Decide what you would like to eat and drink" ></item>
<item slot="5" original="Order from the person at the register" ></item>
<item slot="6" original="Pay for your meal" ></item>
<item slot="7" original="Wait for your tray of food" ></item>
<item slot="8" original="Go and sit at a table" ></item>
<item slot="9" original="Eat and drink" ></item>
<item slot="10" original="Leave the restaurant" ></item>
</script><script id="68" source="2"><item slot="1" original="Go to front counter" ></item>
<item slot="2" original="Wait your turn" ></item>
<item slot="3" original="Study the menu" ></item>
<item slot="4" original="Decide what you want" ></item>
<item slot="5" original="Tell the food clerk what you want" ></item>
<item slot="6" original="Pay for your food" ></item>
<item slot="7" original="Wait for your food" ></item>
<item slot="8" original="Pick up your food when your ticket number is called" ></item>
<item slot="9" original="Decide where you want to sit" ></item>
<item slot="10" original="Enjoy your meal" ></item>
</script><script id="70" source="2"><item slot="1" original="Enter into the fast food restaurant" ></item>
<item slot="2" original="Sit on a seat" ></item>
<item slot="3" original="Check the menu" ></item>
<item slot="4" original="Order the food" ></item>
<item slot="5" original="Eat the food" ></item>
<item slot="6" original="Ask for bill" ></item>
<item slot="7" original="Pay the bill" ></item>
<item slot="8" original="Leave the restaurant" ></item>
</script><script id="71" source="2"><item slot="1" original="Enter restaurant" ></item>
<item slot="2" original="Wait in line for counter" ></item>
<item slot="3" original="Place your order" ></item>
<item slot="4" original="Pay for food" ></item>
<item slot="5" original="Wait in line for your food to be done" ></item>
<item slot="6" original="Fill up drink and pick out condiments" ></item>
<item slot="7" original="Find a seat" ></item>
<item slot="8" original="Eat and drink" ></item>
<item slot="9" original="Clean up mess and throw away trash" ></item>
<item slot="10" original="Leave restaurant" ></item>
</script><script id="72" source="2"><item slot="1" original="Go into restaurant" ></item>
<item slot="2" original="Study menu board to determine items to be ordered" ></item>
<item slot="3" original="Order food from employee" ></item>
<item slot="4" original="Pay for order" ></item>
<item slot="5" original="Obtain receipt and order number" ></item>
<item slot="6" original="Get cups for soft drinks" ></item>
<item slot="7" original="Find table" ></item>
<item slot="8" original="Fill cups" ></item>
<item slot="9" original="Sit down to wait for order" ></item>
<item slot="10" original="Pick up order when ready" ></item>
<item slot="11" original="Eat food" ></item>
<item slot="12" original="take tray to trash and throw away trash" ></item>
<item slot="13" original="Leave restaurant" ></item>
</script><script id="73" source="2"><item slot="1" original="Enter into the restaurant" ></item>
<item slot="2" original="Find a seat" ></item>
<item slot="3" original="Select order" ></item>
<item slot="4" original="Order food from waiter" ></item>
<item slot="5" original="Order drink" ></item>
<item slot="6" original="Eat" ></item>
<item slot="7" original="Pay the bill" ></item>
<item slot="8" original="Tip the waiter" ></item>
<item slot="9" original="Leave the restaurant" ></item>
</script><script id="74" source="2"><item slot="1" original="Get to the restaurant" ></item>
<item slot="2" original="Choose your order from the menu" ></item>
<item slot="3" original="Place your order" ></item>
<item slot="4" original="Wait for your food to arrive" ></item>
<item slot="5" original="Enjoy your meal" ></item>
<item slot="6" original="Pay your bill" ></item>
<item slot="7" original="Leave the restaurant" ></item>
</script><script id="75" source="2"><item slot="1" original="Go into fast food restaurant" ></item>
<item slot="2" original="Get in line" ></item>
<item slot="3" original="Give your order" ></item>
<item slot="4" original="Pay for your order" ></item>
<item slot="5" original="Wait for food" ></item>
<item slot="6" original="Take food to table" ></item>
<item slot="7" original="Eat food" ></item>
<item slot="8" original="Dispose of trash" ></item>
<item slot="9" original="Leave restaurant" ></item>
</script><script id="76" source="2"><item slot="1" original="Read the menu on the wall" ></item>
<item slot="2" original="Make food and drink selection." ></item>
<item slot="3" original="Tell the cashier the food and drink selection." ></item>
<item slot="4" original="Pay the amount requested." ></item>
<item slot="5" original="Wait for food and drink." ></item>
<item slot="6" original="Take the food and drink to a table." ></item>
<item slot="7" original="Sit down." ></item>
<item slot="8" original="Consume the food and drink." ></item>
<item slot="9" original="Take the paper containers to the trash." ></item>
<item slot="10" original="Replace the tray near the trash can." ></item>
<item slot="11" original="Leave the restaurant." ></item>
</script><script id="77" source="2"><item slot="1" original="Go to restaurant." ></item>
<item slot="2" original="Look at menu." ></item>
<item slot="3" original="Order food and drinks." ></item>
<item slot="4" original="Pay for order." ></item>
<item slot="5" original="Take receipt." ></item>
<item slot="6" original="Wait for food to be ready." ></item>
<item slot="7" original="Take food." ></item>
<item slot="8" original="Get condiments, silverware, and napkins." ></item>
<item slot="9" original="Go to table." ></item>
<item slot="10" original="Eat food." ></item>
<item slot="11" original="Throw away garbage." ></item>
<item slot="12" original="Put tray in appropriate location (such as on top of counter or garbage can)." ></item>
<item slot="13" original="Leave restaurant." ></item>
</script><script id="78" source="2"><item slot="1" original="Enter fast food restaurant" ></item>
<item slot="2" original="Get in line" ></item>
<item slot="3" original="Look at menu" ></item>
<item slot="4" original="Pick items off of menu" ></item>
<item slot="5" original="Step up to cashier" ></item>
<item slot="6" original="Tell cashier order" ></item>
<item slot="7" original="Pull out cash" ></item>
<item slot="8" original="Pay cashier" ></item>
<item slot="9" original="Take receipt" ></item>
<item slot="10" original="Take drink cup" ></item>
<item slot="11" original="Wait for food" ></item>
<item slot="12" original="Take food from worker" ></item>
<item slot="13" original="Ask for condiments" ></item>
<item slot="14" original="Fill drink with ice and soda" ></item>
<item slot="15" original="Find a table" ></item>
<item slot="16" original="Sit down to eat" ></item>
</script><script id="79" source="2"><item slot="1" original="Drive to a fast food restaurant" ></item>
<item slot="2" original="Park car in parking lot" ></item>
<item slot="3" original="Go inside the restaurant" ></item>
<item slot="4" original="Stand in line" ></item>
<item slot="5" original="Order food" ></item>
<item slot="6" original="Wait for the food" ></item>
<item slot="7" original="Pick up food when order is called" ></item>
<item slot="8" original="Sit down at a table" ></item>
<item slot="9" original="Eat food" ></item>
</script><script id="80" source="2"><item slot="1" original="Decide where you want to eat" ></item>
<item slot="2" original="Decide what you want to eat" ></item>
<item slot="3" original="Drive or take the bus to restaurant" ></item>
<item slot="4" original="Enter the restaurant" ></item>
<item slot="5" original="Stand in line" ></item>
<item slot="6" original="Give order to cashier" ></item>
<item slot="7" original="Pay for food" ></item>
<item slot="8" original="Collect food" ></item>
<item slot="9" original="Pour drinks" ></item>
<item slot="10" original="Take a table" ></item>
<item slot="11" original="Eat and drink" ></item>
</script><script id="81" source="2"><item slot="1" original="Walk into restaurant" ></item>
<item slot="2" original="Get in line" ></item>
<item slot="3" original="Wait to place order" ></item>
<item slot="4" original="Cashier says hello" ></item>
<item slot="5" original="Order a combination" ></item>
<item slot="6" original="Specify the size" ></item>
<item slot="7" original="Cashier tells you price" ></item>
<item slot="8" original="Pay the cashier" ></item>
<item slot="9" original="Take receipt" ></item>
<item slot="10" original="Wait for food" ></item>
<item slot="11" original="Food number is called" ></item>
<item slot="12" original="Take tray" ></item>
<item slot="13" original="Go to table" ></item>
<item slot="14" original="Eat the food" ></item>
<item slot="15" original="Throw trash away" ></item>
<item slot="16" original="Leave" ></item>
</script><script id="82" source="2"><item slot="1" original="Go into the restaurant." ></item>
<item slot="2" original="Go to the counter." ></item>
<item slot="3" original="Look above the counter for the menu." ></item>
<item slot="4" original="Decide what you want." ></item>
<item slot="5" original="Tell the cashier what you would like to order." ></item>
<item slot="6" original="Pay for your order." ></item>
<item slot="7" original="Wait for your food." ></item>
<item slot="8" original="Take your food and find a place to sit and eat." ></item>
<item slot="9" original="Eat the food." ></item>
<item slot="10" original="Take the tray and trash to the trash can." ></item>
<item slot="11" original="Put the tray on top of the can and throw the scraps away." ></item>
<item slot="12" original="Leave the restaurant." ></item>
</script><script id="83" source="2"><item slot="1" original="Go up to counter" ></item>
<item slot="2" original="Order food" ></item>
<item slot="3" original="Wait for food" ></item>
<item slot="4" original="Grab napkins" ></item>
<item slot="5" original="Go sit down" ></item>
<item slot="6" original="Eat food" ></item>
<item slot="7" original="Throw away trash when done" ></item>
</script><script id="84" source="2"><item slot="1" original="enter the restaurant" ></item>
<item slot="2" original="look at the menu" ></item>
<item slot="3" original="order your food" ></item>
<item slot="4" original="make special request" ></item>
<item slot="5" original="gather your condiments" ></item>
<item slot="6" original="sit down" ></item>
<item slot="7" original="eat your food" ></item>
<item slot="8" original="put your garbage away" ></item>
<item slot="9" original="leave" ></item>
</script><script id="85" source="2"><item slot="1" original="Enter restaurant." ></item>
<item slot="2" original="Walk up to counter." ></item>
<item slot="3" original="Order food." ></item>
<item slot="4" original="Pay for food." ></item>
<item slot="5" original="Sit down." ></item>
<item slot="6" original="Wait for order to be called out." ></item>
<item slot="7" original="Go pick up your food." ></item>
<item slot="8" original="Walk back to table with food." ></item>
<item slot="9" original="Sit down." ></item>
<item slot="10" original="Eat and drink." ></item>
<item slot="11" original="Throw trash away." ></item>
<item slot="12" original="Exit restaurant." ></item>
</script><script id="86" source="2"><item slot="1" original="Enter the restaurant" ></item>
<item slot="2" original="Approach the counter" ></item>
<item slot="3" original="Order your food" ></item>
<item slot="4" original="Pay the cashier" ></item>
<item slot="5" original="Sit and wait" ></item>
<item slot="6" original="Collect your food when called" ></item>
<item slot="7" original="Sit back down" ></item>
<item slot="8" original="Eat your food" ></item>
</script><script id="87" source="2"><item slot="1" original="Give order for food" ></item>
<item slot="2" original="Pay for food" ></item>
<item slot="3" original="Take food to table to eat" ></item>
<item slot="4" original="Eat food" ></item>
<item slot="5" original="Throw trash away" ></item>
<item slot="6" original="Put tray away" ></item>
</script><script id="88" source="2"><item slot="1" original="Go to the restaurant" ></item>
<item slot="2" original="Go inside" ></item>
<item slot="3" original="Place your order" ></item>
<item slot="4" original="Wait for your number to be called" ></item>
<item slot="5" original="Get your food" ></item>
<item slot="6" original="Sit down and eat" ></item>
<item slot="7" original="Throw your trash away" ></item>
<item slot="8" original="Go home" ></item>
</script><script id="89" source="2"><item slot="1" original="Park the car" ></item>
<item slot="2" original="Walk in" ></item>
<item slot="3" original="Look at the menu" ></item>
<item slot="4" original="Order your meal" ></item>
<item slot="5" original="Pay for your food" ></item>
<item slot="6" original="Fill your drink and get napkins and condiments" ></item>
<item slot="7" original="Find a table" ></item>
<item slot="8" original="Sit down" ></item>
<item slot="9" original="Eat your food." ></item>
</script><script id="90" source="2"><item slot="1" original="Enter the restaurant" ></item>
<item slot="2" original="Figure out what you want from the menu" ></item>
<item slot="3" original="Wait in line" ></item>
<item slot="4" original="Tell them what you want and then pay the cashier" ></item>
<item slot="5" original="Wait nearby until your food is ready" ></item>
<item slot="6" original="Pick up your food at the counter" ></item>
<item slot="7" original="Find a table" ></item>
<item slot="8" original="Take your food to the table" ></item>
<item slot="9" original="Sit down" ></item>
<item slot="10" original="Eat" ></item>
</script><script id="91" source="2"><item slot="1" original="Opening the door" ></item>
<item slot="2" original="Going to the counter" ></item>
<item slot="3" original="Placing order" ></item>
<item slot="4" original="Paying" ></item>
<item slot="5" original="Waiting" ></item>
<item slot="6" original="Getting food" ></item>
<item slot="7" original="Sitting down" ></item>
<item slot="8" original="Eating" ></item>
</script><script id="92" source="2"><item slot="1" original="Enter store." ></item>
<item slot="2" original="Wait in line." ></item>
<item slot="3" original="Think of what you want to order." ></item>
<item slot="4" original="When it is your turn, tell the cashier what you want." ></item>
<item slot="5" original="Pay for the food." ></item>
<item slot="6" original="Receive receipt." ></item>
<item slot="7" original="Wait for name or number on receipt to be called." ></item>
<item slot="8" original="Collect your food." ></item>
<item slot="9" original="Select a table to sit at." ></item>
<item slot="10" original="Begin to eat your food." ></item>
<item slot="11" original="Finish your food." ></item>
<item slot="12" original="Throw away the remaining food or wrappers." ></item>
<item slot="13" original="Leave restaurant." ></item>
</script><script id="93" source="2"><item slot="1" original="Look at the menu" ></item>
<item slot="2" original="Order the food that was decided on." ></item>
<item slot="3" original="Pay for the food." ></item>
<item slot="4" original="Wait for your food." ></item>
<item slot="5" original="While waiting, fill up your cup with with a beverage." ></item>
<item slot="6" original="When your number is called, get your tray of food." ></item>
<item slot="7" original="Find a table." ></item>
<item slot="8" original="Sit down" ></item>
<item slot="9" original="Eat your food." ></item>
<item slot="10" original="Pick up your tray and trash" ></item>
<item slot="11" original="Deposit the trash in the trash can." ></item>
<item slot="12" original="Put tray on top of trash." ></item>
</script><script id="95" source="2"><item slot="1" original="Enter into the fast food restaurant" ></item>
<item slot="2" original="See the menu" ></item>
<item slot="3" original="Select order from menu" ></item>
<item slot="4" original="Pay the bill" ></item>
<item slot="5" original="Get the food" ></item>
<item slot="6" original="Find the seat" ></item>
<item slot="7" original="occupy the seat" ></item>
<item slot="8" original="Eat" ></item>
<item slot="9" original="Leave the fast food restaurant" ></item>
</script><script id="97" source="2"><item slot="1" original="Read menu" ></item>
<item slot="2" original="Choose what to eat" ></item>
<item slot="3" original="Walk up to counter" ></item>
<item slot="4" original="Tell person at counter order" ></item>
<item slot="5" original="Wait nearby for order" ></item>
<item slot="6" original="Grab straws and condiments" ></item>
<item slot="7" original="Pick up tray of food" ></item>
<item slot="8" original="Walk to table" ></item>
<item slot="9" original="Sit" ></item>
<item slot="10" original="Eat food" ></item>
<item slot="11" original="Place trash on to tray" ></item>
<item slot="12" original="Carry tray to trash can" ></item>
<item slot="13" original="Dump trash" ></item>
<item slot="14" original="Place tray on top of trash can" ></item>
<item slot="15" original="Thank restaurant workers" ></item>
<item slot="16" original="Leave restaurant" ></item>
</script><script id="98" source="2"><item slot="1" original="Drive to restaurant" ></item>
<item slot="2" original="Enter restaurant" ></item>
<item slot="3" original="Go to counter" ></item>
<item slot="4" original="Order food" ></item>
<item slot="5" original="Wait for food to be ready" ></item>
<item slot="6" original="Get utensils" ></item>
<item slot="7" original="Get drink if it is a self-serve counter" ></item>
<item slot="8" original="Get straw and napkins" ></item>
<item slot="9" original="Find a table or booth" ></item>
<item slot="10" original="Eat food" ></item>
<item slot="11" original="Dispose of trash in trash receptacle" ></item>
<item slot="12" original="Leave restaurant" ></item>
</script><script id="99" source="2"><item slot="1" original="Enter restaurant" ></item>
<item slot="2" original="Go to counter" ></item>
<item slot="3" original="Select food from menu" ></item>
<item slot="4" original="Place order to counter person" ></item>
<item slot="5" original="Pay counter person" ></item>
<item slot="6" original="Step to side to wait for food" ></item>
<item slot="7" original="Receive food" ></item>
<item slot="8" original="Sit at a table or booth" ></item>
<item slot="9" original="Eat food" ></item>
<item slot="10" original="Discard waste and return tray" ></item>
<item slot="11" original="Leave restaurant" ></item>
</script></scripts>