<scripts><script id="1" source="2"><item slot="1" original="Enter the spa" ></item>
<item slot="2" original="enter locker room" ></item>
<item slot="3" original="get undressed or dressed correctly" ></item>
<item slot="4" original="enter the sauna room" ></item>
<item slot="5" original="take a seat" ></item>
</script><script id="2" source="2"><item slot="1" original="Getting clothes ready." ></item>
<item slot="2" original="Get in your car." ></item>
<item slot="3" original="Drive to sauna location." ></item>
<item slot="4" original="Get out of car." ></item>
<item slot="5" original="Pay for entry into sauna." ></item>
<item slot="6" original="Go to locker." ></item>
<item slot="7" original="Change into proper clothing." ></item>
<item slot="8" original="Get into sauna." ></item>
<item slot="9" original="Enjoy your time relaxing." ></item>
<item slot="10" original="Get out of sauna." ></item>
<item slot="11" original="Cool off for a moment." ></item>
<item slot="12" original="Change back into regular clothing." ></item>
<item slot="13" original="Get into your car." ></item>
<item slot="14" original="Return home." ></item>
</script><script id="3" source="2"><item slot="1" original="Go to the gym" ></item>
<item slot="2" original="Go to the locker room" ></item>
<item slot="3" original="Take off your clothes" ></item>
<item slot="4" original="Put on a robe" ></item>
<item slot="5" original="Walk into the sauna" ></item>
<item slot="6" original="Sit in the sauna" ></item>
<item slot="7" original="Relax" ></item>
<item slot="8" original="Leave the sauna" ></item>
</script><script id="4" source="2"><item slot="1" original="Grab towel" ></item>
<item slot="2" original="Get in car" ></item>
<item slot="3" original="Drive to sauna" ></item>
<item slot="4" original="Pay for services" ></item>
<item slot="5" original="Use sauna" ></item>
</script><script id="5" source="2"><item slot="1" original="Take a shower" ></item>
<item slot="2" original="Put on swimming suit" ></item>
<item slot="3" original="Put on track suit on top" ></item>
<item slot="4" original="Go to sauna facility" ></item>
<item slot="5" original="Show the membership card at the entry" ></item>
<item slot="6" original="Remove track suit and hang it in the hanging area" ></item>
<item slot="7" original="Jump in the sauna pool" ></item>
<item slot="8" original="Enjoy sauna" ></item>
<item slot="9" original="After finishing come out" ></item>
<item slot="10" original="Remove the wet swimming clothes" ></item>
<item slot="11" original="Wipe body with towel" ></item>
<item slot="12" original="Put on track suit" ></item>
<item slot="13" original="Walk out" ></item>
</script><script id="7" source="2"><item slot="1" original="Drive to sauna" ></item>
<item slot="2" original="Park and get out of car" ></item>
<item slot="3" original="Walk inside the place" ></item>
<item slot="4" original="Pay person at front desk" ></item>
<item slot="5" original="Go to locker room" ></item>
<item slot="6" original="Strip down and put towel around waist" ></item>
<item slot="7" original="Step inside sauna" ></item>
</script><script id="8" source="2"><item slot="1" original="Pick a sauna" ></item>
<item slot="2" original="Schedule an appointment" ></item>
<item slot="3" original="Go to sauna" ></item>
<item slot="4" original="Choose what treatment you want" ></item>
<item slot="5" original="Get the treatments done" ></item>
<item slot="6" original="Pay for the sauna." ></item>
</script><script id="10" source="2"><item slot="1" original="Put on bikini" ></item>
<item slot="2" original="Get towel" ></item>
<item slot="3" original="Put on flip-flops" ></item>
<item slot="4" original="Secure house" ></item>
<item slot="5" original="Leave house" ></item>
<item slot="6" original=" Walk to sauna" ></item>
<item slot="7" original="Enter sauna" ></item>
<item slot="8" original="Adjust temperature" ></item>
<item slot="9" original="Sit and sweat" ></item>
</script><script id="11" source="2"><item slot="1" original="Drive to health club." ></item>
<item slot="2" original="Show membership card to desk clerk." ></item>
<item slot="3" original="Go to locker room and strip down to bathing suit." ></item>
<item slot="4" original="Grab towel." ></item>
<item slot="5" original="Walk into sauna." ></item>
<item slot="6" original="Find empty spot to sit in." ></item>
<item slot="7" original="Relax and let steam do its work." ></item>
<item slot="8" original="When time is up, head back to locker room." ></item>
<item slot="9" original="Dress." ></item>
<item slot="10" original="Drive home." ></item>
</script><script id="12" source="2"><item slot="1" original="Get in car" ></item>
<item slot="2" original="drive to the sauna" ></item>
<item slot="3" original="go inside" ></item>
<item slot="4" original="get in sauna" ></item>
<item slot="5" original="close the door set timer" ></item>
</script><script id="13" source="2"><item slot="1" original="Change into bathing suit" ></item>
<item slot="2" original="Get a towel" ></item>
<item slot="3" original="Go into sauna" ></item>
<item slot="4" original="put towel down on seat" ></item>
<item slot="5" original="sit or lie down" ></item>
<item slot="6" original="keep track of time" ></item>
<item slot="7" original="when time is up, take the towel and exit sauna." ></item>
</script><script id="14" source="2"><item slot="1" original="Take a towel" ></item>
<item slot="2" original="Leave home" ></item>
<item slot="3" original="Go to sauna" ></item>
<item slot="4" original="Get undressed" ></item>
<item slot="5" original="Enter sauna" ></item>
<item slot="6" original="Sweat for an hour" ></item>
<item slot="7" original="Leave sauna" ></item>
</script><script id="15" source="2"><item slot="1" original="Find a local sauna at google" ></item>
<item slot="2" original="Pack a small bag with clothes" ></item>
<item slot="3" original="Drive to the sauna" ></item>
<item slot="4" original="Enter the sauna" ></item>
<item slot="5" original="Talk to the receptionist" ></item>
<item slot="6" original="Enter the sauna" ></item>
<item slot="7" original="Change clothes" ></item>
<item slot="8" original="Relax" ></item>
<item slot="9" original="Drink water" ></item>
<item slot="10" original="Leave" ></item>
</script><script id="16" source="2"><item slot="1" original="Walk in" ></item>
<item slot="2" original="Get undressed to shorts and t-shirt or bathing suit" ></item>
<item slot="3" original="Turn heat to 70-90" ></item>
<item slot="4" original="Sit and sweat" ></item>
<item slot="5" original="Walk out" ></item>
<item slot="6" original="Take a shower" ></item>
<item slot="7" original="Get dressed" ></item>
<item slot="8" original="Walk out" ></item>
</script><script id="17" source="2"><item slot="1" original="find a sauna to go to" ></item>
<item slot="2" original="book appointment" ></item>
<item slot="3" original="arrive at sauna" ></item>
<item slot="4" original="tell the receptionist your name" ></item>
<item slot="5" original="wait" ></item>
<item slot="6" original="go to the back receive services" ></item>
<item slot="7" original="go to the front" ></item>
<item slot="8" original="pay" ></item>
<item slot="9" original="leave a tip" ></item>
</script><script id="18" source="2"><item slot="1" original="Put on appropriate clothing" ></item>
<item slot="2" original="Get a towel" ></item>
<item slot="3" original="Go to sauna" ></item>
<item slot="4" original="Turn on sauna" ></item>
<item slot="5" original="Go into sauna" ></item>
<item slot="6" original="Sit down" ></item>
<item slot="7" original="Sweat" ></item>
<item slot="8" original="Leave sauna" ></item>
<item slot="9" original="Dry off with towel" ></item>
<item slot="10" original="Go home" ></item>
<item slot="11" original="Take a shower" ></item>
</script><script id="19" source="2"><item slot="1" original="Go to locker room" ></item>
<item slot="2" original="Get naked" ></item>
<item slot="3" original="Put towel over bare body" ></item>
<item slot="4" original="Find sauna room" ></item>
<item slot="5" original="Sit in sauna room" ></item>
</script><script id="20" source="2"><item slot="1" original="Drive to sauna." ></item>
<item slot="2" original="Purchase time in sauna from receptionist." ></item>
<item slot="3" original="Change clothes in locker room." ></item>
<item slot="4" original="Enter sauna quickly and close door." ></item>
<item slot="5" original="Adjust heat in sauna if desired." ></item>
<item slot="6" original="Relax and sit in quiet to enjoy sauna." ></item>
<item slot="7" original="Leave sauna after 20 minutes." ></item>
<item slot="8" original="Take shower and get dressed." ></item>
<item slot="9" original="Go home." ></item>
</script><script id="21" source="2"><item slot="1" original="find car keys" ></item>
<item slot="2" original="drive to sauna" ></item>
<item slot="3" original="undress in locker room" ></item>
<item slot="4" original="enter sauna" ></item>
<item slot="5" original="relax" ></item>
</script><script id="22" source="2"><item slot="1" original="Enter the sauna" ></item>
<item slot="2" original="Check in at the front desk and pay for the sauna" ></item>
<item slot="3" original="Change your clothes and put on a towel in the locker room" ></item>
<item slot="4" original="Enter the sauna room" ></item>
<item slot="5" original="Enjoy the heat and steam of the sauna for as long as you want and is safe" ></item>
<item slot="6" original="Leave the sauna room and take a nice cool shower" ></item>
<item slot="7" original="Change back into your clothes in the locker room" ></item>
<item slot="8" original="Exit the sauna" ></item>
</script><script id="23" source="2"><item slot="1" original="Find a good sauna" ></item>
<item slot="2" original="Leave to the sauna" ></item>
<item slot="3" original="Enter the sauna" ></item>
<item slot="4" original="Purchase access to the sauna" ></item>
<item slot="5" original="Enter changing room" ></item>
<item slot="6" original="Remove clothes" ></item>
<item slot="7" original="Wrap towel around self" ></item>
<item slot="8" original="Enter sauna" ></item>
<item slot="9" original="Enjoy sauna" ></item>
<item slot="10" original="Exit sauna when finished" ></item>
<item slot="11" original="Change back into clothes" ></item>
<item slot="12" original="Exit building" ></item>
</script><script id="24" source="2"><item slot="1" original="Enter the sauna location" ></item>
<item slot="2" original="Take off shirt" ></item>
<item slot="3" original="Take off shoes" ></item>
<item slot="4" original="Take off socks" ></item>
<item slot="5" original="Take off pants" ></item>
<item slot="6" original="Grab a towel" ></item>
<item slot="7" original="Wrap the towel around your body" ></item>
<item slot="8" original="Enter the actual sauna" ></item>
<item slot="9" original="Grab a seat" ></item>
<item slot="10" original="Sit in the sauna for 20-40 minutes" ></item>
<item slot="11" original="Leave the sauna" ></item>
<item slot="12" original="Get dressed" ></item>
<item slot="13" original="Leave the sauna location" ></item>
</script><script id="26" source="2"><item slot="1" original="Get towel" ></item>
<item slot="2" original="Go to gym" ></item>
<item slot="3" original="Go to locker room" ></item>
<item slot="4" original="Turn on sauna" ></item>
<item slot="5" original="Wait for sauna to heat up" ></item>
<item slot="6" original="Take off clothes" ></item>
<item slot="7" original="Put on towel" ></item>
<item slot="8" original="Sit in sauna" ></item>
<item slot="9" original="Sweat" ></item>
<item slot="10" original="Leave sauna" ></item>
<item slot="11" original="Turn off sauna" ></item>
<item slot="12" original="put clothes back on" ></item>
<item slot="13" original="Leave gym" ></item>
</script><script id="27" source="2"><item slot="1" original="Drive to the sauna." ></item>
<item slot="2" original="Sign in at the front desk." ></item>
<item slot="3" original="Go to the locker room." ></item>
<item slot="4" original="Take off clothes and put on a towel." ></item>
<item slot="5" original="Sit in the sauna." ></item>
</script><script id="28" source="2"><item slot="1" original="Arrive at sauna." ></item>
<item slot="2" original="Choose temperature you want sauna." ></item>
<item slot="3" original="Drink water before entering sauna." ></item>
<item slot="4" original="Bring towel into sauna." ></item>
<item slot="5" original="Bring reading material or music in sauna." ></item>
<item slot="6" original="Relax." ></item>
<item slot="7" original="Leave sauna." ></item>
</script><script id="29" source="2"><item slot="1" original="arrive at sauna" ></item>
<item slot="2" original="turn temperature up" ></item>
<item slot="3" original="take off clothes" ></item>
<item slot="4" original="wrap towel around body" ></item>
<item slot="5" original="enter sauna" ></item>
<item slot="6" original="sit in sauna" ></item>
<item slot="7" original="build up sweat" ></item>
<item slot="8" original="exit sauna" ></item>
<item slot="9" original="take a shower" ></item>
<item slot="10" original="put on clothes" ></item>
<item slot="11" original="leave sauna" ></item>
</script><script id="30" source="2"><item slot="1" original="go to sauna room" ></item>
<item slot="2" original="change into sauna clothes" ></item>
<item slot="3" original="take towel with you" ></item>
<item slot="4" original="apply cream on body" ></item>
<item slot="5" original="take sauna bath" ></item>
<item slot="6" original="come out of sauna" ></item>
<item slot="7" original="wipe yourself dry" ></item>
</script><script id="31" source="2"><item slot="1" original="arrive sauna" ></item>
<item slot="2" original="book sauna time" ></item>
<item slot="3" original="enter sauna remove clothes" ></item>
<item slot="4" original="sweat" ></item>
<item slot="5" original="shower" ></item>
<item slot="6" original="wear clothes" ></item>
<item slot="7" original="leave sauna" ></item>
</script><script id="32" source="2"><item slot="1" original="Find a swimsuit or other light clothing" ></item>
<item slot="2" original="Pack a water bottle" ></item>
<item slot="3" original="Go to sauna" ></item>
<item slot="4" original="Sit and sweat" ></item>
<item slot="5" original="Make sure to hydrate" ></item>
<item slot="6" original="Use a towel to wipe sweat" ></item>
<item slot="7" original="Leave sauna" ></item>
<item slot="8" original="Change clothes" ></item>
</script><script id="34" source="2"><item slot="1" original="Bring appropriate attire" ></item>
<item slot="2" original="Go to the sauna" ></item>
<item slot="3" original="Put on your sauna attire" ></item>
<item slot="4" original="Go inside the sauna" ></item>
<item slot="5" original="Sit down and relax" ></item>
</script><script id="35" source="2"><item slot="1" original="pay for pass at gym" ></item>
<item slot="2" original="remove clothing in locker room" ></item>
<item slot="3" original="cover self with towel" ></item>
<item slot="4" original="enter sauna" ></item>
<item slot="5" original="add water to coals" ></item>
<item slot="6" original="get out when you are too hot" ></item>
</script><script id="36" source="2"><item slot="1" original="Gather bathing suit and towel" ></item>
<item slot="2" original="Get into your car with items" ></item>
<item slot="3" original="Drive to the Sauna spa" ></item>
<item slot="4" original="Park your car" ></item>
<item slot="5" original="Go into the Sauna spa" ></item>
<item slot="6" original="Pay the clerk" ></item>
<item slot="7" original="Go into the dressing area" ></item>
<item slot="8" original="Change into bathing suit" ></item>
<item slot="9" original="Walk into the sauna with your towel" ></item>
<item slot="10" original="Sit inside the sauna" ></item>
</script><script id="37" source="2"><item slot="1" original="Walk to sauna" ></item>
<item slot="2" original="Take clothes off in locker room" ></item>
<item slot="3" original="Wrap towel around self" ></item>
<item slot="4" original="Sit on bench in sauna room" ></item>
<item slot="5" original="Leave when desired." ></item>
</script><script id="38" source="2"><item slot="1" original="Get in car." ></item>
<item slot="2" original="Drive to sauna." ></item>
<item slot="3" original="Get out of the car." ></item>
<item slot="4" original="Go into the sauna." ></item>
<item slot="5" original="Relax." ></item>
</script><script id="39" source="2"><item slot="1" original="Call the health club and fix an appointment" ></item>
<item slot="2" original="Visit the health club, make the payment" ></item>
<item slot="3" original="Go to the room remove all clothes" ></item>
<item slot="4" original="Wear a thick thong shorts" ></item>
<item slot="5" original="Have a glass of water" ></item>
<item slot="6" original="Take a glass of coconut water and towel" ></item>
<item slot="7" original="Enter the sauna" ></item>
<item slot="8" original="Sit on the wooden stool" ></item>
<item slot="9" original="After 10 minutes it will start sweating" ></item>
<item slot="10" original="Wipe down excess sweating with the towel" ></item>
<item slot="11" original="Listen to music, relax and have the coconut water" ></item>
<item slot="12" original="After another 10 minutes come out of the sauna" ></item>
<item slot="13" original="After some time take a bath and change clothes" ></item>
</script><script id="40" source="2"><item slot="1" original="GET IN THE CAR" ></item>
<item slot="2" original="DRIVE TO THE SAUNA" ></item>
<item slot="3" original="GO TO CHANGING ROOMS" ></item>
<item slot="4" original="REMOVE CLOTHES, PUT TOWEL ON" ></item>
<item slot="5" original="GO INTO SAUNA" ></item>
<item slot="6" original="RELAX, ENJOY THE SAUNA" ></item>
<item slot="7" original="WHEN FINISHED, CHANGE BACK INTO CLOTHES" ></item>
<item slot="8" original="LEAVE" ></item>
</script><script id="41" source="2"><item slot="1" original="drive to sauna" ></item>
<item slot="2" original="get undressed" ></item>
<item slot="3" original="get towel" ></item>
<item slot="4" original="enter sauna" ></item>
<item slot="5" original="sweat" ></item>
<item slot="6" original="sweat more" ></item>
<item slot="7" original="exit sauna" ></item>
<item slot="8" original="take a shower" ></item>
<item slot="9" original="get dressed" ></item>
<item slot="10" original="drive home" ></item>
</script><script id="42" source="2"><item slot="1" original="Leave from your home" ></item>
<item slot="2" original="Get to the place with sauna" ></item>
<item slot="3" original="Get undressed" ></item>
<item slot="4" original="Enjoy your sauna bath" ></item>
<item slot="5" original="Get dressed and leave" ></item>
</script><script id="43" source="2"><item slot="1" original="drive to sauna" ></item>
<item slot="2" original="outside of sauna assure that it is on and at desired temperature" ></item>
<item slot="3" original="remove all clothing except for towel to cover body" ></item>
<item slot="4" original="enter sauna" ></item>
<item slot="5" original="choose a place to sit down" ></item>
<item slot="6" original="sit in sauna and allow yourself to sweat freely" ></item>
<item slot="7" original="place water on hot rocks to create steam, if desired" ></item>
<item slot="8" original="when done, exit sauna" ></item>
</script><script id="44" source="2"><item slot="1" original="Go to the club where the sauna is located." ></item>
<item slot="2" original="Check in at the club." ></item>
<item slot="3" original="Go to the locker room." ></item>
<item slot="4" original="Remove your shoes and clothing." ></item>
<item slot="5" original="Put your belongings in a locker." ></item>
<item slot="6" original="Enter the sauna" ></item>
<item slot="7" original="Enjoy the sauna heat." ></item>
<item slot="8" original="Exit the sauna" ></item>
<item slot="9" original="Take a shower" ></item>
<item slot="10" original="Dry off with a towel" ></item>
<item slot="11" original="Remove belongings from locker." ></item>
<item slot="12" original="Get dressed." ></item>
<item slot="13" original="Exit the club." ></item>
<item slot="14" original="Go home." ></item>
</script><script id="45" source="2"><item slot="1" original="Dress in swim trunks or shorts" ></item>
<item slot="2" original="Tie a towel around your waist" ></item>
<item slot="3" original="Enter sauna" ></item>
<item slot="4" original="Remove towel" ></item>
<item slot="5" original="Sit and enjoy the sauna" ></item>
<item slot="6" original="Get out when you are too hot" ></item>
</script><script id="46" source="2"><item slot="1" original="Walk into building with sauna." ></item>
<item slot="2" original="Take clothes off in dressing room." ></item>
<item slot="3" original="Wrap self in towel" ></item>
<item slot="4" original="Enter sauna." ></item>
<item slot="5" original="Sit down and relax in sauna" ></item>
</script><script id="47" source="2"><item slot="1" original="Enter the sauna" ></item>
<item slot="2" original="Pay at the front desk" ></item>
<item slot="3" original="Go to the locker room" ></item>
<item slot="4" original="Change into a towel" ></item>
<item slot="5" original="Go to the steam room" ></item>
<item slot="6" original="Find a seat" ></item>
<item slot="7" original="Sit" ></item>
<item slot="8" original="Leave the steam room" ></item>
<item slot="9" original="Go to the locker room" ></item>
<item slot="10" original="Clean off the sweat" ></item>
<item slot="11" original="Change back into your clothes" ></item>
<item slot="12" original="Leave the sauna" ></item>
</script><script id="48" source="2"><item slot="1" original="get into car" ></item>
<item slot="2" original="drive to sauna" ></item>
<item slot="3" original="get out of car" ></item>
<item slot="4" original="go into sauna" ></item>
<item slot="5" original="tell them you are there" ></item>
<item slot="6" original="go into locker room" ></item>
<item slot="7" original="get appropriately dressed" ></item>
<item slot="8" original="come out of locker room" ></item>
<item slot="9" original="go into the sauna" ></item>
</script><script id="49" source="2"><item slot="1" original="Take a shower." ></item>
<item slot="2" original="Prepare a bag." ></item>
<item slot="3" original="Go to the sauna." ></item>
<item slot="4" original="Place on my bathing suit." ></item>
<item slot="5" original="Sit in the sauna." ></item>
</script><script id="50" source="2"><item slot="1" original="Go to the spa" ></item>
<item slot="2" original="Check in with receptionist" ></item>
<item slot="3" original="go to the locker room" ></item>
<item slot="4" original="Change into whatever you're comfortable wearing in sauna" ></item>
<item slot="5" original="walk into sauna" ></item>
<item slot="6" original="pour water onto coals" ></item>
<item slot="7" original="relax in sauna for 30 minutes" ></item>
<item slot="8" original="walk out of sauna" ></item>
<item slot="9" original="change in locker room" ></item>
<item slot="10" original="leave the spa" ></item>
</script><script id="51" source="2"><item slot="1" original="Gather clean clothes to wear after the sauna and something to wear in the sauna." ></item>
<item slot="2" original="Go to the sauna." ></item>
<item slot="3" original="Sit in the sauna and relax." ></item>
<item slot="4" original="Do not stay in the sauna for too long, lest you become sick from it." ></item>
<item slot="5" original="After you are finished relaxing in the sauna, take a shower." ></item>
<item slot="6" original="Change into the clean clothes that you brought to the sauna." ></item>
</script><script id="52" source="2"><item slot="1" original="drive to a gym or where there is a sauna" ></item>
<item slot="2" original="be hydrated with water" ></item>
<item slot="3" original="undress to comfort level" ></item>
<item slot="4" original="step into sauna" ></item>
<item slot="5" original="enjoy and relax" ></item>
</script><script id="53" source="2"><item slot="1" original="Enter the spa" ></item>
<item slot="2" original="Check in at register" ></item>
<item slot="3" original="Change in locker room" ></item>
<item slot="4" original="Find sauna room" ></item>
<item slot="5" original="Go into sauna and find a seat" ></item>
<item slot="6" original="Sit in the sauna for as long as you need" ></item>
<item slot="7" original="Go back to locker room" ></item>
<item slot="8" original="Change back into clothes" ></item>
<item slot="9" original="Pay at register" ></item>
<item slot="10" original="Leave the spa" ></item>
</script><script id="54" source="2"><item slot="1" original="Open the garage" ></item>
<item slot="2" original="Get inside the car" ></item>
<item slot="3" original="Start the car" ></item>
<item slot="4" original="Drive to Sauna Center" ></item>
<item slot="5" original="Register with receptionist" ></item>
<item slot="6" original="Wait for the turn" ></item>
<item slot="7" original="Go to Sauna Room" ></item>
<item slot="8" original="Follow instructions of staff" ></item>
</script><script id="55" source="2"><item slot="1" original="Pick the temperature for your sauna" ></item>
<item slot="2" original="Get undressed" ></item>
<item slot="3" original="Wrap yourself in towel" ></item>
<item slot="4" original="Take a towel with you into the sauna" ></item>
<item slot="5" original="Take a glass of water with you" ></item>
<item slot="6" original="Enter the sauna" ></item>
<item slot="7" original="Relax" ></item>
</script><script id="56" source="2"><item slot="1" original="Enter locker room." ></item>
<item slot="2" original="Turn on sauna if not already on." ></item>
<item slot="3" original="Remove clothing." ></item>
<item slot="4" original="Put up hair." ></item>
<item slot="5" original="Open sauna door." ></item>
<item slot="6" original="Put towel on seat." ></item>
<item slot="7" original="Sit on towel." ></item>
<item slot="8" original="Set timer if necessary." ></item>
<item slot="9" original="Close eyes and enjoy sauna experience." ></item>
<item slot="10" original="Exit sauna." ></item>
</script><script id="57" source="2"><item slot="1" original="Drive to the sauna" ></item>
<item slot="2" original="Check in at sauna" ></item>
<item slot="3" original="Undress" ></item>
<item slot="4" original="Sit in sauna" ></item>
<item slot="5" original="Relax" ></item>
<item slot="6" original="Talk to people in sauna" ></item>
<item slot="7" original="Sweat" ></item>
<item slot="8" original="Take shower" ></item>
<item slot="9" original="Go home" ></item>
</script><script id="59" source="2"><item slot="1" original="Go the the gym dressing room." ></item>
<item slot="2" original="Undress" ></item>
<item slot="3" original="Place clothing in locker" ></item>
<item slot="4" original="Wrap lower torso in towel" ></item>
<item slot="5" original="Walk to the sauna" ></item>
<item slot="6" original="Enter the sauna" ></item>
<item slot="7" original="Place the towel on the wooden bench" ></item>
<item slot="8" original="Sit on the towel" ></item>
<item slot="9" original="Leave the sauna" ></item>
<item slot="10" original="Get another towel" ></item>
<item slot="11" original="Shower" ></item>
<item slot="12" original="Dry off" ></item>
<item slot="13" original="Get clothes from locker" ></item>
<item slot="14" original="Get dressed" ></item>
<item slot="15" original="Leave" ></item>
</script><script id="60" source="2"><item slot="1" original="Pack a towel" ></item>
<item slot="2" original="Pack a change of clothes" ></item>
<item slot="3" original="Drive to sauna" ></item>
<item slot="4" original="Check in at front desk" ></item>
<item slot="5" original="Go to locker room" ></item>
<item slot="6" original="Take off clothes" ></item>
<item slot="7" original="Put on a towel" ></item>
<item slot="8" original="Grab a cup of ice" ></item>
<item slot="9" original="Enter the sauna" ></item>
<item slot="10" original="Sweat for twenty minutes" ></item>
<item slot="11" original="Exit the sauna" ></item>
<item slot="12" original="Take a quick cold shower" ></item>
<item slot="13" original="Re-enter sauna" ></item>
<item slot="14" original="Sweat for twenty minutes" ></item>
<item slot="15" original="Exit the sauna" ></item>
<item slot="16" original="Take another shower" ></item>
</script><script id="61" source="2"><item slot="1" original="Put on a bathing suit" ></item>
<item slot="2" original="Put on a cover up" ></item>
<item slot="3" original="Arrive at sauna" ></item>
<item slot="4" original="Go to locker room" ></item>
<item slot="5" original="Take off cover up" ></item>
<item slot="6" original="Put on flip flops" ></item>
<item slot="7" original="Walk to sauna" ></item>
</script><script id="62" source="2"><item slot="1" original="Getting into the car" ></item>
<item slot="2" original="driving to the place with the sauna" ></item>
<item slot="3" original="walking into the locker room" ></item>
<item slot="4" original="getting naked" ></item>
<item slot="5" original="entering sauna" ></item>
</script><script id="63" source="2"><item slot="1" original="Drive to gym with sauna" ></item>
<item slot="2" original="Get changed in changing area" ></item>
<item slot="3" original="Wear either bathing suit or towel tied tight around body" ></item>
<item slot="4" original="Go into sauna and close door" ></item>
<item slot="5" original="Sit down" ></item>
<item slot="6" original="Relax and enjoy the heat" ></item>
<item slot="7" original="Leave sauna when finished relaxing" ></item>
<item slot="8" original="Go back into changing area" ></item>
<item slot="9" original="Put on clothes again" ></item>
<item slot="10" original="Drive back home" ></item>
</script><script id="65" source="2"><item slot="1" original="Drive to the gym" ></item>
<item slot="2" original="Sign up for membership if necessary" ></item>
<item slot="3" original="Enter locker room" ></item>
<item slot="4" original="Disrobe" ></item>
<item slot="5" original="Keep towel or underwear on if preferred" ></item>
<item slot="6" original="Enter sauna" ></item>
<item slot="7" original="Sit on steam bench" ></item>
<item slot="8" original="Steam" ></item>
<item slot="9" original="Exit when you can't take any more" ></item>
<item slot="10" original="Shower" ></item>
<item slot="11" original="Dress" ></item>
<item slot="12" original="Drive home" ></item>
</script><script id="66" source="2"><item slot="1" original="Go to the gym" ></item>
<item slot="2" original="Enter the gym" ></item>
<item slot="3" original="Grab towels from the reception desk" ></item>
<item slot="4" original="Go to the sauna" ></item>
<item slot="5" original="Enter the sauna" ></item>
</script><script id="67" source="2"><item slot="1" original="Go into a locker room" ></item>
<item slot="2" original="Take off clothes" ></item>
<item slot="3" original="Wrap a towel around yourself" ></item>
<item slot="4" original="Go into sauna" ></item>
<item slot="5" original="Sit and breathe" ></item>
</script><script id="68" source="2"><item slot="1" original="Put towel and a change of clothes in a bag." ></item>
<item slot="2" original="Find a spa that has a sauna." ></item>
<item slot="3" original="Pay for membership." ></item>
<item slot="4" original="Go into changing area and change into swimming suit." ></item>
<item slot="5" original="Take towel with you." ></item>
<item slot="6" original="Set sauna to your desired setting." ></item>
<item slot="7" original="Go into sauna and sit down." ></item>
<item slot="8" original="Relax." ></item>
<item slot="9" original="Enjoy." ></item>
</script><script id="69" source="2"><item slot="1" original="find a clean sauna" ></item>
<item slot="2" original="bring a towel" ></item>
<item slot="3" original="bring a bottle of water" ></item>
<item slot="4" original="sit in the sauna" ></item>
<item slot="5" original="drink plenty of water" ></item>
</script><script id="70" source="2"><item slot="1" original="Go to the gym" ></item>
<item slot="2" original="Change out of your clothes and put on a towel" ></item>
<item slot="3" original="Sit in the sauna" ></item>
<item slot="4" original="Get out of the sauna when you are ready" ></item>
<item slot="5" original="Take a shower" ></item>
<item slot="6" original="Put your clothes back on" ></item>
<item slot="7" original="Go home" ></item>
</script><script id="71" source="2"><item slot="1" original="Get together a bag with clothes, towel, shower items, shoes for the sauna" ></item>
<item slot="2" original="Travel to the sauna" ></item>
<item slot="3" original="Check in at the front desk." ></item>
<item slot="4" original="Get a key for one of the lockers" ></item>
<item slot="5" original="Change your clothes" ></item>
<item slot="6" original="Put everything into a locker" ></item>
<item slot="7" original="Enter the sauna" ></item>
</script><script id="72" source="2"><item slot="1" original="Get on swimsuit" ></item>
<item slot="2" original="Grab towel" ></item>
<item slot="3" original="Go into sauna" ></item>
<item slot="4" original="Sit and sweat" ></item>
<item slot="5" original="Go home" ></item>
</script><script id="73" source="2"><item slot="1" original="Strip clothes off" ></item>
<item slot="2" original="Wrap towel around self" ></item>
<item slot="3" original="Open sauna door" ></item>
<item slot="4" original="Walk into sauna" ></item>
<item slot="5" original="Close sauna door" ></item>
<item slot="6" original="Sit down on seat" ></item>
</script><script id="74" source="2"><item slot="1" original="Make an appointment" ></item>
<item slot="2" original="Drive to the spa/sauna" ></item>
<item slot="3" original="Go into the changing room" ></item>
<item slot="4" original="Change into bathing suit" ></item>
<item slot="5" original="Enter sauna for approximately 30 minutes" ></item>
<item slot="6" original="Leave sauna room" ></item>
<item slot="7" original="Take a shower" ></item>
<item slot="8" original="Get dressed" ></item>
<item slot="9" original="Return home" ></item>
</script><script id="75" source="2"><item slot="1" original="Get a towel" ></item>
<item slot="2" original="Put on appropriate clothing" ></item>
<item slot="3" original="Arrive at sauna" ></item>
<item slot="4" original="Go to sauna room" ></item>
<item slot="5" original="Make sure room is properly heated" ></item>
<item slot="6" original="Remove clothing" ></item>
<item slot="7" original="wrap towel around body" ></item>
<item slot="8" original="Relax in sauna" ></item>
<item slot="9" original="Leave room" ></item>
<item slot="10" original="Get dressed" ></item>
</script><script id="76" source="2"><item slot="1" original="Remove clothes in changing room (naked or to underwear/swimwear)." ></item>
<item slot="2" original="Get towel(s)." ></item>
<item slot="3" original="Go to sauna." ></item>
<item slot="4" original="Add water to hot rocks, if desired." ></item>
<item slot="5" original="Sit on benches." ></item>
<item slot="6" original="Drape towel(s) over body for modesty." ></item>
<item slot="7" original="When you have had enough heat, leave sauna." ></item>
<item slot="8" original="Shower in changing room." ></item>
<item slot="9" original="Get dressed." ></item>
<item slot="10" original="Leave." ></item>
<item slot="11" original="Drink plenty of water." ></item>
</script><script id="77" source="2"><item slot="1" original="Enter the locker room" ></item>
<item slot="2" original="Change clothes" ></item>
<item slot="3" original="Place towel or robe on" ></item>
<item slot="4" original="Enter sauna room" ></item>
<item slot="5" original="Sit and relax for desired amount of time" ></item>
<item slot="6" original="Leave the sauna and replace clothes" ></item>
</script><script id="78" source="2"><item slot="1" original="decide when sauna to visit" ></item>
<item slot="2" original="drive to sauna" ></item>
<item slot="3" original="enter sauna" ></item>
<item slot="4" original="check in at desk" ></item>
<item slot="5" original="wait to be called to enter" ></item>
<item slot="6" original="enter the sauna and relax." ></item>
</script><script id="79" source="2"><item slot="1" original="Grab a towel" ></item>
<item slot="2" original="Take off your clothes" ></item>
<item slot="3" original="Put on a bathing suit" ></item>
<item slot="4" original="Enter the sauna" ></item>
<item slot="5" original="Adjust the heat level by pouring water onto the heating element" ></item>
<item slot="6" original="Sit on one of the benches and inhale the moist air" ></item>
<item slot="7" original="Leave the sauna when you are done." ></item>
</script><script id="80" source="2"><item slot="1" original="Arrive at sauna." ></item>
<item slot="2" original="Change out of clothes" ></item>
<item slot="3" original="Put on towel." ></item>
<item slot="4" original="Go into sauna." ></item>
<item slot="5" original="remove towel" ></item>
<item slot="6" original="Relax until refreshed." ></item>
<item slot="7" original="replace towel." ></item>
<item slot="8" original="Get dressed." ></item>
</script><script id="81" source="2"><item slot="1" original="Get out of normal clothes" ></item>
<item slot="2" original="Wear bathing suit or towel" ></item>
<item slot="3" original="Wear slippers" ></item>
<item slot="4" original="Enter sauna" ></item>
<item slot="5" original="Sit down" ></item>
<item slot="6" original="Relax" ></item>
<item slot="7" original="Stay for 10-15 minutes" ></item>
<item slot="8" original="Leave refreshed" ></item>
</script><script id="82" source="2"><item slot="1" original="pack sauna wear" ></item>
<item slot="2" original="take transportation to the sauna location" ></item>
<item slot="3" original="change into sauna wear at the sauna location" ></item>
<item slot="4" original="go into sauna" ></item>
<item slot="5" original="sit in sauna room for fixed amount of time" ></item>
</script><script id="83" source="2"><item slot="1" original="Bring a towel." ></item>
<item slot="2" original="Bring shorts." ></item>
<item slot="3" original="Turn the sauna on to desired temperature." ></item>
<item slot="4" original="Sit patiently and relax." ></item>
<item slot="5" original="Hydrate properly afterwards." ></item>
</script><script id="84" source="2"><item slot="1" original="Be well hydrated" ></item>
<item slot="2" original="Have a shower and leave the house" ></item>
<item slot="3" original="Arrive at the gym or spa" ></item>
<item slot="4" original="Go to the locker room and change into water resistant clothing, or a towel" ></item>
<item slot="5" original="Enter the sauna and relax" ></item>
</script><script id="85" source="2"><item slot="1" original="Put on bathing suit" ></item>
<item slot="2" original="grab towel" ></item>
<item slot="3" original="open door of sauna" ></item>
<item slot="4" original="turn on heat" ></item>
<item slot="5" original="add water to heat to make steam" ></item>
<item slot="6" original="sit back and relax" ></item>
<item slot="7" original="spray self with cold water" ></item>
<item slot="8" original="leave" ></item>
</script><script id="86" source="2"><item slot="1" original="Get in car" ></item>
<item slot="2" original="Drive to gym" ></item>
<item slot="3" original="Sign in" ></item>
<item slot="4" original="Walk to locker room" ></item>
<item slot="5" original="Place belongings in locker" ></item>
<item slot="6" original="Walk to sauna" ></item>
<item slot="7" original="Take off clothes as necessary" ></item>
<item slot="8" original="Walk into sauna" ></item>
<item slot="9" original="Relax for up to 15 minutes" ></item>
<item slot="10" original="Leave sauna" ></item>
</script><script id="87" source="2"><item slot="1" original="Drive to the sauna." ></item>
<item slot="2" original="Undress." ></item>
<item slot="3" original="Step into sauna." ></item>
<item slot="4" original="Relax in the steam." ></item>
<item slot="5" original="Shower." ></item>
<item slot="6" original="Get dressed." ></item>
<item slot="7" original="Return home." ></item>
</script><script id="88" source="2"><item slot="1" original="Decide which sauna you would like to go to." ></item>
<item slot="2" original="Get in the car and drive to the sauna." ></item>
<item slot="3" original="Enter into the building." ></item>
<item slot="4" original="Go to the locker room and change into the clothing you will wear into the sauna." ></item>
<item slot="5" original="Enter the sauna and sit down." ></item>
<item slot="6" original="When you are done, exit the sauna and change back into your outside clothes." ></item>
<item slot="7" original="Exit the building." ></item>
<item slot="8" original="Get into the car and drive home." ></item>
</script><script id="89" source="2"><item slot="1" original="Find a local sauna or spa/sauna place." ></item>
<item slot="2" original="Maybe grab a friend/etc. and drive there." ></item>
<item slot="3" original="Order the package you want, whether it be deluxe, regular, etc." ></item>
<item slot="4" original="Wait until your turn(s), and then enter the relaxing, steamy facility." ></item>
<item slot="5" original="Additionally, if it's a combo spa/sauna, you can get massages too." ></item>
</script><script id="90" source="2"><item slot="1" original="Pack up personal hygiene products" ></item>
<item slot="2" original="pack towel" ></item>
<item slot="3" original="drive to sauna" ></item>
<item slot="4" original="go into changing room" ></item>
<item slot="5" original="get undressed" ></item>
<item slot="6" original="Put on towel" ></item>
<item slot="7" original="walk into sauna" ></item>
<item slot="8" original="sit down and relax" ></item>
<item slot="9" original="Get up and leave sauna" ></item>
<item slot="10" original="shower" ></item>
<item slot="11" original="Get changed" ></item>
<item slot="12" original="leave locker room" ></item>
<item slot="13" original="drive home" ></item>
</script><script id="91" source="2"><item slot="1" original="Pack gym bag with towel and supplies" ></item>
<item slot="2" original="Drive to sauna" ></item>
<item slot="3" original="Go to locker room" ></item>
<item slot="4" original="Change into bathing suit" ></item>
<item slot="5" original="Put hair up in pony tail" ></item>
<item slot="6" original="Enter sauna" ></item>
<item slot="7" original="Relax and cleanse until too hot" ></item>
<item slot="8" original="Exit sauna" ></item>
<item slot="9" original="Return to locker room" ></item>
<item slot="10" original="Shower" ></item>
<item slot="11" original="Change into regular clothes" ></item>
<item slot="12" original="Depart sauna" ></item>
</script><script id="92" source="2"><item slot="1" original="Drive to the local gym that has a sauna." ></item>
<item slot="2" original="Take off your clothes in the locker room." ></item>
<item slot="3" original="Put clothes in locker." ></item>
<item slot="4" original="Lock locker." ></item>
<item slot="5" original="Walk into sauna wearing a towel." ></item>
<item slot="6" original="Turn sauna on." ></item>
<item slot="7" original="Turn the sauna to the right temperature." ></item>
<item slot="8" original="Set timer for appropriate time." ></item>
<item slot="9" original="Sit in sauna." ></item>
<item slot="10" original="Relax." ></item>
<item slot="11" original="Use towel to dry off." ></item>
<item slot="12" original="Put clothes back on." ></item>
<item slot="13" original="Drive home." ></item>
</script><script id="93" source="2"><item slot="1" original="View what time the sauna closes" ></item>
<item slot="2" original="Begin taking off clothes" ></item>
<item slot="3" original="Wear your swim trunks" ></item>
<item slot="4" original="Wear sandals" ></item>
<item slot="5" original="Bring a towel" ></item>
<item slot="6" original="Drink lots of water before heading in" ></item>
</script><script id="94" source="2"><item slot="1" original="put on clothes" ></item>
<item slot="2" original="call ahead and make sure there is an opening for a walk in" ></item>
<item slot="3" original="get in the car and drive to the sauna" ></item>
<item slot="4" original="check in at reception" ></item>
<item slot="5" original="go to the locker room and get changed" ></item>
<item slot="6" original="enjoy the sauna" ></item>
</script><script id="95" source="2"><item slot="1" original="Take a shower" ></item>
<item slot="2" original="Get dressed in sweats" ></item>
<item slot="3" original="Drive to sauna" ></item>
<item slot="4" original="Show identification to desk person" ></item>
<item slot="5" original="Strip in locker room" ></item>
<item slot="6" original="Turn up heat in sauna" ></item>
<item slot="7" original="Enjoy steam" ></item>
</script><script id="96" source="2"><item slot="1" original="Call sauna to see if they are open" ></item>
<item slot="2" original="Get wallet and car keys" ></item>
<item slot="3" original="Drive to sauna" ></item>
<item slot="4" original="Talk to worker to get access to sauna" ></item>
<item slot="5" original="Take off clothes and put towels on" ></item>
<item slot="6" original="Enjoy sauna" ></item>
</script><script id="97" source="2"><item slot="1" original="Drink water" ></item>
<item slot="2" original="Put on a swimsuit or robe" ></item>
<item slot="3" original="Get into sauna" ></item>
<item slot="4" original="Set the timer on the sauna" ></item>
<item slot="5" original="Relax" ></item>
<item slot="6" original="Get out of sauna" ></item>
<item slot="7" original="Drink more water" ></item>
</script><script id="98" source="2"><item slot="1" original="Arrive at sauna of your choice" ></item>
<item slot="2" original="Check in at the front desk" ></item>
<item slot="3" original="Change into bathing clothes or undress entirely" ></item>
<item slot="4" original="Store possessions and street clothes in locker" ></item>
<item slot="5" original="Enter steam room" ></item>
<item slot="6" original="Do not overheat or dehydrate" ></item>
<item slot="7" original="Leave steam room when appropriate" ></item>
<item slot="8" original="Shower and towel off" ></item>
<item slot="9" original="Change back into street clothes" ></item>
<item slot="10" original="Leave sauna" ></item>
</script></scripts>