<scripts><script id="0" source="2"><item slot="1" original="go to bus stop" ></item>
<item slot="2" original="wait for bus to arrive" ></item>
<item slot="3" original="enter bus" ></item>
<item slot="4" original="pay fare" ></item>
<item slot="5" original="sit down" ></item>
<item slot="6" original="wait for bus to arrive at stop" ></item>
<item slot="7" original="stand up" ></item>
<item slot="8" original="exit bus" ></item>
</script><script id="1" source="2"><item slot="1" original="Get a local bus map or bus schedule." ></item>
<item slot="2" original="Check the bus schedule to make sure that the bus route stops by destination." ></item>
<item slot="3" original="Find the bus stop nearest to your location." ></item>
<item slot="4" original="Check the bus schedule to find the times that the bus stops by your location." ></item>
<item slot="5" original="When you are ready to leave, go to the nearest bus stop and wait for the next bus." ></item>
<item slot="6" original="When you see your bus approaching, signal to the driver to stop." ></item>
<item slot="7" original="When the driver opens the door, board the bus." ></item>
<item slot="8" original="Pay your bus fare." ></item>
<item slot="9" original="When the bus approaches your destination, press the button to signal a stop." ></item>
<item slot="10" original="When the driver stops and opens the door, leave the bus." ></item>
</script><script id="2" source="2"><item slot="1" original="Find out what bus to take." ></item>
<item slot="2" original="Find out when bus leaves." ></item>
<item slot="3" original="Go to bus stop at designated time." ></item>
<item slot="4" original="Board bus when it arrives." ></item>
<item slot="5" original="Insert money for ticket." ></item>
<item slot="6" original="Find a seat." ></item>
<item slot="7" original="Wait for your stop to be announced." ></item>
<item slot="8" original="Get off bus at destination." ></item>
</script><script id="3" source="2"><item slot="1" original="walk to bus stop" ></item>
<item slot="2" original="when bus arrives, enter" ></item>
<item slot="3" original="climb bus steps" ></item>
<item slot="4" original="pay fare" ></item>
<item slot="5" original="take available seat" ></item>
<item slot="6" original="ride" ></item>
<item slot="7" original="signal by bell for stop" ></item>
<item slot="8" original="go to door" ></item>
<item slot="9" original="go down bus steps" ></item>
<item slot="10" original="exit bus" ></item>
</script><script id="4" source="2"><item slot="1" original="Go to a bus stop" ></item>
<item slot="2" original="Wait for the bus to arrive" ></item>
<item slot="3" original="Get on the bus" ></item>
<item slot="4" original="Give your money to the driver" ></item>
<item slot="5" original="Pick a seat" ></item>
<item slot="6" original="Sit down" ></item>
<item slot="7" original="Watch until you see your stop to get off" ></item>
</script><script id="5" source="2"><item slot="1" original="wait for bus" ></item>
<item slot="2" original="step onto bus when arrives" ></item>
<item slot="3" original="pay bus fair" ></item>
<item slot="4" original="starting walking to seat on bus" ></item>
<item slot="5" original="sit in seat" ></item>
</script><script id="6" source="2"><item slot="1" original="Get a bus schedule" ></item>
<item slot="2" original="Decide which bus" ></item>
<item slot="3" original="Wait for the bus" ></item>
<item slot="4" original="Get on the bus" ></item>
<item slot="5" original="Pay the fee" ></item>
<item slot="6" original="Sit down" ></item>
<item slot="7" original="Wait for your stop" ></item>
<item slot="8" original="Say thank you to the driver" ></item>
<item slot="9" original="Walk off the bus" ></item>
</script><script id="7" source="2"><item slot="1" original="Make sure you have money" ></item>
<item slot="2" original="Get on bus" ></item>
<item slot="3" original="Pay for your fare" ></item>
<item slot="4" original="Sit down" ></item>
<item slot="5" original="Depart when you arrive at your destination" ></item>
</script><script id="8" source="2"><item slot="1" original="Go to the bus stop/Bus stand" ></item>
<item slot="2" original="Keep looking for your bus" ></item>
<item slot="3" original="When your bus comes climb in it" ></item>
<item slot="4" original="Buy ticket for your destination" ></item>
<item slot="5" original="Sit on a seat" ></item>
<item slot="6" original="Get down once the destination is reached" ></item>
</script><script id="9" source="2"><item slot="1" original="Walk to bus stop" ></item>
<item slot="2" original="Wait for bus" ></item>
<item slot="3" original="Step onto arriving bus" ></item>
<item slot="4" original="Swipe bus pass" ></item>
<item slot="5" original="Find seat on bus" ></item>
<item slot="6" original="Ride to destination" ></item>
</script><script id="10" source="2"><item slot="1" original="Figure out the place you want to reach" ></item>
<item slot="2" original="Go to the bus stop" ></item>
<item slot="3" original="Wait for the Bus" ></item>
<item slot="4" original="Bus arrives" ></item>
<item slot="5" original="Get into the bus" ></item>
<item slot="6" original="Take a seat" ></item>
<item slot="7" original="Take the tickets" ></item>
<item slot="8" original="Pay for the ride" ></item>
<item slot="9" original="Your destination place came" ></item>
<item slot="10" original="Bus stops" ></item>
<item slot="11" original="Get off the Bus" ></item>
</script><script id="11" source="2"><item slot="1" original="Walk to bus stop" ></item>
<item slot="2" original="Wait for bus" ></item>
<item slot="3" original="Step on bus" ></item>
<item slot="4" original="Pay the bus driver" ></item>
<item slot="5" original="Take your seat" ></item>
</script><script id="12" source="2"><item slot="1" original="Wait at bus stop" ></item>
<item slot="2" original="Get on bus" ></item>
<item slot="3" original="Show bus driver your ticket" ></item>
<item slot="4" original="Find an open seat" ></item>
<item slot="5" original="Sit down" ></item>
<item slot="6" original="Wait for bus to reach your stop" ></item>
<item slot="7" original="Get off at your stop" ></item>
</script><script id="14" source="2"><item slot="1" original="Get dressed" ></item>
<item slot="2" original="go to the nearest bus stop" ></item>
<item slot="3" original="wait for the bus" ></item>
<item slot="4" original="when it arrives get on" ></item>
<item slot="5" original="tell the driver where you are going" ></item>
<item slot="6" original="pay the driver" ></item>
<item slot="7" original="sit down" ></item>
<item slot="8" original="exit bus when arrive" ></item>
</script><script id="15" source="2"><item slot="1" original="Grab purse, jacket, and other items needed for the day." ></item>
<item slot="2" original="Go to bus stop." ></item>
<item slot="3" original="When bus arrives, step on board." ></item>
<item slot="4" original="Drop change into money machine." ></item>
<item slot="5" original="Find empty seat to sit in." ></item>
<item slot="6" original="Watch stops out window." ></item>
<item slot="7" original="When your stop approaches, pull cord." ></item>
<item slot="8" original="Stand, exit bus." ></item>
</script><script id="16" source="2"><item slot="1" original="Wait at bus stop" ></item>
<item slot="2" original="When bus comes wait for doors to open" ></item>
<item slot="3" original="Pay the toll" ></item>
<item slot="4" original="Go through doors and up the steps" ></item>
<item slot="5" original="Walk down center of bus to find a seat" ></item>
<item slot="6" original="Sit in seat" ></item>
<item slot="7" original="Once you arrive at destination, get off the bus" ></item>
</script><script id="17" source="2"><item slot="1" original="Wait at bus stop" ></item>
<item slot="2" original="Bus arrives" ></item>
<item slot="3" original="Get on bus" ></item>
<item slot="4" original="Retrieve ticket from machine" ></item>
<item slot="5" original="Find a seat" ></item>
<item slot="6" original="Wait for bus stop destination" ></item>
<item slot="7" original="Press stop button" ></item>
<item slot="8" original="Get off bus" ></item>
</script><script id="18" source="2"><item slot="1" original="Arrive at bus stop prior to bus's arrival." ></item>
<item slot="2" original="Wait for bus to arrive." ></item>
<item slot="3" original="Board bus." ></item>
<item slot="4" original="Find a seat if available or stand if necessary." ></item>
<item slot="5" original="Wait for your stop." ></item>
<item slot="6" original="Get off bus when doors open." ></item>
</script><script id="19" source="2"><item slot="1" original="Check to bus schedule to see when the bus is running." ></item>
<item slot="2" original="Walk to the bus stop." ></item>
<item slot="3" original="Make sure that you have your bus fair ready." ></item>
<item slot="4" original="Get onto the bus when it reaches the stop." ></item>
<item slot="5" original="Pay the fare." ></item>
<item slot="6" original="Find a vacant seat (if possible)." ></item>
<item slot="7" original="Exit the bus at your desired location." ></item>
</script><script id="20" source="2"><item slot="1" original="Find bus schedule information" ></item>
<item slot="2" original="Go to the bus station" ></item>
<item slot="3" original="Pay for fare" ></item>
<item slot="4" original="Board the bus" ></item>
<item slot="5" original="Take a seat in the bus" ></item>
<item slot="6" original="Ride on the bus" ></item>
</script><script id="21" source="2"><item slot="1" original="Wait for bus at bus stop" ></item>
<item slot="2" original="Get on bus" ></item>
<item slot="3" original="Give money" ></item>
<item slot="4" original="Sit or stand to location" ></item>
<item slot="5" original="Wait for stop" ></item>
<item slot="6" original="Get off bus" ></item>
</script><script id="22" source="2"><item slot="1" original="Buy bus ticket" ></item>
<item slot="2" original="Go to bus station" ></item>
<item slot="3" original="Wait for bus" ></item>
<item slot="4" original="Enter bus" ></item>
<item slot="5" original="Wait for correct stop" ></item>
<item slot="6" original="Leave bus" ></item>
</script><script id="23" source="2"><item slot="1" original="choose the route you want to take" ></item>
<item slot="2" original="find the bus stop" ></item>
<item slot="3" original="wait for the bus" ></item>
<item slot="4" original="make sure you have exact change for fare" ></item>
<item slot="5" original="board bus" ></item>
<item slot="6" original="give your fare to the bus driver" ></item>
<item slot="7" original="receive ticket" ></item>
<item slot="8" original="pay attention for your stop" ></item>
<item slot="9" original="alert the driver your stop is coming" ></item>
<item slot="10" original="get off at stop." ></item>
</script><script id="24" source="2"><item slot="1" original="Wait at bus stop" ></item>
<item slot="2" original="Bus arrives" ></item>
<item slot="3" original="Get on bus" ></item>
<item slot="4" original="Pay bus fare" ></item>
<item slot="5" original="Find a seat" ></item>
<item slot="6" original="Bus leaves" ></item>
<item slot="7" original="Bus stops at your destination" ></item>
<item slot="8" original="Get off bus" ></item>
</script><script id="25" source="2"><item slot="1" original="Go to bus stop" ></item>
<item slot="2" original="Wait for bus to arrive" ></item>
<item slot="3" original="Get on bus" ></item>
<item slot="4" original="Pay fee" ></item>
<item slot="5" original="Wait to get to destination" ></item>
<item slot="6" original="Get off bus" ></item>
</script><script id="27" source="2"><item slot="1" original="find the nearest bus stop" ></item>
<item slot="2" original="wait there for the bus to arrive" ></item>
<item slot="3" original="while boarding, pay the driver the required fee or show a pass" ></item>
<item slot="4" original="choose a seat" ></item>
<item slot="5" original="sit patiently until the bus reaches your destination bus stop" ></item>
<item slot="6" original="stand up and depart the bus" ></item>
<item slot="7" original="thank the driver, possibly tip" ></item>
</script><script id="28" source="2"><item slot="1" original="Look at bus schedule." ></item>
<item slot="2" original="Decide what time you need to arrive at bus stop." ></item>
<item slot="3" original="Get to bus stop early and wait for bus." ></item>
<item slot="4" original="Pay fare when boarding bus." ></item>
<item slot="5" original="Sit down and wait for your desired stop." ></item>
<item slot="6" original="Exit bus at your destination." ></item>
</script><script id="29" source="2"><item slot="1" original="Walk to the bus stop" ></item>
<item slot="2" original="Wait for the bus" ></item>
<item slot="3" original="Walk up the steps of the bus" ></item>
<item slot="4" original="Pay the fare" ></item>
<item slot="5" original="Find a seat" ></item>
<item slot="6" original="Sit down" ></item>
<item slot="7" original="Wait for your stop" ></item>
<item slot="8" original="Ring the bell when you see your destination" ></item>
<item slot="9" original="Get off the bus" ></item>
</script><script id="30" source="2"><item slot="1" original="Check bus schedule" ></item>
<item slot="2" original="wait at bus stop" ></item>
<item slot="3" original="Buy bus pass on buss" ></item>
<item slot="4" original="Find a empty seat" ></item>
<item slot="5" original="wait till my stop is approaching" ></item>
<item slot="6" original="signal for a stop where i want to get off" ></item>
<item slot="7" original="Get off the bus" ></item>
</script><script id="31" source="2"><item slot="1" original="Get dressed" ></item>
<item slot="2" original="Get my wallet" ></item>
<item slot="3" original="Go outside" ></item>
<item slot="4" original="Walk to the bus stop" ></item>
<item slot="5" original="Wait for the bus" ></item>
<item slot="6" original="Get on the bus" ></item>
<item slot="7" original="Sit down" ></item>
</script><script id="32" source="2"><item slot="1" original="walk to bus stop" ></item>
<item slot="2" original="wait for bus to arrive" ></item>
<item slot="3" original="have your ticket or change ready" ></item>
<item slot="4" original="get on bus" ></item>
<item slot="5" original="find a seat or stand" ></item>
</script><script id="33" source="2"><item slot="1" original="go to bus stop" ></item>
<item slot="2" original="wait for bus" ></item>
<item slot="3" original="get in bus" ></item>
<item slot="4" original="pay bus fare" ></item>
<item slot="5" original="sit in bus" ></item>
<item slot="6" original="arrive destination" ></item>
<item slot="7" original="get off" ></item>
</script><script id="34" source="2"><item slot="1" original="Walk to bus stop" ></item>
<item slot="2" original="Wait for bus" ></item>
<item slot="3" original="Get on bus" ></item>
<item slot="4" original="Ride to desired destination" ></item>
<item slot="5" original="Get off bus" ></item>
</script><script id="35" source="2"><item slot="1" original="Go to bus stop" ></item>
<item slot="2" original="Wait for bus" ></item>
<item slot="3" original="Get on bus" ></item>
<item slot="4" original="Pay fare" ></item>
<item slot="5" original="Find a seat" ></item>
<item slot="6" original="Wait for destination" ></item>
<item slot="7" original="Get off bus" ></item>
</script><script id="36" source="2"><item slot="1" original="Enter bus." ></item>
<item slot="2" original="Place change in receptor." ></item>
<item slot="3" original="Find a seat." ></item>
<item slot="4" original="Sit down." ></item>
<item slot="5" original="Wait for your stop." ></item>
<item slot="6" original="Exit bus." ></item>
</script><script id="37" source="2"><item slot="1" original="Wait at your bus stop" ></item>
<item slot="2" original="Board the bus when it arrives" ></item>
<item slot="3" original="Pay the fare to ride the bus" ></item>
<item slot="4" original="Sit in a seat until you see your destination" ></item>
<item slot="5" original="Pull the cord alerting the driver to stop" ></item>
<item slot="6" original="Exit at your destination when the bus stops" ></item>
</script><script id="38" source="2"><item slot="1" original="go to the bus stop" ></item>
<item slot="2" original="check the schedule" ></item>
<item slot="3" original="prepare the fare" ></item>
<item slot="4" original="wait" ></item>
<item slot="5" original="get on the bus" ></item>
<item slot="6" original="pay the fare" ></item>
<item slot="7" original="sit down" ></item>
<item slot="8" original="wait for my stop" ></item>
</script><script id="39" source="2"><item slot="1" original="Head to the bus stop" ></item>
<item slot="2" original="Wait on the bench until the bus arrives" ></item>
<item slot="3" original="When the bus comes enter the bus" ></item>
<item slot="4" original="Pay the bus driver" ></item>
<item slot="5" original="Find a seat on the bus" ></item>
<item slot="6" original="When your stop comes get up and exit the bus" ></item>
</script><script id="40" source="2"><item slot="1" original="Walk up to bus stop" ></item>
<item slot="2" original="Wait for bus to arrive" ></item>
<item slot="3" original="Watch bus arrive" ></item>
<item slot="4" original="Get on bus" ></item>
<item slot="5" original="Ride to destination" ></item>
<item slot="6" original="Get off bus" ></item>
<item slot="7" original="See bus leave" ></item>
</script><script id="41" source="2"><item slot="1" original="Wait at a bus stop" ></item>
<item slot="2" original="When the bus arrives get on" ></item>
<item slot="3" original="Pay the driver" ></item>
<item slot="4" original="Find a seat" ></item>
<item slot="5" original="Wait for the stop you want to go to" ></item>
<item slot="6" original="Exit the bus" ></item>
</script><script id="42" source="2"><item slot="1" original="Wait for the bus" ></item>
<item slot="2" original="Get on the bus" ></item>
<item slot="3" original="Pay fare" ></item>
<item slot="4" original="Find a seat" ></item>
<item slot="5" original="Sit down" ></item>
<item slot="6" original="Stop bus at destination" ></item>
<item slot="7" original="Get off the bus" ></item>
</script><script id="43" source="2"><item slot="1" original="Go to the bus stop." ></item>
<item slot="2" original="Wait for the bus to arrive." ></item>
<item slot="3" original="Get on the bus." ></item>
<item slot="4" original="Pay the fare." ></item>
<item slot="5" original="Take a seat." ></item>
<item slot="6" original="Get off the bus at your stop." ></item>
</script><script id="44" source="2"><item slot="1" original="make your way to bus stop" ></item>
<item slot="2" original="wait for bus" ></item>
<item slot="3" original="get on bus when it comes" ></item>
<item slot="4" original="pay fair" ></item>
<item slot="5" original="sit down" ></item>
<item slot="6" original="pull rope when your stop comes" ></item>
<item slot="7" original="get off bus" ></item>
</script><script id="45" source="2"><item slot="1" original="go to bus stop" ></item>
<item slot="2" original="wait on bench" ></item>
<item slot="3" original="get on bus" ></item>
<item slot="4" original="pay the driver" ></item>
<item slot="5" original="find a seat" ></item>
<item slot="6" original="wait for your stop" ></item>
<item slot="7" original="exit bus" ></item>
</script><script id="46" source="2"><item slot="1" original="Wait at the bus stop." ></item>
<item slot="2" original="Enter the bus." ></item>
<item slot="3" original="Find a seat." ></item>
<item slot="4" original="Use my phone until I get to my destination." ></item>
<item slot="5" original="Exit the bus." ></item>
</script><script id="47" source="2"><item slot="1" original="Line up for bus" ></item>
<item slot="2" original="Wait for bus" ></item>
<item slot="3" original="When bus arrives, step on bus" ></item>
<item slot="4" original="Pay for ticket" ></item>
<item slot="5" original="Sit on seat" ></item>
<item slot="6" original="Wait for bus stop" ></item>
<item slot="7" original="Press buzzer when close to stop" ></item>
<item slot="8" original="When bus stops, get off bus" ></item>
</script><script id="48" source="2"><item slot="1" original="Buy ticket." ></item>
<item slot="2" original="Wait at bus stop." ></item>
<item slot="3" original="When bus arrives give ticket to bus driver." ></item>
<item slot="4" original="Pick a seat." ></item>
<item slot="5" original="Enjoy your bus ride." ></item>
</script><script id="49" source="2"><item slot="1" original="Wait for bus at bus stop" ></item>
<item slot="2" original="Get on bus" ></item>
<item slot="3" original="Pay fare or show bus pass" ></item>
<item slot="4" original="Find a seat" ></item>
<item slot="5" original="Wait till stop" ></item>
<item slot="6" original="Get off Bus" ></item>
</script><script id="50" source="2"><item slot="1" original="Wait at bus stop" ></item>
<item slot="2" original="Board the bus" ></item>
<item slot="3" original="Give bus driver token or money" ></item>
<item slot="4" original="Find a seat on the bus" ></item>
<item slot="5" original="Depart at appropriate destination" ></item>
</script><script id="52" source="2"><item slot="1" original="Wait at bus station for bus." ></item>
<item slot="2" original="Enter bus when arrives." ></item>
<item slot="3" original="Pay bus driver." ></item>
<item slot="4" original="Sit in seat." ></item>
<item slot="5" original="Get off bus at correct stop." ></item>
</script><script id="54" source="2"><item slot="1" original="Walk to the bus stop" ></item>
<item slot="2" original="Board the bus" ></item>
<item slot="3" original="Pay the driver" ></item>
<item slot="4" original="Walk down the aisle" ></item>
<item slot="5" original="Find a seat" ></item>
<item slot="6" original="Sit down" ></item>
</script><script id="55" source="2"><item slot="1" original="determine the time the bus arrives" ></item>
<item slot="2" original="arrive at the pickup point" ></item>
<item slot="3" original="enter the bus once it arrives" ></item>
<item slot="4" original="pay the driver" ></item>
<item slot="5" original="locate a seat to sit in" ></item>
<item slot="6" original="hold on or buckle your seatbelt" ></item>
<item slot="7" original="wait for your stop to arrive and exit the bus" ></item>
</script><script id="56" source="2"><item slot="1" original="Visit the bus travel operator's website" ></item>
<item slot="2" original="Book ticket online" ></item>
<item slot="3" original="On the day of travel pack baggage" ></item>
<item slot="4" original="Go to the Travel operator's office(boarding point)" ></item>
<item slot="5" original="Show the ticket to the counter staff and confirm" ></item>
<item slot="6" original="Wait in the lounge for the bus to come" ></item>
<item slot="7" original="Bus arrives" ></item>
<item slot="8" original="Board the bus, locate seat number" ></item>
<item slot="9" original="Put the baggage on the over-head storage cabin" ></item>
<item slot="10" original="Be seated" ></item>
<item slot="11" original="Enjoy the travel as the bus starts moving" ></item>
</script><script id="57" source="2"><item slot="1" original="WAIT AT THE BUS STOP" ></item>
<item slot="2" original="WHEN BUS ARRIVES, FLAG IT DOWN TO STOP" ></item>
<item slot="3" original="BOARD THE BUS" ></item>
<item slot="4" original="PAY FOR YOUR TICKET" ></item>
<item slot="5" original="SIT DOWN" ></item>
<item slot="6" original="WHEN AT YOUR STOP, PRESS THE BELL TO STOP BUS" ></item>
<item slot="7" original="ALIGHT THE BUS AT YOUR STOP" ></item>
</script><script id="58" source="2"><item slot="1" original="Walk to the bus stop" ></item>
<item slot="2" original="Wait for the bus" ></item>
<item slot="3" original="When the bus pulls out pull out either a bus card or money" ></item>
<item slot="4" original="Get onto the bus and hand the card or money to the driver" ></item>
<item slot="5" original="Sit in a seat and enjoy the ride" ></item>
<item slot="6" original="Get up at your stop and exit the bus" ></item>
</script><script id="59" source="2"><item slot="1" original="Wait at the bus stop" ></item>
<item slot="2" original="Board the bus" ></item>
<item slot="3" original="Buy a ticket" ></item>
<item slot="4" original="Take your seat" ></item>
<item slot="5" original="Get down at your desired location" ></item>
</script><script id="60" source="2"><item slot="1" original="Find a bus stop" ></item>
<item slot="2" original="Sit at the stop and wait for the bus" ></item>
<item slot="3" original="Get on the bus when it arrives" ></item>
<item slot="4" original="Pay the toll" ></item>
<item slot="5" original="Sit on the bus and wait for your stop" ></item>
<item slot="6" original="Get off the bus" ></item>
</script><script id="61" source="2"><item slot="1" original="Decide where to go on the bus." ></item>
<item slot="2" original="Go to the nearest bus stop." ></item>
<item slot="3" original="Wait for the bus to arrive." ></item>
<item slot="4" original="Board the bus." ></item>
<item slot="5" original="Buy a ticket or pay your fare." ></item>
<item slot="6" original="Ride the bus to your destination." ></item>
<item slot="7" original="Make a connection if required." ></item>
<item slot="8" original="Exit the bus when you arrive at your destination." ></item>
</script><script id="62" source="2"><item slot="1" original="choose location you desire to go to" ></item>
<item slot="2" original="find correct bus that will take you to location" ></item>
<item slot="3" original="get on bus" ></item>
<item slot="4" original="pay bus fare" ></item>
<item slot="5" original="choose seat to sit in" ></item>
<item slot="6" original="sit in seat until desired location arrives" ></item>
<item slot="7" original="get off bus at desired location" ></item>
</script><script id="63" source="2"><item slot="1" original="Approach bus." ></item>
<item slot="2" original="Wait for bus to stop." ></item>
<item slot="3" original="Wait for people to get off bus." ></item>
<item slot="4" original="Get on bus through door." ></item>
<item slot="5" original="Find a seat and sit down." ></item>
<item slot="6" original="Pull cord when you are ready to stop and get off bus." ></item>
<item slot="7" original="Stand up." ></item>
<item slot="8" original="Get off bus at the bus stop you want to get off at." ></item>
</script><script id="64" source="2"><item slot="1" original="Find correct bus stop" ></item>
<item slot="2" original="Wait at bus stop for bus" ></item>
<item slot="3" original="Pay bus fare" ></item>
<item slot="4" original="Find seat on bus" ></item>
<item slot="5" original="Sit safely in bus" ></item>
<item slot="6" original="Exit bus at destination" ></item>
</script><script id="65" source="2"><item slot="1" original="Go to bus stop." ></item>
<item slot="2" original="Get on bus." ></item>
<item slot="3" original="Give driver bus money." ></item>
<item slot="4" original="Find a seat." ></item>
<item slot="5" original="Sit down." ></item>
<item slot="6" original="Pull lever to ring a stop." ></item>
<item slot="7" original="Get up and walk off the bus." ></item>
</script><script id="66" source="2"><item slot="1" original="Wait for the bus to arrive" ></item>
<item slot="2" original="Get on the bus" ></item>
<item slot="3" original="Pay the fee" ></item>
<item slot="4" original="Find a seat" ></item>
<item slot="5" original="Wait for the bus to get to your stop" ></item>
<item slot="6" original="Get off" ></item>
</script><script id="67" source="2"><item slot="1" original="Wait at bus stop" ></item>
<item slot="2" original="When bus arrives, step onto bus" ></item>
<item slot="3" original="Pay for ride with quarters or prepaid pass" ></item>
<item slot="4" original="find seat on bus" ></item>
<item slot="5" original="Wait until bus arrives at destination" ></item>
<item slot="6" original="Walk off the bus" ></item>
</script><script id="68" source="2"><item slot="1" original="Go to the bus stop" ></item>
<item slot="2" original="Get your bus pass or fare ready" ></item>
<item slot="3" original="When bus approaches, wave so they know you want to get on" ></item>
<item slot="4" original="Wait for passengers to exit the bus" ></item>
<item slot="5" original="Get on the bus" ></item>
<item slot="6" original="Pay your fare" ></item>
<item slot="7" original="Find an empty seat" ></item>
<item slot="8" original="Sit down" ></item>
<item slot="9" original="Ride" ></item>
</script><script id="69" source="2"><item slot="1" original="Grab my bus ticket." ></item>
<item slot="2" original="Wait at the bus stop." ></item>
<item slot="3" original="Get on the bus." ></item>
<item slot="4" original="Find a seat by the window." ></item>
<item slot="5" original="Sit quietly." ></item>
</script><script id="70" source="2"><item slot="1" original="Find a bus stop." ></item>
<item slot="2" original="Wait on the bus." ></item>
<item slot="3" original="Make sure the bus is going to your destination." ></item>
<item slot="4" original="Walk onto the bus." ></item>
<item slot="5" original="Pay the fare." ></item>
<item slot="6" original="Find a seat." ></item>
<item slot="7" original="Ride the bus until you are at your destination." ></item>
<item slot="8" original="Exit the bus." ></item>
</script><script id="71" source="2"><item slot="1" original="Get onto bus" ></item>
<item slot="2" original="Put bus fare in fare slot" ></item>
<item slot="3" original="Find an unoccupied seat" ></item>
<item slot="4" original="Sit in that seat" ></item>
<item slot="5" original="Stand up when bus stops at your stop" ></item>
<item slot="6" original="Walk off bus" ></item>
</script><script id="72" source="2"><item slot="1" original="go to bus stop" ></item>
<item slot="2" original="wait for bus to arrive" ></item>
<item slot="3" original="wait for bus to stop" ></item>
<item slot="4" original="get on bus" ></item>
<item slot="5" original="drop coins into slot" ></item>
<item slot="6" original="walk to middle of bus" ></item>
<item slot="7" original="sit down" ></item>
<item slot="8" original="wait for stop" ></item>
<item slot="9" original="wait for bus to stop moving" ></item>
<item slot="10" original="stand up and walk to front" ></item>
<item slot="11" original="get off bus" ></item>
</script><script id="73" source="2"><item slot="1" original="Enter into the bus" ></item>
<item slot="2" original="Find a seat and occupy it" ></item>
<item slot="3" original="Tell your stop name to conductor" ></item>
<item slot="4" original="Pay your fare" ></item>
<item slot="5" original="Get the ticket" ></item>
<item slot="6" original="Wait for your stop" ></item>
<item slot="7" original="Get off at your stop" ></item>
</script><script id="74" source="2"><item slot="1" original="Choose bus route with desired destination" ></item>
<item slot="2" original="wait at bus spot for pre chosen bus" ></item>
<item slot="3" original="wait in line to board bus" ></item>
<item slot="4" original="pay bus fare" ></item>
<item slot="5" original="choose seat" ></item>
<item slot="6" original="sit until close to your destination" ></item>
<item slot="7" original="signal driver of wish to exit" ></item>
<item slot="8" original="exit at bus stop at desired destination" ></item>
</script><script id="75" source="2"><item slot="1" original="Wait at a bus station." ></item>
<item slot="2" original="Get on the bus when the bus stops at the station." ></item>
<item slot="3" original="Pay the ticket." ></item>
<item slot="4" original="Find a seat." ></item>
<item slot="5" original="Pull the string to let the driver know when you arrive at the destination." ></item>
<item slot="6" original="Get off the bus." ></item>
</script><script id="76" source="2"><item slot="1" original="Wait for the bus to arrive." ></item>
<item slot="2" original="Get on the bus." ></item>
<item slot="3" original="Pay the bus driver if there is a fee." ></item>
<item slot="4" original="Choose a vacant seat." ></item>
<item slot="5" original="Wear a seat belt, if provided one." ></item>
<item slot="6" original="Ride the bus." ></item>
<item slot="7" original="Let the driver know when you would like to get off of the bus." ></item>
<item slot="8" original="Get off the bus at your destination." ></item>
</script><script id="77" source="2"><item slot="1" original="get on board of a bus" ></item>
<item slot="2" original="sit on the bus" ></item>
<item slot="3" original="enjoy ride on bus" ></item>
<item slot="4" original="sing if desired" ></item>
<item slot="5" original="arrive to destination on bus" ></item>
</script><script id="78" source="2"><item slot="1" original="Go to to the bus station" ></item>
<item slot="2" original="Stand in ticket counter queue" ></item>
<item slot="3" original="Purchase a ticket" ></item>
<item slot="4" original="Go to the bus bay" ></item>
<item slot="5" original="Board the bus" ></item>
<item slot="6" original="Sit in your seat" ></item>
<item slot="7" original="Travel" ></item>
<item slot="8" original="Get down at your destination" ></item>
</script><script id="79" source="2"><item slot="1" original="Wait for bus at bus stop" ></item>
<item slot="2" original="When bus stops, board bus" ></item>
<item slot="3" original="Pay bus fare or show pass" ></item>
<item slot="4" original="Take a seat" ></item>
<item slot="5" original="Watch for desired location" ></item>
<item slot="6" original="Press stop indicator" ></item>
<item slot="7" original="Wait for bus to stop" ></item>
<item slot="8" original="Exit bus" ></item>
</script><script id="80" source="2"><item slot="1" original="GET ON THE BUS" ></item>
<item slot="2" original="GET A TICKET FROM CONDUCTOR" ></item>
<item slot="3" original="FIND THE SEAT AND SIT" ></item>
<item slot="4" original="PLAYING GAMES" ></item>
<item slot="5" original="READING BOOKS" ></item>
<item slot="6" original="WHEN REACHING THE PLACE GET OFF THE BUS" ></item>
</script><script id="81" source="2"><item slot="1" original="Walk up to bus" ></item>
<item slot="2" original="Walk up bus stairs" ></item>
<item slot="3" original="Pay for bus ride" ></item>
<item slot="4" original="Find a seat" ></item>
<item slot="5" original="Sit on bus until its your stop" ></item>
<item slot="6" original="Get off bus" ></item>
</script><script id="82" source="2"><item slot="1" original="Locate correct bus to board" ></item>
<item slot="2" original="Approach bus from curb and do not step in front of bus or traffic" ></item>
<item slot="3" original="When bus doors open, board bus" ></item>
<item slot="4" original="Pay fare or give ticket if needed" ></item>
<item slot="5" original="Find an available seat" ></item>
<item slot="6" original="Sit down" ></item>
<item slot="7" original="Wait for bus to reach destination" ></item>
<item slot="8" original="Pull cord if needed to signal driver to stop" ></item>
<item slot="9" original="Depart bus" ></item>
</script><script id="83" source="2"><item slot="1" original="Determine destination" ></item>
<item slot="2" original="Determine bus number, and route from bus company" ></item>
<item slot="3" original="Look on bus schedule for closest stop and desired times" ></item>
<item slot="4" original="Go to bus stop" ></item>
<item slot="5" original="Wait for bus" ></item>
<item slot="6" original="When bus arrives, board bus" ></item>
<item slot="7" original="Pay driver or give prepaid card or ticket" ></item>
<item slot="8" original="Sit down" ></item>
<item slot="9" original="Watch for desired stop" ></item>
<item slot="10" original="When near desired stop, alert driver via pull cord (if applicable)" ></item>
<item slot="11" original="When bus stops, get off bus" ></item>
</script><script id="84" source="2"><item slot="1" original="Wait at bus stop for bus arrival" ></item>
<item slot="2" original="Board bus" ></item>
<item slot="3" original="Pay appropriate fare" ></item>
<item slot="4" original="Find vacant seat" ></item>
<item slot="5" original="Keep oneself entertained with cell phone while bus travels" ></item>
<item slot="6" original="Stay in seat until bus arrives at destination" ></item>
<item slot="7" original="Get off bus" ></item>
</script><script id="85" source="2"><item slot="1" original="Board the bus" ></item>
<item slot="2" original="Place your luggage overhead or beneath seat" ></item>
<item slot="3" original="Get comfortable" ></item>
<item slot="4" original="Read a book, watch a movie or take a nap" ></item>
<item slot="5" original="Have a snack" ></item>
<item slot="6" original="Wait to arrive at your destination" ></item>
</script><script id="86" source="2"><item slot="1" original="Determine the bus that goes to your desired location." ></item>
<item slot="2" original="Wait at the appropriate bus stop for the bus to arrive." ></item>
<item slot="3" original="When the bus and the door of the bus opens, enter it." ></item>
<item slot="4" original="Deposit the fare into the container." ></item>
<item slot="5" original="Take a seat on the bus." ></item>
<item slot="6" original="When the correct destination is announced prepare to exit." ></item>
<item slot="7" original="When the bus stops get off." ></item>
</script><script id="87" source="2"><item slot="1" original="Go to bus stop" ></item>
<item slot="2" original="Wait for bus" ></item>
<item slot="3" original="Go on bus" ></item>
<item slot="4" original="Pay fare" ></item>
<item slot="5" original="Find seat" ></item>
<item slot="6" original="Sit down" ></item>
<item slot="7" original="Ring bell to stop at destination" ></item>
<item slot="8" original="Get off" ></item>
</script><script id="88" source="2"><item slot="1" original="Walk to the bus stop" ></item>
<item slot="2" original="Wait for the bus to arrive" ></item>
<item slot="3" original="Step onto bus" ></item>
<item slot="4" original="Greet bus driver" ></item>
<item slot="5" original="Pay for ticket" ></item>
<item slot="6" original="Take ticket" ></item>
<item slot="7" original="Walk to a seat" ></item>
<item slot="8" original="Sit down in seat" ></item>
<item slot="9" original="Look out window" ></item>
<item slot="10" original="Pull cord to stop" ></item>
<item slot="11" original="Get up from seat" ></item>
<item slot="12" original="Walk off bus" ></item>
</script><script id="89" source="2"><item slot="1" original="Go to the bus stop" ></item>
<item slot="2" original="Wait for the bus" ></item>
<item slot="3" original="Board the bus" ></item>
<item slot="4" original="Pay for the bus" ></item>
<item slot="5" original="Look for a seat" ></item>
<item slot="6" original="Stand if there are no seats, sit if there are seats" ></item>
<item slot="7" original="Look around" ></item>
<item slot="8" original="Get off bus at destination" ></item>
</script><script id="90" source="2"><item slot="1" original="Go to the bus stop" ></item>
<item slot="2" original="Sit on the bench" ></item>
<item slot="3" original="Wait for the bus" ></item>
<item slot="4" original="Bus arrives" ></item>
<item slot="5" original="Get on the bus" ></item>
<item slot="6" original="Pay the fare" ></item>
<item slot="7" original="Sit on the seat" ></item>
<item slot="8" original="Wait for stop" ></item>
<item slot="9" original="Press button to indicate stop" ></item>
<item slot="10" original="Get off the bus" ></item>
</script><script id="91" source="2"><item slot="1" original="Walk to bus stop" ></item>
<item slot="2" original="Purchase one-way or transfer ticket" ></item>
<item slot="3" original="Seat yourself" ></item>
<item slot="4" original="Take out book and read as bus travels" ></item>
<item slot="5" original="Look out for your destination" ></item>
<item slot="6" original="Pull the cord" ></item>
<item slot="7" original="Listen for the ding" ></item>
<item slot="8" original="Wait for bus to stop" ></item>
<item slot="9" original="Shout at driver if driver has missed the ding" ></item>
<item slot="10" original="Move to bus door" ></item>
<item slot="11" original="Thank driver" ></item>
<item slot="12" original="Alight from bus" ></item>
<item slot="13" original="Carry on to destination" ></item>
</script><script id="92" source="2"><item slot="1" original="Wait for bus on a bench." ></item>
<item slot="2" original="When bus arrives get in." ></item>
<item slot="3" original="Pay fare." ></item>
<item slot="4" original="Find a seat." ></item>
<item slot="5" original="Sit down." ></item>
<item slot="6" original="Arrive at destination." ></item>
<item slot="7" original="Exit bus." ></item>
</script><script id="93" source="2"><item slot="1" original="Go to the bus stop" ></item>
<item slot="2" original="Wait for the bus" ></item>
<item slot="3" original="Get on the bus" ></item>
<item slot="4" original="Pay the fare" ></item>
<item slot="5" original="Ride to your destination" ></item>
<item slot="6" original="Get off the bus" ></item>
</script><script id="94" source="2"><item slot="1" original="Wait at the bus stop" ></item>
<item slot="2" original="Get on the bus when it arrives" ></item>
<item slot="3" original="Pay the fare" ></item>
<item slot="4" original="Find a seat" ></item>
<item slot="5" original="Ride the bus to your destination" ></item>
<item slot="6" original="Get off the bus" ></item>
</script><script id="95" source="2"><item slot="1" original="Walk to bus stop" ></item>
<item slot="2" original="Wait for a very long time" ></item>
<item slot="3" original="Think you missed bus" ></item>
<item slot="4" original="Bus comes" ></item>
<item slot="5" original="Pay fare" ></item>
<item slot="6" original="Find a seat" ></item>
<item slot="7" original="Ride bus" ></item>
</script><script id="96" source="2"><item slot="1" original="Decide which bus is needed to get to the destination." ></item>
<item slot="2" original="At the appropriate time walk to the bus stop." ></item>
<item slot="3" original="Wait for bus." ></item>
<item slot="4" original="When bus arrives board the bus." ></item>
<item slot="5" original="Pay the appropriate fare." ></item>
<item slot="6" original="Find a seat." ></item>
<item slot="7" original="Sit in the bus until you get near your bus stop." ></item>
<item slot="8" original="Pull the cord." ></item>
<item slot="9" original="Wait for bus to stop." ></item>
<item slot="10" original="Exit the bus." ></item>
</script><script id="97" source="2"><item slot="1" original="Approach the bus stop" ></item>
<item slot="2" original="Wait for the bus" ></item>
<item slot="3" original="Buy a ticket" ></item>
<item slot="4" original="Board the bus" ></item>
<item slot="5" original="Sit down" ></item>
<item slot="6" original="Ride" ></item>
</script><script id="98" source="2"><item slot="1" original="Enter the bus" ></item>
<item slot="2" original="Find the seat" ></item>
<item slot="3" original="occupy the seat" ></item>
<item slot="4" original="Take the ticket" ></item>
<item slot="5" original="Wait for our place" ></item>
<item slot="6" original="Leave the bus" ></item>
</script><script id="100" source="2"><item slot="1" original="Stand at bus stop" ></item>
<item slot="2" original="When bus arrives, get on" ></item>
<item slot="3" original="Give money or ticket to the bus driver" ></item>
<item slot="4" original="sit and wait for stop" ></item>
<item slot="5" original="Get off when ready" ></item>
</script></scripts>