<scripts><script id="1" source="2"><item slot="1" original="Gather a clean change of clothes" ></item>
<item slot="2" original="Gather a towel" ></item>
<item slot="3" original="Gather soap, shampoo, and a washcloth" ></item>
<item slot="4" original="Go into bathroom" ></item>
<item slot="5" original="Turn on shower and adjust water to desired temperature" ></item>
<item slot="6" original="Take off clothes" ></item>
<item slot="7" original="Get into shower" ></item>
<item slot="8" original="Wet hair" ></item>
<item slot="9" original="Wash hair with shampoo" ></item>
<item slot="10" original="Rinse hair" ></item>
<item slot="11" original="Put soap on washcloth" ></item>
<item slot="12" original="Scrub body from head to toes" ></item>
<item slot="13" original="Rinse body" ></item>
<item slot="14" original="Turn off water" ></item>
<item slot="15" original="Dry self with towel" ></item>
<item slot="16" original="Put on clean clothes" ></item>
</script><script id="2" source="2"><item slot="1" original="enter bathroom" ></item>
<item slot="2" original="place towel nearby" ></item>
<item slot="3" original="remove clothes" ></item>
<item slot="4" original="turn on water" ></item>
<item slot="5" original="enter shower" ></item>
<item slot="6" original="apply shampoo to hair" ></item>
<item slot="7" original="rinse" ></item>
<item slot="8" original="apply soap to body" ></item>
<item slot="9" original="rinse" ></item>
<item slot="10" original="turn off water" ></item>
<item slot="11" original="exit shower" ></item>
<item slot="12" original="towel dry" ></item>
<item slot="13" original="get clean clothes from closet" ></item>
<item slot="14" original="put on clean clothes" ></item>
</script><script id="3" source="2"><item slot="1" original="Get clothes to wear" ></item>
<item slot="2" original="Get towel" ></item>
<item slot="3" original="Turn on water" ></item>
<item slot="4" original="Get undressed" ></item>
<item slot="5" original="Get in shower" ></item>
<item slot="6" original="Wet hair" ></item>
<item slot="7" original="Wash hair" ></item>
<item slot="8" original="Condition hair" ></item>
<item slot="9" original="Wash face" ></item>
<item slot="10" original="Wash body" ></item>
<item slot="11" original="Shave legs" ></item>
<item slot="12" original="Turn off water" ></item>
<item slot="13" original="Dry off" ></item>
<item slot="14" original="Get dressed" ></item>
</script><script id="4" source="2"><item slot="1" original="Go to the bathroom" ></item>
<item slot="2" original="Get undressed" ></item>
<item slot="3" original="Start the shower" ></item>
<item slot="4" original="Use any soap, shampoo etc" ></item>
<item slot="5" original="Wash off the soap" ></item>
<item slot="6" original="Dry your body with a towel" ></item>
</script><script id="5" source="2"><item slot="1" original="Gather a towel and washcloth" ></item>
<item slot="2" original="Go into bathroom" ></item>
<item slot="3" original="Undress" ></item>
<item slot="4" original="Adjust water temperature and pull lever so water sprays out of the shower head" ></item>
<item slot="5" original="Get into shower stall and wet your hair and body" ></item>
<item slot="6" original="Apply shampoo to your hair and wash" ></item>
<item slot="7" original="Rinse hair" ></item>
<item slot="8" original="Apply soap or body wash to washcloth" ></item>
<item slot="9" original="Wash your body" ></item>
<item slot="10" original="Rinse your body" ></item>
<item slot="11" original="Turn off the water" ></item>
<item slot="12" original="Dry your self off with the towel" ></item>
<item slot="13" original="Get dressed with clean clothes" ></item>
</script><script id="6" source="2"><item slot="1" original="going into the bathroom" ></item>
<item slot="2" original="taking off your clothes" ></item>
<item slot="3" original="turning the water on" ></item>
<item slot="4" original="step into the shower" ></item>
<item slot="5" original="wetting your body" ></item>
<item slot="6" original="washing your body with soap" ></item>
<item slot="7" original="wetting your hair" ></item>
<item slot="8" original="applying shampoo" ></item>
<item slot="9" original="lathering shampoo" ></item>
<item slot="10" original="rinsing shampoo" ></item>
<item slot="11" original="rinsing body" ></item>
<item slot="12" original="turning off water" ></item>
<item slot="13" original="grabbing towel" ></item>
<item slot="14" original="drying body" ></item>
</script><script id="7" source="2"><item slot="1" original="undress" ></item>
<item slot="2" original="turn on water" ></item>
<item slot="3" original="adjust water temperature" ></item>
<item slot="4" original="get in shower" ></item>
<item slot="5" original="close shower curtain" ></item>
<item slot="6" original="wash body with soap" ></item>
<item slot="7" original="rinse body" ></item>
<item slot="8" original="turn off water" ></item>
<item slot="9" original="open shower curtain" ></item>
<item slot="10" original="get out" ></item>
<item slot="11" original="dry off with towel" ></item>
</script><script id="8" source="2"><item slot="1" original="Go into the bathroom" ></item>
<item slot="2" original="Take of clothes" ></item>
<item slot="3" original="Put clothes in the hamper" ></item>
<item slot="4" original="Get in the shower" ></item>
<item slot="5" original="Turn on the water" ></item>
<item slot="6" original="Adjust water temperature" ></item>
<item slot="7" original="Wash hair with shampoo" ></item>
<item slot="8" original="Wash face with soap" ></item>
<item slot="9" original="Wash body with body wash" ></item>
<item slot="10" original="Rinse over the whole body" ></item>
<item slot="11" original="Leave the shower" ></item>
<item slot="12" original="Use towel to dry" ></item>
</script><script id="9" source="2"><item slot="1" original="Go to bathroom" ></item>
<item slot="2" original="Take off clothes" ></item>
<item slot="3" original="Get in shower" ></item>
<item slot="4" original="Close curtain" ></item>
<item slot="5" original="Turn on the water" ></item>
<item slot="6" original="Adjust to desired temperature" ></item>
<item slot="7" original="Wash hair" ></item>
<item slot="8" original="Scrub body" ></item>
<item slot="9" original="Rinse" ></item>
<item slot="10" original="Get out of shower" ></item>
<item slot="11" original="Get towel" ></item>
<item slot="12" original="Dry body with towel" ></item>
</script><script id="10" source="2"><item slot="1" original="Enter the bathroom." ></item>
<item slot="2" original="Undress." ></item>
<item slot="3" original="Open the shower." ></item>
<item slot="4" original="Take a shower." ></item>
<item slot="5" original="Put on clothes." ></item>
<item slot="6" original="Wipe the floor." ></item>
<item slot="7" original="Leave the shower." ></item>
</script><script id="11" source="2"><item slot="1" original="Go into the bathroom" ></item>
<item slot="2" original="Turn on the water so that it is a comfortable temperature" ></item>
<item slot="3" original="Remove clothing" ></item>
<item slot="4" original="Enter shower carefully" ></item>
<item slot="5" original="Wash hair" ></item>
<item slot="6" original="Condition hair (optional)" ></item>
<item slot="7" original="Wash body" ></item>
<item slot="8" original="Shave (optional)" ></item>
<item slot="9" original="Rinse thoroughly" ></item>
<item slot="10" original="Exit shower carefully" ></item>
<item slot="11" original="Towel dry" ></item>
</script><script id="12" source="2"><item slot="1" original="Start the water" ></item>
<item slot="2" original="Adjust temperature until it is what you like" ></item>
<item slot="3" original="Get in shower and wet yourself" ></item>
<item slot="4" original="Soap up" ></item>
<item slot="5" original="Rinse off soap" ></item>
<item slot="6" original="Wash your hair" ></item>
<item slot="7" original="Get out of shower" ></item>
<item slot="8" original="Dry off" ></item>
</script><script id="13" source="2"><item slot="1" original="Go to the bathroom" ></item>
<item slot="2" original="Close the door" ></item>
<item slot="3" original="Get naked" ></item>
<item slot="4" original="Turn on the shower" ></item>
<item slot="5" original="Enter shower" ></item>
<item slot="6" original="Use soap on body and rinse off" ></item>
<item slot="7" original="Turn off shower and dry off" ></item>
</script><script id="14" source="2"><item slot="1" original="Proceed to Bathroom." ></item>
<item slot="2" original="Turn on water and adjust temperature to preference." ></item>
<item slot="3" original="Undress." ></item>
<item slot="4" original="Get into shower." ></item>
<item slot="5" original="Clean self with soap and shampoo." ></item>
<item slot="6" original="Turn off water." ></item>
<item slot="7" original="Dry off and get out of shower." ></item>
<item slot="8" original="Get dressed." ></item>
</script><script id="15" source="2"><item slot="1" original="It is great in taking a shower." ></item>
<item slot="2" original="People feels a great relief when shower pours smoothy water over head." ></item>
<item slot="3" original="To avoid depression one cant take a shower." ></item>
<item slot="4" original="For mind concentration and freshness you can take shower." ></item>
<item slot="5" original="Taking a shower not means stand below shower but to soap your body." ></item>
<item slot="6" original="See that all the soapy water goes away from your body." ></item>
<item slot="7" original="Now Dry yourself with bath towel from head to toe smoothly." ></item>
<item slot="8" original="Have a nice refreshment day." ></item>
</script><script id="16" source="2"><item slot="1" original="Get towel and wash cloth ready and set aside" ></item>
<item slot="2" original="Pull back shower curtain" ></item>
<item slot="3" original="Turn on hot and cold water faucets to preferred temperature" ></item>
<item slot="4" original="Pull up lever for shower spray" ></item>
<item slot="5" original="Step into stall or tub with wash cloth and soap" ></item>
<item slot="6" original="Close curtain or shower door" ></item>
<item slot="7" original="Wash body with cloth and soap" ></item>
<item slot="8" original="Rinse off" ></item>
<item slot="9" original="Push lever down" ></item>
<item slot="10" original="Turn off the faucets" ></item>
<item slot="11" original="Step out of shower" ></item>
<item slot="12" original="Dry off with towel" ></item>
</script><script id="17" source="2"><item slot="1" original="get a towel ready" ></item>
<item slot="2" original="get a small wash cloth" ></item>
<item slot="3" original="put the cloth in shower" ></item>
<item slot="4" original="take off clothes" ></item>
<item slot="5" original="get in the tub" ></item>
<item slot="6" original="turn on water" ></item>
<item slot="7" original=" scrub with soap and rinse" ></item>
<item slot="8" original="turn off water" ></item>
<item slot="9" original="dry off with towel" ></item>
</script><script id="18" source="2"><item slot="1" original="Run shower faucet." ></item>
<item slot="2" original="Select correct temperature." ></item>
<item slot="3" original="Undress." ></item>
<item slot="4" original="Step into shower." ></item>
<item slot="5" original="Close curtain." ></item>
<item slot="6" original="Wash." ></item>
<item slot="7" original="Shampoo." ></item>
<item slot="8" original="Rinse." ></item>
<item slot="9" original="Turn off water." ></item>
<item slot="10" original="Reach for towel." ></item>
<item slot="11" original="Dry off." ></item>
<item slot="12" original="Exit shower." ></item>
</script><script id="19" source="2"><item slot="1" original="Get onto the bathroom" ></item>
<item slot="2" original="Remove the cloths" ></item>
<item slot="3" original="Open the shower" ></item>
<item slot="4" original="Get your body wet" ></item>
<item slot="5" original="Stop the shower" ></item>
<item slot="6" original="Apply soap in the body" ></item>
<item slot="7" original="Clean the body with hands" ></item>
<item slot="8" original="Open the shower" ></item>
<item slot="9" original="Get under it" ></item>
<item slot="10" original="Close the shower" ></item>
<item slot="11" original="Leave the bathroom" ></item>
</script><script id="20" source="2"><item slot="1" original="Enter the bath room" ></item>
<item slot="2" original="Remove clothes" ></item>
<item slot="3" original="Put them in the laundry bag" ></item>
<item slot="4" original="Stand under the shower and open" ></item>
<item slot="5" original="Wash the full body thoroughly" ></item>
<item slot="6" original="Close the shower" ></item>
<item slot="7" original="Take shampoo in the palm and apply over the head" ></item>
<item slot="8" original="Massage the scalp with finger tips" ></item>
<item slot="9" original="Open the shower" ></item>
<item slot="10" original="Wash head thoroughly and close shower" ></item>
<item slot="11" original="Apply bath soap throughout the body" ></item>
<item slot="12" original="Rub with bath sponge for 5 minutes" ></item>
<item slot="13" original="Open the shower" ></item>
<item slot="14" original="Wash the body completely and Close the shower" ></item>
<item slot="15" original="Wrap myself with a bathrobe" ></item>
<item slot="16" original="Exit the bathroom" ></item>
</script><script id="21" source="2"><item slot="1" original="Turn on faucet" ></item>
<item slot="2" original="Pull plug to turn on shower head" ></item>
<item slot="3" original="Gather towel and toiletries" ></item>
<item slot="4" original="Disrobe" ></item>
<item slot="5" original="Step into shower" ></item>
<item slot="6" original="Wash hair" ></item>
<item slot="7" original="Wash body" ></item>
<item slot="8" original="Wash face" ></item>
<item slot="9" original="Turn off water" ></item>
<item slot="10" original="Grab towel" ></item>
<item slot="11" original="Dry body and hair" ></item>
<item slot="12" original="Step out of shower" ></item>
<item slot="13" original="Turn off water" ></item>
</script><script id="22" source="2"><item slot="1" original="Enter the bathroom" ></item>
<item slot="2" original="Turn on the shower faucet" ></item>
<item slot="3" original="Take off your clothes" ></item>
<item slot="4" original="Check to see if water is warm" ></item>
<item slot="5" original="Step into the shower" ></item>
<item slot="6" original="Wash your hair" ></item>
<item slot="7" original="Wash your body" ></item>
<item slot="8" original="Turn off the faucet" ></item>
<item slot="9" original="Step out of the shower" ></item>
</script><script id="23" source="2"><item slot="1" original="Take off clothes" ></item>
<item slot="2" original="Turn on the shower water" ></item>
<item slot="3" original="Wait for it to warm up" ></item>
<item slot="4" original="Step into the shower" ></item>
<item slot="5" original="Put body wash into my hands" ></item>
<item slot="6" original="Administer body wash to myself" ></item>
<item slot="7" original="Rinse off the body wash" ></item>
<item slot="8" original="Turn the water cold" ></item>
<item slot="9" original="Wet my hair in the cold water" ></item>
<item slot="10" original="Put shampoo in my hair" ></item>
<item slot="11" original="Rinse off shampoo" ></item>
<item slot="12" original="Turn off shower water" ></item>
<item slot="13" original="Get out of shower" ></item>
<item slot="14" original="Dry off with a towel" ></item>
</script><script id="24" source="2"><item slot="1" original="Remove clothes" ></item>
<item slot="2" original="Run water" ></item>
<item slot="3" original="Adjust temperature" ></item>
<item slot="4" original="Step in" ></item>
<item slot="5" original="Lather up with soap" ></item>
<item slot="6" original="Scrub yourself" ></item>
<item slot="7" original="Rinse soap off" ></item>
<item slot="8" original="Turn off water" ></item>
<item slot="9" original="Step out shower" ></item>
<item slot="10" original="Dry off with towel" ></item>
</script><script id="25" source="2"><item slot="1" original="Collect your towels, change of clothes, and other necessities." ></item>
<item slot="2" original="Disrobe." ></item>
<item slot="3" original="Turn on the water in the shower." ></item>
<item slot="4" original="Adjust the water temperature as desired." ></item>
<item slot="5" original="Get into the shower." ></item>
<item slot="6" original="Close the shower curtain or door." ></item>
<item slot="7" original="Turn the shower stream on." ></item>
<item slot="8" original="Use soap and washclothes to clean yourself." ></item>
<item slot="9" original="Stand under the shower's stream to rinse soap from your body." ></item>
<item slot="10" original="Turn off the water." ></item>
<item slot="11" original="Open the door or curtain." ></item>
<item slot="12" original="Use a towel to dry yourself." ></item>
<item slot="13" original="Change into your clean clothes." ></item>
</script><script id="26" source="2"><item slot="1" original="Get undressed" ></item>
<item slot="2" original="Get the water right" ></item>
<item slot="3" original="Enter the shower" ></item>
<item slot="4" original="Take shampoo" ></item>
<item slot="5" original="Wash hair" ></item>
<item slot="6" original="Take the soap" ></item>
<item slot="7" original="Wash body" ></item>
<item slot="8" original="Rinse off the soap" ></item>
<item slot="9" original="Leave the shower" ></item>
</script><script id="27" source="2"><item slot="1" original="Gather clean clothes" ></item>
<item slot="2" original="Grab a towel" ></item>
<item slot="3" original="Turn on shower faucet" ></item>
<item slot="4" original="Wait for water to heat to desired temperature" ></item>
<item slot="5" original="Enter shower" ></item>
<item slot="6" original="Apply shampoo to hair" ></item>
<item slot="7" original="Rinse hair" ></item>
<item slot="8" original="Apply soap to face and rest of body" ></item>
<item slot="9" original="Rinse face and body" ></item>
<item slot="10" original="Turn off shower" ></item>
<item slot="11" original="Exit shower" ></item>
<item slot="12" original="Dry self off with towel" ></item>
</script><script id="28" source="2"><item slot="1" original="Get undressed" ></item>
<item slot="2" original="Turn shower on to desired hot/cold setting" ></item>
<item slot="3" original="Wait until it is warmed up" ></item>
<item slot="4" original="Get into shower" ></item>
<item slot="5" original="Wash hair and body" ></item>
<item slot="6" original="Turn shower off" ></item>
<item slot="7" original="Get towel" ></item>
<item slot="8" original="Get out of shower" ></item>
<item slot="9" original="Dry off" ></item>
<item slot="10" original="Get dressed" ></item>
</script><script id="29" source="2"><item slot="1" original="Turn on the water" ></item>
<item slot="2" original="Get undressed" ></item>
<item slot="3" original="adjust the water" ></item>
<item slot="4" original="grab a shampoo bottle" ></item>
<item slot="5" original="put shampoo in hair" ></item>
<item slot="6" original="lather" ></item>
<item slot="7" original="rinse" ></item>
<item slot="8" original="grab soap" ></item>
<item slot="9" original="lather up all over you body" ></item>
<item slot="10" original="rinse off" ></item>
<item slot="11" original="turn off water" ></item>
<item slot="12" original="step out of shower" ></item>
<item slot="13" original="grab a towel" ></item>
<item slot="14" original="dry off" ></item>
</script><script id="30" source="2"><item slot="1" original="Start warm water" ></item>
<item slot="2" original="Wait until the water is the right temperature" ></item>
<item slot="3" original="Step into the shower" ></item>
<item slot="4" original="Wash body with soap" ></item>
<item slot="5" original="Wash hair with shampoo and conditioner" ></item>
<item slot="6" original="Stop water" ></item>
<item slot="7" original="Dry off with towel" ></item>
<item slot="8" original="Step out of shower" ></item>
</script><script id="31" source="2"><item slot="1" original="turn water faucet on and set water temperature." ></item>
<item slot="2" original="Turn shower on." ></item>
<item slot="3" original="Undress." ></item>
<item slot="4" original="Get into shower." ></item>
<item slot="5" original="Wash hair and body." ></item>
<item slot="6" original="Rinse off." ></item>
<item slot="7" original="Get out and dry off." ></item>
<item slot="8" original="Get dressed." ></item>
</script><script id="32" source="2"><item slot="1" original="Be sure you have a towel ready." ></item>
<item slot="2" original="Turn on the faucet so that the water can warm up." ></item>
<item slot="3" original="Take off your clothes." ></item>
<item slot="4" original="Get into the shower and get your hair wet." ></item>
<item slot="5" original="Add shampoo to your hair while you get the rest of your body wet." ></item>
<item slot="6" original="Apply face wash." ></item>
<item slot="7" original="Scrub your body with soap or body wash, as desired." ></item>
<item slot="8" original="If you shave in the tub, do so now." ></item>
<item slot="9" original="Rinse your hair and add conditioner." ></item>
<item slot="10" original="Scrub your face while the conditioner works on your hair." ></item>
<item slot="11" original="Rinse off all over." ></item>
<item slot="12" original="Turn off the shower." ></item>
<item slot="13" original="Towel off." ></item>
</script><script id="33" source="2"><item slot="1" original="Go into bathroom" ></item>
<item slot="2" original="Turn shower on" ></item>
<item slot="3" original="Adjust water to desired temperature" ></item>
<item slot="4" original="Get undressed" ></item>
<item slot="5" original="Step into shower" ></item>
<item slot="6" original="Wet hair and body" ></item>
<item slot="7" original="Wash hair with shampoo" ></item>
<item slot="8" original="Rinse hair" ></item>
<item slot="9" original="Put conditioner in hair" ></item>
<item slot="10" original="Wash body with body wash" ></item>
<item slot="11" original="Wash face with face wash" ></item>
<item slot="12" original="Rinse hair and body" ></item>
<item slot="13" original="Turn off water" ></item>
<item slot="14" original="Get out of shower" ></item>
<item slot="15" original="Dry off with towel" ></item>
<item slot="16" original="Get dressed" ></item>
</script><script id="34" source="2"><item slot="1" original="Remove clothes" ></item>
<item slot="2" original="Turn on shower" ></item>
<item slot="3" original="Wait for shower to get to desired temperature" ></item>
<item slot="4" original="Get in shower" ></item>
<item slot="5" original="Use soap and shampoo to clean self" ></item>
<item slot="6" original="Turn off shower" ></item>
<item slot="7" original="Get out and dry yourself" ></item>
</script><script id="35" source="2"><item slot="1" original="Go into the bathroom and gather a towel and washcloth." ></item>
<item slot="2" original="Turn the water on in the shower and wait for the water to get warm to your liking." ></item>
<item slot="3" original="Take off your clothes and get into the shower." ></item>
<item slot="4" original="Wash your hair with shampoo." ></item>
<item slot="5" original="Wash your body with soap." ></item>
<item slot="6" original="Rinse your hair and body." ></item>
<item slot="7" original="Turn off the water." ></item>
<item slot="8" original="Dry off with your towel." ></item>
<item slot="9" original="Get dressed." ></item>
</script><script id="36" source="2"><item slot="1" original="Turn on the water to desired temperature." ></item>
<item slot="2" original="Remove all clothing." ></item>
<item slot="3" original="Step into the shower." ></item>
<item slot="4" original="Stand under the water to make sure hair and body are wet." ></item>
<item slot="5" original="Take shampoo and wash your hair." ></item>
<item slot="6" original="Rinse all soap out of hair." ></item>
<item slot="7" original="Take body wash and wash all over your body." ></item>
<item slot="8" original="Rinse all soap off of your body." ></item>
<item slot="9" original="Turn off the water." ></item>
<item slot="10" original="Dry yourself with a towel." ></item>
<item slot="11" original="Get dressed." ></item>
</script><script id="37" source="2"><item slot="1" original="turn on the shower" ></item>
<item slot="2" original="set the temperature" ></item>
<item slot="3" original="remove your clothing" ></item>
<item slot="4" original="enter the shower" ></item>
<item slot="5" original="douse entire body" ></item>
<item slot="6" original="apply soap to body" ></item>
<item slot="7" original="scrub body to remove dead skin (wash cloth recommended)" ></item>
<item slot="8" original="rinse soap from body" ></item>
<item slot="9" original="turn off water" ></item>
<item slot="10" original="towel yourself dry" ></item>
<item slot="11" original="put on clothes" ></item>
</script><script id="38" source="2"><item slot="1" original="Take off your clothes." ></item>
<item slot="2" original="Make sure you have a towel available." ></item>
<item slot="3" original="Turn on water and adjust to good temperature." ></item>
<item slot="4" original="Step into shower and close door." ></item>
<item slot="5" original="Wash and condition hair." ></item>
<item slot="6" original="Wash entire body with soap." ></item>
<item slot="7" original="Turn off water." ></item>
<item slot="8" original="Dry off using towel." ></item>
<item slot="9" original="Step out of shower." ></item>
</script><script id="39" source="2"><item slot="1" original="Enter bathroom" ></item>
<item slot="2" original="Remove clothing" ></item>
<item slot="3" original="Turn on water" ></item>
<item slot="4" original="adjust water temperature" ></item>
<item slot="5" original="step into shower" ></item>
<item slot="6" original="Wash entire body" ></item>
<item slot="7" original="Rinse entire body" ></item>
<item slot="8" original="turn off water" ></item>
<item slot="9" original="step out of shower" ></item>
<item slot="10" original="dry off with towel" ></item>
<item slot="11" original="get dressed" ></item>
<item slot="12" original="leave bathroom" ></item>
</script><script id="40" source="2"><item slot="1" original="Walk to the bathroom" ></item>
<item slot="2" original="Get undressed" ></item>
<item slot="3" original="Turn the faucet on the wall to get the right temperature" ></item>
<item slot="4" original="pull the plug to turn on the shower" ></item>
<item slot="5" original="Get in the shower" ></item>
<item slot="6" original="Get under the water" ></item>
<item slot="7" original="Get your hair wet" ></item>
<item slot="8" original="Put a quarter size amount of shampoo in your hair and message your hair with it" ></item>
<item slot="9" original="Rinse your hair" ></item>
<item slot="10" original="Get a washcloth and rub some soap on it" ></item>
<item slot="11" original="Wash yourself" ></item>
<item slot="12" original="Rinse yourself" ></item>
<item slot="13" original="Turn the water off" ></item>
<item slot="14" original="Grab your towel" ></item>
<item slot="15" original="Dry your hair and body" ></item>
<item slot="16" original="Get dressed" ></item>
</script><script id="41" source="2"><item slot="1" original="Get some clean clothes." ></item>
<item slot="2" original="Put it aside." ></item>
<item slot="3" original="Turn on the water." ></item>
<item slot="4" original="Scrub myself." ></item>
<item slot="5" original="Use some soap." ></item>
<item slot="6" original="Wash away the soap." ></item>
<item slot="7" original="Turn off the water." ></item>
<item slot="8" original="Dry myself." ></item>
<item slot="9" original="Put on clean clothes." ></item>
</script><script id="42" source="2"><item slot="1" original="Gather soap, towels, shampoo, conditioner and go to the bathroom." ></item>
<item slot="2" original="Turn the water on and adjust the temperature." ></item>
<item slot="3" original="Get undressed." ></item>
<item slot="4" original="Check the water temperature, then slowly ease into the water stream." ></item>
<item slot="5" original="Get in the water." ></item>
<item slot="6" original="Wet hair and wash it, then use conditioner on hair." ></item>
<item slot="7" original="Use soap to wash body." ></item>
<item slot="8" original="Make sure you get all the soap and conditioner off." ></item>
<item slot="9" original="Carefully get out of shower." ></item>
<item slot="10" original="Dry off with towel." ></item>
</script><script id="43" source="2"><item slot="1" original="Go to bathroom" ></item>
<item slot="2" original="Get naked" ></item>
<item slot="3" original="Put towel on floor" ></item>
<item slot="4" original="Start water" ></item>
<item slot="5" original="Get in when water is warm" ></item>
<item slot="6" original="Wash." ></item>
</script><script id="44" source="2"><item slot="1" original="Get towel and change of chothes" ></item>
<item slot="2" original="Go to bathroom" ></item>
<item slot="3" original="Take of clothing" ></item>
<item slot="4" original="Turn on shower" ></item>
<item slot="5" original="Adjust temperature" ></item>
<item slot="6" original="Get into shower" ></item>
<item slot="7" original="Wash body with soap" ></item>
<item slot="8" original="Wash hair" ></item>
<item slot="9" original="Condition hair" ></item>
<item slot="10" original="Shave legs" ></item>
<item slot="11" original="Turn off shower" ></item>
<item slot="12" original="Get out of shower" ></item>
<item slot="13" original="Dry off" ></item>
<item slot="14" original="Get dressed" ></item>
</script><script id="45" source="2"><item slot="1" original="Going into bathroom" ></item>
<item slot="2" original="Removing clothes" ></item>
<item slot="3" original="Turning on water" ></item>
<item slot="4" original="Adjusting water to nice temperature" ></item>
<item slot="5" original="Get into shower" ></item>
<item slot="6" original="Clean yourself" ></item>
<item slot="7" original="Dry yourself" ></item>
</script><script id="46" source="2"><item slot="1" original="step in bathroom" ></item>
<item slot="2" original="take clothes off" ></item>
<item slot="3" original="step in shower" ></item>
<item slot="4" original="put on shower" ></item>
<item slot="5" original="adjust temperature" ></item>
<item slot="6" original="shower" ></item>
<item slot="7" original="step out" ></item>
<item slot="8" original="towel dry" ></item>
</script><script id="47" source="2"><item slot="1" original="Go into the bathroom." ></item>
<item slot="2" original="Turn on the water." ></item>
<item slot="3" original="Take off clothes.." ></item>
<item slot="4" original="Get towel ready to dry." ></item>
<item slot="5" original="Get into shower." ></item>
<item slot="6" original="Pick up washcloth." ></item>
<item slot="7" original="Put soap on the washcloth." ></item>
<item slot="8" original="Wash body." ></item>
<item slot="9" original="Rinse body." ></item>
<item slot="10" original="Turn off water." ></item>
<item slot="11" original="Dry off." ></item>
<item slot="12" original="Get out of shower." ></item>
<item slot="13" original="Get dressed." ></item>
<item slot="14" original="Leave bathroom." ></item>
</script><script id="48" source="2"><item slot="1" original="Take clothes off" ></item>
<item slot="2" original="Enter shower stall" ></item>
<item slot="3" original="Turn on water" ></item>
<item slot="4" original="Adjust temperature" ></item>
<item slot="5" original="Step under shower" ></item>
<item slot="6" original="Use soap" ></item>
<item slot="7" original="Use shampoo" ></item>
<item slot="8" original="Turn off water" ></item>
<item slot="9" original="Get towel" ></item>
<item slot="10" original="Dry off" ></item>
<item slot="11" original="Leave shower stall" ></item>
</script><script id="49" source="2"><item slot="1" original="Turn on water" ></item>
<item slot="2" original="take of clothes" ></item>
<item slot="3" original="get into shower" ></item>
<item slot="4" original="wash body" ></item>
<item slot="5" original="wash hair" ></item>
<item slot="6" original="rinse off" ></item>
<item slot="7" original="turn off water" ></item>
<item slot="8" original="dry self" ></item>
<item slot="9" original="put clean clothes on" ></item>
</script><script id="50" source="2"><item slot="1" original="turn on water to warm" ></item>
<item slot="2" original="grab towel and clothes while the water heats up" ></item>
<item slot="3" original="step in shower" ></item>
<item slot="4" original="shampoo hair" ></item>
<item slot="5" original="wash face" ></item>
<item slot="6" original="wash body" ></item>
<item slot="7" original="rinse" ></item>
<item slot="8" original="turn off shower" ></item>
<item slot="9" original="dry with towel" ></item>
</script><script id="51" source="2"><item slot="1" original="Enter bathroom" ></item>
<item slot="2" original="Remove clothes" ></item>
<item slot="3" original="Turn on water" ></item>
<item slot="4" original="Test water for temperature" ></item>
<item slot="5" original="Turn on shower" ></item>
<item slot="6" original="Wet hair" ></item>
<item slot="7" original="Wash hair with shampoo" ></item>
<item slot="8" original="Put conditioner in hair" ></item>
<item slot="9" original="Get loofah" ></item>
<item slot="10" original="Put body wash on loofah" ></item>
<item slot="11" original="Wash self with loofah" ></item>
<item slot="12" original="Rinse conditioner and body wash" ></item>
<item slot="13" original="Turn off water" ></item>
<item slot="14" original="Exit shower" ></item>
<item slot="15" original="Dry with towel" ></item>
<item slot="16" original="Get dressed" ></item>
</script><script id="52" source="2"><item slot="1" original="Get a towel" ></item>
<item slot="2" original="Turn on water" ></item>
<item slot="3" original="Get undresses" ></item>
<item slot="4" original="Get in shower" ></item>
<item slot="7" original="Soap up my hair" ></item>
<item slot="8" original="Wash soap off" ></item>
<item slot="9" original="Soap up body" ></item>
<item slot="10" original="Wash soap off" ></item>
<item slot="11" original="Get out" ></item>
</script><script id="53" source="2"><item slot="1" original="Enter bathroom" ></item>
<item slot="2" original="take off clothes" ></item>
<item slot="3" original="turn on shower" ></item>
<item slot="4" original="grab soap" ></item>
<item slot="5" original="enter shower to bathe" ></item>
</script><script id="54" source="2"><item slot="1" original="Remove all clothing." ></item>
<item slot="2" original="Turn water on." ></item>
<item slot="3" original="Wait for water to turn warm or hot." ></item>
<item slot="4" original="Get into shower." ></item>
<item slot="5" original="Stand under water and get wet." ></item>
<item slot="6" original="Use soap to clean body." ></item>
<item slot="7" original="Rinse off." ></item>
<item slot="8" original="Use shampoo to clean hair." ></item>
<item slot="9" original="Rinse out." ></item>
<item slot="10" original="Turn water off." ></item>
<item slot="11" original="Get out of shower." ></item>
</script><script id="55" source="2"><item slot="1" original="Get clean clothes from closet" ></item>
<item slot="2" original="Get towels ready" ></item>
<item slot="3" original="Enter the bathroom" ></item>
<item slot="4" original="Put clean clothes and towels to the side" ></item>
<item slot="5" original="Remove clothes" ></item>
<item slot="6" original="Turn on shower" ></item>
<item slot="7" original="Enter shower" ></item>
<item slot="8" original="Put on bodywash" ></item>
<item slot="9" original="Rinse off bodywash" ></item>
<item slot="10" original="Put on shampoo" ></item>
<item slot="11" original="Rinse off shampoo" ></item>
<item slot="12" original="Turn off shower" ></item>
<item slot="13" original="Step out of shower" ></item>
<item slot="14" original="Dry off with towel" ></item>
<item slot="15" original="Put on clean clothes" ></item>
<item slot="16" original="Comb hair" ></item>
</script><script id="56" source="2"><item slot="1" original="Enter bathroom" ></item>
<item slot="2" original="Turn on hot water" ></item>
<item slot="3" original="Wait for water to heat up" ></item>
<item slot="4" original="Take clothes off" ></item>
<item slot="5" original="Get into shower" ></item>
<item slot="6" original="Wash with soap" ></item>
<item slot="7" original="Get out of shower" ></item>
<item slot="8" original="Dry off with towel" ></item>
<item slot="9" original="Get dressed" ></item>
</script><script id="57" source="2"><item slot="1" original="Adjust the hot and cold water to acceptable temperature in the shower." ></item>
<item slot="2" original="Take of all your clothes." ></item>
<item slot="3" original="Get in the shower." ></item>
<item slot="4" original="Grab soap and lather it up all over all parts of your body." ></item>
<item slot="5" original="Rinse off yourself." ></item>
<item slot="6" original="Get shampoo and put some in your hair." ></item>
<item slot="7" original="Lather up the shampoo in your hair and then rinse it out." ></item>
<item slot="8" original="Turn off the shower and get a towel and dry yourself off." ></item>
<item slot="9" original="Put clothes on. Done." ></item>
</script><script id="58" source="2"><item slot="1" original="go to shower" ></item>
<item slot="2" original="take off clothes" ></item>
<item slot="3" original="turn on shower" ></item>
<item slot="4" original="wash body and hair under shower water" ></item>
<item slot="5" original="apply soap and shampoo" ></item>
<item slot="6" original="scrub the body" ></item>
<item slot="7" original="step out of shower" ></item>
<item slot="8" original="use towel to dry" ></item>
<item slot="9" original="wear fresh clothes" ></item>
</script><script id="59" source="2"><item slot="1" original="Pick out clothes" ></item>
<item slot="2" original="Enter bathroom and disrobe" ></item>
<item slot="3" original="Turn on shower water" ></item>
<item slot="4" original="Set desire temperature of water" ></item>
<item slot="5" original="Step into shower" ></item>
<item slot="6" original="Lather up" ></item>
<item slot="7" original="Rinse, scrub, and repeat until clean" ></item>
</script><script id="60" source="2"><item slot="1" original="Go into bathroom." ></item>
<item slot="2" original="Turn on shower." ></item>
<item slot="3" original="Adjust water temperature." ></item>
<item slot="4" original="Remove ones clothing." ></item>
<item slot="5" original="Step into shower." ></item>
<item slot="6" original="Run water over oneself." ></item>
<item slot="7" original="Lather soap on oneself." ></item>
<item slot="8" original="Rinse soap off." ></item>
<item slot="9" original="Turn off water." ></item>
<item slot="10" original="Step out of shower." ></item>
<item slot="11" original="Dry off with towel." ></item>
<item slot="12" original="Put clothes on." ></item>
</script><script id="61" source="2"><item slot="1" original="Get bathroom stuff set out" ></item>
<item slot="2" original="Turn on hot water" ></item>
<item slot="3" original="Undress" ></item>
<item slot="4" original="Step into shower" ></item>
<item slot="5" original="Wash hair" ></item>
<item slot="6" original="Wash body" ></item>
<item slot="7" original="Rinse body and hair" ></item>
<item slot="8" original="Turn off water" ></item>
<item slot="9" original="Dry off" ></item>
<item slot="10" original="Step out of shower" ></item>
<item slot="11" original="Get dressed" ></item>
</script><script id="62" source="2"><item slot="1" original="Take off clothes" ></item>
<item slot="2" original="Turn on shower" ></item>
<item slot="3" original="Step in shower" ></item>
<item slot="4" original="Get wet" ></item>
<item slot="5" original="Using soap, wash body" ></item>
<item slot="6" original="Rinse under shower" ></item>
<item slot="7" original="Using shampoo, wash hair" ></item>
<item slot="8" original="Rinse hair under shower" ></item>
<item slot="9" original="Step out of shower" ></item>
<item slot="10" original="Grab towel" ></item>
<item slot="11" original="Dry body and hair with towel" ></item>
</script><script id="63" source="2"><item slot="1" original="Turn on the water to desired temperature" ></item>
<item slot="2" original="Wait for water to get warm" ></item>
<item slot="3" original="Enter shower" ></item>
<item slot="4" original="Rub soap over body" ></item>
<item slot="5" original="Rinse soap from body" ></item>
<item slot="6" original="Turn off water" ></item>
<item slot="7" original="Get out of shower" ></item>
<item slot="8" original="Dry off" ></item>
</script><script id="64" source="2"><item slot="1" original="Enter bathroom." ></item>
<item slot="2" original="Get undressed." ></item>
<item slot="3" original="Turn on water to good temp." ></item>
<item slot="4" original="Get in." ></item>
<item slot="5" original="Wash hair." ></item>
<item slot="6" original="Soap body." ></item>
<item slot="7" original="Rinse off." ></item>
<item slot="8" original="get towel dry off." ></item>
<item slot="9" original="Get out get dressed,," ></item>
</script><script id="65" source="2"><item slot="1" original="turn on water" ></item>
<item slot="2" original="get naked" ></item>
<item slot="3" original="adjust water to desired temperature" ></item>
<item slot="4" original="enter shower" ></item>
<item slot="5" original="clean body" ></item>
<item slot="6" original="wash hair" ></item>
<item slot="7" original="exit shower" ></item>
<item slot="8" original="get dressed" ></item>
</script><script id="66" source="2"><item slot="1" original="Go into bathroom" ></item>
<item slot="2" original="Undress" ></item>
<item slot="3" original="Turn on shower" ></item>
<item slot="4" original="Step into shower" ></item>
<item slot="5" original="Wash body and hair" ></item>
<item slot="6" original="Turn off shower" ></item>
<item slot="7" original="Step out of shower" ></item>
<item slot="8" original="Dry with towel" ></item>
<item slot="9" original="Get dressed" ></item>
</script><script id="67" source="2"><item slot="1" original="Get towels and wash cloth" ></item>
<item slot="2" original="Turn on shower" ></item>
<item slot="3" original="Adjust water to desired temperature" ></item>
<item slot="4" original="Take off clothes" ></item>
<item slot="5" original="Grab washcloth" ></item>
<item slot="6" original="Go in shower" ></item>
<item slot="7" original="Wash hair with shampoo" ></item>
<item slot="8" original="Wash body with body soap and washcloth" ></item>
<item slot="9" original="Turn off shower" ></item>
<item slot="10" original="Get out of shower" ></item>
<item slot="11" original="Dry off" ></item>
<item slot="12" original="Put on new clothes" ></item>
<item slot="13" original="Comb hair" ></item>
<item slot="14" original="Place towels in with laundry" ></item>
</script><script id="68" source="2"><item slot="1" original="Turn on the water" ></item>
<item slot="2" original="Step in shower" ></item>
<item slot="3" original="Wash body with soap" ></item>
<item slot="4" original="Wash hair with shampoo" ></item>
<item slot="5" original="Rinse off" ></item>
<item slot="6" original="Turn off water" ></item>
<item slot="7" original="Dry off with a towel" ></item>
</script><script id="69" source="2"><item slot="1" original="Open shower door." ></item>
<item slot="2" original="Turn hot water on." ></item>
<item slot="3" original="Take clothes off." ></item>
<item slot="4" original="Get in shower after water warms up." ></item>
<item slot="5" original="Put shampoo on hand and lather hair." ></item>
<item slot="6" original="Rinse hair out." ></item>
<item slot="7" original="Use soap to wash rest of body using either rag or loofa." ></item>
<item slot="8" original="Rinse off body." ></item>
<item slot="9" original="Turn off water." ></item>
<item slot="10" original="Dry off body with towel." ></item>
<item slot="11" original="Put clothes on." ></item>
</script><script id="70" source="2"><item slot="1" original="GO TO BATHROOM" ></item>
<item slot="2" original="TURN ON THE SHOWER" ></item>
<item slot="3" original="GET IN THE SHOWER" ></item>
<item slot="4" original="WASH HAIR" ></item>
<item slot="5" original="WASH BODY" ></item>
<item slot="6" original="TURN OFF SHOWER" ></item>
<item slot="7" original="GET OUT" ></item>
<item slot="8" original="PUT TOWEL ON" ></item>
</script><script id="71" source="2"><item slot="1" original="Take off clothing." ></item>
<item slot="2" original="Turn on water in shower." ></item>
<item slot="3" original="Adjust water for desired temperature." ></item>
<item slot="4" original="Step into shower." ></item>
<item slot="5" original="Get body fully wet." ></item>
<item slot="6" original="Apply shampoo to hair." ></item>
<item slot="7" original="Massage shampoo in hair." ></item>
<item slot="8" original="Rinse hair." ></item>
<item slot="9" original="Apply conditioner to hair." ></item>
<item slot="10" original="Massage conditioner in hair." ></item>
<item slot="11" original="Rinse hair." ></item>
<item slot="12" original="Apply body wash to bath sponge." ></item>
<item slot="13" original="Rub sponge all over body." ></item>
<item slot="14" original="Rinse soap off of body." ></item>
<item slot="15" original="Turn off water." ></item>
<item slot="16" original="Step out of shower." ></item>
</script><script id="72" source="2"><item slot="1" original="Turn on the water in the shower." ></item>
<item slot="2" original="Wait for the water to reach the desired temperature." ></item>
<item slot="3" original="Get into the shower." ></item>
<item slot="4" original="Wash body with soap and rinse with water." ></item>
<item slot="5" original="Shampoo hair." ></item>
<item slot="6" original="Rinse out shampoo." ></item>
<item slot="7" original="Condition hair." ></item>
<item slot="8" original="Rinse out conditioner." ></item>
<item slot="9" original="Turn water off." ></item>
<item slot="10" original="Get out of the shower." ></item>
</script><script id="73" source="2"><item slot="1" original="Undress." ></item>
<item slot="2" original="Turn on water." ></item>
<item slot="3" original="Enter shower." ></item>
<item slot="4" original="Lather up." ></item>
<item slot="5" original="Rinse off." ></item>
<item slot="6" original="Get out and dry off." ></item>
</script><script id="74" source="2"><item slot="1" original="Turn on the water in the shower." ></item>
<item slot="2" original="Wait until the water becomes the desired temperature." ></item>
<item slot="3" original="Remove your clothing." ></item>
<item slot="4" original="Enter the shower." ></item>
<item slot="5" original="Wash your hair and body." ></item>
<item slot="6" original="Turn off the shower water." ></item>
<item slot="7" original="Dry yourself with a towel." ></item>
<item slot="8" original="Get dressed." ></item>
</script><script id="75" source="2"><item slot="1" original="Get towel" ></item>
<item slot="2" original="Remove clothing" ></item>
<item slot="3" original="Step in shower" ></item>
<item slot="4" original="Turn water to desired temperature" ></item>
<item slot="5" original="Use soap and washrag to clean body" ></item>
<item slot="6" original="Lather shampoo in hair" ></item>
<item slot="7" original="Wash shampoo out of hair" ></item>
<item slot="8" original="Use body wash on body" ></item>
<item slot="9" original="Rinse shampoo, soap, and body wash off body" ></item>
<item slot="10" original="Turn off water" ></item>
<item slot="11" original="Use towel to dry body" ></item>
</script><script id="76" source="2"><item slot="1" original="Gather towel, clean clothes." ></item>
<item slot="2" original="Undress." ></item>
<item slot="3" original="Turn on water." ></item>
<item slot="4" original="Adjust temperature." ></item>
<item slot="5" original="Step in shower stall." ></item>
<item slot="6" original="Wash hair." ></item>
<item slot="7" original="Wash body." ></item>
<item slot="8" original="Shave, groom, etc." ></item>
<item slot="9" original="Turn water off." ></item>
<item slot="10" original="Step out of shower." ></item>
<item slot="11" original="Dry off with towel." ></item>
<item slot="12" original="Get dressed in clean clothes." ></item>
</script><script id="77" source="2"><item slot="1" original="Turn on shower." ></item>
<item slot="2" original="Get in shower." ></item>
<item slot="3" original="Get under the water." ></item>
<item slot="4" original="Wash yourself with soap." ></item>
<item slot="5" original="Turn off the shower." ></item>
<item slot="6" original="Get out of the shower." ></item>
</script><script id="78" source="2"><item slot="1" original="Gather your body wash" ></item>
<item slot="2" original="Gather your towel" ></item>
<item slot="3" original="Turn on the hot water" ></item>
<item slot="4" original="Turn on the cold water" ></item>
<item slot="5" original="Wait until water gets warm" ></item>
<item slot="6" original="Put on your shower cap" ></item>
<item slot="7" original="Get into the shower" ></item>
<item slot="8" original="Rub body wash all over your body" ></item>
<item slot="9" original="Wash your pits and other smelly areas with your towel" ></item>
<item slot="10" original="Rinse the soap off of you with clean water" ></item>
<item slot="11" original="Get out of shower" ></item>
<item slot="12" original="Wrap dry off towel around you" ></item>
<item slot="13" original="Turn off water" ></item>
</script><script id="79" source="2"><item slot="1" original="collect towel and necessary hygiene items" ></item>
<item slot="2" original="walk to bathroom" ></item>
<item slot="3" original="turn on water to desired temperature" ></item>
<item slot="4" original="entire shower" ></item>
<item slot="5" original="cleanse hair with shampoo and water" ></item>
<item slot="6" original="cleanse body with soap" ></item>
<item slot="7" original="rinse off" ></item>
<item slot="8" original="turn off water" ></item>
<item slot="9" original="dry off with towel" ></item>
<item slot="10" original="exit shower" ></item>
</script><script id="80" source="2"><item slot="1" original="Turn on shower" ></item>
<item slot="2" original="Take off clothes" ></item>
<item slot="3" original="Step into shower" ></item>
<item slot="4" original="Get hair wet" ></item>
<item slot="5" original="Put shampoo in hair" ></item>
<item slot="6" original="Wash shampoo out" ></item>
<item slot="7" original="Put conditioner in hair" ></item>
<item slot="8" original="Put soap on body" ></item>
<item slot="9" original="Wash off soap" ></item>
<item slot="10" original="Rinse out conditioner" ></item>
<item slot="11" original="Turn off shower" ></item>
<item slot="12" original="Grab towel" ></item>
<item slot="13" original="Dry off" ></item>
<item slot="14" original="Step out of shower" ></item>
</script><script id="81" source="2"><item slot="1" original="Go to a shower room." ></item>
<item slot="2" original="Take off clothes." ></item>
<item slot="3" original="Start the shower." ></item>
<item slot="4" original="Wash the body." ></item>
<item slot="5" original="Turn off the shower." ></item>
<item slot="6" original="Put on clean clothes." ></item>
</script><script id="82" source="2"><item slot="1" original="Go to the bathroom" ></item>
<item slot="2" original="Turn on shower" ></item>
<item slot="3" original="Remove clothes" ></item>
<item slot="4" original="Test shower water" ></item>
<item slot="5" original="Get in the shower" ></item>
<item slot="6" original="Wash hair with shampoo" ></item>
<item slot="7" original="Rinse hair" ></item>
<item slot="8" original="Wash hair with conditioner" ></item>
<item slot="9" original="Rinse hair" ></item>
<item slot="10" original="Wash body with soap" ></item>
<item slot="11" original="Rinse body" ></item>
<item slot="12" original="Turn off the shower" ></item>
<item slot="13" original="Step out of the shower" ></item>
<item slot="14" original="Use towel to dry self" ></item>
<item slot="15" original="Put clean clothes on" ></item>
</script><script id="83" source="2"><item slot="1" original="Turn the shower on" ></item>
<item slot="2" original="Get a washcloth" ></item>
<item slot="3" original="Get soap" ></item>
<item slot="4" original="Remove your clothes" ></item>
<item slot="5" original="Step into the shower" ></item>
<item slot="6" original="Wash your hair" ></item>
<item slot="7" original="Conditioner your hair" ></item>
<item slot="8" original="Use the soap on the cloth" ></item>
<item slot="9" original="Use the cloth to  wash your body" ></item>
<item slot="10" original="Rinse off" ></item>
<item slot="11" original="Turn off the water" ></item>
<item slot="12" original="Get out of the shower" ></item>
<item slot="13" original="Dry off" ></item>
<item slot="14" original="Put clothes back on" ></item>
</script><script id="84" source="2"><item slot="1" original="Take off my clothes." ></item>
<item slot="2" original="Place my towel near the shower." ></item>
<item slot="3" original="Get into the shower." ></item>
<item slot="4" original="Get wet." ></item>
<item slot="5" original="Wash my hair." ></item>
<item slot="6" original="Wash my body." ></item>
<item slot="7" original="Get out." ></item>
</script><script id="85" source="2"><item slot="1" original="Turn on the shower." ></item>
<item slot="2" original="Wait for the water to reach the desired temperature." ></item>
<item slot="3" original="Take off all  your clothes." ></item>
<item slot="4" original="Step into the shower." ></item>
<item slot="5" original="Get your body wet." ></item>
<item slot="6" original="Apply soap and shampoo to the desired areas." ></item>
<item slot="7" original="Wash off any soap and/or shampoo." ></item>
<item slot="8" original="Turn off the water." ></item>
<item slot="9" original="Get out of the shower." ></item>
<item slot="10" original="Dry off using a towel." ></item>
<item slot="11" original="Get dressed." ></item>
</script><script id="86" source="2"><item slot="1" original="Go in bathroom." ></item>
<item slot="2" original="Open shower curtain." ></item>
<item slot="3" original="Turn on water." ></item>
<item slot="4" original="Take off your clothes." ></item>
<item slot="5" original="Get in shower." ></item>
<item slot="6" original="Close curtain." ></item>
<item slot="7" original="Get wet." ></item>
<item slot="8" original="Put soap on washcloth." ></item>
<item slot="9" original="Wash body." ></item>
<item slot="10" original="Rinse body." ></item>
<item slot="11" original="Turn water off." ></item>
<item slot="12" original="Open curtain." ></item>
<item slot="13" original="Get out of shower." ></item>
<item slot="14" original="Dry body." ></item>
<item slot="15" original="Get dressed." ></item>
<item slot="16" original="Leave bathroom." ></item>
</script><script id="87" source="2"><item slot="1" original="Turn on water in shower" ></item>
<item slot="2" original="Undress" ></item>
<item slot="3" original="Step into shower" ></item>
<item slot="4" original="Stand under water to get wet" ></item>
<item slot="5" original="Step out of water" ></item>
<item slot="6" original="Pick up bar of soap" ></item>
<item slot="7" original="Use soap to lather up body" ></item>
<item slot="8" original="Put down soap" ></item>
<item slot="9" original="Step back under water" ></item>
<item slot="10" original="Rinse off all soap" ></item>
<item slot="11" original="Turn off water" ></item>
<item slot="12" original="Step out of shower" ></item>
<item slot="13" original="Use towel to dry off" ></item>
<item slot="14" original="Redress" ></item>
</script><script id="88" source="2"><item slot="1" original="Gather clean clothes to wear after you get out of the shower." ></item>
<item slot="2" original="Find a clean towel and wash cloth to use." ></item>
<item slot="3" original="Begin running the water, ensuring that it is the right temperature for you." ></item>
<item slot="4" original="Get in the shower." ></item>
<item slot="5" original="Wash your hair with shampoo." ></item>
<item slot="6" original="Wash your body." ></item>
<item slot="7" original="Turn off water." ></item>
<item slot="8" original="Get out of shower." ></item>
<item slot="9" original="Dry off with towel." ></item>
<item slot="10" original="Dress yourself in clean clothes." ></item>
</script><script id="89" source="2"><item slot="1" original="walk into restroom" ></item>
<item slot="2" original="undress" ></item>
<item slot="3" original="turn water to desired temperature" ></item>
<item slot="4" original="step into water" ></item>
<item slot="5" original="use shampoo desired" ></item>
<item slot="6" original="rinse properly" ></item>
<item slot="7" original="step out of shower" ></item>
<item slot="8" original="use towel to dry off" ></item>
<item slot="9" original="dress up" ></item>
<item slot="10" original="step out of restroom" ></item>
</script><script id="90" source="2"><item slot="1" original="Go to the bathroom" ></item>
<item slot="2" original="Remove clothes" ></item>
<item slot="3" original="Stand underneath the shower" ></item>
<item slot="4" original="Open the shower" ></item>
<item slot="5" original="Wash the body" ></item>
<item slot="6" original="Apply soap" ></item>
<item slot="7" original="Rinse the body thoroughly" ></item>
<item slot="8" original="Wipe the body with bath towel" ></item>
<item slot="9" original="Wear fresh clothes" ></item>
<item slot="10" original="Come out from the bathroom" ></item>
</script><script id="91" source="2"><item slot="1" original="Walk into bathroom" ></item>
<item slot="2" original="Turn shower water on" ></item>
<item slot="3" original="Take off clothes" ></item>
<item slot="4" original="Wait for water to warm up" ></item>
<item slot="5" original="Enter shower" ></item>
<item slot="6" original="Shampoo Hair" ></item>
<item slot="7" original="Condition hair" ></item>
<item slot="8" original="Clean body with soap" ></item>
<item slot="9" original="Rinse off completely" ></item>
<item slot="10" original="Turn off water" ></item>
<item slot="11" original="Get out of shower" ></item>
<item slot="12" original="Towel off and get dressed" ></item>
</script><script id="92" source="2"><item slot="1" original="Obtain clothing for changing into after shower" ></item>
<item slot="2" original="Get towel ready" ></item>
<item slot="3" original="Turn on water faucet to heat water" ></item>
<item slot="4" original="Pull shower lever to activate shower head" ></item>
<item slot="5" original="Remove clothing" ></item>
<item slot="6" original="Step into shower stall" ></item>
<item slot="7" original="Allow water to wet entire body" ></item>
<item slot="8" original="Get soap and lather into washcloth" ></item>
<item slot="9" original="Use cloth to cleanse and wipe body" ></item>
<item slot="10" original="Rinse off soap" ></item>
<item slot="11" original="Turn off water" ></item>
<item slot="12" original="Wrap body in towel to blot off water" ></item>
<item slot="13" original="Step out of stall" ></item>
<item slot="14" original="Finish drying body" ></item>
<item slot="15" original="Get dressed in clean clothes" ></item>
</script><script id="93" source="2"><item slot="1" original="Get undressed" ></item>
<item slot="2" original="Turn on water" ></item>
<item slot="3" original="Adjust temperature" ></item>
<item slot="4" original="Put soap on body or washcloth" ></item>
<item slot="5" original="Wash body" ></item>
<item slot="6" original="Rinse off soap" ></item>
<item slot="7" original="Wet hair" ></item>
<item slot="8" original="Lather in shampoo" ></item>
<item slot="9" original="Rinse off shampoo" ></item>
<item slot="10" original="(Repeat 8-9 once if desired)" ></item>
<item slot="11" original="Turn off water" ></item>
<item slot="12" original="Get out of shower" ></item>
<item slot="13" original="Dry off body with towel" ></item>
<item slot="14" original="Dry off hair with towel or hair dryer" ></item>
<item slot="15" original="Use various toiletries/hygiene products" ></item>
<item slot="16" original="Get dressed" ></item>
</script><script id="94" source="2"><item slot="1" original="turn on water" ></item>
<item slot="2" original="take off clothes" ></item>
<item slot="3" original="step into the shower" ></item>
<item slot="4" original="wash your body with soap" ></item>
<item slot="5" original="shampoo and condition your hair" ></item>
<item slot="6" original="turn off water" ></item>
<item slot="7" original="step out of shower" ></item>
<item slot="8" original="dry off with a towel" ></item>
<item slot="9" original="put on clothing" ></item>
</script><script id="95" source="2"><item slot="1" original="Go to bathroom" ></item>
<item slot="2" original="Use toilet" ></item>
<item slot="3" original="Turn shower on" ></item>
<item slot="4" original="Get right temperature" ></item>
<item slot="5" original="Get in shower" ></item>
<item slot="6" original="Wash" ></item>
<item slot="7" original="Turn shower off" ></item>
<item slot="8" original="Get towel" ></item>
<item slot="9" original="Dry off" ></item>
<item slot="10" original="Leave bathroom" ></item>
</script><script id="96" source="2"><item slot="1" original="Turn on the shower so the water can get hot." ></item>
<item slot="2" original="Take off my clothes." ></item>
<item slot="3" original="Place towel near shower." ></item>
<item slot="4" original="Step into the shower." ></item>
<item slot="5" original="Apply soap to the wash cloth." ></item>
<item slot="6" original="Vigorously rub the wash cloth on each part of the body." ></item>
<item slot="7" original="Rinse the soap off of each part of the body." ></item>
<item slot="8" original="Apply shampoo to hair." ></item>
<item slot="9" original="Vigorously wash hair with bare hands." ></item>
<item slot="10" original="Rinse the shampoo out of the hair." ></item>
<item slot="11" original="Apply conditioner to hair." ></item>
<item slot="12" original="Wait two minutes" ></item>
<item slot="13" original="Rinse the conditioner out of the hair." ></item>
<item slot="14" original="Dry entire body and hair with the towel." ></item>
<item slot="15" original="Step out of the shower." ></item>
<item slot="16" original="Aoply deodorant." ></item>
</script><script id="97" source="2"><item slot="1" original="get clothes" ></item>
<item slot="2" original="get towel" ></item>
<item slot="3" original="turn on water" ></item>
<item slot="4" original="get in shower" ></item>
<item slot="5" original="put shampoo in hair" ></item>
<item slot="6" original="rinse shampoo" ></item>
<item slot="7" original="lather on body wash" ></item>
<item slot="8" original="rinse body wash" ></item>
<item slot="9" original="turn off water" ></item>
<item slot="10" original="get out of shower" ></item>
<item slot="11" original="dry body" ></item>
<item slot="12" original="put on clothes" ></item>
</script><script id="98" source="2"><item slot="1" original="Walk in bathroom" ></item>
<item slot="2" original="Turn water in shower on" ></item>
<item slot="3" original="Take off clothes" ></item>
<item slot="4" original="Step into shower" ></item>
<item slot="5" original="Wash yourself" ></item>
<item slot="6" original="Turn water off" ></item>
<item slot="7" original="Step out of shower" ></item>
<item slot="8" original="Dry yourself" ></item>
</script><script id="99" source="2"><item slot="1" original="turn on water in tub" ></item>
<item slot="2" original="pull knob to redirect water to shower head" ></item>
<item slot="3" original="Remove clothes" ></item>
<item slot="4" original="Enter shower" ></item>
<item slot="5" original="use soap to lather up" ></item>
<item slot="6" original="rinse soap" ></item>
<item slot="7" original="Turn off water" ></item>
<item slot="8" original="dry off with towel" ></item>
</script></scripts>