<?xml version="1.0" encoding="UTF-8" standalone="no"?>
<!DOCTYPE story SYSTEM "../InScript.dtd">
<story id="007" scenario="cake">
    <text>
        <content>I decided to bake a cake for my brother 's birthday . 
He likes chocolate cake the best so I chose a box of double fudge cake for him . 
It was a cake mix in a box because that 's the easiest way to back a cake . 
The back of the box said to preheat the oven so I did and then I took out a bowl , a mixer , milk , eggs and oil . 
I opened the cake box and poured the cake mix into the bowl . 
Then I added two eggs and the amount of milk and oil the back of the box said to use . 
Next I used the mixer to stir it all together . 
After that I used a little more oil to grease a cake pan . 
The back of the box also told me which size cake pan to use . 
Once the cake pan was ready , I poured the mixed cake batter into it and smoothed it into the edges then opened the oven to put it inside . 
I used an oven mitt on my hand for that part because the oven was hot . 
Once the door was closed again , I set a timer to the right amount of time , according to the back of the box , and then waited . 
By the time the timer went off , the cake smelled really good and I turned off the oven , then opened it and took the cake out with oven mitts again . 
Then I let it cool on a rack on the counter . 
When it was cool I opened a container of fudge frosting and spread it all over the cake . 
I just need to put candles on it and I think my brother will really like it . </content>
        <sentences>
            <sentence id="1">
                <token content="I" id="1-1">
                    <pos type="PRP"/>
                    <lemma type="I"/>
                    <dep head="1-2" type="nsubj"/>
                </token>
                <token content="decided" id="1-2">
                    <pos type="VBD"/>
                    <lemma type="decide"/>
                </token>
                <token content="to" id="1-3">
                    <pos type="TO"/>
                    <lemma type="to"/>
                    <dep head="1-4" type="aux"/>
                </token>
                <token content="bake" id="1-4">
                    <pos type="VB"/>
                    <lemma type="bake"/>
                    <dep head="1-2" type="xcomp"/>
                </token>
                <token content="a" id="1-5">
                    <pos type="DT"/>
                    <lemma type="a"/>
                </token>
                <token content="cake" id="1-6">
                    <pos type="NN"/>
                    <lemma type="cake"/>
                    <dep head="1-4" type="dobj"/>
                </token>
                <token content="for" id="1-7"/>
                <token content="my" id="1-8">
                    <pos type="PRP$"/>
                    <lemma type="my"/>
                </token>
                <token content="brother" id="1-9">
                    <pos type="NN"/>
                    <lemma type="brother"/>
                </token>
                <token content="'s" id="1-10"/>
                <token content="birthday" id="1-11">
                    <pos type="NN"/>
                    <lemma type="birthday"/>
                </token>
                <token content="." id="1-12"/>
            </sentence>
            <sentence id="2">
                <token content="He" id="2-1">
                    <pos type="PRP"/>
                    <lemma type="he"/>
                    <dep head="2-2" type="nsubj"/>
                </token>
                <token content="likes" id="2-2">
                    <pos type="VBZ"/>
                    <lemma type="like"/>
                </token>
                <token content="chocolate" id="2-3">
                    <pos type="NN"/>
                    <lemma type="chocolate"/>
                </token>
                <token content="cake" id="2-4">
                    <pos type="NN"/>
                    <lemma type="cake"/>
                    <dep head="2-2" type="iobj"/>
                </token>
                <token content="the" id="2-5">
                    <pos type="DT"/>
                    <lemma type="the"/>
                </token>
                <token content="best" id="2-6">
                    <pos type="JJS"/>
                    <lemma type="best"/>
                    <dep head="2-2" type="dobj"/>
                </token>
                <token content="so" id="2-7">
                    <pos type="IN"/>
                    <lemma type="so"/>
                    <dep head="2-9" type="mark"/>
                </token>
                <token content="I" id="2-8">
                    <pos type="PRP"/>
                    <lemma type="I"/>
                    <dep head="2-9" type="nsubj"/>
                </token>
                <token content="chose" id="2-9">
                    <pos type="VBD"/>
                    <lemma type="choose"/>
                </token>
                <token content="a" id="2-10">
                    <pos type="DT"/>
                    <lemma type="a"/>
                </token>
                <token content="box" id="2-11">
                    <pos type="NN"/>
                    <lemma type="box"/>
                    <dep head="2-9" type="dobj"/>
                </token>
                <token content="of" id="2-12"/>
                <token content="double" id="2-13">
                    <pos type="JJ"/>
                    <lemma type="double"/>
                </token>
                <token content="fudge" id="2-14">
                    <pos type="JJ"/>
                    <lemma type="fudge"/>
                </token>
                <token content="cake" id="2-15">
                    <pos type="NN"/>
                    <lemma type="cake"/>
                </token>
                <token content="for" id="2-16"/>
                <token content="him" id="2-17">
                    <pos type="PRP"/>
                    <lemma type="he"/>
                    <dep head="2-9" type="prep"/>
                </token>
                <token content="." id="2-18"/>
            </sentence>
            <sentence id="3">
                <token content="It" id="3-1">
                    <pos type="PRP"/>
                    <lemma type="it"/>
                </token>
                <token content="was" id="3-2">
                    <pos type="VBD"/>
                    <lemma type="be"/>
                </token>
                <token content="a" id="3-3">
                    <pos type="DT"/>
                    <lemma type="a"/>
                </token>
                <token content="cake" id="3-4">
                    <pos type="NN"/>
                    <lemma type="cake"/>
                </token>
                <token content="mix" id="3-5">
                    <pos type="NN"/>
                    <lemma type="mix"/>
                </token>
                <token content="in" id="3-6"/>
                <token content="a" id="3-7">
                    <pos type="DT"/>
                    <lemma type="a"/>
                </token>
                <token content="box" id="3-8">
                    <pos type="NN"/>
                    <lemma type="box"/>
                </token>
                <token content="because" id="3-9">
                    <pos type="IN"/>
                    <lemma type="because"/>
                </token>
                <token content="that" id="3-10">
                    <pos type="DT"/>
                    <lemma type="that"/>
                </token>
                <token content="'s" id="3-11">
                    <pos type="VBZ"/>
                    <lemma type="be"/>
                </token>
                <token content="the" id="3-12">
                    <pos type="DT"/>
                    <lemma type="the"/>
                </token>
                <token content="easiest" id="3-13">
                    <pos type="JJS"/>
                    <lemma type="easiest"/>
                </token>
                <token content="way" id="3-14">
                    <pos type="NN"/>
                    <lemma type="way"/>
                </token>
                <token content="to" id="3-15">
                    <pos type="TO"/>
                    <lemma type="to"/>
                    <dep head="3-16" type="aux"/>
                </token>
                <token content="back" id="3-16">
                    <pos type="VB"/>
                    <lemma type="back"/>
                </token>
                <token content="a" id="3-17">
                    <pos type="DT"/>
                    <lemma type="a"/>
                </token>
                <token content="cake" id="3-18">
                    <pos type="NN"/>
                    <lemma type="cake"/>
                    <dep head="3-16" type="dobj"/>
                </token>
                <token content="." id="3-19"/>
            </sentence>
            <sentence id="4">
                <token content="The" id="4-1">
                    <pos type="DT"/>
                    <lemma type="the"/>
                </token>
                <token content="back" id="4-2">
                    <pos type="NN"/>
                    <lemma type="back"/>
                    <dep head="4-6" type="nsubj"/>
                </token>
                <token content="of" id="4-3"/>
                <token content="the" id="4-4">
                    <pos type="DT"/>
                    <lemma type="the"/>
                </token>
                <token content="box" id="4-5">
                    <pos type="NN"/>
                    <lemma type="box"/>
                </token>
                <token content="said" id="4-6">
                    <pos type="VBD"/>
                    <lemma type="say"/>
                </token>
                <token content="to" id="4-7">
                    <pos type="TO"/>
                    <lemma type="to"/>
                    <dep head="4-8" type="aux"/>
                </token>
                <token content="preheat" id="4-8">
                    <pos type="VB"/>
                    <lemma type="preheat"/>
                    <dep head="4-6" type="xcomp"/>
                </token>
                <token content="the" id="4-9">
                    <pos type="DT"/>
                    <lemma type="the"/>
                </token>
                <token content="oven" id="4-10">
                    <pos type="NN"/>
                    <lemma type="oven"/>
                    <dep head="4-8" type="dobj"/>
                </token>
                <token content="so" id="4-11">
                    <pos type="IN"/>
                    <lemma type="so"/>
                    <dep head="4-13" type="mark"/>
                </token>
                <token content="I" id="4-12">
                    <pos type="PRP"/>
                    <lemma type="I"/>
                    <dep head="4-13" type="nsubj"/>
                </token>
                <token content="did" id="4-13">
                    <pos type="VBD"/>
                    <lemma type="do"/>
                    <dep head="4-8" type="advcl"/>
                </token>
                <token content="and" id="4-14"/>
                <token content="then" id="4-15">
                    <pos type="RB"/>
                    <lemma type="then"/>
                    <dep head="4-17" type="advmod"/>
                </token>
                <token content="I" id="4-16">
                    <pos type="PRP"/>
                    <lemma type="I"/>
                    <dep head="4-17" type="nsubj"/>
                </token>
                <token content="took" id="4-17">
                    <pos type="VBD"/>
                    <lemma type="take"/>
                    <dep head="4-6" type="conj"/>
                </token>
                <token content="out" id="4-18">
                    <pos type="RP"/>
                    <lemma type="out"/>
                    <dep head="4-17" type="prt"/>
                </token>
                <token content="a" id="4-19">
                    <pos type="DT"/>
                    <lemma type="a"/>
                </token>
                <token content="bowl" id="4-20">
                    <pos type="NN"/>
                    <lemma type="bowl"/>
                    <dep head="4-17" type="dobj"/>
                </token>
                <token content="," id="4-21"/>
                <token content="a" id="4-22">
                    <pos type="DT"/>
                    <lemma type="a"/>
                </token>
                <token content="mixer" id="4-23">
                    <pos type="NN"/>
                    <lemma type="mixer"/>
                </token>
                <token content="," id="4-24"/>
                <token content="milk" id="4-25">
                    <pos type="NN"/>
                    <lemma type="milk"/>
                </token>
                <token content="," id="4-26"/>
                <token content="eggs" id="4-27">
                    <pos type="NNS"/>
                    <lemma type="egg"/>
                </token>
                <token content="and" id="4-28"/>
                <token content="oil" id="4-29">
                    <pos type="NN"/>
                    <lemma type="oil"/>
                </token>
                <token content="." id="4-30"/>
            </sentence>
            <sentence id="5">
                <token content="I" id="5-1">
                    <pos type="PRP"/>
                    <lemma type="I"/>
                    <dep head="5-2" type="nsubj"/>
                </token>
                <token content="opened" id="5-2">
                    <pos type="VBD"/>
                    <lemma type="open"/>
                </token>
                <token content="the" id="5-3">
                    <pos type="DT"/>
                    <lemma type="the"/>
                </token>
                <token content="cake" id="5-4">
                    <pos type="NN"/>
                    <lemma type="cake"/>
                </token>
                <token content="box" id="5-5">
                    <pos type="NN"/>
                    <lemma type="box"/>
                    <dep head="5-2" type="dobj"/>
                </token>
                <token content="and" id="5-6"/>
                <token content="poured" id="5-7">
                    <pos type="VBD"/>
                    <lemma type="pour"/>
                    <dep head="5-2" type="conj"/>
                </token>
                <token content="the" id="5-8">
                    <pos type="DT"/>
                    <lemma type="the"/>
                </token>
                <token content="cake" id="5-9">
                    <pos type="NN"/>
                    <lemma type="cake"/>
                </token>
                <token content="mix" id="5-10">
                    <pos type="NN"/>
                    <lemma type="mix"/>
                    <dep head="5-7" type="dobj"/>
                </token>
                <token content="into" id="5-11"/>
                <token content="the" id="5-12">
                    <pos type="DT"/>
                    <lemma type="the"/>
                </token>
                <token content="bowl" id="5-13">
                    <pos type="NN"/>
                    <lemma type="bowl"/>
                    <dep head="5-7" type="prep"/>
                </token>
                <token content="." id="5-14"/>
            </sentence>
            <sentence id="6">
                <token content="Then" id="6-1">
                    <pos type="RB"/>
                    <lemma type="then"/>
                    <dep head="6-3" type="advmod"/>
                </token>
                <token content="I" id="6-2">
                    <pos type="PRP"/>
                    <lemma type="I"/>
                    <dep head="6-3" type="nsubj"/>
                </token>
                <token content="added" id="6-3">
                    <pos type="VBD"/>
                    <lemma type="add"/>
                </token>
                <token content="two" id="6-4">
                    <pos type="CD"/>
                    <lemma type="two"/>
                </token>
                <token content="eggs" id="6-5">
                    <pos type="NNS"/>
                    <lemma type="egg"/>
                    <dep head="6-3" type="dobj"/>
                </token>
                <token content="and" id="6-6"/>
                <token content="the" id="6-7">
                    <pos type="DT"/>
                    <lemma type="the"/>
                </token>
                <token content="amount" id="6-8">
                    <pos type="NN"/>
                    <lemma type="amount"/>
                </token>
                <token content="of" id="6-9"/>
                <token content="milk" id="6-10">
                    <pos type="NN"/>
                    <lemma type="milk"/>
                </token>
                <token content="and" id="6-11"/>
                <token content="oil" id="6-12">
                    <pos type="NN"/>
                    <lemma type="oil"/>
                </token>
                <token content="the" id="6-13">
                    <pos type="DT"/>
                    <lemma type="the"/>
                </token>
                <token content="back" id="6-14">
                    <pos type="NN"/>
                    <lemma type="back"/>
                    <dep head="6-18" type="nsubj"/>
                </token>
                <token content="of" id="6-15"/>
                <token content="the" id="6-16">
                    <pos type="DT"/>
                    <lemma type="the"/>
                </token>
                <token content="box" id="6-17">
                    <pos type="NN"/>
                    <lemma type="box"/>
                </token>
                <token content="said" id="6-18">
                    <pos type="VBD"/>
                    <lemma type="say"/>
                </token>
                <token content="to" id="6-19">
                    <pos type="TO"/>
                    <lemma type="to"/>
                    <dep head="6-20" type="aux"/>
                </token>
                <token content="use" id="6-20">
                    <pos type="VB"/>
                    <lemma type="use"/>
                    <dep head="6-18" type="xcomp"/>
                </token>
                <token content="." id="6-21"/>
            </sentence>
            <sentence id="7">
                <token content="Next" id="7-1">
                    <pos type="RB"/>
                    <lemma type="next"/>
                    <dep head="7-3" type="advmod"/>
                </token>
                <token content="I" id="7-2">
                    <pos type="PRP"/>
                    <lemma type="I"/>
                    <dep head="7-3" type="nsubj"/>
                </token>
                <token content="used" id="7-3">
                    <pos type="VBD"/>
                    <lemma type="use"/>
                </token>
                <token content="the" id="7-4">
                    <pos type="DT"/>
                    <lemma type="the"/>
                </token>
                <token content="mixer" id="7-5">
                    <pos type="NN"/>
                    <lemma type="mixer"/>
                    <dep head="7-3" type="dobj"/>
                </token>
                <token content="to" id="7-6">
                    <pos type="TO"/>
                    <lemma type="to"/>
                    <dep head="7-7" type="aux"/>
                </token>
                <token content="stir" id="7-7">
                    <pos type="VB"/>
                    <lemma type="stir"/>
                </token>
                <token content="it" id="7-8">
                    <pos type="PRP"/>
                    <lemma type="it"/>
                    <dep head="7-7" type="dobj"/>
                </token>
                <token content="all" id="7-9">
                    <pos type="DT"/>
                    <lemma type="all"/>
                </token>
                <token content="together" id="7-10">
                    <pos type="RB"/>
                    <lemma type="together"/>
                    <dep head="7-7" type="advmod"/>
                </token>
                <token content="." id="7-11"/>
            </sentence>
            <sentence id="8">
                <token content="After" id="8-1">
                    <pos type="IN"/>
                    <lemma type="after"/>
                    <dep head="8-13" type="dep"/>
                </token>
                <token content="that" id="8-2">
                    <pos type="IN"/>
                    <lemma type="that"/>
                    <dep head="8-4" type="mark"/>
                </token>
                <token content="I" id="8-3">
                    <pos type="PRP"/>
                    <lemma type="I"/>
                    <dep head="8-4" type="nsubj"/>
                </token>
                <token content="used" id="8-4">
                    <pos type="VBD"/>
                    <lemma type="use"/>
                </token>
                <token content="a" id="8-5">
                    <pos type="DT"/>
                    <lemma type="a"/>
                </token>
                <token content="little" id="8-6">
                    <pos type="RB"/>
                    <lemma type="little"/>
                </token>
                <token content="more" id="8-7">
                    <pos type="JJR"/>
                    <lemma type="more"/>
                </token>
                <token content="oil" id="8-8">
                    <pos type="NN"/>
                    <lemma type="oil"/>
                    <dep head="8-4" type="dobj"/>
                </token>
                <token content="to" id="8-9"/>
                <token content="grease" id="8-10">
                    <pos type="NN"/>
                    <lemma type="grease"/>
                    <dep head="8-4" type="prep"/>
                </token>
                <token content="a" id="8-11">
                    <pos type="DT"/>
                    <lemma type="a"/>
                </token>
                <token content="cake" id="8-12">
                    <pos type="NN"/>
                    <lemma type="cake"/>
                    <dep head="8-13" type="nsubj"/>
                </token>
                <token content="pan" id="8-13">
                    <pos type="VB"/>
                    <lemma type="pan"/>
                </token>
                <token content="." id="8-14"/>
            </sentence>
            <sentence id="9">
                <token content="The" id="9-1">
                    <pos type="DT"/>
                    <lemma type="the"/>
                </token>
                <token content="back" id="9-2">
                    <pos type="NN"/>
                    <lemma type="back"/>
                    <dep head="9-7" type="nsubj"/>
                </token>
                <token content="of" id="9-3"/>
                <token content="the" id="9-4">
                    <pos type="DT"/>
                    <lemma type="the"/>
                </token>
                <token content="box" id="9-5">
                    <pos type="NN"/>
                    <lemma type="box"/>
                </token>
                <token content="also" id="9-6">
                    <pos type="RB"/>
                    <lemma type="also"/>
                    <dep head="9-7" type="advmod"/>
                </token>
                <token content="told" id="9-7">
                    <pos type="VBD"/>
                    <lemma type="tell"/>
                </token>
                <token content="me" id="9-8">
                    <pos type="PRP"/>
                    <lemma type="I"/>
                    <dep head="9-7" type="dobj"/>
                </token>
                <token content="which" id="9-9">
                    <pos type="WDT"/>
                    <lemma type="which"/>
                    <dep head="9-12" type="dobj"/>
                </token>
                <token content="size" id="9-10">
                    <pos type="NN"/>
                    <lemma type="size"/>
                </token>
                <token content="cake" id="9-11">
                    <pos type="NN"/>
                    <lemma type="cake"/>
                    <dep head="9-12" type="nsubj"/>
                </token>
                <token content="pan" id="9-12">
                    <pos type="VB"/>
                    <lemma type="pan"/>
                    <dep head="9-7" type="dep"/>
                </token>
                <token content="to" id="9-13">
                    <pos type="TO"/>
                    <lemma type="to"/>
                    <dep head="9-14" type="aux"/>
                </token>
                <token content="use" id="9-14">
                    <pos type="VB"/>
                    <lemma type="use"/>
                    <dep head="9-12" type="xcomp"/>
                </token>
                <token content="." id="9-15"/>
            </sentence>
            <sentence id="10">
                <token content="Once" id="10-1">
                    <pos type="IN"/>
                    <lemma type="once"/>
                </token>
                <token content="the" id="10-2">
                    <pos type="DT"/>
                    <lemma type="the"/>
                </token>
                <token content="cake" id="10-3">
                    <pos type="NN"/>
                    <lemma type="cake"/>
                </token>
                <token content="pan" id="10-4">
                    <pos type="NN"/>
                    <lemma type="pan"/>
                </token>
                <token content="was" id="10-5">
                    <pos type="VBD"/>
                    <lemma type="be"/>
                </token>
                <token content="ready" id="10-6">
                    <pos type="JJ"/>
                    <lemma type="ready"/>
                    <dep head="10-9" type="advcl"/>
                </token>
                <token content="," id="10-7"/>
                <token content="I" id="10-8">
                    <pos type="PRP"/>
                    <lemma type="I"/>
                    <dep head="10-9" type="nsubj"/>
                </token>
                <token content="poured" id="10-9">
                    <pos type="VBD"/>
                    <lemma type="pour"/>
                </token>
                <token content="the" id="10-10">
                    <pos type="DT"/>
                    <lemma type="the"/>
                </token>
                <token content="mixed" id="10-11">
                    <pos type="JJ"/>
                    <lemma type="mixed"/>
                </token>
                <token content="cake" id="10-12">
                    <pos type="NN"/>
                    <lemma type="cake"/>
                </token>
                <token content="batter" id="10-13">
                    <pos type="NN"/>
                    <lemma type="batter"/>
                    <dep head="10-9" type="dobj"/>
                </token>
                <token content="into" id="10-14"/>
                <token content="it" id="10-15">
                    <pos type="PRP"/>
                    <lemma type="it"/>
                    <dep head="10-9" type="prep"/>
                </token>
                <token content="and" id="10-16"/>
                <token content="smoothed" id="10-17">
                    <pos type="VBN"/>
                    <lemma type="smooth"/>
                    <dep head="10-9" type="conj"/>
                </token>
                <token content="it" id="10-18">
                    <pos type="PRP"/>
                    <lemma type="it"/>
                    <dep head="10-17" type="dobj"/>
                </token>
                <token content="into" id="10-19"/>
                <token content="the" id="10-20">
                    <pos type="DT"/>
                    <lemma type="the"/>
                </token>
                <token content="edges" id="10-21">
                    <pos type="NNS"/>
                    <lemma type="edge"/>
                    <dep head="10-17" type="prep"/>
                </token>
                <token content="then" id="10-22">
                    <pos type="RB"/>
                    <lemma type="then"/>
                    <dep head="10-23" type="advmod"/>
                </token>
                <token content="opened" id="10-23">
                    <pos type="VBN"/>
                    <lemma type="open"/>
                </token>
                <token content="the" id="10-24">
                    <pos type="DT"/>
                    <lemma type="the"/>
                </token>
                <token content="oven" id="10-25">
                    <pos type="NN"/>
                    <lemma type="oven"/>
                    <dep head="10-23" type="dobj"/>
                </token>
                <token content="to" id="10-26">
                    <pos type="TO"/>
                    <lemma type="to"/>
                    <dep head="10-27" type="aux"/>
                </token>
                <token content="put" id="10-27">
                    <pos type="VB"/>
                    <lemma type="put"/>
                    <dep head="10-23" type="vmod"/>
                </token>
                <token content="it" id="10-28">
                    <pos type="PRP"/>
                    <lemma type="it"/>
                    <dep head="10-27" type="dobj"/>
                </token>
                <token content="inside" id="10-29">
                    <pos type="RB"/>
                    <lemma type="inside"/>
                    <dep head="10-27" type="advmod"/>
                </token>
                <token content="." id="10-30"/>
            </sentence>
            <sentence id="11">
                <token content="I" id="11-1">
                    <pos type="PRP"/>
                    <lemma type="I"/>
                    <dep head="11-2" type="nsubj"/>
                </token>
                <token content="used" id="11-2">
                    <pos type="VBD"/>
                    <lemma type="use"/>
                </token>
                <token content="an" id="11-3">
                    <pos type="DT"/>
                    <lemma type="a"/>
                </token>
                <token content="oven" id="11-4">
                    <pos type="NN"/>
                    <lemma type="oven"/>
                </token>
                <token content="mitt" id="11-5">
                    <pos type="NN"/>
                    <lemma type="mitt"/>
                    <dep head="11-2" type="dobj"/>
                </token>
                <token content="on" id="11-6"/>
                <token content="my" id="11-7">
                    <pos type="PRP$"/>
                    <lemma type="my"/>
                </token>
                <token content="hand" id="11-8">
                    <pos type="NN"/>
                    <lemma type="hand"/>
                    <dep head="11-2" type="prep"/>
                </token>
                <token content="for" id="11-9"/>
                <token content="that" id="11-10">
                    <pos type="DT"/>
                    <lemma type="that"/>
                </token>
                <token content="part" id="11-11">
                    <pos type="NN"/>
                    <lemma type="part"/>
                </token>
                <token content="because" id="11-12">
                    <pos type="IN"/>
                    <lemma type="because"/>
                </token>
                <token content="the" id="11-13">
                    <pos type="DT"/>
                    <lemma type="the"/>
                </token>
                <token content="oven" id="11-14">
                    <pos type="NN"/>
                    <lemma type="oven"/>
                </token>
                <token content="was" id="11-15">
                    <pos type="VBD"/>
                    <lemma type="be"/>
                </token>
                <token content="hot" id="11-16">
                    <pos type="JJ"/>
                    <lemma type="hot"/>
                    <dep head="11-2" type="advcl"/>
                </token>
                <token content="." id="11-17"/>
            </sentence>
            <sentence id="12">
                <token content="Once" id="12-1">
                    <pos type="IN"/>
                    <lemma type="once"/>
                    <dep head="12-5" type="mark"/>
                </token>
                <token content="the" id="12-2">
                    <pos type="DT"/>
                    <lemma type="the"/>
                </token>
                <token content="door" id="12-3">
                    <pos type="NN"/>
                    <lemma type="door"/>
                    <dep head="12-5" type="nsubjpass"/>
                </token>
                <token content="was" id="12-4">
                    <pos type="VBD"/>
                    <lemma type="be"/>
                    <dep head="12-5" type="auxpass"/>
                </token>
                <token content="closed" id="12-5">
                    <pos type="VBN"/>
                    <lemma type="close"/>
                    <dep head="12-9" type="advcl"/>
                </token>
                <token content="again" id="12-6">
                    <pos type="RB"/>
                    <lemma type="again"/>
                    <dep head="12-5" type="advmod"/>
                </token>
                <token content="," id="12-7"/>
                <token content="I" id="12-8">
                    <pos type="PRP"/>
                    <lemma type="I"/>
                    <dep head="12-9" type="nsubj"/>
                </token>
                <token content="set" id="12-9">
                    <pos type="VBD"/>
                    <lemma type="set"/>
                </token>
                <token content="a" id="12-10">
                    <pos type="DT"/>
                    <lemma type="a"/>
                </token>
                <token content="timer" id="12-11">
                    <pos type="NN"/>
                    <lemma type="timer"/>
                    <dep head="12-9" type="dobj"/>
                </token>
                <token content="to" id="12-12"/>
                <token content="the" id="12-13">
                    <pos type="DT"/>
                    <lemma type="the"/>
                </token>
                <token content="right" id="12-14">
                    <pos type="JJ"/>
                    <lemma type="right"/>
                </token>
                <token content="amount" id="12-15">
                    <pos type="NN"/>
                    <lemma type="amount"/>
                    <dep head="12-9" type="prep"/>
                </token>
                <token content="of" id="12-16"/>
                <token content="time" id="12-17">
                    <pos type="NN"/>
                    <lemma type="time"/>
                </token>
                <token content="," id="12-18"/>
                <token content="according" id="12-19"/>
                <token content="to" id="12-20">
                    <pos type="TO"/>
                    <lemma type="to"/>
                    <dep head="12-9" type="prepc"/>
                </token>
                <token content="the" id="12-21">
                    <pos type="DT"/>
                    <lemma type="the"/>
                </token>
                <token content="back" id="12-22">
                    <pos type="NN"/>
                    <lemma type="back"/>
                    <dep head="12-9" type="pobj"/>
                </token>
                <token content="of" id="12-23"/>
                <token content="the" id="12-24">
                    <pos type="DT"/>
                    <lemma type="the"/>
                </token>
                <token content="box" id="12-25">
                    <pos type="NN"/>
                    <lemma type="box"/>
                </token>
                <token content="," id="12-26"/>
                <token content="and" id="12-27"/>
                <token content="then" id="12-28">
                    <pos type="RB"/>
                    <lemma type="then"/>
                    <dep head="12-29" type="nsubj"/>
                </token>
                <token content="waited" id="12-29">
                    <pos type="VBD"/>
                    <lemma type="wait"/>
                    <dep head="12-9" type="conj"/>
                </token>
                <token content="." id="12-30"/>
            </sentence>
            <sentence id="13">
                <token content="By" id="13-1"/>
                <token content="the" id="13-2">
                    <pos type="DT"/>
                    <lemma type="the"/>
                </token>
                <token content="time" id="13-3">
                    <pos type="NN"/>
                    <lemma type="time"/>
                    <dep head="13-6" type="prep"/>
                </token>
                <token content="the" id="13-4">
                    <pos type="DT"/>
                    <lemma type="the"/>
                </token>
                <token content="timer" id="13-5">
                    <pos type="NN"/>
                    <lemma type="timer"/>
                    <dep head="13-6" type="nsubj"/>
                </token>
                <token content="went" id="13-6">
                    <pos type="VBD"/>
                    <lemma type="go"/>
                </token>
                <token content="off" id="13-7">
                    <pos type="RP"/>
                    <lemma type="off"/>
                    <dep head="13-6" type="prt"/>
                </token>
                <token content="," id="13-8"/>
                <token content="the" id="13-9">
                    <pos type="DT"/>
                    <lemma type="the"/>
                </token>
                <token content="cake" id="13-10">
                    <pos type="NN"/>
                    <lemma type="cake"/>
                    <dep head="13-11" type="nsubj"/>
                </token>
                <token content="smelled" id="13-11">
                    <pos type="VBD"/>
                    <lemma type="smell"/>
                    <dep head="13-6" type="conj"/>
                </token>
                <token content="really" id="13-12">
                    <pos type="RB"/>
                    <lemma type="really"/>
                </token>
                <token content="good" id="13-13">
                    <pos type="JJ"/>
                    <lemma type="good"/>
                    <dep head="13-11" type="acomp"/>
                </token>
                <token content="and" id="13-14"/>
                <token content="I" id="13-15">
                    <pos type="PRP"/>
                    <lemma type="I"/>
                    <dep head="13-16" type="nsubj"/>
                </token>
                <token content="turned" id="13-16">
                    <pos type="VBD"/>
                    <lemma type="turn"/>
                    <dep head="13-6" type="conj"/>
                </token>
                <token content="off" id="13-17">
                    <pos type="RP"/>
                    <lemma type="off"/>
                    <dep head="13-16" type="prt"/>
                </token>
                <token content="the" id="13-18">
                    <pos type="DT"/>
                    <lemma type="the"/>
                </token>
                <token content="oven" id="13-19">
                    <pos type="NN"/>
                    <lemma type="oven"/>
                    <dep head="13-16" type="dobj"/>
                </token>
                <token content="," id="13-20"/>
                <token content="then" id="13-21">
                    <pos type="RB"/>
                    <lemma type="then"/>
                    <dep head="13-22" type="advmod"/>
                </token>
                <token content="opened" id="13-22">
                    <pos type="VBD"/>
                    <lemma type="open"/>
                    <dep head="13-16" type="conj"/>
                </token>
                <token content="it" id="13-23">
                    <pos type="PRP"/>
                    <lemma type="it"/>
                    <dep head="13-22" type="dobj"/>
                </token>
                <token content="and" id="13-24"/>
                <token content="took" id="13-25">
                    <pos type="VBD"/>
                    <lemma type="take"/>
                    <dep head="13-16" type="conj"/>
                </token>
                <token content="the" id="13-26">
                    <pos type="DT"/>
                    <lemma type="the"/>
                </token>
                <token content="cake" id="13-27">
                    <pos type="NN"/>
                    <lemma type="cake"/>
                    <dep head="13-25" type="dobj"/>
                </token>
                <token content="out" id="13-28">
                    <pos type="RP"/>
                    <lemma type="out"/>
                    <dep head="13-25" type="prt"/>
                </token>
                <token content="with" id="13-29"/>
                <token content="oven" id="13-30">
                    <pos type="NN"/>
                    <lemma type="oven"/>
                </token>
                <token content="mitts" id="13-31">
                    <pos type="NNS"/>
                    <lemma type="mitt"/>
                    <dep head="13-25" type="prep"/>
                </token>
                <token content="again" id="13-32">
                    <pos type="RB"/>
                    <lemma type="again"/>
                    <dep head="13-25" type="advmod"/>
                </token>
                <token content="." id="13-33"/>
            </sentence>
            <sentence id="14">
                <token content="Then" id="14-1">
                    <pos type="RB"/>
                    <lemma type="then"/>
                    <dep head="14-3" type="advmod"/>
                </token>
                <token content="I" id="14-2">
                    <pos type="PRP"/>
                    <lemma type="I"/>
                    <dep head="14-3" type="nsubj"/>
                </token>
                <token content="let" id="14-3">
                    <pos type="VBD"/>
                    <lemma type="let"/>
                </token>
                <token content="it" id="14-4">
                    <pos type="PRP"/>
                    <lemma type="it"/>
                    <dep head="14-5" type="nsubj"/>
                </token>
                <token content="cool" id="14-5">
                    <pos type="VBP"/>
                    <lemma type="cool"/>
                    <dep head="14-3" type="ccomp"/>
                </token>
                <token content="on" id="14-6"/>
                <token content="a" id="14-7">
                    <pos type="DT"/>
                    <lemma type="a"/>
                </token>
                <token content="rack" id="14-8">
                    <pos type="NN"/>
                    <lemma type="rack"/>
                    <dep head="14-5" type="prep"/>
                </token>
                <token content="on" id="14-9"/>
                <token content="the" id="14-10">
                    <pos type="DT"/>
                    <lemma type="the"/>
                </token>
                <token content="counter" id="14-11">
                    <pos type="NN"/>
                    <lemma type="counter"/>
                </token>
                <token content="." id="14-12"/>
            </sentence>
            <sentence id="15">
                <token content="When" id="15-1">
                    <pos type="WRB"/>
                    <lemma type="when"/>
                </token>
                <token content="it" id="15-2">
                    <pos type="PRP"/>
                    <lemma type="it"/>
                </token>
                <token content="was" id="15-3">
                    <pos type="VBD"/>
                    <lemma type="be"/>
                </token>
                <token content="cool" id="15-4">
                    <pos type="JJ"/>
                    <lemma type="cool"/>
                    <dep head="15-6" type="advcl"/>
                </token>
                <token content="I" id="15-5">
                    <pos type="PRP"/>
                    <lemma type="I"/>
                    <dep head="15-6" type="nsubj"/>
                </token>
                <token content="opened" id="15-6">
                    <pos type="VBD"/>
                    <lemma type="open"/>
                </token>
                <token content="a" id="15-7">
                    <pos type="DT"/>
                    <lemma type="a"/>
                </token>
                <token content="container" id="15-8">
                    <pos type="NN"/>
                    <lemma type="container"/>
                    <dep head="15-6" type="dobj"/>
                </token>
                <token content="of" id="15-9"/>
                <token content="fudge" id="15-10">
                    <pos type="JJ"/>
                    <lemma type="fudge"/>
                </token>
                <token content="frosting" id="15-11">
                    <pos type="NN"/>
                    <lemma type="frosting"/>
                </token>
                <token content="and" id="15-12"/>
                <token content="spread" id="15-13">
                    <pos type="VBD"/>
                    <lemma type="spread"/>
                    <dep head="15-6" type="conj"/>
                </token>
                <token content="it" id="15-14">
                    <pos type="PRP"/>
                    <lemma type="it"/>
                    <dep head="15-13" type="dobj"/>
                </token>
                <token content="all" id="15-15">
                    <pos type="DT"/>
                    <lemma type="all"/>
                    <dep head="15-13" type="dep"/>
                </token>
                <token content="over" id="15-16"/>
                <token content="the" id="15-17">
                    <pos type="DT"/>
                    <lemma type="the"/>
                </token>
                <token content="cake" id="15-18">
                    <pos type="NN"/>
                    <lemma type="cake"/>
                    <dep head="15-13" type="prep"/>
                </token>
                <token content="." id="15-19"/>
            </sentence>
            <sentence id="16">
                <token content="I" id="16-1">
                    <pos type="PRP"/>
                    <lemma type="I"/>
                    <dep head="16-3" type="nsubj"/>
                </token>
                <token content="just" id="16-2">
                    <pos type="RB"/>
                    <lemma type="just"/>
                    <dep head="16-3" type="advmod"/>
                </token>
                <token content="need" id="16-3">
                    <pos type="VBP"/>
                    <lemma type="need"/>
                </token>
                <token content="to" id="16-4">
                    <pos type="TO"/>
                    <lemma type="to"/>
                    <dep head="16-5" type="aux"/>
                </token>
                <token content="put" id="16-5">
                    <pos type="VB"/>
                    <lemma type="put"/>
                    <dep head="16-3" type="xcomp"/>
                </token>
                <token content="candles" id="16-6">
                    <pos type="NNS"/>
                    <lemma type="candle"/>
                    <dep head="16-5" type="dobj"/>
                </token>
                <token content="on" id="16-7"/>
                <token content="it" id="16-8">
                    <pos type="PRP"/>
                    <lemma type="it"/>
                    <dep head="16-5" type="prep"/>
                </token>
                <token content="and" id="16-9"/>
                <token content="I" id="16-10">
                    <pos type="PRP"/>
                    <lemma type="I"/>
                    <dep head="16-11" type="nsubj"/>
                </token>
                <token content="think" id="16-11">
                    <pos type="VBP"/>
                    <lemma type="think"/>
                    <dep head="16-3" type="conj"/>
                </token>
                <token content="my" id="16-12">
                    <pos type="PRP$"/>
                    <lemma type="my"/>
                </token>
                <token content="brother" id="16-13">
                    <pos type="NN"/>
                    <lemma type="brother"/>
                    <dep head="16-16" type="nsubj"/>
                </token>
                <token content="will" id="16-14">
                    <pos type="MD"/>
                    <lemma type="will"/>
                    <dep head="16-16" type="aux"/>
                </token>
                <token content="really" id="16-15">
                    <pos type="RB"/>
                    <lemma type="really"/>
                    <dep head="16-16" type="advmod"/>
                </token>
                <token content="like" id="16-16">
                    <pos type="VB"/>
                    <lemma type="like"/>
                    <dep head="16-11" type="ccomp"/>
                </token>
                <token content="it" id="16-17">
                    <pos type="PRP"/>
                    <lemma type="it"/>
                    <dep head="16-16" type="dobj"/>
                </token>
                <token content="." id="16-18"/>
            </sentence>
        </sentences>
    </text>
    <annotations>
        <participants>
            <label from="1-1" id="0" name="ScrPart_cook" text="I" type="participant"/>
            <label from="1-6" id="1" name="ScrPart_cake" text="cake" type="participant"/>
            <label from="1-8" id="2" name="ScrPart_cook" text="my" type="participant"/>
            <label from="1-9" id="3" name="ScrPart_beneficiary" text="brother" type="participant"/>
            <label from="1-11" id="4" name="NPart" text="birthday" type="participant"/>
            <label from="2-1" id="5" name="ScrPart_beneficiary" text="He" type="participant"/>
            <label from="2-3" id="6" name="ScrPart_cake" text="chocolate cake" to="2-4" type="participant"/>
            <label from="2-4" id="7" name="ScrPart_cake" text="cake" type="participant"/>
            <label from="2-8" id="8" name="ScrPart_cook" text="I" type="participant"/>
            <label from="2-11" id="9" name="Head_of_Partitive" text="box" type="participant"/>
            <label from="2-14" id="10" name="ScrPart_cake" text="fudge cake" to="2-15" type="participant"/>
            <label from="2-15" id="11" name="ScrPart_cake" text="cake" type="participant"/>
            <label from="2-17" id="12" name="ScrPart_beneficiary" text="him" type="participant"/>
            <label from="3-1" id="13" name="No_label" text="It" type="participant"/>
            <label from="3-4" id="14" name="ScrPart_ingredients" text="cake mix" to="3-5" type="participant"/>
            <label from="3-8" id="15" name="NPart" text="box" type="participant"/>
            <label from="3-14" id="16" name="No_label" text="way" type="participant"/>
            <label from="3-18" id="17" name="ScrPart_cake" text="cake" type="participant"/>
            <label from="4-2" id="18" name="NPart" text="back" type="participant"/>
            <label from="4-5" id="19" name="ScrPart_baking_instructions" text="box" type="participant"/>
            <label from="4-10" id="20" name="ScrPart_oven" text="oven" type="participant"/>
            <label from="4-12" id="21" name="ScrPart_cook" text="I" type="participant"/>
            <label from="4-16" id="22" name="ScrPart_cook" text="I" type="participant"/>
            <label from="4-20" id="23" name="ScrPart_utensil" text="bowl" type="participant"/>
            <label from="4-23" id="24" name="ScrPart_utensil" text="mixer" type="participant"/>
            <label from="4-25" id="25" name="ScrPart_ingredients" text="milk" type="participant"/>
            <label from="4-27" id="26" name="ScrPart_ingredients" text="eggs" type="participant"/>
            <label from="4-29" id="27" name="ScrPart_ingredients" text="oil" type="participant"/>
            <label from="5-1" id="28" name="ScrPart_cook" text="I" type="participant"/>
            <label from="5-4" id="29" name="Unclear" text="cake box" to="5-5" type="participant"/>
            <label from="5-9" id="30" name="ScrPart_ingredients" text="cake mix" to="5-10" type="participant"/>
            <label from="5-13" id="31" name="ScrPart_utensil" text="bowl" type="participant"/>
            <label from="6-2" id="32" name="ScrPart_cook" text="I" type="participant"/>
            <label from="6-5" id="33" name="ScrPart_ingredients" text="eggs" type="participant"/>
            <label from="6-8" id="34" name="Head_of_Partitive" text="amount" type="participant"/>
            <label from="6-10" id="35" name="ScrPart_ingredients" text="milk" type="participant"/>
            <label from="6-12" id="36" name="ScrPart_ingredients" text="oil" type="participant"/>
            <label from="6-14" id="37" name="NPart" text="back" type="participant"/>
            <label from="6-17" id="38" name="ScrPart_baking_instructions" text="box" type="participant"/>
            <label from="7-2" id="39" name="ScrPart_cook" text="I" type="participant"/>
            <label from="7-5" id="40" name="ScrPart_utensil" text="mixer" type="participant"/>
            <label from="7-8" id="41" name="ScrPart_dough" text="it" type="participant"/>
            <label from="8-3" id="42" name="ScrPart_cook" text="I" type="participant"/>
            <label from="8-8" id="43" name="ScrPart_ingredients" text="oil" type="participant"/>
            <label from="8-12" id="44" name="ScrPart_cake_tin" text="cake pan" to="8-13" type="participant"/>
            <label from="9-2" id="45" name="NPart" text="back" type="participant"/>
            <label from="9-5" id="46" name="ScrPart_baking_instructions" text="box" type="participant"/>
            <label from="9-8" id="47" name="ScrPart_cook" text="me" type="participant"/>
            <label from="9-10" id="48" name="NPart" text="size" type="participant"/>
            <label from="9-11" id="49" name="ScrPart_cake_tin" text="cake pan" to="9-12" type="participant"/>
            <label from="10-3" id="50" name="ScrPart_cake_tin" text="cake pan" to="10-4" type="participant"/>
            <label from="10-8" id="51" name="ScrPart_cook" text="I" type="participant"/>
            <label from="10-12" id="52" name="ScrPart_dough" text="cake batter" to="10-13" type="participant"/>
            <label from="10-15" id="53" name="ScrPart_cake_tin" text="it" type="participant"/>
            <label from="10-18" id="54" name="ScrPart_dough" text="it" type="participant"/>
            <label from="10-21" id="55" name="NPart" text="edges" type="participant"/>
            <label from="10-25" id="56" name="ScrPart_oven" text="oven" type="participant"/>
            <label from="10-28" id="57" name="ScrPart_cake" text="it" type="participant"/>
            <label from="11-1" id="58" name="ScrPart_cook" text="I" type="participant"/>
            <label from="11-4" id="59" name="ScrPart_utensil" text="oven mitt" to="11-5" type="participant"/>
            <label from="11-5" id="60" name="ScrPart_utensil" text="mitt" type="participant"/>
            <label from="11-7" id="61" name="ScrPart_cook" text="my" type="participant"/>
            <label from="11-8" id="62" name="NPart" text="hand" type="participant"/>
            <label from="11-11" id="63" name="NPart" text="part" type="participant"/>
            <label from="11-14" id="64" name="ScrPart_oven" text="oven" type="participant"/>
            <label from="12-3" id="65" name="ScrPart_oven" text="door" type="participant"/>
            <label from="12-8" id="66" name="ScrPart_cook" text="I" type="participant"/>
            <label from="12-11" id="67" name="ScrPart_timer" text="timer" type="participant"/>
            <label from="12-15" id="68" name="Head_of_Partitive" text="amount" type="participant"/>
            <label from="12-17" id="69" name="ScrPart_time" text="time" type="participant"/>
            <label from="12-22" id="70" name="NPart" text="back" type="participant"/>
            <label from="12-25" id="71" name="ScrPart_baking_instructions" text="box" type="participant"/>
            <label from="13-3" id="72" name="ScrPart_time" text="time" type="participant"/>
            <label from="13-5" id="73" name="ScrPart_timer" text="timer" type="participant"/>
            <label from="13-10" id="74" name="ScrPart_cake" text="cake" type="participant"/>
            <label from="13-15" id="75" name="ScrPart_cook" text="I" type="participant"/>
            <label from="13-19" id="76" name="ScrPart_oven" text="oven" type="participant"/>
            <label from="13-23" id="77" name="ScrPart_oven" text="it" type="participant"/>
            <label from="13-27" id="78" name="ScrPart_cake" text="cake" type="participant"/>
            <label from="13-30" id="79" name="ScrPart_utensil" text="oven mitts" to="13-31" type="participant"/>
            <label from="13-31" id="80" name="ScrPart_utensil" text="mitts" type="participant"/>
            <label from="14-2" id="81" name="ScrPart_cook" text="I" type="participant"/>
            <label from="14-4" id="82" name="ScrPart_cake" text="it" type="participant"/>
            <label from="14-8" id="83" name="ScrPart_utensil" text="rack" type="participant"/>
            <label from="14-11" id="84" name="ScrPart_kitchen/location" text="counter" type="participant"/>
            <label from="15-2" id="85" name="ScrPart_cake" text="it" type="participant"/>
            <label from="15-5" id="86" name="ScrPart_cook" text="I" type="participant"/>
            <label from="15-8" id="87" name="Head_of_Partitive" text="container" type="participant"/>
            <label from="15-10" id="88" name="ScrPart_decoration" text="fudge frosting" to="15-11" type="participant"/>
            <label from="15-11" id="89" name="ScrPart_decoration" text="frosting" type="participant"/>
            <label from="15-14" id="90" name="ScrPart_decoration" text="it" type="participant"/>
            <label from="15-18" id="91" name="ScrPart_cake" text="cake" type="participant"/>
            <label from="16-1" id="92" name="ScrPart_cook" text="I" type="participant"/>
            <label from="16-6" id="93" name="ScrPart_decoration" text="candles" type="participant"/>
            <label from="16-8" id="94" name="ScrPart_cake" text="it" type="participant"/>
            <label from="16-10" id="95" name="ScrPart_cook" text="I" type="participant"/>
            <label from="16-12" id="96" name="ScrPart_cook" text="my" type="participant"/>
            <label from="16-13" id="97" name="ScrPart_beneficiary" text="brother" type="participant"/>
            <label from="16-17" id="98" name="ScrPart_cake" text="it" type="participant"/>
        </participants>
        <events>
            <label from="1-2" id="99" name="UnrelEv" text="decided" type="event"/>
            <label from="1-4" id="100" name="Evoking" text="bake a cake" to="1-6" type="event"/>
            <label from="2-2" id="101" name="UnrelEv" text="likes" type="event"/>
            <label from="2-9" id="102" name="ScrEv_choose_recipe" text="chose" type="event"/>
            <label from="3-2" id="103" name="UnrelEv" text="was" type="event"/>
            <label from="3-11" id="104" name="UnrelEv" text="'s" type="event"/>
            <label from="3-16" id="105" name="Evoking" text="back a cake" to="3-18" type="event"/>
            <label from="4-6" id="106" name="UnrelEv" text="said" type="event"/>
            <label from="4-8" id="107" name="ScrEv_preheat" text="preheat" type="event"/>
            <label from="4-13" id="108" name="ScrEv_preheat" text="did" type="event"/>
            <label from="4-17" id="109" name="Unclear" text="took out" to="4-18" type="event"/>
            <label from="5-2" id="110" name="ScrEv_get_ingredients" text="opened" type="event"/>
            <label from="5-7" id="111" name="ScrEv_add_ingredients" text="poured" type="event"/>
            <label from="6-3" id="112" name="ScrEv_add_ingredients" text="added" type="event"/>
            <label from="6-18" id="113" name="UnrelEv" text="said" type="event"/>
            <label from="6-20" id="114" name="ScrEv_add_ingredients" text="use" type="event"/>
            <label from="7-3" id="115" name="UnrelEv" text="used" type="event"/>
            <label from="7-7" id="116" name="ScrEv_prepare_ingredients" text="stir" type="event"/>
            <label from="8-4" id="117" name="UnrelEv" text="used" type="event"/>
            <label from="8-10" id="118" name="ScrEv_grease_cake_tin" text="grease" type="event"/>
            <label from="9-7" id="119" name="UnrelEv" text="told" type="event"/>
            <label from="9-14" id="120" name="RelNScrEv" text="use" type="event"/>
            <label from="10-5" id="121" name="UnrelEv" text="was" type="event"/>
            <label from="10-9" id="122" name="ScrEv_pour_dough" text="poured" type="event"/>
            <label from="10-11" id="123" name="ScrEv_make_dough" text="mixed" type="event"/>
            <label from="10-17" id="124" name="RelNScrEv" text="smoothed" type="event"/>
            <label from="10-23" id="125" name="RelNScrEv" text="opened" type="event"/>
            <label from="10-27" id="126" name="ScrEv_put_cake_oven" text="put" type="event"/>
            <label from="11-2" id="127" name="RelNScrEv" text="used" type="event"/>
            <label from="11-15" id="128" name="UnrelEv" text="was" type="event"/>
            <label from="12-5" id="129" name="RelNScrEv" text="closed" type="event"/>
            <label from="12-9" id="130" name="ScrEv_set_time" text="set" type="event"/>
            <label from="12-29" id="131" name="ScrEv_wait" text="waited" type="event"/>
            <label from="13-6" id="132" name="ScrEv_wait" text="went off" to="13-7" type="event"/>
            <label from="13-11" id="133" name="RelNScrEv" text="smelled" type="event"/>
            <label from="13-16" id="134" name="ScrEv_turn_off_oven" text="turned off" to="13-17" type="event"/>
            <label from="13-22" id="135" name="RelNScrEv" text="opened" type="event"/>
            <label from="13-25" id="136" name="ScrEv_take_out_oven" text="took" type="event"/>
            <label from="14-3" id="137" name="UnrelEv" text="let" type="event"/>
            <label from="14-5" id="138" name="ScrEv_cool_down" text="cool" type="event"/>
            <label from="15-3" id="139" name="ScrEv_cool_down" text="was" type="event"/>
            <label from="15-6" id="140" name="ScrEv_prepare_ingredients" text="opened" type="event"/>
            <label from="15-13" id="141" name="ScrEv_decorate" text="spread" type="event"/>
            <label from="16-5" id="142" name="ScrEv_decorate" text="put" type="event"/>
            <label from="16-11" id="143" name="UnrelEv" text="think" type="event"/>
            <label from="16-16" id="144" name="UnrelEv" text="like" type="event"/>
        </events>
        <chains>
            <chain elements="2 0 8 21 22 28 32 39 42 47 51 58 61 66 75 81 86 92 95 96"/>
            <chain elements="7 1 11 17 57 74 78 82 85 91 94 98"/>
            <chain elements="5 3 12 97"/>
            <chain elements="30 14"/>
            <chain elements="38 19 46 71"/>
            <chain elements="56 20 64 65 76 77"/>
            <chain elements="31 23"/>
            <chain elements="40 24"/>
            <chain elements="35 25"/>
            <chain elements="33 26"/>
            <chain elements="36 27 43"/>
            <chain elements="52 41 54"/>
            <chain elements="49 44 50 53"/>
            <chain elements="80 60"/>
            <chain elements="73 67"/>
            <chain elements="72 69"/>
            <chain elements="90 89"/>
        </chains>
    </annotations>
</story>
