<?xml version="1.0" encoding="UTF-8" standalone="no"?>
<!DOCTYPE story SYSTEM "../InScript.dtd">
<story id="043" scenario="cake">
    <text>
        <content>I wanted to bake a cake for my husband for his birthday , but I was not sure how to do it . 
I decided to go to the store and buy a box of cake mix . 
The box said that I would need oil and eggs to make the cake , so I bought those items , too . 
When I got home , I followed the instructions listed on the box . 
I preheated my oven to 350 degrees and sprayed a baking pan with cooking spray . 
I mixed together the cake mix , oil and eggs . 
Once it was mixed really well , I poured the cake batter into a pan . 
I put the pan into the oven and set a timer . 
When the timer went off , I took my cake out of the oven . 
It looked and smelled great . 
After it cooled off , I put vanilla frosting on the cake . 
My husband enjoyed his cake very much . </content>
        <sentences>
            <sentence id="1">
                <token content="I" id="1-1">
                    <pos type="PRP"/>
                    <lemma type="I"/>
                    <dep head="1-2" type="nsubj"/>
                </token>
                <token content="wanted" id="1-2">
                    <pos type="VBD"/>
                    <lemma type="want"/>
                </token>
                <token content="to" id="1-3">
                    <pos type="TO"/>
                    <lemma type="to"/>
                    <dep head="1-4" type="aux"/>
                </token>
                <token content="bake" id="1-4">
                    <pos type="VB"/>
                    <lemma type="bake"/>
                    <dep head="1-2" type="xcomp"/>
                </token>
                <token content="a" id="1-5">
                    <pos type="DT"/>
                    <lemma type="a"/>
                </token>
                <token content="cake" id="1-6">
                    <pos type="NN"/>
                    <lemma type="cake"/>
                    <dep head="1-4" type="dobj"/>
                </token>
                <token content="for" id="1-7"/>
                <token content="my" id="1-8">
                    <pos type="PRP$"/>
                    <lemma type="my"/>
                </token>
                <token content="husband" id="1-9">
                    <pos type="NN"/>
                    <lemma type="husband"/>
                    <dep head="1-4" type="prep"/>
                </token>
                <token content="for" id="1-10"/>
                <token content="his" id="1-11">
                    <pos type="PRP$"/>
                    <lemma type="he"/>
                </token>
                <token content="birthday" id="1-12">
                    <pos type="NN"/>
                    <lemma type="birthday"/>
                </token>
                <token content="," id="1-13"/>
                <token content="but" id="1-14"/>
                <token content="I" id="1-15">
                    <pos type="PRP"/>
                    <lemma type="I"/>
                </token>
                <token content="was" id="1-16">
                    <pos type="VBD"/>
                    <lemma type="be"/>
                </token>
                <token content="not" id="1-17">
                    <pos type="RB"/>
                    <lemma type="not"/>
                </token>
                <token content="sure" id="1-18">
                    <pos type="JJ"/>
                    <lemma type="sure"/>
                    <dep head="1-2" type="conj"/>
                </token>
                <token content="how" id="1-19">
                    <pos type="WRB"/>
                    <lemma type="how"/>
                    <dep head="1-21" type="advmod"/>
                </token>
                <token content="to" id="1-20">
                    <pos type="TO"/>
                    <lemma type="to"/>
                    <dep head="1-21" type="aux"/>
                </token>
                <token content="do" id="1-21">
                    <pos type="VB"/>
                    <lemma type="do"/>
                </token>
                <token content="it" id="1-22">
                    <pos type="PRP"/>
                    <lemma type="it"/>
                    <dep head="1-21" type="dobj"/>
                </token>
                <token content="." id="1-23"/>
            </sentence>
            <sentence id="2">
                <token content="I" id="2-1">
                    <pos type="PRP"/>
                    <lemma type="I"/>
                    <dep head="2-2" type="nsubj"/>
                </token>
                <token content="decided" id="2-2">
                    <pos type="VBD"/>
                    <lemma type="decide"/>
                </token>
                <token content="to" id="2-3">
                    <pos type="TO"/>
                    <lemma type="to"/>
                    <dep head="2-4" type="aux"/>
                </token>
                <token content="go" id="2-4">
                    <pos type="VB"/>
                    <lemma type="go"/>
                    <dep head="2-2" type="xcomp"/>
                </token>
                <token content="to" id="2-5"/>
                <token content="the" id="2-6">
                    <pos type="DT"/>
                    <lemma type="the"/>
                </token>
                <token content="store" id="2-7">
                    <pos type="NN"/>
                    <lemma type="store"/>
                    <dep head="2-4" type="prep"/>
                </token>
                <token content="and" id="2-8"/>
                <token content="buy" id="2-9">
                    <pos type="VB"/>
                    <lemma type="buy"/>
                    <dep head="2-4" type="conj"/>
                </token>
                <token content="a" id="2-10">
                    <pos type="DT"/>
                    <lemma type="a"/>
                </token>
                <token content="box" id="2-11">
                    <pos type="NN"/>
                    <lemma type="box"/>
                    <dep head="2-9" type="dobj"/>
                </token>
                <token content="of" id="2-12"/>
                <token content="cake" id="2-13">
                    <pos type="NN"/>
                    <lemma type="cake"/>
                </token>
                <token content="mix" id="2-14">
                    <pos type="NN"/>
                    <lemma type="mix"/>
                </token>
                <token content="." id="2-15"/>
            </sentence>
            <sentence id="3">
                <token content="The" id="3-1">
                    <pos type="DT"/>
                    <lemma type="the"/>
                </token>
                <token content="box" id="3-2">
                    <pos type="NN"/>
                    <lemma type="box"/>
                    <dep head="3-3" type="nsubj"/>
                </token>
                <token content="said" id="3-3">
                    <pos type="VBD"/>
                    <lemma type="say"/>
                </token>
                <token content="that" id="3-4">
                    <pos type="IN"/>
                    <lemma type="that"/>
                    <dep head="3-7" type="mark"/>
                </token>
                <token content="I" id="3-5">
                    <pos type="PRP"/>
                    <lemma type="I"/>
                    <dep head="3-7" type="nsubj"/>
                </token>
                <token content="would" id="3-6">
                    <pos type="MD"/>
                    <lemma type="would"/>
                    <dep head="3-7" type="aux"/>
                </token>
                <token content="need" id="3-7">
                    <pos type="VB"/>
                    <lemma type="need"/>
                    <dep head="3-3" type="ccomp"/>
                </token>
                <token content="oil" id="3-8">
                    <pos type="NN"/>
                    <lemma type="oil"/>
                    <dep head="3-7" type="dobj"/>
                </token>
                <token content="and" id="3-9"/>
                <token content="eggs" id="3-10">
                    <pos type="NNS"/>
                    <lemma type="egg"/>
                </token>
                <token content="to" id="3-11">
                    <pos type="TO"/>
                    <lemma type="to"/>
                    <dep head="3-12" type="aux"/>
                </token>
                <token content="make" id="3-12">
                    <pos type="VB"/>
                    <lemma type="make"/>
                    <dep head="3-7" type="vmod"/>
                </token>
                <token content="the" id="3-13">
                    <pos type="DT"/>
                    <lemma type="the"/>
                </token>
                <token content="cake" id="3-14">
                    <pos type="NN"/>
                    <lemma type="cake"/>
                    <dep head="3-12" type="dobj"/>
                </token>
                <token content="," id="3-15"/>
                <token content="so" id="3-16">
                    <pos type="IN"/>
                    <lemma type="so"/>
                    <dep head="3-3" type="dep"/>
                </token>
                <token content="I" id="3-17">
                    <pos type="PRP"/>
                    <lemma type="I"/>
                    <dep head="3-18" type="nsubj"/>
                </token>
                <token content="bought" id="3-18">
                    <pos type="VBD"/>
                    <lemma type="buy"/>
                    <dep head="3-3" type="parataxis"/>
                </token>
                <token content="those" id="3-19">
                    <pos type="DT"/>
                    <lemma type="those"/>
                </token>
                <token content="items" id="3-20">
                    <pos type="NNS"/>
                    <lemma type="item"/>
                    <dep head="3-18" type="dobj"/>
                </token>
                <token content="," id="3-21"/>
                <token content="too" id="3-22">
                    <pos type="RB"/>
                    <lemma type="too"/>
                    <dep head="3-18" type="advmod"/>
                </token>
                <token content="." id="3-23"/>
            </sentence>
            <sentence id="4">
                <token content="When" id="4-1">
                    <pos type="WRB"/>
                    <lemma type="when"/>
                    <dep head="4-3" type="advmod"/>
                </token>
                <token content="I" id="4-2">
                    <pos type="PRP"/>
                    <lemma type="I"/>
                    <dep head="4-3" type="nsubj"/>
                </token>
                <token content="got" id="4-3">
                    <pos type="VBD"/>
                    <lemma type="get"/>
                    <dep head="4-7" type="advcl"/>
                </token>
                <token content="home" id="4-4">
                    <pos type="NN"/>
                    <lemma type="home"/>
                    <dep head="4-3" type="dobj"/>
                </token>
                <token content="," id="4-5"/>
                <token content="I" id="4-6">
                    <pos type="PRP"/>
                    <lemma type="I"/>
                    <dep head="4-7" type="nsubj"/>
                </token>
                <token content="followed" id="4-7">
                    <pos type="VBD"/>
                    <lemma type="follow"/>
                </token>
                <token content="the" id="4-8">
                    <pos type="DT"/>
                    <lemma type="the"/>
                </token>
                <token content="instructions" id="4-9">
                    <pos type="NNS"/>
                    <lemma type="instruction"/>
                    <dep head="4-7" type="dobj"/>
                </token>
                <token content="listed" id="4-10">
                    <pos type="VBN"/>
                    <lemma type="list"/>
                </token>
                <token content="on" id="4-11"/>
                <token content="the" id="4-12">
                    <pos type="DT"/>
                    <lemma type="the"/>
                </token>
                <token content="box" id="4-13">
                    <pos type="NN"/>
                    <lemma type="box"/>
                    <dep head="4-10" type="prep"/>
                </token>
                <token content="." id="4-14"/>
            </sentence>
            <sentence id="5">
                <token content="I" id="5-1">
                    <pos type="PRP"/>
                    <lemma type="I"/>
                    <dep head="5-2" type="nsubj"/>
                </token>
                <token content="preheated" id="5-2">
                    <pos type="VBD"/>
                    <lemma type="preheat"/>
                </token>
                <token content="my" id="5-3">
                    <pos type="PRP$"/>
                    <lemma type="my"/>
                </token>
                <token content="oven" id="5-4">
                    <pos type="NN"/>
                    <lemma type="oven"/>
                    <dep head="5-2" type="dobj"/>
                </token>
                <token content="to" id="5-5"/>
                <token content="350" id="5-6">
                    <pos type="CD"/>
                    <lemma type="350"/>
                </token>
                <token content="degrees" id="5-7">
                    <pos type="NNS"/>
                    <lemma type="degree"/>
                    <dep head="5-2" type="prep"/>
                </token>
                <token content="and" id="5-8"/>
                <token content="sprayed" id="5-9">
                    <pos type="VBN"/>
                    <lemma type="spray"/>
                    <dep head="5-2" type="conj"/>
                </token>
                <token content="a" id="5-10">
                    <pos type="DT"/>
                    <lemma type="a"/>
                </token>
                <token content="baking" id="5-11">
                    <pos type="VBG"/>
                    <lemma type="bake"/>
                </token>
                <token content="pan" id="5-12">
                    <pos type="NN"/>
                    <lemma type="pan"/>
                    <dep head="5-9" type="dobj"/>
                </token>
                <token content="with" id="5-13"/>
                <token content="cooking" id="5-14">
                    <pos type="JJ"/>
                    <lemma type="cooking"/>
                </token>
                <token content="spray" id="5-15">
                    <pos type="NN"/>
                    <lemma type="spray"/>
                </token>
                <token content="." id="5-16"/>
            </sentence>
            <sentence id="6">
                <token content="I" id="6-1">
                    <pos type="PRP"/>
                    <lemma type="I"/>
                    <dep head="6-2" type="nsubj"/>
                </token>
                <token content="mixed" id="6-2">
                    <pos type="VBN"/>
                    <lemma type="mix"/>
                </token>
                <token content="together" id="6-3">
                    <pos type="RP"/>
                    <lemma type="together"/>
                    <dep head="6-2" type="prt"/>
                </token>
                <token content="the" id="6-4">
                    <pos type="DT"/>
                    <lemma type="the"/>
                </token>
                <token content="cake" id="6-5">
                    <pos type="NN"/>
                    <lemma type="cake"/>
                </token>
                <token content="mix" id="6-6">
                    <pos type="NN"/>
                    <lemma type="mix"/>
                    <dep head="6-2" type="dobj"/>
                </token>
                <token content="," id="6-7"/>
                <token content="oil" id="6-8">
                    <pos type="NN"/>
                    <lemma type="oil"/>
                </token>
                <token content="and" id="6-9"/>
                <token content="eggs" id="6-10">
                    <pos type="NNS"/>
                    <lemma type="egg"/>
                </token>
                <token content="." id="6-11"/>
            </sentence>
            <sentence id="7">
                <token content="Once" id="7-1">
                    <pos type="IN"/>
                    <lemma type="once"/>
                    <dep head="7-4" type="mark"/>
                </token>
                <token content="it" id="7-2">
                    <pos type="PRP"/>
                    <lemma type="it"/>
                    <dep head="7-4" type="nsubjpass"/>
                </token>
                <token content="was" id="7-3">
                    <pos type="VBD"/>
                    <lemma type="be"/>
                    <dep head="7-4" type="auxpass"/>
                </token>
                <token content="mixed" id="7-4">
                    <pos type="VBN"/>
                    <lemma type="mix"/>
                    <dep head="7-9" type="advcl"/>
                </token>
                <token content="really" id="7-5">
                    <pos type="RB"/>
                    <lemma type="really"/>
                    <dep head="7-4" type="advmod"/>
                </token>
                <token content="well" id="7-6">
                    <pos type="RB"/>
                    <lemma type="well"/>
                    <dep head="7-4" type="advmod"/>
                </token>
                <token content="," id="7-7"/>
                <token content="I" id="7-8">
                    <pos type="PRP"/>
                    <lemma type="I"/>
                    <dep head="7-9" type="nsubj"/>
                </token>
                <token content="poured" id="7-9">
                    <pos type="VBD"/>
                    <lemma type="pour"/>
                </token>
                <token content="the" id="7-10">
                    <pos type="DT"/>
                    <lemma type="the"/>
                </token>
                <token content="cake" id="7-11">
                    <pos type="NN"/>
                    <lemma type="cake"/>
                </token>
                <token content="batter" id="7-12">
                    <pos type="NN"/>
                    <lemma type="batter"/>
                    <dep head="7-9" type="dobj"/>
                </token>
                <token content="into" id="7-13"/>
                <token content="a" id="7-14">
                    <pos type="DT"/>
                    <lemma type="a"/>
                </token>
                <token content="pan" id="7-15">
                    <pos type="NN"/>
                    <lemma type="pan"/>
                    <dep head="7-9" type="prep"/>
                </token>
                <token content="." id="7-16"/>
            </sentence>
            <sentence id="8">
                <token content="I" id="8-1">
                    <pos type="PRP"/>
                    <lemma type="I"/>
                    <dep head="8-2" type="nsubj"/>
                </token>
                <token content="put" id="8-2">
                    <pos type="VBD"/>
                    <lemma type="put"/>
                </token>
                <token content="the" id="8-3">
                    <pos type="DT"/>
                    <lemma type="the"/>
                </token>
                <token content="pan" id="8-4">
                    <pos type="NN"/>
                    <lemma type="pan"/>
                    <dep head="8-2" type="dobj"/>
                </token>
                <token content="into" id="8-5"/>
                <token content="the" id="8-6">
                    <pos type="DT"/>
                    <lemma type="the"/>
                </token>
                <token content="oven" id="8-7">
                    <pos type="NN"/>
                    <lemma type="oven"/>
                    <dep head="8-2" type="prep"/>
                </token>
                <token content="and" id="8-8"/>
                <token content="set" id="8-9">
                    <pos type="VBD"/>
                    <lemma type="set"/>
                    <dep head="8-2" type="conj"/>
                </token>
                <token content="a" id="8-10">
                    <pos type="DT"/>
                    <lemma type="a"/>
                </token>
                <token content="timer" id="8-11">
                    <pos type="NN"/>
                    <lemma type="timer"/>
                    <dep head="8-9" type="dobj"/>
                </token>
                <token content="." id="8-12"/>
            </sentence>
            <sentence id="9">
                <token content="When" id="9-1">
                    <pos type="WRB"/>
                    <lemma type="when"/>
                    <dep head="9-4" type="advmod"/>
                </token>
                <token content="the" id="9-2">
                    <pos type="DT"/>
                    <lemma type="the"/>
                </token>
                <token content="timer" id="9-3">
                    <pos type="NN"/>
                    <lemma type="timer"/>
                    <dep head="9-4" type="nsubj"/>
                </token>
                <token content="went" id="9-4">
                    <pos type="VBD"/>
                    <lemma type="go"/>
                    <dep head="9-8" type="advcl"/>
                </token>
                <token content="off" id="9-5">
                    <pos type="RP"/>
                    <lemma type="off"/>
                    <dep head="9-4" type="prt"/>
                </token>
                <token content="," id="9-6"/>
                <token content="I" id="9-7">
                    <pos type="PRP"/>
                    <lemma type="I"/>
                    <dep head="9-8" type="nsubj"/>
                </token>
                <token content="took" id="9-8">
                    <pos type="VBD"/>
                    <lemma type="take"/>
                </token>
                <token content="my" id="9-9">
                    <pos type="PRP$"/>
                    <lemma type="my"/>
                </token>
                <token content="cake" id="9-10">
                    <pos type="NN"/>
                    <lemma type="cake"/>
                    <dep head="9-8" type="dobj"/>
                </token>
                <token content="out" id="9-11"/>
                <token content="of" id="9-12"/>
                <token content="the" id="9-13">
                    <pos type="DT"/>
                    <lemma type="the"/>
                </token>
                <token content="oven" id="9-14">
                    <pos type="NN"/>
                    <lemma type="oven"/>
                    <dep head="9-8" type="prep"/>
                </token>
                <token content="." id="9-15"/>
            </sentence>
            <sentence id="10">
                <token content="It" id="10-1">
                    <pos type="PRP"/>
                    <lemma type="it"/>
                    <dep head="10-2" type="nsubj"/>
                </token>
                <token content="looked" id="10-2">
                    <pos type="VBD"/>
                    <lemma type="look"/>
                </token>
                <token content="and" id="10-3"/>
                <token content="smelled" id="10-4">
                    <pos type="VBD"/>
                    <lemma type="smell"/>
                    <dep head="10-2" type="conj"/>
                </token>
                <token content="great" id="10-5">
                    <pos type="JJ"/>
                    <lemma type="great"/>
                    <dep head="10-4" type="acomp"/>
                </token>
                <token content="." id="10-6"/>
            </sentence>
            <sentence id="11">
                <token content="After" id="11-1">
                    <pos type="IN"/>
                    <lemma type="after"/>
                    <dep head="11-3" type="mark"/>
                </token>
                <token content="it" id="11-2">
                    <pos type="PRP"/>
                    <lemma type="it"/>
                    <dep head="11-3" type="nsubj"/>
                </token>
                <token content="cooled" id="11-3">
                    <pos type="VBD"/>
                    <lemma type="cool"/>
                    <dep head="11-7" type="advcl"/>
                </token>
                <token content="off" id="11-4">
                    <pos type="RP"/>
                    <lemma type="off"/>
                    <dep head="11-3" type="prt"/>
                </token>
                <token content="," id="11-5"/>
                <token content="I" id="11-6">
                    <pos type="PRP"/>
                    <lemma type="I"/>
                    <dep head="11-7" type="nsubj"/>
                </token>
                <token content="put" id="11-7">
                    <pos type="VBD"/>
                    <lemma type="put"/>
                </token>
                <token content="vanilla" id="11-8">
                    <pos type="NN"/>
                    <lemma type="vanilla"/>
                </token>
                <token content="frosting" id="11-9">
                    <pos type="JJ"/>
                    <lemma type="frosting"/>
                    <dep head="11-7" type="acomp"/>
                </token>
                <token content="on" id="11-10"/>
                <token content="the" id="11-11">
                    <pos type="DT"/>
                    <lemma type="the"/>
                </token>
                <token content="cake" id="11-12">
                    <pos type="NN"/>
                    <lemma type="cake"/>
                    <dep head="11-7" type="prep"/>
                </token>
                <token content="." id="11-13"/>
            </sentence>
            <sentence id="12">
                <token content="My" id="12-1">
                    <pos type="PRP$"/>
                    <lemma type="my"/>
                </token>
                <token content="husband" id="12-2">
                    <pos type="NN"/>
                    <lemma type="husband"/>
                    <dep head="12-3" type="nsubj"/>
                </token>
                <token content="enjoyed" id="12-3">
                    <pos type="VBD"/>
                    <lemma type="enjoy"/>
                </token>
                <token content="his" id="12-4">
                    <pos type="PRP$"/>
                    <lemma type="he"/>
                </token>
                <token content="cake" id="12-5">
                    <pos type="NN"/>
                    <lemma type="cake"/>
                    <dep head="12-3" type="dobj"/>
                </token>
                <token content="very" id="12-6">
                    <pos type="RB"/>
                    <lemma type="very"/>
                </token>
                <token content="much" id="12-7">
                    <pos type="RB"/>
                    <lemma type="much"/>
                    <dep head="12-3" type="advmod"/>
                </token>
                <token content="." id="12-8"/>
            </sentence>
        </sentences>
    </text>
    <annotations>
        <participants>
            <label from="1-1" id="0" name="ScrPart_cook" text="I" type="participant"/>
            <label from="1-6" id="1" name="ScrPart_cake" text="cake" type="participant"/>
            <label from="1-8" id="2" name="ScrPart_cook" text="my" type="participant"/>
            <label from="1-9" id="3" name="ScrPart_beneficiary" text="husband" type="participant"/>
            <label from="1-11" id="4" name="ScrPart_beneficiary" text="his" type="participant"/>
            <label from="1-12" id="5" name="NPart" text="birthday" type="participant"/>
            <label from="1-15" id="6" name="ScrPart_cook" text="I" type="participant"/>
            <label from="1-22" id="7" name="No_label" text="it" type="participant"/>
            <label from="2-1" id="8" name="ScrPart_cook" text="I" type="participant"/>
            <label from="2-7" id="9" name="ScrPart_store" text="store" type="participant"/>
            <label from="2-11" id="10" name="ScrPart_baking_instructions" text="box" type="participant"/>
            <label from="2-13" id="11" name="ScrPart_ingredients" text="cake mix" to="2-14" type="participant"/>
            <label from="2-14" id="12" name="ScrPart_ingredients" text="mix" type="participant"/>
            <label from="3-2" id="13" name="ScrPart_baking_instructions" text="box" type="participant"/>
            <label from="3-5" id="14" name="ScrPart_cook" text="I" type="participant"/>
            <label from="3-8" id="15" name="ScrPart_ingredients" text="oil" type="participant"/>
            <label from="3-10" id="16" name="ScrPart_ingredients" text="eggs" type="participant"/>
            <label from="3-14" id="17" name="ScrPart_cake" text="cake" type="participant"/>
            <label from="3-17" id="18" name="ScrPart_cook" text="I" type="participant"/>
            <label from="3-20" id="19" name="ScrPart_ingredients" text="items" type="participant"/>
            <label from="4-2" id="20" name="ScrPart_cook" text="I" type="participant"/>
            <label from="4-4" id="21" name="ScrPart_kitchen/location" text="home" type="participant"/>
            <label from="4-6" id="22" name="ScrPart_cook" text="I" type="participant"/>
            <label from="4-9" id="23" name="ScrPart_baking_instructions" text="instructions" type="participant"/>
            <label from="4-13" id="24" name="ScrPart_baking_instructions" text="box" type="participant"/>
            <label from="5-1" id="25" name="ScrPart_cook" text="I" type="participant"/>
            <label from="5-3" id="26" name="ScrPart_cook" text="my" type="participant"/>
            <label from="5-4" id="27" name="ScrPart_oven" text="oven" type="participant"/>
            <label from="5-7" id="28" name="ScrPart_temperature" text="degrees" type="participant"/>
            <label from="5-11" id="29" name="ScrPart_cake_tin" text="baking pan" to="5-12" type="participant"/>
            <label from="5-12" id="30" name="ScrPart_cake_tin" text="pan" type="participant"/>
            <label from="5-14" id="31" name="ScrPart_ingredients" text="cooking spray" to="5-15" type="participant"/>
            <label from="5-15" id="32" name="ScrPart_ingredients" text="spray" type="participant"/>
            <label from="6-1" id="33" name="ScrPart_cook" text="I" type="participant"/>
            <label from="6-5" id="34" name="ScrPart_ingredients" text="cake mix" to="6-6" type="participant"/>
            <label from="6-6" id="35" name="ScrPart_ingredients" text="mix" type="participant"/>
            <label from="6-8" id="36" name="ScrPart_ingredients" text="oil" type="participant"/>
            <label from="6-10" id="37" name="ScrPart_ingredients" text="eggs" type="participant"/>
            <label from="7-2" id="38" name="ScrPart_dough" text="it" type="participant"/>
            <label from="7-8" id="39" name="ScrPart_cook" text="I" type="participant"/>
            <label from="7-11" id="40" name="ScrPart_dough" text="cake batter" to="7-12" type="participant"/>
            <label from="7-12" id="41" name="ScrPart_dough" text="batter" type="participant"/>
            <label from="7-15" id="42" name="ScrPart_cake_tin" text="pan" type="participant"/>
            <label from="8-1" id="43" name="ScrPart_cook" text="I" type="participant"/>
            <label from="8-4" id="44" name="ScrPart_cake_tin" text="pan" type="participant"/>
            <label from="8-7" id="45" name="ScrPart_oven" text="oven" type="participant"/>
            <label from="8-11" id="46" name="ScrPart_timer" text="timer" type="participant"/>
            <label from="9-3" id="47" name="ScrPart_timer" text="timer" type="participant"/>
            <label from="9-7" id="48" name="ScrPart_cook" text="I" type="participant"/>
            <label from="9-9" id="49" name="ScrPart_cook" text="my" type="participant"/>
            <label from="9-10" id="50" name="ScrPart_cake" text="cake" type="participant"/>
            <label from="9-14" id="51" name="ScrPart_oven" text="oven" type="participant"/>
            <label from="10-1" id="52" name="ScrPart_cake" text="It" type="participant"/>
            <label from="11-2" id="53" name="ScrPart_cake" text="it" type="participant"/>
            <label from="11-6" id="54" name="ScrPart_cook" text="I" type="participant"/>
            <label from="11-8" id="55" name="ScrPart_ingredients" text="vanilla frosting" to="11-9" type="participant"/>
            <label from="11-9" id="56" name="ScrPart_ingredients" text="frosting" type="participant"/>
            <label from="11-12" id="57" name="ScrPart_cake" text="cake" type="participant"/>
            <label from="12-1" id="58" name="ScrPart_cook" text="My" type="participant"/>
            <label from="12-2" id="59" name="ScrPart_beneficiary" text="husband" type="participant"/>
            <label from="12-4" id="60" name="ScrPart_beneficiary" text="his" type="participant"/>
            <label from="12-5" id="61" name="ScrPart_cake" text="cake" type="participant"/>
        </participants>
        <events>
            <label from="1-2" id="62" name="UnrelEv" text="wanted" type="event"/>
            <label from="1-4" id="63" name="Evoking" text="bake a cake" to="1-6" type="event"/>
            <label from="1-16" id="64" name="UnrelEv" text="was" type="event"/>
            <label from="1-21" id="65" name="UnrelEv" text="do" type="event"/>
            <label from="2-2" id="66" name="UnrelEv" text="decided" type="event"/>
            <label from="2-4" id="67" name="ScrEv_get_ingredients" text="go to" to="2-5" type="event"/>
            <label from="2-9" id="68" name="ScrEv_get_ingredients" text="buy" type="event"/>
            <label from="3-3" id="69" name="UnrelEv" text="said" type="event"/>
            <label from="3-7" id="70" name="UnrelEv" text="need" type="event"/>
            <label from="3-12" id="71" name="Evoking" text="make the cake" to="3-14" type="event"/>
            <label from="3-18" id="72" name="ScrEv_get_ingredients" text="bought" type="event"/>
            <label from="4-3" id="73" name="RelNScrEv" text="got" type="event"/>
            <label from="4-7" id="74" name="UnrelEv" text="followed" type="event"/>
            <label from="4-10" id="75" name="UnrelEv" text="listed" type="event"/>
            <label from="5-2" id="76" name="ScrEv_preheat" text="preheated" type="event"/>
            <label from="5-9" id="77" name="ScrEv_grease_cake_tin" text="sprayed" type="event"/>
            <label from="6-2" id="78" name="ScrEv_make_dough" text="mixed together" to="6-3" type="event"/>
            <label from="7-4" id="79" name="ScrEv_make_dough" text="mixed" type="event"/>
            <label from="7-9" id="80" name="ScrEv_pour_dough" text="poured" type="event"/>
            <label from="8-2" id="81" name="ScrEv_put_cake_oven" text="put" type="event"/>
            <label from="8-9" id="82" name="ScrEv_set_time" text="set" type="event"/>
            <label from="9-4" id="83" name="RelNScrEv" text="went off" to="9-5" type="event"/>
            <label from="9-8" id="84" name="ScrEv_take_out_oven" text="took" type="event"/>
            <label from="10-2" id="85" name="UnrelEv" text="looked" type="event"/>
            <label from="10-4" id="86" name="UnrelEv" text="smelled" type="event"/>
            <label from="11-3" id="87" name="ScrEv_cool_down" text="cooled off" to="11-4" type="event"/>
            <label from="11-7" id="88" name="ScrEv_decorate" text="put" type="event"/>
            <label from="12-3" id="89" name="ScrEv_eat" text="enjoyed" type="event"/>
        </events>
        <chains>
            <chain elements="0 2 6 8 14 18 20 22 25 26 33 39 43 48 49 54 58"/>
            <chain elements="3 4 59 60"/>
            <chain elements="10 13 23 24"/>
            <chain elements="19 15 16" name="group_oil_eggs"/>
            <chain elements="1 17 50 52 53 57 61"/>
            <chain elements="12 35"/>
            <chain elements="15 36"/>
            <chain elements="16 37"/>
            <chain elements="38 41"/>
            <chain elements="30 42 44"/>
            <chain elements="27 45 51"/>
            <chain elements="46 47"/>
        </chains>
    </annotations>
</story>
