<?xml version="1.0" encoding="UTF-8" standalone="no"?>
<!DOCTYPE story SYSTEM "../InScript.dtd">
<story id="022" scenario="cake">
    <text>
        <content>For Christmas last year , my family had a very big get together and everyone was tasked with making and\/or bringing a food item . 
I did n't know what to bring , so I simply asked my Aunt what she would like . 
She told me that she would love a cake , as there was a shortage of people bringing dessert . 
I figured that I should bake it myself since I do not bake fairly often . 
I looked throughout my pantry and realized I had everything I needed . 
I went ahead and made it the evening before using all of the ingredients . 
I mixed the flour , sugar , water , eggs and even made my own frosting and did n't use one from a can . 
It turned out very moist , sweet and very good tasting . 
The next day I brought the cake over to my family gathering and it was a big hit . 
Everyone seemed to enjoy it . 
Afterwards , my aunt and other family members thanked me very much . 
I was very happy with myself . </content>
        <sentences>
            <sentence id="1">
                <token content="For" id="1-1"/>
                <token content="Christmas" id="1-2">
                    <pos type="NNP"/>
                    <lemma type="Christmas"/>
                    <dep head="1-8" type="prep"/>
                </token>
                <token content="last" id="1-3">
                    <pos type="JJ"/>
                    <lemma type="last"/>
                </token>
                <token content="year" id="1-4">
                    <pos type="NN"/>
                    <lemma type="year"/>
                    <dep head="1-8" type="tmod"/>
                </token>
                <token content="," id="1-5"/>
                <token content="my" id="1-6">
                    <pos type="PRP$"/>
                    <lemma type="my"/>
                </token>
                <token content="family" id="1-7">
                    <pos type="NN"/>
                    <lemma type="family"/>
                    <dep head="1-8" type="nsubj"/>
                </token>
                <token content="had" id="1-8">
                    <pos type="VBD"/>
                    <lemma type="have"/>
                </token>
                <token content="a" id="1-9">
                    <pos type="DT"/>
                    <lemma type="a"/>
                </token>
                <token content="very" id="1-10">
                    <pos type="RB"/>
                    <lemma type="very"/>
                </token>
                <token content="big" id="1-11">
                    <pos type="JJ"/>
                    <lemma type="big"/>
                    <dep head="1-12" type="nsubj"/>
                </token>
                <token content="get" id="1-12">
                    <pos type="VBP"/>
                    <lemma type="get"/>
                    <dep head="1-8" type="dep"/>
                </token>
                <token content="together" id="1-13">
                    <pos type="RB"/>
                    <lemma type="together"/>
                    <dep head="1-12" type="advmod"/>
                </token>
                <token content="and" id="1-14"/>
                <token content="everyone" id="1-15">
                    <pos type="NN"/>
                    <lemma type="everyone"/>
                    <dep head="1-17" type="nsubjpass"/>
                </token>
                <token content="was" id="1-16">
                    <pos type="VBD"/>
                    <lemma type="be"/>
                    <dep head="1-17" type="auxpass"/>
                </token>
                <token content="tasked" id="1-17">
                    <pos type="VBN"/>
                    <lemma type="task"/>
                    <dep head="1-12" type="conj"/>
                </token>
                <token content="with" id="1-18"/>
                <token content="making" id="1-19">
                    <pos type="VBG"/>
                    <lemma type="make"/>
                    <dep head="1-17" type="prepc"/>
                </token>
                <token content="and\/or" id="1-20">
                    <pos type="NN"/>
                    <lemma type="and\/or"/>
                    <dep head="1-19" type="dobj"/>
                </token>
                <token content="bringing" id="1-21">
                    <pos type="VBG"/>
                    <lemma type="bring"/>
                    <dep head="1-19" type="vmod"/>
                </token>
                <token content="a" id="1-22">
                    <pos type="DT"/>
                    <lemma type="a"/>
                </token>
                <token content="food" id="1-23">
                    <pos type="NN"/>
                    <lemma type="food"/>
                </token>
                <token content="item" id="1-24">
                    <pos type="NN"/>
                    <lemma type="item"/>
                    <dep head="1-21" type="dobj"/>
                </token>
                <token content="." id="1-25"/>
            </sentence>
            <sentence id="2">
                <token content="I" id="2-1">
                    <pos type="PRP"/>
                    <lemma type="I"/>
                    <dep head="2-4" type="nsubj"/>
                </token>
                <token content="did" id="2-2">
                    <pos type="VBD"/>
                    <lemma type="do"/>
                    <dep head="2-4" type="aux"/>
                </token>
                <token content="n't" id="2-3">
                    <pos type="RB"/>
                    <lemma type="not"/>
                    <dep head="2-4" type="neg"/>
                </token>
                <token content="know" id="2-4">
                    <pos type="VB"/>
                    <lemma type="know"/>
                </token>
                <token content="what" id="2-5">
                    <pos type="WP"/>
                    <lemma type="what"/>
                    <dep head="2-7" type="nsubj"/>
                </token>
                <token content="to" id="2-6">
                    <pos type="TO"/>
                    <lemma type="to"/>
                    <dep head="2-7" type="aux"/>
                </token>
                <token content="bring" id="2-7">
                    <pos type="VB"/>
                    <lemma type="bring"/>
                    <dep head="2-4" type="ccomp"/>
                </token>
                <token content="," id="2-8"/>
                <token content="so" id="2-9">
                    <pos type="IN"/>
                    <lemma type="so"/>
                    <dep head="2-4" type="dep"/>
                </token>
                <token content="I" id="2-10">
                    <pos type="PRP"/>
                    <lemma type="I"/>
                    <dep head="2-12" type="nsubj"/>
                </token>
                <token content="simply" id="2-11">
                    <pos type="RB"/>
                    <lemma type="simply"/>
                    <dep head="2-12" type="advmod"/>
                </token>
                <token content="asked" id="2-12">
                    <pos type="VBD"/>
                    <lemma type="ask"/>
                    <dep head="2-4" type="parataxis"/>
                </token>
                <token content="my" id="2-13">
                    <pos type="PRP$"/>
                    <lemma type="my"/>
                </token>
                <token content="Aunt" id="2-14">
                    <pos type="NN"/>
                    <lemma type="aunt"/>
                    <dep head="2-12" type="dobj"/>
                </token>
                <token content="what" id="2-15">
                    <pos type="WP"/>
                    <lemma type="what"/>
                    <dep head="2-18" type="dobj"/>
                </token>
                <token content="she" id="2-16">
                    <pos type="PRP"/>
                    <lemma type="she"/>
                    <dep head="2-18" type="nsubj"/>
                </token>
                <token content="would" id="2-17">
                    <pos type="MD"/>
                    <lemma type="would"/>
                    <dep head="2-18" type="aux"/>
                </token>
                <token content="like" id="2-18">
                    <pos type="VB"/>
                    <lemma type="like"/>
                    <dep head="2-12" type="dep"/>
                </token>
                <token content="." id="2-19"/>
            </sentence>
            <sentence id="3">
                <token content="She" id="3-1">
                    <pos type="PRP"/>
                    <lemma type="she"/>
                    <dep head="3-2" type="nsubj"/>
                </token>
                <token content="told" id="3-2">
                    <pos type="VBD"/>
                    <lemma type="tell"/>
                </token>
                <token content="me" id="3-3">
                    <pos type="PRP"/>
                    <lemma type="I"/>
                    <dep head="3-2" type="dobj"/>
                </token>
                <token content="that" id="3-4">
                    <pos type="IN"/>
                    <lemma type="that"/>
                    <dep head="3-7" type="mark"/>
                </token>
                <token content="she" id="3-5">
                    <pos type="PRP"/>
                    <lemma type="she"/>
                    <dep head="3-7" type="nsubj"/>
                </token>
                <token content="would" id="3-6">
                    <pos type="MD"/>
                    <lemma type="would"/>
                    <dep head="3-7" type="aux"/>
                </token>
                <token content="love" id="3-7">
                    <pos type="VB"/>
                    <lemma type="love"/>
                    <dep head="3-2" type="ccomp"/>
                </token>
                <token content="a" id="3-8">
                    <pos type="DT"/>
                    <lemma type="a"/>
                </token>
                <token content="cake" id="3-9">
                    <pos type="NN"/>
                    <lemma type="cake"/>
                    <dep head="3-7" type="dobj"/>
                </token>
                <token content="," id="3-10"/>
                <token content="as" id="3-11">
                    <pos type="IN"/>
                    <lemma type="as"/>
                    <dep head="3-13" type="mark"/>
                </token>
                <token content="there" id="3-12">
                    <pos type="EX"/>
                    <lemma type="there"/>
                    <dep head="3-13" type="expl"/>
                </token>
                <token content="was" id="3-13">
                    <pos type="VBD"/>
                    <lemma type="be"/>
                    <dep head="3-7" type="advcl"/>
                </token>
                <token content="a" id="3-14">
                    <pos type="DT"/>
                    <lemma type="a"/>
                </token>
                <token content="shortage" id="3-15">
                    <pos type="NN"/>
                    <lemma type="shortage"/>
                    <dep head="3-13" type="nsubj"/>
                </token>
                <token content="of" id="3-16"/>
                <token content="people" id="3-17">
                    <pos type="NNS"/>
                    <lemma type="people"/>
                </token>
                <token content="bringing" id="3-18">
                    <pos type="VBG"/>
                    <lemma type="bring"/>
                </token>
                <token content="dessert" id="3-19">
                    <pos type="NN"/>
                    <lemma type="dessert"/>
                    <dep head="3-18" type="dobj"/>
                </token>
                <token content="." id="3-20"/>
            </sentence>
            <sentence id="4">
                <token content="I" id="4-1">
                    <pos type="PRP"/>
                    <lemma type="I"/>
                    <dep head="4-2" type="nsubj"/>
                </token>
                <token content="figured" id="4-2">
                    <pos type="VBD"/>
                    <lemma type="figure"/>
                </token>
                <token content="that" id="4-3">
                    <pos type="IN"/>
                    <lemma type="that"/>
                    <dep head="4-6" type="mark"/>
                </token>
                <token content="I" id="4-4">
                    <pos type="PRP"/>
                    <lemma type="I"/>
                    <dep head="4-6" type="nsubj"/>
                </token>
                <token content="should" id="4-5">
                    <pos type="MD"/>
                    <lemma type="should"/>
                    <dep head="4-6" type="aux"/>
                </token>
                <token content="bake" id="4-6">
                    <pos type="VB"/>
                    <lemma type="bake"/>
                    <dep head="4-2" type="ccomp"/>
                </token>
                <token content="it" id="4-7">
                    <pos type="PRP"/>
                    <lemma type="it"/>
                </token>
                <token content="myself" id="4-8">
                    <pos type="PRP"/>
                    <lemma type="myself"/>
                    <dep head="4-6" type="xcomp"/>
                </token>
                <token content="since" id="4-9">
                    <pos type="IN"/>
                    <lemma type="since"/>
                    <dep head="4-13" type="mark"/>
                </token>
                <token content="I" id="4-10">
                    <pos type="PRP"/>
                    <lemma type="I"/>
                    <dep head="4-13" type="nsubj"/>
                </token>
                <token content="do" id="4-11">
                    <pos type="VBP"/>
                    <lemma type="do"/>
                    <dep head="4-13" type="aux"/>
                </token>
                <token content="not" id="4-12">
                    <pos type="RB"/>
                    <lemma type="not"/>
                    <dep head="4-13" type="neg"/>
                </token>
                <token content="bake" id="4-13">
                    <pos type="VB"/>
                    <lemma type="bake"/>
                    <dep head="4-6" type="advcl"/>
                </token>
                <token content="fairly" id="4-14">
                    <pos type="RB"/>
                    <lemma type="fairly"/>
                </token>
                <token content="often" id="4-15">
                    <pos type="RB"/>
                    <lemma type="often"/>
                    <dep head="4-13" type="advmod"/>
                </token>
                <token content="." id="4-16"/>
            </sentence>
            <sentence id="5">
                <token content="I" id="5-1">
                    <pos type="PRP"/>
                    <lemma type="I"/>
                    <dep head="5-2" type="nsubj"/>
                </token>
                <token content="looked" id="5-2">
                    <pos type="VBD"/>
                    <lemma type="look"/>
                </token>
                <token content="throughout" id="5-3"/>
                <token content="my" id="5-4">
                    <pos type="PRP$"/>
                    <lemma type="my"/>
                </token>
                <token content="pantry" id="5-5">
                    <pos type="NN"/>
                    <lemma type="pantry"/>
                    <dep head="5-2" type="prep"/>
                </token>
                <token content="and" id="5-6"/>
                <token content="realized" id="5-7">
                    <pos type="VBD"/>
                    <lemma type="realize"/>
                    <dep head="5-2" type="conj"/>
                </token>
                <token content="I" id="5-8">
                    <pos type="PRP"/>
                    <lemma type="I"/>
                    <dep head="5-9" type="nsubj"/>
                </token>
                <token content="had" id="5-9">
                    <pos type="VBD"/>
                    <lemma type="have"/>
                    <dep head="5-7" type="ccomp"/>
                </token>
                <token content="everything" id="5-10">
                    <pos type="NN"/>
                    <lemma type="everything"/>
                    <dep head="5-9" type="dobj"/>
                </token>
                <token content="I" id="5-11">
                    <pos type="PRP"/>
                    <lemma type="I"/>
                    <dep head="5-12" type="nsubj"/>
                </token>
                <token content="needed" id="5-12">
                    <pos type="VBD"/>
                    <lemma type="need"/>
                </token>
                <token content="." id="5-13"/>
            </sentence>
            <sentence id="6">
                <token content="I" id="6-1">
                    <pos type="PRP"/>
                    <lemma type="I"/>
                    <dep head="6-2" type="nsubj"/>
                </token>
                <token content="went" id="6-2">
                    <pos type="VBD"/>
                    <lemma type="go"/>
                </token>
                <token content="ahead" id="6-3">
                    <pos type="RB"/>
                    <lemma type="ahead"/>
                    <dep head="6-2" type="advmod"/>
                </token>
                <token content="and" id="6-4"/>
                <token content="made" id="6-5">
                    <pos type="VBD"/>
                    <lemma type="make"/>
                    <dep head="6-2" type="conj"/>
                </token>
                <token content="it" id="6-6">
                    <pos type="PRP"/>
                    <lemma type="it"/>
                    <dep head="6-5" type="dobj"/>
                </token>
                <token content="the" id="6-7">
                    <pos type="DT"/>
                    <lemma type="the"/>
                </token>
                <token content="evening" id="6-8">
                    <pos type="NN"/>
                    <lemma type="evening"/>
                    <dep head="6-5" type="tmod"/>
                </token>
                <token content="before" id="6-9"/>
                <token content="using" id="6-10">
                    <pos type="VBG"/>
                    <lemma type="use"/>
                    <dep head="6-5" type="prepc"/>
                </token>
                <token content="all" id="6-11">
                    <pos type="DT"/>
                    <lemma type="all"/>
                    <dep head="6-10" type="dobj"/>
                </token>
                <token content="of" id="6-12"/>
                <token content="the" id="6-13">
                    <pos type="DT"/>
                    <lemma type="the"/>
                </token>
                <token content="ingredients" id="6-14">
                    <pos type="NNS"/>
                    <lemma type="ingredient"/>
                </token>
                <token content="." id="6-15"/>
            </sentence>
            <sentence id="7">
                <token content="I" id="7-1">
                    <pos type="PRP"/>
                    <lemma type="I"/>
                    <dep head="7-2" type="nsubj"/>
                </token>
                <token content="mixed" id="7-2">
                    <pos type="VBN"/>
                    <lemma type="mix"/>
                </token>
                <token content="the" id="7-3">
                    <pos type="DT"/>
                    <lemma type="the"/>
                </token>
                <token content="flour" id="7-4">
                    <pos type="NN"/>
                    <lemma type="flour"/>
                    <dep head="7-2" type="dobj"/>
                </token>
                <token content="," id="7-5"/>
                <token content="sugar" id="7-6">
                    <pos type="NN"/>
                    <lemma type="sugar"/>
                </token>
                <token content="," id="7-7"/>
                <token content="water" id="7-8">
                    <pos type="NN"/>
                    <lemma type="water"/>
                </token>
                <token content="," id="7-9"/>
                <token content="eggs" id="7-10">
                    <pos type="NNS"/>
                    <lemma type="egg"/>
                </token>
                <token content="and" id="7-11"/>
                <token content="even" id="7-12">
                    <pos type="RB"/>
                    <lemma type="even"/>
                    <dep head="7-13" type="advmod"/>
                </token>
                <token content="made" id="7-13">
                    <pos type="VBN"/>
                    <lemma type="make"/>
                    <dep head="7-2" type="conj"/>
                </token>
                <token content="my" id="7-14">
                    <pos type="PRP$"/>
                    <lemma type="my"/>
                </token>
                <token content="own" id="7-15">
                    <pos type="JJ"/>
                    <lemma type="own"/>
                </token>
                <token content="frosting" id="7-16">
                    <pos type="NN"/>
                    <lemma type="frosting"/>
                    <dep head="7-13" type="dobj"/>
                </token>
                <token content="and" id="7-17"/>
                <token content="did" id="7-18">
                    <pos type="VBD"/>
                    <lemma type="do"/>
                    <dep head="7-20" type="aux"/>
                </token>
                <token content="n't" id="7-19">
                    <pos type="RB"/>
                    <lemma type="not"/>
                    <dep head="7-20" type="neg"/>
                </token>
                <token content="use" id="7-20">
                    <pos type="VB"/>
                    <lemma type="use"/>
                    <dep head="7-2" type="conj"/>
                </token>
                <token content="one" id="7-21">
                    <pos type="CD"/>
                    <lemma type="one"/>
                    <dep head="7-20" type="dobj"/>
                </token>
                <token content="from" id="7-22"/>
                <token content="a" id="7-23">
                    <pos type="DT"/>
                    <lemma type="a"/>
                </token>
                <token content="can" id="7-24">
                    <pos type="NN"/>
                    <lemma type="can"/>
                    <dep head="7-20" type="prep"/>
                </token>
                <token content="." id="7-25"/>
            </sentence>
            <sentence id="8">
                <token content="It" id="8-1">
                    <pos type="PRP"/>
                    <lemma type="it"/>
                    <dep head="8-2" type="nsubj"/>
                </token>
                <token content="turned" id="8-2">
                    <pos type="VBD"/>
                    <lemma type="turn"/>
                </token>
                <token content="out" id="8-3">
                    <pos type="RP"/>
                    <lemma type="out"/>
                    <dep head="8-2" type="prt"/>
                </token>
                <token content="very" id="8-4">
                    <pos type="RB"/>
                    <lemma type="very"/>
                </token>
                <token content="moist" id="8-5">
                    <pos type="JJ"/>
                    <lemma type="moist"/>
                    <dep head="8-2" type="dep"/>
                </token>
                <token content="," id="8-6"/>
                <token content="sweet" id="8-7">
                    <pos type="JJ"/>
                    <lemma type="sweet"/>
                </token>
                <token content="and" id="8-8"/>
                <token content="very" id="8-9">
                    <pos type="RB"/>
                    <lemma type="very"/>
                </token>
                <token content="good" id="8-10">
                    <pos type="JJ"/>
                    <lemma type="good"/>
                </token>
                <token content="tasting" id="8-11">
                    <pos type="NN"/>
                    <lemma type="tasting"/>
                </token>
                <token content="." id="8-12"/>
            </sentence>
            <sentence id="9">
                <token content="The" id="9-1">
                    <pos type="DT"/>
                    <lemma type="the"/>
                </token>
                <token content="next" id="9-2">
                    <pos type="JJ"/>
                    <lemma type="next"/>
                </token>
                <token content="day" id="9-3">
                    <pos type="NN"/>
                    <lemma type="day"/>
                    <dep head="9-5" type="dep"/>
                </token>
                <token content="I" id="9-4">
                    <pos type="PRP"/>
                    <lemma type="I"/>
                    <dep head="9-5" type="nsubj"/>
                </token>
                <token content="brought" id="9-5">
                    <pos type="VBD"/>
                    <lemma type="bring"/>
                </token>
                <token content="the" id="9-6">
                    <pos type="DT"/>
                    <lemma type="the"/>
                </token>
                <token content="cake" id="9-7">
                    <pos type="NN"/>
                    <lemma type="cake"/>
                    <dep head="9-5" type="dobj"/>
                </token>
                <token content="over" id="9-8">
                    <pos type="RP"/>
                    <lemma type="over"/>
                    <dep head="9-5" type="prt"/>
                </token>
                <token content="to" id="9-9"/>
                <token content="my" id="9-10">
                    <pos type="PRP$"/>
                    <lemma type="my"/>
                </token>
                <token content="family" id="9-11">
                    <pos type="NN"/>
                    <lemma type="family"/>
                </token>
                <token content="gathering" id="9-12">
                    <pos type="NN"/>
                    <lemma type="gathering"/>
                    <dep head="9-5" type="prep"/>
                </token>
                <token content="and" id="9-13"/>
                <token content="it" id="9-14">
                    <pos type="PRP"/>
                    <lemma type="it"/>
                </token>
                <token content="was" id="9-15">
                    <pos type="VBD"/>
                    <lemma type="be"/>
                </token>
                <token content="a" id="9-16">
                    <pos type="DT"/>
                    <lemma type="a"/>
                </token>
                <token content="big" id="9-17">
                    <pos type="JJ"/>
                    <lemma type="big"/>
                </token>
                <token content="hit" id="9-18">
                    <pos type="NN"/>
                    <lemma type="hit"/>
                    <dep head="9-5" type="conj"/>
                </token>
                <token content="." id="9-19"/>
            </sentence>
            <sentence id="10">
                <token content="Everyone" id="10-1">
                    <pos type="NN"/>
                    <lemma type="everyone"/>
                    <dep head="10-2" type="nsubj"/>
                </token>
                <token content="seemed" id="10-2">
                    <pos type="VBD"/>
                    <lemma type="seem"/>
                </token>
                <token content="to" id="10-3">
                    <pos type="TO"/>
                    <lemma type="to"/>
                    <dep head="10-4" type="aux"/>
                </token>
                <token content="enjoy" id="10-4">
                    <pos type="VB"/>
                    <lemma type="enjoy"/>
                    <dep head="10-2" type="xcomp"/>
                </token>
                <token content="it" id="10-5">
                    <pos type="PRP"/>
                    <lemma type="it"/>
                    <dep head="10-4" type="dobj"/>
                </token>
                <token content="." id="10-6"/>
            </sentence>
            <sentence id="11">
                <token content="Afterwards" id="11-1">
                    <pos type="RB"/>
                    <lemma type="afterwards"/>
                    <dep head="11-9" type="advmod"/>
                </token>
                <token content="," id="11-2"/>
                <token content="my" id="11-3">
                    <pos type="PRP$"/>
                    <lemma type="my"/>
                </token>
                <token content="aunt" id="11-4">
                    <pos type="NN"/>
                    <lemma type="aunt"/>
                    <dep head="11-9" type="nsubj"/>
                </token>
                <token content="and" id="11-5"/>
                <token content="other" id="11-6">
                    <pos type="JJ"/>
                    <lemma type="other"/>
                </token>
                <token content="family" id="11-7">
                    <pos type="NN"/>
                    <lemma type="family"/>
                </token>
                <token content="members" id="11-8">
                    <pos type="NNS"/>
                    <lemma type="member"/>
                </token>
                <token content="thanked" id="11-9">
                    <pos type="VBD"/>
                    <lemma type="thank"/>
                </token>
                <token content="me" id="11-10">
                    <pos type="PRP"/>
                    <lemma type="I"/>
                </token>
                <token content="very" id="11-11">
                    <pos type="RB"/>
                    <lemma type="very"/>
                </token>
                <token content="much" id="11-12">
                    <pos type="JJ"/>
                    <lemma type="much"/>
                    <dep head="11-9" type="xcomp"/>
                </token>
                <token content="." id="11-13"/>
            </sentence>
            <sentence id="12">
                <token content="I" id="12-1">
                    <pos type="PRP"/>
                    <lemma type="I"/>
                </token>
                <token content="was" id="12-2">
                    <pos type="VBD"/>
                    <lemma type="be"/>
                </token>
                <token content="very" id="12-3">
                    <pos type="RB"/>
                    <lemma type="very"/>
                </token>
                <token content="happy" id="12-4">
                    <pos type="JJ"/>
                    <lemma type="happy"/>
                </token>
                <token content="with" id="12-5"/>
                <token content="myself" id="12-6">
                    <pos type="PRP"/>
                    <lemma type="myself"/>
                </token>
                <token content="." id="12-7"/>
            </sentence>
        </sentences>
    </text>
    <annotations>
        <participants>
            <label from="1-2" id="0" name="NPart" text="Christmas" type="participant"/>
            <label from="1-4" id="1" name="NPart" text="year" type="participant"/>
            <label from="1-6" id="2" name="ScrPart_cook" text="my" type="participant"/>
            <label from="1-7" id="3" name="ScrPart_beneficiary" text="family" type="participant"/>
            <label from="1-15" id="4" name="ScrPart_beneficiary" text="everyone" type="participant"/>
            <label from="1-23" id="5" name="NPart" text="food item" to="1-24" type="participant"/>
            <label from="1-24" id="6" name="NPart" text="item" type="participant"/>
            <label from="2-1" id="7" name="ScrPart_cook" text="I" type="participant"/>
            <label from="2-10" id="8" name="ScrPart_cook" text="I" type="participant"/>
            <label from="2-13" id="9" name="ScrPart_cook" text="my" type="participant"/>
            <label from="2-14" id="10" name="ScrPart_beneficiary" text="Aunt" type="participant"/>
            <label from="2-16" id="11" name="ScrPart_beneficiary" text="she" type="participant"/>
            <label from="3-1" id="12" name="ScrPart_beneficiary" text="She" type="participant"/>
            <label from="3-3" id="13" name="ScrPart_cook" text="me" type="participant"/>
            <label from="3-5" id="14" name="ScrPart_beneficiary" text="she" type="participant"/>
            <label from="3-9" id="15" name="ScrPart_cake" text="cake" type="participant"/>
            <label from="3-15" id="16" name="NPart" text="shortage" type="participant"/>
            <label from="3-17" id="17" name="ScrPart_beneficiary" text="people" type="participant"/>
            <label from="3-19" id="18" name="ScrPart_cake" text="dessert" type="participant"/>
            <label from="4-1" id="19" name="ScrPart_cook" text="I" type="participant"/>
            <label from="4-4" id="20" name="ScrPart_beneficiary" text="I" type="participant"/>
            <label from="4-7" id="21" name="ScrPart_cake" text="it" type="participant"/>
            <label from="4-8" id="22" name="ScrPart_beneficiary" text="myself" type="participant"/>
            <label from="4-10" id="23" name="ScrPart_cook" text="I" type="participant"/>
            <label from="5-1" id="24" name="ScrPart_cook" text="I" type="participant"/>
            <label from="5-4" id="25" name="ScrPart_cook" text="my" type="participant"/>
            <label from="5-5" id="26" name="ScrPart_cabinet" text="pantry" type="participant"/>
            <label from="5-8" id="27" name="ScrPart_cook" text="I" type="participant"/>
            <label from="5-10" id="28" name="ScrPart_ingredients" text="everything" type="participant"/>
            <label from="5-11" id="29" name="ScrPart_cook" text="I" type="participant"/>
            <label from="6-1" id="30" name="ScrPart_cook" text="I" type="participant"/>
            <label from="6-6" id="31" name="ScrPart_cake" text="it" type="participant"/>
            <label from="6-8" id="32" name="NPart" text="evening" type="participant"/>
            <label from="6-14" id="33" name="ScrPart_ingredients" text="ingredients" type="participant"/>
            <label from="7-1" id="34" name="ScrPart_cook" text="I" type="participant"/>
            <label from="7-4" id="35" name="ScrPart_ingredients" text="flour" type="participant"/>
            <label from="7-6" id="36" name="ScrPart_ingredients" text="sugar" type="participant"/>
            <label from="7-8" id="37" name="ScrPart_ingredients" text="water" type="participant"/>
            <label from="7-10" id="38" name="ScrPart_ingredients" text="eggs" type="participant"/>
            <label from="7-14" id="39" name="ScrPart_cook" text="my" type="participant"/>
            <label from="7-16" id="40" name="ScrPart_decoration" text="frosting" type="participant"/>
            <label from="7-21" id="41" name="ScrPart_ingredients" text="one" type="participant"/>
            <label from="7-24" id="42" name="NPart" text="can" type="participant"/>
            <label from="8-1" id="43" name="ScrPart_decoration" text="It" type="participant"/>
            <label from="9-3" id="44" name="NPart" text="day" type="participant"/>
            <label from="9-4" id="45" name="ScrPart_cook" text="I" type="participant"/>
            <label from="9-7" id="46" name="ScrPart_cake" text="cake" type="participant"/>
            <label from="9-10" id="47" name="ScrPart_cook" text="my" type="participant"/>
            <label from="9-11" id="48" name="NPart" text="family gathering" to="9-12" type="participant"/>
            <label from="9-12" id="49" name="NPart" text="gathering" type="participant"/>
            <label from="9-14" id="50" name="ScrPart_cake" text="it" type="participant"/>
            <label from="9-18" id="51" name="NPart" text="hit" type="participant"/>
            <label from="10-1" id="52" name="ScrPart_beneficiary" text="Everyone" type="participant"/>
            <label from="10-5" id="53" name="ScrPart_cake" text="it" type="participant"/>
            <label from="11-3" id="54" name="ScrPart_cook" text="my" type="participant"/>
            <label from="11-4" id="55" name="ScrPart_beneficiary" text="aunt" type="participant"/>
            <label from="11-7" id="56" name="ScrPart_beneficiary" text="family members" to="11-8" type="participant"/>
            <label from="11-8" id="57" name="ScrPart_beneficiary" text="members" type="participant"/>
            <label from="11-10" id="58" name="ScrPart_cook" text="me" type="participant"/>
            <label from="12-1" id="59" name="ScrPart_cook" text="I" type="participant"/>
            <label from="12-6" id="60" name="ScrPart_cook" text="myself" type="participant"/>
        </participants>
        <events>
            <label from="1-8" id="61" name="UnrelEv" text="had" type="event"/>
            <label from="1-17" id="62" name="UnrelEv" text="tasked" type="event"/>
            <label from="1-19" id="63" name="UnrelEv" text="making" type="event"/>
            <label from="1-21" id="64" name="UnrelEv" text="bringing" type="event"/>
            <label from="2-4" id="65" name="UnrelEv" text="know" type="event"/>
            <label from="2-7" id="66" name="UnrelEv" text="bring" type="event"/>
            <label from="2-12" id="67" name="UnrelEv" text="asked" type="event"/>
            <label from="2-18" id="68" name="UnrelEv" text="like" type="event"/>
            <label from="3-2" id="69" name="UnrelEv" text="told" type="event"/>
            <label from="3-7" id="70" name="UnrelEv" text="love" type="event"/>
            <label from="3-13" id="71" name="UnrelEv" text="was" type="event"/>
            <label from="3-18" id="72" name="UnrelEv" text="bringing" type="event"/>
            <label from="4-2" id="73" name="UnrelEv" text="figured" type="event"/>
            <label from="4-6" id="74" name="Evoking" text="bake it myself" to="4-8" type="event"/>
            <label from="4-13" id="75" name="Evoking" text="bake" type="event"/>
            <label from="5-2" id="76" name="ScrEv_get_ingredients" text="looked throughout" to="5-3" type="event"/>
            <label from="5-7" id="77" name="UnrelEv" text="realized" type="event"/>
            <label from="5-9" id="78" name="ScrEv_get_ingredients" text="had" type="event"/>
            <label from="5-12" id="79" name="RelNScrEv" text="needed" type="event"/>
            <label from="6-2" id="80" name="UnrelEv" text="went ahead" to="6-3" type="event"/>
            <label from="6-5" id="81" name="Evoking" text="made it" to="6-6" type="event"/>
            <label from="6-10" id="82" name="Unclear" text="using" type="event"/>
            <label from="7-2" id="83" name="ScrEv_prepare_ingredients" text="mixed" type="event"/>
            <label from="7-13" id="84" name="ScrEv_prepare_ingredients" text="made" type="event"/>
            <label from="7-20" id="85" name="RelNScrEv" text="use" type="event"/>
            <label from="8-2" id="86" name="RelNScrEv" text="turned out" to="8-3" type="event"/>
            <label from="8-11" id="87" name="ScrEv_eat" text="tasting" type="event"/>
            <label from="9-5" id="88" name="RelNScrEv" text="brought" type="event"/>
            <label from="9-15" id="89" name="RelNScrEv" text="was" type="event"/>
            <label from="10-2" id="90" name="UnrelEv" text="seemed" type="event"/>
            <label from="10-4" id="91" name="ScrEv_eat" text="enjoy" type="event"/>
            <label from="11-9" id="92" name="UnrelEv" text="thanked" type="event"/>
            <label from="12-2" id="93" name="UnrelEv" text="was" type="event"/>
        </events>
        <chains>
            <chain elements="7 2 8 9 13 19 20 23 24 25 27 29 30 34 39 45 47 54 58 59 60 22"/>
            <chain elements="4 3 17 52"/>
            <chain elements="10 4" name="coref_group_aunt_family"/>
            <chain elements="11 10 12 14 55"/>
            <chain elements="18 15 21 31 46 50 53"/>
            <chain elements="33 28"/>
            <chain elements="41 40 43"/>
            <chain elements="57 52" name="coref_group_aunt_family"/>
        </chains>
    </annotations>
</story>
