<?xml version="1.0" encoding="UTF-8" standalone="no"?>
<!DOCTYPE story SYSTEM "../InScript.dtd">
<story id="030" scenario="cake">
    <text>
        <content>The simplest way to make cake is with a mix . 
Just open the box and mix in some eggs , some water , and maybe some oil . 
Grease two round pans by rubbing them with a stick of butter , pour in the batter , bake as directed and you are done . 
Making a coffee cake with Bisquick baking mix is only slightly harder , but the product is not really what some people call a cake . 
There are also delicious cakes that are really store-bought baked goods layered with ice cream . 
But for a birthday , an actual homemade cake is traditional . 
I make such a cake in two separate bowls and then combine the mixtures . 
I also use a stand mixer , though even that can feel like cheating . 
First , I lay out all my ingredients , and preheat the oven . 
I prepare two round pans , by greasing with butter or pan spray , sprinkling with flour and shaking out the excess . 
Next , I cream the butter and sugar together , on a medium-high mixer setting . 
Then I mix in eggs and then vanilla . 
In a separate bowl , I combine the flour , baking powder , and salt . 
Now , I add the dry ingredients to the butter mixture , a little at a time , alternating with the milk , while I mix at medium high . 
It is important not to over mix , so I only combine until the lumps are gone and it looks glossy . 
I fill the pans evenly , and place in the oven so they do not touch and one is not directly above the other . 
When the time is up , or they smell done , I press lightly in the center of the cake with one finger . 
If it springs back it is done . 
I cool on a wire rack , run a knife around the edge , invert it on a plate to remove while still warm . 
I frost liberally , and I do n't forget the candles . </content>
        <sentences>
            <sentence id="1">
                <token content="The" id="1-1">
                    <pos type="DT"/>
                    <lemma type="the"/>
                </token>
                <token content="simplest" id="1-2">
                    <pos type="JJS"/>
                    <lemma type="simplest"/>
                </token>
                <token content="way" id="1-3">
                    <pos type="NN"/>
                    <lemma type="way"/>
                    <dep head="1-7" type="nsubj"/>
                </token>
                <token content="to" id="1-4">
                    <pos type="TO"/>
                    <lemma type="to"/>
                    <dep head="1-5" type="aux"/>
                </token>
                <token content="make" id="1-5">
                    <pos type="VB"/>
                    <lemma type="make"/>
                </token>
                <token content="cake" id="1-6">
                    <pos type="NN"/>
                    <lemma type="cake"/>
                    <dep head="1-5" type="dobj"/>
                </token>
                <token content="is" id="1-7">
                    <pos type="VBZ"/>
                    <lemma type="be"/>
                </token>
                <token content="with" id="1-8"/>
                <token content="a" id="1-9">
                    <pos type="DT"/>
                    <lemma type="a"/>
                </token>
                <token content="mix" id="1-10">
                    <pos type="NN"/>
                    <lemma type="mix"/>
                    <dep head="1-7" type="prep"/>
                </token>
                <token content="." id="1-11"/>
            </sentence>
            <sentence id="2">
                <token content="Just" id="2-1">
                    <pos type="RB"/>
                    <lemma type="just"/>
                    <dep head="2-2" type="advmod"/>
                </token>
                <token content="open" id="2-2">
                    <pos type="VB"/>
                    <lemma type="open"/>
                </token>
                <token content="the" id="2-3">
                    <pos type="DT"/>
                    <lemma type="the"/>
                </token>
                <token content="box" id="2-4">
                    <pos type="NN"/>
                    <lemma type="box"/>
                    <dep head="2-2" type="dobj"/>
                </token>
                <token content="and" id="2-5"/>
                <token content="mix" id="2-6">
                    <pos type="NN"/>
                    <lemma type="mix"/>
                </token>
                <token content="in" id="2-7"/>
                <token content="some" id="2-8">
                    <pos type="DT"/>
                    <lemma type="some"/>
                </token>
                <token content="eggs" id="2-9">
                    <pos type="NNS"/>
                    <lemma type="egg"/>
                    <dep head="2-2" type="prep"/>
                </token>
                <token content="," id="2-10"/>
                <token content="some" id="2-11">
                    <pos type="DT"/>
                    <lemma type="some"/>
                </token>
                <token content="water" id="2-12">
                    <pos type="NN"/>
                    <lemma type="water"/>
                </token>
                <token content="," id="2-13"/>
                <token content="and" id="2-14"/>
                <token content="maybe" id="2-15">
                    <pos type="RB"/>
                    <lemma type="maybe"/>
                </token>
                <token content="some" id="2-16">
                    <pos type="DT"/>
                    <lemma type="some"/>
                </token>
                <token content="oil" id="2-17">
                    <pos type="NN"/>
                    <lemma type="oil"/>
                </token>
                <token content="." id="2-18"/>
            </sentence>
            <sentence id="3">
                <token content="Grease" id="3-1">
                    <pos type="VB"/>
                    <lemma type="grease"/>
                </token>
                <token content="two" id="3-2">
                    <pos type="CD"/>
                    <lemma type="two"/>
                </token>
                <token content="round" id="3-3">
                    <pos type="NN"/>
                    <lemma type="round"/>
                </token>
                <token content="pans" id="3-4">
                    <pos type="NNS"/>
                    <lemma type="pan"/>
                    <dep head="3-1" type="dobj"/>
                </token>
                <token content="by" id="3-5"/>
                <token content="rubbing" id="3-6">
                    <pos type="VBG"/>
                    <lemma type="rub"/>
                    <dep head="3-1" type="prepc"/>
                </token>
                <token content="them" id="3-7">
                    <pos type="PRP"/>
                    <lemma type="they"/>
                    <dep head="3-6" type="dobj"/>
                </token>
                <token content="with" id="3-8"/>
                <token content="a" id="3-9">
                    <pos type="DT"/>
                    <lemma type="a"/>
                </token>
                <token content="stick" id="3-10">
                    <pos type="NN"/>
                    <lemma type="stick"/>
                    <dep head="3-6" type="prep"/>
                </token>
                <token content="of" id="3-11"/>
                <token content="butter" id="3-12">
                    <pos type="NN"/>
                    <lemma type="butter"/>
                </token>
                <token content="," id="3-13"/>
                <token content="pour" id="3-14">
                    <pos type="VB"/>
                    <lemma type="pour"/>
                    <dep head="3-1" type="dep"/>
                </token>
                <token content="in" id="3-15"/>
                <token content="the" id="3-16">
                    <pos type="DT"/>
                    <lemma type="the"/>
                </token>
                <token content="batter" id="3-17">
                    <pos type="NN"/>
                    <lemma type="batter"/>
                    <dep head="3-14" type="prep"/>
                </token>
                <token content="," id="3-18"/>
                <token content="bake" id="3-19">
                    <pos type="VB"/>
                    <lemma type="bake"/>
                    <dep head="3-1" type="dep"/>
                </token>
                <token content="as" id="3-20">
                    <pos type="IN"/>
                    <lemma type="as"/>
                    <dep head="3-21" type="mark"/>
                </token>
                <token content="directed" id="3-21">
                    <pos type="VBD"/>
                    <lemma type="direct"/>
                    <dep head="3-19" type="advcl"/>
                </token>
                <token content="and" id="3-22"/>
                <token content="you" id="3-23">
                    <pos type="PRP"/>
                    <lemma type="you"/>
                    <dep head="3-25" type="nsubjpass"/>
                </token>
                <token content="are" id="3-24">
                    <pos type="VBP"/>
                    <lemma type="be"/>
                    <dep head="3-25" type="auxpass"/>
                </token>
                <token content="done" id="3-25">
                    <pos type="VBN"/>
                    <lemma type="do"/>
                    <dep head="3-1" type="conj"/>
                </token>
                <token content="." id="3-26"/>
            </sentence>
            <sentence id="4">
                <token content="Making" id="4-1">
                    <pos type="VBG"/>
                    <lemma type="make"/>
                </token>
                <token content="a" id="4-2">
                    <pos type="DT"/>
                    <lemma type="a"/>
                </token>
                <token content="coffee" id="4-3">
                    <pos type="NN"/>
                    <lemma type="coffee"/>
                </token>
                <token content="cake" id="4-4">
                    <pos type="NN"/>
                    <lemma type="cake"/>
                    <dep head="4-1" type="dobj"/>
                </token>
                <token content="with" id="4-5"/>
                <token content="Bisquick" id="4-6">
                    <pos type="NNP"/>
                    <lemma type="Bisquick"/>
                </token>
                <token content="baking" id="4-7">
                    <pos type="JJ"/>
                    <lemma type="baking"/>
                </token>
                <token content="mix" id="4-8">
                    <pos type="NN"/>
                    <lemma type="mix"/>
                    <dep head="4-1" type="prep"/>
                </token>
                <token content="is" id="4-9">
                    <pos type="VBZ"/>
                    <lemma type="be"/>
                </token>
                <token content="only" id="4-10">
                    <pos type="RB"/>
                    <lemma type="only"/>
                </token>
                <token content="slightly" id="4-11">
                    <pos type="RB"/>
                    <lemma type="slightly"/>
                </token>
                <token content="harder" id="4-12">
                    <pos type="JJR"/>
                    <lemma type="harder"/>
                </token>
                <token content="," id="4-13"/>
                <token content="but" id="4-14"/>
                <token content="the" id="4-15">
                    <pos type="DT"/>
                    <lemma type="the"/>
                </token>
                <token content="product" id="4-16">
                    <pos type="NN"/>
                    <lemma type="product"/>
                    <dep head="4-17" type="nsubj"/>
                </token>
                <token content="is" id="4-17">
                    <pos type="VBZ"/>
                    <lemma type="be"/>
                </token>
                <token content="not" id="4-18">
                    <pos type="RB"/>
                    <lemma type="not"/>
                    <dep head="4-17" type="neg"/>
                </token>
                <token content="really" id="4-19">
                    <pos type="RB"/>
                    <lemma type="really"/>
                    <dep head="4-17" type="advmod"/>
                </token>
                <token content="what" id="4-20">
                    <pos type="WP"/>
                    <lemma type="what"/>
                    <dep head="4-23" type="dobj"/>
                </token>
                <token content="some" id="4-21">
                    <pos type="DT"/>
                    <lemma type="some"/>
                </token>
                <token content="people" id="4-22">
                    <pos type="NNS"/>
                    <lemma type="people"/>
                    <dep head="4-23" type="nsubj"/>
                </token>
                <token content="call" id="4-23">
                    <pos type="VBP"/>
                    <lemma type="call"/>
                    <dep head="4-17" type="ccomp"/>
                </token>
                <token content="a" id="4-24">
                    <pos type="DT"/>
                    <lemma type="a"/>
                </token>
                <token content="cake" id="4-25">
                    <pos type="NN"/>
                    <lemma type="cake"/>
                    <dep head="4-23" type="dobj"/>
                </token>
                <token content="." id="4-26"/>
            </sentence>
            <sentence id="5">
                <token content="There" id="5-1">
                    <pos type="EX"/>
                    <lemma type="there"/>
                    <dep head="5-2" type="expl"/>
                </token>
                <token content="are" id="5-2">
                    <pos type="VBP"/>
                    <lemma type="be"/>
                </token>
                <token content="also" id="5-3">
                    <pos type="RB"/>
                    <lemma type="also"/>
                    <dep head="5-2" type="advmod"/>
                </token>
                <token content="delicious" id="5-4">
                    <pos type="JJ"/>
                    <lemma type="delicious"/>
                </token>
                <token content="cakes" id="5-5">
                    <pos type="NNS"/>
                    <lemma type="cake"/>
                    <dep head="5-2" type="nsubj"/>
                </token>
                <token content="that" id="5-6">
                    <pos type="WDT"/>
                    <lemma type="that"/>
                </token>
                <token content="are" id="5-7">
                    <pos type="VBP"/>
                    <lemma type="be"/>
                </token>
                <token content="really" id="5-8">
                    <pos type="RB"/>
                    <lemma type="really"/>
                </token>
                <token content="store-bought" id="5-9">
                    <pos type="JJ"/>
                    <lemma type="store-bought"/>
                </token>
                <token content="baked" id="5-10">
                    <pos type="JJ"/>
                    <lemma type="baked"/>
                </token>
                <token content="goods" id="5-11">
                    <pos type="NNS"/>
                    <lemma type="goods"/>
                </token>
                <token content="layered" id="5-12">
                    <pos type="VBN"/>
                    <lemma type="layer"/>
                </token>
                <token content="with" id="5-13"/>
                <token content="ice" id="5-14">
                    <pos type="NN"/>
                    <lemma type="ice"/>
                </token>
                <token content="cream" id="5-15">
                    <pos type="NN"/>
                    <lemma type="cream"/>
                    <dep head="5-12" type="prep"/>
                </token>
                <token content="." id="5-16"/>
            </sentence>
            <sentence id="6">
                <token content="But" id="6-1">
                    <pos type="CC"/>
                    <lemma type="but"/>
                </token>
                <token content="for" id="6-2"/>
                <token content="a" id="6-3">
                    <pos type="DT"/>
                    <lemma type="a"/>
                </token>
                <token content="birthday" id="6-4">
                    <pos type="NN"/>
                    <lemma type="birthday"/>
                </token>
                <token content="," id="6-5"/>
                <token content="an" id="6-6">
                    <pos type="DT"/>
                    <lemma type="a"/>
                </token>
                <token content="actual" id="6-7">
                    <pos type="JJ"/>
                    <lemma type="actual"/>
                </token>
                <token content="homemade" id="6-8">
                    <pos type="NN"/>
                    <lemma type="homemade"/>
                </token>
                <token content="cake" id="6-9">
                    <pos type="NN"/>
                    <lemma type="cake"/>
                </token>
                <token content="is" id="6-10">
                    <pos type="VBZ"/>
                    <lemma type="be"/>
                </token>
                <token content="traditional" id="6-11">
                    <pos type="JJ"/>
                    <lemma type="traditional"/>
                </token>
                <token content="." id="6-12"/>
            </sentence>
            <sentence id="7">
                <token content="I" id="7-1">
                    <pos type="PRP"/>
                    <lemma type="I"/>
                    <dep head="7-2" type="nsubj"/>
                </token>
                <token content="make" id="7-2">
                    <pos type="VBP"/>
                    <lemma type="make"/>
                </token>
                <token content="such" id="7-3">
                    <pos type="PDT"/>
                    <lemma type="such"/>
                </token>
                <token content="a" id="7-4">
                    <pos type="DT"/>
                    <lemma type="a"/>
                </token>
                <token content="cake" id="7-5">
                    <pos type="NN"/>
                    <lemma type="cake"/>
                    <dep head="7-2" type="dobj"/>
                </token>
                <token content="in" id="7-6"/>
                <token content="two" id="7-7">
                    <pos type="CD"/>
                    <lemma type="two"/>
                </token>
                <token content="separate" id="7-8">
                    <pos type="JJ"/>
                    <lemma type="separate"/>
                </token>
                <token content="bowls" id="7-9">
                    <pos type="NNS"/>
                    <lemma type="bowl"/>
                    <dep head="7-2" type="prep"/>
                </token>
                <token content="and" id="7-10"/>
                <token content="then" id="7-11">
                    <pos type="RB"/>
                    <lemma type="then"/>
                    <dep head="7-12" type="advmod"/>
                </token>
                <token content="combine" id="7-12">
                    <pos type="VB"/>
                    <lemma type="combine"/>
                    <dep head="7-2" type="conj"/>
                </token>
                <token content="the" id="7-13">
                    <pos type="DT"/>
                    <lemma type="the"/>
                </token>
                <token content="mixtures" id="7-14">
                    <pos type="NNS"/>
                    <lemma type="mixture"/>
                    <dep head="7-12" type="dobj"/>
                </token>
                <token content="." id="7-15"/>
            </sentence>
            <sentence id="8">
                <token content="I" id="8-1">
                    <pos type="PRP"/>
                    <lemma type="I"/>
                    <dep head="8-3" type="nsubj"/>
                </token>
                <token content="also" id="8-2">
                    <pos type="RB"/>
                    <lemma type="also"/>
                    <dep head="8-3" type="advmod"/>
                </token>
                <token content="use" id="8-3">
                    <pos type="VBP"/>
                    <lemma type="use"/>
                </token>
                <token content="a" id="8-4">
                    <pos type="DT"/>
                    <lemma type="a"/>
                </token>
                <token content="stand" id="8-5">
                    <pos type="NN"/>
                    <lemma type="stand"/>
                </token>
                <token content="mixer" id="8-6">
                    <pos type="NN"/>
                    <lemma type="mixer"/>
                    <dep head="8-3" type="dobj"/>
                </token>
                <token content="," id="8-7"/>
                <token content="though" id="8-8">
                    <pos type="IN"/>
                    <lemma type="though"/>
                    <dep head="8-12" type="mark"/>
                </token>
                <token content="even" id="8-9">
                    <pos type="RB"/>
                    <lemma type="even"/>
                </token>
                <token content="that" id="8-10">
                    <pos type="WDT"/>
                    <lemma type="that"/>
                    <dep head="8-12" type="nsubj"/>
                </token>
                <token content="can" id="8-11">
                    <pos type="MD"/>
                    <lemma type="can"/>
                    <dep head="8-12" type="aux"/>
                </token>
                <token content="feel" id="8-12">
                    <pos type="VB"/>
                    <lemma type="feel"/>
                    <dep head="8-3" type="advcl"/>
                </token>
                <token content="like" id="8-13"/>
                <token content="cheating" id="8-14">
                    <pos type="NN"/>
                    <lemma type="cheating"/>
                    <dep head="8-12" type="prep"/>
                </token>
                <token content="." id="8-15"/>
            </sentence>
            <sentence id="9">
                <token content="First" id="9-1">
                    <pos type="RB"/>
                    <lemma type="first"/>
                    <dep head="9-4" type="advmod"/>
                </token>
                <token content="," id="9-2"/>
                <token content="I" id="9-3">
                    <pos type="PRP"/>
                    <lemma type="I"/>
                    <dep head="9-4" type="nsubj"/>
                </token>
                <token content="lay" id="9-4">
                    <pos type="VBD"/>
                    <lemma type="lay"/>
                </token>
                <token content="out" id="9-5">
                    <pos type="RP"/>
                    <lemma type="out"/>
                    <dep head="9-4" type="prt"/>
                </token>
                <token content="all" id="9-6">
                    <pos type="PDT"/>
                    <lemma type="all"/>
                </token>
                <token content="my" id="9-7">
                    <pos type="PRP$"/>
                    <lemma type="my"/>
                </token>
                <token content="ingredients" id="9-8">
                    <pos type="NNS"/>
                    <lemma type="ingredient"/>
                    <dep head="9-4" type="dobj"/>
                </token>
                <token content="," id="9-9"/>
                <token content="and" id="9-10"/>
                <token content="preheat" id="9-11">
                    <pos type="VBP"/>
                    <lemma type="preheat"/>
                    <dep head="9-4" type="conj"/>
                </token>
                <token content="the" id="9-12">
                    <pos type="DT"/>
                    <lemma type="the"/>
                </token>
                <token content="oven" id="9-13">
                    <pos type="NN"/>
                    <lemma type="oven"/>
                    <dep head="9-11" type="dobj"/>
                </token>
                <token content="." id="9-14"/>
            </sentence>
            <sentence id="10">
                <token content="I" id="10-1">
                    <pos type="PRP"/>
                    <lemma type="I"/>
                    <dep head="10-2" type="nsubj"/>
                </token>
                <token content="prepare" id="10-2">
                    <pos type="VBP"/>
                    <lemma type="prepare"/>
                </token>
                <token content="two" id="10-3">
                    <pos type="CD"/>
                    <lemma type="two"/>
                </token>
                <token content="round" id="10-4">
                    <pos type="NN"/>
                    <lemma type="round"/>
                </token>
                <token content="pans" id="10-5">
                    <pos type="NNS"/>
                    <lemma type="pan"/>
                    <dep head="10-2" type="dobj"/>
                </token>
                <token content="," id="10-6"/>
                <token content="by" id="10-7"/>
                <token content="greasing" id="10-8">
                    <pos type="VBG"/>
                    <lemma type="grease"/>
                    <dep head="10-2" type="prepc"/>
                </token>
                <token content="with" id="10-9"/>
                <token content="butter" id="10-10">
                    <pos type="NN"/>
                    <lemma type="butter"/>
                </token>
                <token content="or" id="10-11"/>
                <token content="pan" id="10-12">
                    <pos type="NN"/>
                    <lemma type="pan"/>
                </token>
                <token content="spray" id="10-13">
                    <pos type="NN"/>
                    <lemma type="spray"/>
                    <dep head="10-8" type="prep"/>
                </token>
                <token content="," id="10-14"/>
                <token content="sprinkling" id="10-15">
                    <pos type="VBG"/>
                    <lemma type="sprinkle"/>
                    <dep head="10-8" type="conj"/>
                </token>
                <token content="with" id="10-16"/>
                <token content="flour" id="10-17">
                    <pos type="NN"/>
                    <lemma type="flour"/>
                    <dep head="10-15" type="prep"/>
                </token>
                <token content="and" id="10-18"/>
                <token content="shaking" id="10-19">
                    <pos type="VBG"/>
                    <lemma type="shake"/>
                    <dep head="10-8" type="conj"/>
                </token>
                <token content="out" id="10-20">
                    <pos type="RP"/>
                    <lemma type="out"/>
                    <dep head="10-19" type="prt"/>
                </token>
                <token content="the" id="10-21">
                    <pos type="DT"/>
                    <lemma type="the"/>
                </token>
                <token content="excess" id="10-22">
                    <pos type="NN"/>
                    <lemma type="excess"/>
                    <dep head="10-19" type="dobj"/>
                </token>
                <token content="." id="10-23"/>
            </sentence>
            <sentence id="11">
                <token content="Next" id="11-1">
                    <pos type="RB"/>
                    <lemma type="next"/>
                    <dep head="11-4" type="advmod"/>
                </token>
                <token content="," id="11-2"/>
                <token content="I" id="11-3">
                    <pos type="PRP"/>
                    <lemma type="I"/>
                    <dep head="11-4" type="nsubj"/>
                </token>
                <token content="cream" id="11-4">
                    <pos type="VBD"/>
                    <lemma type="cream"/>
                </token>
                <token content="the" id="11-5">
                    <pos type="DT"/>
                    <lemma type="the"/>
                </token>
                <token content="butter" id="11-6">
                    <pos type="NN"/>
                    <lemma type="butter"/>
                    <dep head="11-4" type="dobj"/>
                </token>
                <token content="and" id="11-7"/>
                <token content="sugar" id="11-8">
                    <pos type="NN"/>
                    <lemma type="sugar"/>
                </token>
                <token content="together" id="11-9">
                    <pos type="RB"/>
                    <lemma type="together"/>
                    <dep head="11-4" type="advmod"/>
                </token>
                <token content="," id="11-10"/>
                <token content="on" id="11-11"/>
                <token content="a" id="11-12">
                    <pos type="DT"/>
                    <lemma type="a"/>
                </token>
                <token content="medium-high" id="11-13">
                    <pos type="JJ"/>
                    <lemma type="medium-high"/>
                </token>
                <token content="mixer" id="11-14">
                    <pos type="NN"/>
                    <lemma type="mixer"/>
                </token>
                <token content="setting" id="11-15">
                    <pos type="NN"/>
                    <lemma type="setting"/>
                    <dep head="11-4" type="prep"/>
                </token>
                <token content="." id="11-16"/>
            </sentence>
            <sentence id="12">
                <token content="Then" id="12-1">
                    <pos type="RB"/>
                    <lemma type="then"/>
                    <dep head="12-3" type="advmod"/>
                </token>
                <token content="I" id="12-2">
                    <pos type="PRP"/>
                    <lemma type="I"/>
                    <dep head="12-3" type="nsubj"/>
                </token>
                <token content="mix" id="12-3">
                    <pos type="VBZ"/>
                    <lemma type="mix"/>
                </token>
                <token content="in" id="12-4">
                    <pos type="IN"/>
                    <lemma type="in"/>
                    <dep head="12-3" type="dep"/>
                </token>
                <token content="eggs" id="12-5">
                    <pos type="NNS"/>
                    <lemma type="egg"/>
                </token>
                <token content="and" id="12-6"/>
                <token content="then" id="12-7">
                    <pos type="RB"/>
                    <lemma type="then"/>
                </token>
                <token content="vanilla" id="12-8">
                    <pos type="NN"/>
                    <lemma type="vanilla"/>
                </token>
                <token content="." id="12-9"/>
            </sentence>
            <sentence id="13">
                <token content="In" id="13-1"/>
                <token content="a" id="13-2">
                    <pos type="DT"/>
                    <lemma type="a"/>
                </token>
                <token content="separate" id="13-3">
                    <pos type="JJ"/>
                    <lemma type="separate"/>
                </token>
                <token content="bowl" id="13-4">
                    <pos type="NN"/>
                    <lemma type="bowl"/>
                    <dep head="13-7" type="prep"/>
                </token>
                <token content="," id="13-5"/>
                <token content="I" id="13-6">
                    <pos type="PRP"/>
                    <lemma type="I"/>
                    <dep head="13-7" type="nsubj"/>
                </token>
                <token content="combine" id="13-7">
                    <pos type="VBP"/>
                    <lemma type="combine"/>
                </token>
                <token content="the" id="13-8">
                    <pos type="DT"/>
                    <lemma type="the"/>
                </token>
                <token content="flour" id="13-9">
                    <pos type="NN"/>
                    <lemma type="flour"/>
                    <dep head="13-7" type="dobj"/>
                </token>
                <token content="," id="13-10"/>
                <token content="baking" id="13-11">
                    <pos type="JJ"/>
                    <lemma type="baking"/>
                </token>
                <token content="powder" id="13-12">
                    <pos type="NN"/>
                    <lemma type="powder"/>
                </token>
                <token content="," id="13-13"/>
                <token content="and" id="13-14"/>
                <token content="salt" id="13-15">
                    <pos type="NN"/>
                    <lemma type="salt"/>
                </token>
                <token content="." id="13-16"/>
            </sentence>
            <sentence id="14">
                <token content="Now" id="14-1">
                    <pos type="RB"/>
                    <lemma type="now"/>
                    <dep head="14-4" type="advmod"/>
                </token>
                <token content="," id="14-2"/>
                <token content="I" id="14-3">
                    <pos type="PRP"/>
                    <lemma type="I"/>
                    <dep head="14-4" type="nsubj"/>
                </token>
                <token content="add" id="14-4">
                    <pos type="VBP"/>
                    <lemma type="add"/>
                </token>
                <token content="the" id="14-5">
                    <pos type="DT"/>
                    <lemma type="the"/>
                </token>
                <token content="dry" id="14-6">
                    <pos type="JJ"/>
                    <lemma type="dry"/>
                </token>
                <token content="ingredients" id="14-7">
                    <pos type="NNS"/>
                    <lemma type="ingredient"/>
                    <dep head="14-4" type="advmod"/>
                </token>
                <token content="to" id="14-8"/>
                <token content="the" id="14-9">
                    <pos type="DT"/>
                    <lemma type="the"/>
                </token>
                <token content="butter" id="14-10">
                    <pos type="NN"/>
                    <lemma type="butter"/>
                </token>
                <token content="mixture" id="14-11">
                    <pos type="NN"/>
                    <lemma type="mixture"/>
                </token>
                <token content="," id="14-12"/>
                <token content="a" id="14-13">
                    <pos type="DT"/>
                    <lemma type="a"/>
                </token>
                <token content="little" id="14-14">
                    <pos type="RB"/>
                    <lemma type="little"/>
                </token>
                <token content="at" id="14-15"/>
                <token content="a" id="14-16">
                    <pos type="DT"/>
                    <lemma type="a"/>
                </token>
                <token content="time" id="14-17">
                    <pos type="NN"/>
                    <lemma type="time"/>
                </token>
                <token content="," id="14-18"/>
                <token content="alternating" id="14-19">
                    <pos type="VBG"/>
                    <lemma type="alternate"/>
                </token>
                <token content="with" id="14-20"/>
                <token content="the" id="14-21">
                    <pos type="DT"/>
                    <lemma type="the"/>
                </token>
                <token content="milk" id="14-22">
                    <pos type="NN"/>
                    <lemma type="milk"/>
                    <dep head="14-19" type="prep"/>
                </token>
                <token content="," id="14-23"/>
                <token content="while" id="14-24">
                    <pos type="IN"/>
                    <lemma type="while"/>
                    <dep head="14-26" type="mark"/>
                </token>
                <token content="I" id="14-25">
                    <pos type="PRP"/>
                    <lemma type="I"/>
                    <dep head="14-26" type="nsubj"/>
                </token>
                <token content="mix" id="14-26">
                    <pos type="VB"/>
                    <lemma type="mix"/>
                    <dep head="14-4" type="advcl"/>
                </token>
                <token content="at" id="14-27"/>
                <token content="medium" id="14-28">
                    <pos type="NN"/>
                    <lemma type="medium"/>
                </token>
                <token content="high" id="14-29">
                    <pos type="JJ"/>
                    <lemma type="high"/>
                    <dep head="14-26" type="prep"/>
                </token>
                <token content="." id="14-30"/>
            </sentence>
            <sentence id="15">
                <token content="It" id="15-1">
                    <pos type="PRP"/>
                    <lemma type="it"/>
                </token>
                <token content="is" id="15-2">
                    <pos type="VBZ"/>
                    <lemma type="be"/>
                </token>
                <token content="important" id="15-3">
                    <pos type="JJ"/>
                    <lemma type="important"/>
                </token>
                <token content="not" id="15-4">
                    <pos type="RB"/>
                    <lemma type="not"/>
                    <dep head="15-7" type="neg"/>
                </token>
                <token content="to" id="15-5">
                    <pos type="TO"/>
                    <lemma type="to"/>
                    <dep head="15-7" type="aux"/>
                </token>
                <token content="over" id="15-6">
                    <pos type="RB"/>
                    <lemma type="over"/>
                    <dep head="15-7" type="advmod"/>
                </token>
                <token content="mix" id="15-7">
                    <pos type="VB"/>
                    <lemma type="mix"/>
                </token>
                <token content="," id="15-8"/>
                <token content="so" id="15-9">
                    <pos type="IN"/>
                    <lemma type="so"/>
                </token>
                <token content="I" id="15-10">
                    <pos type="PRP"/>
                    <lemma type="I"/>
                    <dep head="15-12" type="nsubj"/>
                </token>
                <token content="only" id="15-11">
                    <pos type="RB"/>
                    <lemma type="only"/>
                    <dep head="15-12" type="advmod"/>
                </token>
                <token content="combine" id="15-12">
                    <pos type="VBP"/>
                    <lemma type="combine"/>
                </token>
                <token content="until" id="15-13">
                    <pos type="IN"/>
                    <lemma type="until"/>
                    <dep head="15-17" type="mark"/>
                </token>
                <token content="the" id="15-14">
                    <pos type="DT"/>
                    <lemma type="the"/>
                </token>
                <token content="lumps" id="15-15">
                    <pos type="NN"/>
                    <lemma type="lump"/>
                    <dep head="15-17" type="nsubjpass"/>
                </token>
                <token content="are" id="15-16">
                    <pos type="VBP"/>
                    <lemma type="be"/>
                    <dep head="15-17" type="auxpass"/>
                </token>
                <token content="gone" id="15-17">
                    <pos type="VBN"/>
                    <lemma type="go"/>
                    <dep head="15-12" type="advcl"/>
                </token>
                <token content="and" id="15-18"/>
                <token content="it" id="15-19">
                    <pos type="PRP"/>
                    <lemma type="it"/>
                    <dep head="15-20" type="nsubj"/>
                </token>
                <token content="looks" id="15-20">
                    <pos type="VBZ"/>
                    <lemma type="look"/>
                </token>
                <token content="glossy" id="15-21">
                    <pos type="JJ"/>
                    <lemma type="glossy"/>
                    <dep head="15-20" type="dobj"/>
                </token>
                <token content="." id="15-22"/>
            </sentence>
            <sentence id="16">
                <token content="I" id="16-1">
                    <pos type="PRP"/>
                    <lemma type="I"/>
                    <dep head="16-2" type="nsubj"/>
                </token>
                <token content="fill" id="16-2">
                    <pos type="VBP"/>
                    <lemma type="fill"/>
                </token>
                <token content="the" id="16-3">
                    <pos type="DT"/>
                    <lemma type="the"/>
                </token>
                <token content="pans" id="16-4">
                    <pos type="NN"/>
                    <lemma type="pan"/>
                </token>
                <token content="evenly" id="16-5">
                    <pos type="RB"/>
                    <lemma type="evenly"/>
                    <dep head="16-2" type="advmod"/>
                </token>
                <token content="," id="16-6"/>
                <token content="and" id="16-7"/>
                <token content="place" id="16-8">
                    <pos type="VBP"/>
                    <lemma type="place"/>
                    <dep head="16-2" type="conj"/>
                </token>
                <token content="in" id="16-9"/>
                <token content="the" id="16-10">
                    <pos type="DT"/>
                    <lemma type="the"/>
                </token>
                <token content="oven" id="16-11">
                    <pos type="NN"/>
                    <lemma type="oven"/>
                    <dep head="16-2" type="prep"/>
                </token>
                <token content="so" id="16-12">
                    <pos type="IN"/>
                    <lemma type="so"/>
                    <dep head="16-16" type="mark"/>
                </token>
                <token content="they" id="16-13">
                    <pos type="PRP"/>
                    <lemma type="they"/>
                    <dep head="16-16" type="nsubj"/>
                </token>
                <token content="do" id="16-14">
                    <pos type="VBP"/>
                    <lemma type="do"/>
                    <dep head="16-16" type="aux"/>
                </token>
                <token content="not" id="16-15">
                    <pos type="RB"/>
                    <lemma type="not"/>
                    <dep head="16-16" type="neg"/>
                </token>
                <token content="touch" id="16-16">
                    <pos type="VB"/>
                    <lemma type="touch"/>
                    <dep head="16-2" type="advcl"/>
                </token>
                <token content="and" id="16-17"/>
                <token content="one" id="16-18">
                    <pos type="PRP"/>
                    <lemma type="one"/>
                    <dep head="16-19" type="nsubj"/>
                </token>
                <token content="is" id="16-19">
                    <pos type="VBZ"/>
                    <lemma type="be"/>
                    <dep head="16-2" type="conj"/>
                </token>
                <token content="not" id="16-20">
                    <pos type="RB"/>
                    <lemma type="not"/>
                    <dep head="16-19" type="neg"/>
                </token>
                <token content="directly" id="16-21">
                    <pos type="RB"/>
                    <lemma type="directly"/>
                    <dep head="16-19" type="advmod"/>
                </token>
                <token content="above" id="16-22"/>
                <token content="the" id="16-23">
                    <pos type="DT"/>
                    <lemma type="the"/>
                </token>
                <token content="other" id="16-24">
                    <pos type="JJ"/>
                    <lemma type="other"/>
                    <dep head="16-19" type="prep"/>
                </token>
                <token content="." id="16-25"/>
            </sentence>
            <sentence id="17">
                <token content="When" id="17-1">
                    <pos type="WRB"/>
                    <lemma type="when"/>
                    <dep head="17-4" type="advmod"/>
                </token>
                <token content="the" id="17-2">
                    <pos type="DT"/>
                    <lemma type="the"/>
                </token>
                <token content="time" id="17-3">
                    <pos type="NN"/>
                    <lemma type="time"/>
                    <dep head="17-4" type="nsubj"/>
                </token>
                <token content="is" id="17-4">
                    <pos type="VBZ"/>
                    <lemma type="be"/>
                    <dep head="17-13" type="advcl"/>
                </token>
                <token content="up" id="17-5">
                    <pos type="RB"/>
                    <lemma type="up"/>
                    <dep head="17-4" type="advmod"/>
                </token>
                <token content="," id="17-6"/>
                <token content="or" id="17-7"/>
                <token content="they" id="17-8">
                    <pos type="PRP"/>
                    <lemma type="they"/>
                    <dep head="17-9" type="nsubj"/>
                </token>
                <token content="smell" id="17-9">
                    <pos type="VBP"/>
                    <lemma type="smell"/>
                    <dep head="17-4" type="conj"/>
                </token>
                <token content="done" id="17-10">
                    <pos type="VBN"/>
                    <lemma type="do"/>
                    <dep head="17-9" type="acomp"/>
                </token>
                <token content="," id="17-11"/>
                <token content="I" id="17-12">
                    <pos type="PRP"/>
                    <lemma type="I"/>
                    <dep head="17-13" type="nsubj"/>
                </token>
                <token content="press" id="17-13">
                    <pos type="VBP"/>
                    <lemma type="press"/>
                </token>
                <token content="lightly" id="17-14">
                    <pos type="RB"/>
                    <lemma type="lightly"/>
                    <dep head="17-13" type="advmod"/>
                </token>
                <token content="in" id="17-15"/>
                <token content="the" id="17-16">
                    <pos type="DT"/>
                    <lemma type="the"/>
                </token>
                <token content="center" id="17-17">
                    <pos type="NN"/>
                    <lemma type="center"/>
                    <dep head="17-13" type="prep"/>
                </token>
                <token content="of" id="17-18"/>
                <token content="the" id="17-19">
                    <pos type="DT"/>
                    <lemma type="the"/>
                </token>
                <token content="cake" id="17-20">
                    <pos type="NN"/>
                    <lemma type="cake"/>
                </token>
                <token content="with" id="17-21"/>
                <token content="one" id="17-22">
                    <pos type="CD"/>
                    <lemma type="one"/>
                </token>
                <token content="finger" id="17-23">
                    <pos type="NN"/>
                    <lemma type="finger"/>
                </token>
                <token content="." id="17-24"/>
            </sentence>
            <sentence id="18">
                <token content="If" id="18-1">
                    <pos type="IN"/>
                    <lemma type="if"/>
                    <dep head="18-3" type="mark"/>
                </token>
                <token content="it" id="18-2">
                    <pos type="PRP"/>
                    <lemma type="it"/>
                    <dep head="18-3" type="nsubj"/>
                </token>
                <token content="springs" id="18-3">
                    <pos type="VBZ"/>
                    <lemma type="spring"/>
                    <dep head="18-7" type="advcl"/>
                </token>
                <token content="back" id="18-4">
                    <pos type="RP"/>
                    <lemma type="back"/>
                    <dep head="18-3" type="prt"/>
                </token>
                <token content="it" id="18-5">
                    <pos type="PRP"/>
                    <lemma type="it"/>
                    <dep head="18-7" type="nsubjpass"/>
                </token>
                <token content="is" id="18-6">
                    <pos type="VBZ"/>
                    <lemma type="be"/>
                    <dep head="18-7" type="auxpass"/>
                </token>
                <token content="done" id="18-7">
                    <pos type="VBN"/>
                    <lemma type="do"/>
                </token>
                <token content="." id="18-8"/>
            </sentence>
            <sentence id="19">
                <token content="I" id="19-1">
                    <pos type="PRP"/>
                    <lemma type="I"/>
                    <dep head="19-2" type="nsubj"/>
                </token>
                <token content="cool" id="19-2">
                    <pos type="VB"/>
                    <lemma type="cool"/>
                </token>
                <token content="on" id="19-3"/>
                <token content="a" id="19-4">
                    <pos type="DT"/>
                    <lemma type="a"/>
                </token>
                <token content="wire" id="19-5">
                    <pos type="NN"/>
                    <lemma type="wire"/>
                </token>
                <token content="rack" id="19-6">
                    <pos type="NN"/>
                    <lemma type="rack"/>
                    <dep head="19-2" type="prep"/>
                </token>
                <token content="," id="19-7"/>
                <token content="run" id="19-8">
                    <pos type="VB"/>
                    <lemma type="run"/>
                    <dep head="19-2" type="dep"/>
                </token>
                <token content="a" id="19-9">
                    <pos type="DT"/>
                    <lemma type="a"/>
                </token>
                <token content="knife" id="19-10">
                    <pos type="NN"/>
                    <lemma type="knife"/>
                    <dep head="19-8" type="dobj"/>
                </token>
                <token content="around" id="19-11"/>
                <token content="the" id="19-12">
                    <pos type="DT"/>
                    <lemma type="the"/>
                </token>
                <token content="edge" id="19-13">
                    <pos type="NN"/>
                    <lemma type="edge"/>
                    <dep head="19-8" type="prep"/>
                </token>
                <token content="," id="19-14"/>
                <token content="invert" id="19-15">
                    <pos type="VB"/>
                    <lemma type="invert"/>
                    <dep head="19-2" type="dep"/>
                </token>
                <token content="it" id="19-16">
                    <pos type="PRP"/>
                    <lemma type="it"/>
                    <dep head="19-15" type="dobj"/>
                </token>
                <token content="on" id="19-17"/>
                <token content="a" id="19-18">
                    <pos type="DT"/>
                    <lemma type="a"/>
                </token>
                <token content="plate" id="19-19">
                    <pos type="NN"/>
                    <lemma type="plate"/>
                    <dep head="19-15" type="prep"/>
                </token>
                <token content="to" id="19-20">
                    <pos type="TO"/>
                    <lemma type="to"/>
                    <dep head="19-21" type="aux"/>
                </token>
                <token content="remove" id="19-21">
                    <pos type="VB"/>
                    <lemma type="remove"/>
                </token>
                <token content="while" id="19-22">
                    <pos type="IN"/>
                    <lemma type="while"/>
                </token>
                <token content="still" id="19-23">
                    <pos type="RB"/>
                    <lemma type="still"/>
                </token>
                <token content="warm" id="19-24">
                    <pos type="JJ"/>
                    <lemma type="warm"/>
                    <dep head="19-21" type="advcl"/>
                </token>
                <token content="." id="19-25"/>
            </sentence>
            <sentence id="20">
                <token content="I" id="20-1">
                    <pos type="PRP"/>
                    <lemma type="I"/>
                    <dep head="20-2" type="nsubj"/>
                </token>
                <token content="frost" id="20-2">
                    <pos type="VBP"/>
                    <lemma type="frost"/>
                </token>
                <token content="liberally" id="20-3">
                    <pos type="RB"/>
                    <lemma type="liberally"/>
                    <dep head="20-2" type="advmod"/>
                </token>
                <token content="," id="20-4"/>
                <token content="and" id="20-5"/>
                <token content="I" id="20-6">
                    <pos type="PRP"/>
                    <lemma type="I"/>
                    <dep head="20-9" type="nsubj"/>
                </token>
                <token content="do" id="20-7">
                    <pos type="VBP"/>
                    <lemma type="do"/>
                    <dep head="20-9" type="aux"/>
                </token>
                <token content="n't" id="20-8">
                    <pos type="RB"/>
                    <lemma type="not"/>
                    <dep head="20-9" type="neg"/>
                </token>
                <token content="forget" id="20-9">
                    <pos type="VB"/>
                    <lemma type="forget"/>
                    <dep head="20-2" type="conj"/>
                </token>
                <token content="the" id="20-10">
                    <pos type="DT"/>
                    <lemma type="the"/>
                </token>
                <token content="candles" id="20-11">
                    <pos type="NNS"/>
                    <lemma type="candle"/>
                    <dep head="20-9" type="dobj"/>
                </token>
                <token content="." id="20-12"/>
            </sentence>
        </sentences>
    </text>
    <annotations>
        <participants>
            <label from="1-3" id="0" name="No_label" text="way" type="participant"/>
            <label from="1-6" id="1" name="ScrPart_cake" text="cake" type="participant"/>
            <label from="1-10" id="2" name="ScrPart_ingredients" text="mix" type="participant"/>
            <label from="2-4" id="3" name="ScrPart_ingredients" text="box" type="participant"/>
            <label from="2-9" id="4" name="ScrPart_ingredients" text="eggs" type="participant"/>
            <label from="2-12" id="5" name="ScrPart_ingredients" text="water" type="participant"/>
            <label from="2-17" id="6" name="ScrPart_ingredients" text="oil" type="participant"/>
            <label from="3-4" id="7" name="ScrPart_cake_tin" text="pans" type="participant"/>
            <label from="3-7" id="8" name="ScrPart_cake_tin" text="them" type="participant"/>
            <label from="3-10" id="9" name="Head_of_Partitive" text="stick" type="participant"/>
            <label from="3-12" id="10" name="ScrPart_ingredients" text="butter" type="participant"/>
            <label from="3-17" id="11" name="ScrPart_dough" text="batter" type="participant"/>
            <label from="3-23" id="12" name="ScrPart_cook" text="you" type="participant"/>
            <label from="4-3" id="13" name="ScrPart_cake" text="coffee cake" to="4-4" type="participant"/>
            <label from="4-4" id="14" name="ScrPart_cake" text="cake" type="participant"/>
            <label from="4-6" id="15" name="ScrPart_ingredients" text="Bisquick baking mix" to="4-8" type="participant"/>
            <label from="4-8" id="16" name="ScrPart_ingredients" text="mix" type="participant"/>
            <label from="4-16" id="17" name="ScrPart_cake" text="product" type="participant"/>
            <label from="4-22" id="18" name="NPart" text="people" type="participant"/>
            <label from="4-25" id="19" name="ScrPart_cake" text="cake" type="participant"/>
            <label from="5-5" id="20" name="ScrPart_cake" text="cakes" type="participant"/>
            <label from="5-6" id="21" name="ScrPart_cake" text="that" type="participant"/>
            <label from="5-11" id="22" name="ScrPart_cake" text="goods" type="participant"/>
            <label from="5-14" id="23" name="ScrPart_ingredients" text="ice cream" to="5-15" type="participant"/>
            <label from="5-15" id="24" name="ScrPart_ingredients" text="cream" type="participant"/>
            <label from="6-4" id="25" name="NPart" text="birthday" type="participant"/>
            <label from="6-9" id="26" name="ScrPart_cake" text="cake" type="participant"/>
            <label from="7-1" id="27" name="ScrPart_cook" text="I" type="participant"/>
            <label from="7-5" id="28" name="ScrPart_cake" text="cake" type="participant"/>
            <label from="7-9" id="29" name="ScrPart_utensil" text="bowls" type="participant"/>
            <label from="7-14" id="30" name="ScrPart_ingredients" text="mixtures" type="participant"/>
            <label from="8-1" id="31" name="ScrPart_cook" text="I" type="participant"/>
            <label from="8-5" id="32" name="ScrPart_utensil" text="stand mixer" to="8-6" type="participant"/>
            <label from="8-6" id="33" name="ScrPart_utensil" text="mixer" type="participant"/>
            <label from="9-3" id="34" name="ScrPart_cook" text="I" type="participant"/>
            <label from="9-7" id="35" name="ScrPart_cook" text="my" type="participant"/>
            <label from="9-8" id="36" name="ScrPart_ingredients" text="ingredients" type="participant"/>
            <label from="9-13" id="37" name="ScrPart_oven" text="oven" type="participant"/>
            <label from="10-1" id="38" name="ScrPart_cook" text="I" type="participant"/>
            <label from="10-5" id="39" name="ScrPart_cake_tin" text="pans" type="participant"/>
            <label from="10-10" id="40" name="ScrPart_ingredients" text="butter" type="participant"/>
            <label from="10-12" id="41" name="ScrPart_ingredients" text="pan spray" to="10-13" type="participant"/>
            <label from="10-13" id="42" name="ScrPart_ingredients" text="spray" type="participant"/>
            <label from="10-17" id="43" name="ScrPart_ingredients" text="flour" type="participant"/>
            <label from="10-22" id="44" name="NPart" text="excess" type="participant"/>
            <label from="11-3" id="45" name="ScrPart_cook" text="I" type="participant"/>
            <label from="11-6" id="46" name="ScrPart_ingredients" text="butter" type="participant"/>
            <label from="11-8" id="47" name="ScrPart_ingredients" text="sugar" type="participant"/>
            <label from="11-14" id="48" name="NPart" text="mixer setting" to="11-15" type="participant"/>
            <label from="11-15" id="49" name="NPart" text="setting" type="participant"/>
            <label from="12-2" id="50" name="ScrPart_cook" text="I" type="participant"/>
            <label from="12-5" id="51" name="ScrPart_ingredients" text="eggs" type="participant"/>
            <label from="12-8" id="52" name="ScrPart_ingredients" text="vanilla" type="participant"/>
            <label from="13-4" id="53" name="ScrPart_utensil" text="bowl" type="participant"/>
            <label from="13-6" id="54" name="ScrPart_cook" text="I" type="participant"/>
            <label from="13-9" id="55" name="ScrPart_ingredients" text="flour" type="participant"/>
            <label from="13-11" id="56" name="ScrPart_ingredients" text="baking powder" to="13-12" type="participant"/>
            <label from="13-12" id="57" name="ScrPart_ingredients" text="powder" type="participant"/>
            <label from="13-15" id="58" name="ScrPart_ingredients" text="salt" type="participant"/>
            <label from="14-3" id="59" name="ScrPart_cook" text="I" type="participant"/>
            <label from="14-7" id="60" name="ScrPart_ingredients" text="ingredients" type="participant"/>
            <label from="14-10" id="61" name="ScrPart_dough" text="butter mixture" to="14-11" type="participant"/>
            <label from="14-11" id="62" name="ScrPart_dough" text="mixture" type="participant"/>
            <label from="14-17" id="63" name="No_label" text="time" type="participant"/>
            <label from="14-22" id="64" name="ScrPart_ingredients" text="milk" type="participant"/>
            <label from="14-25" id="65" name="ScrPart_cook" text="I" type="participant"/>
            <label from="15-1" id="66" name="No_label" text="It" type="participant"/>
            <label from="15-10" id="67" name="ScrPart_cook" text="I" type="participant"/>
            <label from="15-15" id="68" name="NPart" text="lumps" type="participant"/>
            <label from="15-19" id="69" name="No_label" text="it" type="participant"/>
            <label from="16-1" id="70" name="ScrPart_cook" text="I" type="participant"/>
            <label from="16-4" id="71" name="ScrPart_cake_tin" text="pans" type="participant"/>
            <label from="16-11" id="72" name="ScrPart_oven" text="oven" type="participant"/>
            <label from="16-13" id="73" name="ScrPart_cake_tin" text="they" type="participant"/>
            <label from="16-18" id="74" name="ScrPart_cake_tin" text="one" type="participant"/>
            <label from="16-24" id="75" name="ScrPart_cake_tin" text="other" type="participant"/>
            <label from="17-3" id="76" name="ScrPart_time" text="time" type="participant"/>
            <label from="17-8" id="77" name="ScrPart_cake" text="they" type="participant"/>
            <label from="17-12" id="78" name="ScrPart_cook" text="I" type="participant"/>
            <label from="17-17" id="79" name="NPart" text="center" type="participant"/>
            <label from="17-20" id="80" name="ScrPart_cake" text="cake" type="participant"/>
            <label from="17-23" id="81" name="NPart" text="finger" type="participant"/>
            <label from="18-2" id="82" name="ScrPart_cake" text="it" type="participant"/>
            <label from="18-5" id="83" name="ScrPart_cake" text="it" type="participant"/>
            <label from="19-1" id="84" name="ScrPart_cook" text="I" type="participant"/>
            <label from="19-5" id="85" name="ScrPart_utensil" text="wire rack" to="19-6" type="participant"/>
            <label from="19-6" id="86" name="ScrPart_utensil" text="rack" type="participant"/>
            <label from="19-10" id="87" name="ScrPart_utensil" text="knife" type="participant"/>
            <label from="19-13" id="88" name="NPart" text="edge" type="participant"/>
            <label from="19-16" id="89" name="ScrPart_cake" text="it" type="participant"/>
            <label from="19-19" id="90" name="ScrPart_utensil" text="plate" type="participant"/>
            <label from="20-1" id="91" name="ScrPart_cook" text="I" type="participant"/>
            <label from="20-6" id="92" name="ScrPart_cook" text="I" type="participant"/>
            <label from="20-11" id="93" name="ScrPart_decoration" text="candles" type="participant"/>
        </participants>
        <events>
            <label from="1-5" id="94" name="Evoking" text="make cake" to="1-6" type="event"/>
            <label from="1-7" id="95" name="UnrelEv" text="is" type="event"/>
            <label from="2-2" id="96" name="ScrEv_prepare_ingredients" text="open" type="event"/>
            <label from="2-6" id="97" name="ScrEv_add_ingredients" text="mix in" to="2-7" type="event"/>
            <label from="3-1" id="98" name="ScrEv_grease_cake_tin" text="Grease" type="event"/>
            <label from="3-6" id="99" name="ScrEv_grease_cake_tin" text="rubbing" type="event"/>
            <label from="3-14" id="100" name="ScrEv_pour_dough" text="pour in" to="3-15" type="event"/>
            <label from="3-19" id="101" name="ScrEv_wait" text="bake" type="event"/>
            <label from="3-21" id="102" name="RelNScrEv" text="directed" type="event"/>
            <label from="3-25" id="103" name="UnrelEv" text="done" type="event"/>
            <label from="4-1" id="104" name="Evoking" text="Making a coffee cake" to="4-4" type="event"/>
            <label from="4-9" id="105" name="UnrelEv" text="is" type="event"/>
            <label from="4-17" id="106" name="UnrelEv" text="is" type="event"/>
            <label from="4-23" id="107" name="UnrelEv" text="call" type="event"/>
            <label from="5-2" id="108" name="UnrelEv" text="are" type="event"/>
            <label from="5-7" id="109" name="UnrelEv" text="are" type="event"/>
            <label from="5-9" id="110" name="ScrEv_get_ingredients" text="store-bought" type="event"/>
            <label from="5-10" id="111" name="ScrEv_wait" text="baked" type="event"/>
            <label from="5-12" id="112" name="ScrEv_decorate" text="layered" type="event"/>
            <label from="6-8" id="113" name="RelNScrEv" text="homemade" type="event"/>
            <label from="6-10" id="114" name="UnrelEv" text="is" type="event"/>
            <label from="7-2" id="115" name="Evoking" text="make such a cake" to="7-5" type="event"/>
            <label from="7-12" id="116" name="ScrEv_add_ingredients" text="combine" type="event"/>
            <label from="8-3" id="117" name="ScrEv_get_utensils" text="use" type="event"/>
            <label from="8-12" id="118" name="UnrelEv" text="feel" type="event"/>
            <label from="8-14" id="119" name="UnrelEv" text="cheating" type="event"/>
            <label from="9-4" id="120" name="ScrEv_get_ingredients" text="lay out" to="9-5" type="event"/>
            <label from="9-11" id="121" name="ScrEv_preheat" text="preheat" type="event"/>
            <label from="10-2" id="122" name="ScrEv_grease_cake_tin" text="prepare" type="event"/>
            <label from="10-8" id="123" name="ScrEv_grease_cake_tin" text="greasing" type="event"/>
            <label from="10-15" id="124" name="ScrEv_grease_cake_tin" text="sprinkling" type="event"/>
            <label from="10-19" id="125" name="ScrEv_grease_cake_tin" text="shaking out" to="10-20" type="event"/>
            <label from="11-4" id="126" name="ScrEv_prepare_ingredients" text="cream" type="event"/>
            <label from="12-3" id="127" name="ScrEv_add_ingredients" text="mix in" to="12-4" type="event"/>
            <label from="13-7" id="128" name="ScrEv_add_ingredients" text="combine" type="event"/>
            <label from="14-4" id="129" name="ScrEv_add_ingredients" text="add" type="event"/>
            <label from="14-19" id="130" name="ScrEv_add_ingredients" text="alternating" type="event"/>
            <label from="14-26" id="131" name="ScrEv_make_dough" text="mix" type="event"/>
            <label from="15-2" id="132" name="UnrelEv" text="is" type="event"/>
            <label from="15-7" id="133" name="ScrEv_make_dough" text="mix" type="event"/>
            <label from="15-12" id="134" name="ScrEv_make_dough" text="combine" type="event"/>
            <label from="15-17" id="135" name="UnrelEv" text="gone" type="event"/>
            <label from="15-20" id="136" name="UnrelEv" text="looks" type="event"/>
            <label from="16-2" id="137" name="ScrEv_pour_dough" text="fill" type="event"/>
            <label from="16-8" id="138" name="ScrEv_put_cake_oven" text="place" type="event"/>
            <label from="16-16" id="139" name="UnrelEv" text="touch" type="event"/>
            <label from="16-19" id="140" name="UnrelEv" text="is" type="event"/>
            <label from="17-4" id="141" name="ScrEv_wait" text="is up" to="17-5" type="event"/>
            <label from="17-9" id="142" name="RelNScrEv" text="smell" type="event"/>
            <label from="17-10" id="143" name="ScrEv_wait" text="done" type="event"/>
            <label from="17-13" id="144" name="ScrEv_check" text="press" type="event"/>
            <label from="18-3" id="145" name="ScrEv_check" text="springs back" to="18-4" type="event"/>
            <label from="18-7" id="146" name="ScrEv_wait" text="done" type="event"/>
            <label from="19-2" id="147" name="ScrEv_cool_down" text="cool" type="event"/>
            <label from="19-8" id="148" name="ScrEv_take_out_cake_tin" text="run" type="event"/>
            <label from="19-15" id="149" name="ScrEv_take_out_cake_tin" text="invert" type="event"/>
            <label from="19-21" id="150" name="ScrEv_take_out_cake_tin" text="remove" type="event"/>
            <label from="20-2" id="151" name="ScrEv_decorate" text="frost" type="event"/>
            <label from="20-9" id="152" name="ScrEv_decorate" text="forget" type="event"/>
        </events>
        <chains>
            <chain elements="14 1 17 19 20 21 22 26 28 77 80 82 83 89"/>
            <chain elements="3 2 16"/>
            <chain elements="51 4"/>
            <chain elements="8 7 39 71 73 74 75"/>
            <chain elements="40 10 46"/>
            <chain elements="27 12 31 34 35 38 45 50 54 59 65 67 70 78 84 91 92"/>
            <chain elements="53 29"/>
            <chain elements="60 30"/>
            <chain elements="72 37"/>
            <chain elements="55 43"/>
        </chains>
    </annotations>
</story>
