<?xml version="1.0" encoding="UTF-8" standalone="no"?>
<!DOCTYPE story SYSTEM "../InScript.dtd">
<story id="049" scenario="cake">
    <text>
        <content>My friends birthday was tomorrow and I wanted to do something special for her . 
Aside from just getting her a gift I decided to make her a special cake . 
This cake was going to be shaped like a heart and it would be chocolate , her favorite flavor . 
I headed to the grocery store to get my ingredients . 
I got butter , unsweetened chocolate , sugar , eggs , flour , baking soda , salt , milk , and vinegar . 
I was making a devil 's food cake , something simple and yet elegant . 
When I got home I preheated the oven to 350 degrees F and I grease up my pans , I was going to be working hard tonight . 
I then melted 1\/2 cup of butter and 1 ounce of chocolate in a small pan , once it had melted I set it aside to cool down . 
So far so good . 
Next I mixed 2 eggs with 2 cups of white sugar and I added the chocolate mixture . 
After that I added 1 cup of boiled water and I made sure to blend it well , the mixture was very liquid like , just like it needed to be . 
After that I mixed in my 2 1/4 cups of flour , 1 1/2 teaspoons of baking soda , and 1/4 teaspoons of salt . 
I blended this new mixture well . 
I am really the best boyfriend in the world . 
After that I mixed in 1 teaspoon of vinegar and 1\/4 cup of milk to the main mixture . 
The main process was done all I needed to do was to bake it for 30 minutes , cut it into shape , and frost the cake . 
Her birthday tomorrow was going to be very special . </content>
        <sentences>
            <sentence id="1">
                <token content="My" id="1-1">
                    <pos type="PRP$"/>
                    <lemma type="my"/>
                </token>
                <token content="friends" id="1-2">
                    <pos type="NNS"/>
                    <lemma type="friend"/>
                </token>
                <token content="birthday" id="1-3">
                    <pos type="NN"/>
                    <lemma type="birthday"/>
                </token>
                <token content="was" id="1-4">
                    <pos type="VBD"/>
                    <lemma type="be"/>
                </token>
                <token content="tomorrow" id="1-5">
                    <pos type="NN"/>
                    <lemma type="tomorrow"/>
                </token>
                <token content="and" id="1-6"/>
                <token content="I" id="1-7">
                    <pos type="PRP"/>
                    <lemma type="I"/>
                    <dep head="1-8" type="nsubj"/>
                </token>
                <token content="wanted" id="1-8">
                    <pos type="VBD"/>
                    <lemma type="want"/>
                </token>
                <token content="to" id="1-9">
                    <pos type="TO"/>
                    <lemma type="to"/>
                    <dep head="1-10" type="aux"/>
                </token>
                <token content="do" id="1-10">
                    <pos type="VB"/>
                    <lemma type="do"/>
                    <dep head="1-8" type="xcomp"/>
                </token>
                <token content="something" id="1-11">
                    <pos type="NN"/>
                    <lemma type="something"/>
                    <dep head="1-10" type="dobj"/>
                </token>
                <token content="special" id="1-12">
                    <pos type="JJ"/>
                    <lemma type="special"/>
                </token>
                <token content="for" id="1-13"/>
                <token content="her" id="1-14">
                    <pos type="PRP"/>
                    <lemma type="she"/>
                    <dep head="1-10" type="prep"/>
                </token>
                <token content="." id="1-15"/>
            </sentence>
            <sentence id="2">
                <token content="Aside" id="2-1"/>
                <token content="from" id="2-2"/>
                <token content="just" id="2-3">
                    <pos type="RB"/>
                    <lemma type="just"/>
                    <dep head="2-4" type="advmod"/>
                </token>
                <token content="getting" id="2-4">
                    <pos type="VBG"/>
                    <lemma type="get"/>
                    <dep head="2-9" type="prepc"/>
                </token>
                <token content="her" id="2-5">
                    <pos type="PRP"/>
                    <lemma type="she"/>
                </token>
                <token content="a" id="2-6">
                    <pos type="DT"/>
                    <lemma type="a"/>
                </token>
                <token content="gift" id="2-7">
                    <pos type="NN"/>
                    <lemma type="gift"/>
                    <dep head="2-4" type="xcomp"/>
                </token>
                <token content="I" id="2-8">
                    <pos type="PRP"/>
                    <lemma type="I"/>
                    <dep head="2-9" type="nsubj"/>
                </token>
                <token content="decided" id="2-9">
                    <pos type="VBD"/>
                    <lemma type="decide"/>
                </token>
                <token content="to" id="2-10">
                    <pos type="TO"/>
                    <lemma type="to"/>
                    <dep head="2-11" type="aux"/>
                </token>
                <token content="make" id="2-11">
                    <pos type="VB"/>
                    <lemma type="make"/>
                    <dep head="2-9" type="xcomp"/>
                </token>
                <token content="her" id="2-12">
                    <pos type="PRP"/>
                    <lemma type="she"/>
                </token>
                <token content="a" id="2-13">
                    <pos type="DT"/>
                    <lemma type="a"/>
                </token>
                <token content="special" id="2-14">
                    <pos type="JJ"/>
                    <lemma type="special"/>
                </token>
                <token content="cake" id="2-15">
                    <pos type="NN"/>
                    <lemma type="cake"/>
                    <dep head="2-11" type="xcomp"/>
                </token>
                <token content="." id="2-16"/>
            </sentence>
            <sentence id="3">
                <token content="This" id="3-1">
                    <pos type="DT"/>
                    <lemma type="this"/>
                </token>
                <token content="cake" id="3-2">
                    <pos type="NN"/>
                    <lemma type="cake"/>
                    <dep head="3-4" type="nsubj"/>
                </token>
                <token content="was" id="3-3">
                    <pos type="VBD"/>
                    <lemma type="be"/>
                    <dep head="3-4" type="aux"/>
                </token>
                <token content="going" id="3-4">
                    <pos type="VBG"/>
                    <lemma type="go"/>
                </token>
                <token content="to" id="3-5">
                    <pos type="TO"/>
                    <lemma type="to"/>
                    <dep head="3-7" type="aux"/>
                </token>
                <token content="be" id="3-6">
                    <pos type="VB"/>
                    <lemma type="be"/>
                    <dep head="3-7" type="auxpass"/>
                </token>
                <token content="shaped" id="3-7">
                    <pos type="VBN"/>
                    <lemma type="shape"/>
                    <dep head="3-4" type="xcomp"/>
                </token>
                <token content="like" id="3-8"/>
                <token content="a" id="3-9">
                    <pos type="DT"/>
                    <lemma type="a"/>
                </token>
                <token content="heart" id="3-10">
                    <pos type="NN"/>
                    <lemma type="heart"/>
                    <dep head="3-7" type="prep"/>
                </token>
                <token content="and" id="3-11"/>
                <token content="it" id="3-12">
                    <pos type="PRP"/>
                    <lemma type="it"/>
                </token>
                <token content="would" id="3-13">
                    <pos type="MD"/>
                    <lemma type="would"/>
                </token>
                <token content="be" id="3-14">
                    <pos type="VB"/>
                    <lemma type="be"/>
                </token>
                <token content="chocolate" id="3-15">
                    <pos type="NN"/>
                    <lemma type="chocolate"/>
                    <dep head="3-4" type="conj"/>
                </token>
                <token content="," id="3-16"/>
                <token content="her" id="3-17">
                    <pos type="PRP$"/>
                    <lemma type="she"/>
                </token>
                <token content="favorite" id="3-18">
                    <pos type="JJ"/>
                    <lemma type="favorite"/>
                </token>
                <token content="flavor" id="3-19">
                    <pos type="NN"/>
                    <lemma type="flavor"/>
                </token>
                <token content="." id="3-20"/>
            </sentence>
            <sentence id="4">
                <token content="I" id="4-1">
                    <pos type="PRP"/>
                    <lemma type="I"/>
                    <dep head="4-2" type="nsubj"/>
                </token>
                <token content="headed" id="4-2">
                    <pos type="VBD"/>
                    <lemma type="head"/>
                </token>
                <token content="to" id="4-3"/>
                <token content="the" id="4-4">
                    <pos type="DT"/>
                    <lemma type="the"/>
                </token>
                <token content="grocery" id="4-5">
                    <pos type="NN"/>
                    <lemma type="grocery"/>
                </token>
                <token content="store" id="4-6">
                    <pos type="NN"/>
                    <lemma type="store"/>
                    <dep head="4-2" type="prep"/>
                </token>
                <token content="to" id="4-7">
                    <pos type="TO"/>
                    <lemma type="to"/>
                    <dep head="4-8" type="aux"/>
                </token>
                <token content="get" id="4-8">
                    <pos type="VB"/>
                    <lemma type="get"/>
                    <dep head="4-2" type="xcomp"/>
                </token>
                <token content="my" id="4-9">
                    <pos type="PRP$"/>
                    <lemma type="my"/>
                </token>
                <token content="ingredients" id="4-10">
                    <pos type="NNS"/>
                    <lemma type="ingredient"/>
                    <dep head="4-8" type="dobj"/>
                </token>
                <token content="." id="4-11"/>
            </sentence>
            <sentence id="5">
                <token content="I" id="5-1">
                    <pos type="PRP"/>
                    <lemma type="I"/>
                    <dep head="5-2" type="nsubj"/>
                </token>
                <token content="got" id="5-2">
                    <pos type="VBD"/>
                    <lemma type="get"/>
                </token>
                <token content="butter" id="5-3">
                    <pos type="NN"/>
                    <lemma type="butter"/>
                    <dep head="5-2" type="dobj"/>
                </token>
                <token content="," id="5-4"/>
                <token content="unsweetened" id="5-5">
                    <pos type="JJ"/>
                    <lemma type="unsweetened"/>
                </token>
                <token content="chocolate" id="5-6">
                    <pos type="NN"/>
                    <lemma type="chocolate"/>
                </token>
                <token content="," id="5-7"/>
                <token content="sugar" id="5-8">
                    <pos type="NN"/>
                    <lemma type="sugar"/>
                </token>
                <token content="," id="5-9"/>
                <token content="eggs" id="5-10">
                    <pos type="NNS"/>
                    <lemma type="egg"/>
                </token>
                <token content="," id="5-11"/>
                <token content="flour" id="5-12">
                    <pos type="NN"/>
                    <lemma type="flour"/>
                </token>
                <token content="," id="5-13"/>
                <token content="baking" id="5-14">
                    <pos type="JJ"/>
                    <lemma type="baking"/>
                </token>
                <token content="soda" id="5-15">
                    <pos type="NN"/>
                    <lemma type="soda"/>
                </token>
                <token content="," id="5-16"/>
                <token content="salt" id="5-17">
                    <pos type="NN"/>
                    <lemma type="salt"/>
                </token>
                <token content="," id="5-18"/>
                <token content="milk" id="5-19">
                    <pos type="NN"/>
                    <lemma type="milk"/>
                </token>
                <token content="," id="5-20"/>
                <token content="and" id="5-21"/>
                <token content="vinegar" id="5-22">
                    <pos type="NN"/>
                    <lemma type="vinegar"/>
                </token>
                <token content="." id="5-23"/>
            </sentence>
            <sentence id="6">
                <token content="I" id="6-1">
                    <pos type="PRP"/>
                    <lemma type="I"/>
                    <dep head="6-3" type="nsubj"/>
                </token>
                <token content="was" id="6-2">
                    <pos type="VBD"/>
                    <lemma type="be"/>
                    <dep head="6-3" type="aux"/>
                </token>
                <token content="making" id="6-3">
                    <pos type="VBG"/>
                    <lemma type="make"/>
                </token>
                <token content="a" id="6-4">
                    <pos type="DT"/>
                    <lemma type="a"/>
                </token>
                <token content="devil" id="6-5">
                    <pos type="NNP"/>
                    <lemma type="devil"/>
                </token>
                <token content="'s" id="6-6"/>
                <token content="food" id="6-7">
                    <pos type="NN"/>
                    <lemma type="food"/>
                </token>
                <token content="cake" id="6-8">
                    <pos type="NN"/>
                    <lemma type="cake"/>
                    <dep head="6-3" type="dobj"/>
                </token>
                <token content="," id="6-9"/>
                <token content="something" id="6-10">
                    <pos type="NN"/>
                    <lemma type="something"/>
                </token>
                <token content="simple" id="6-11">
                    <pos type="NN"/>
                    <lemma type="simple"/>
                </token>
                <token content="and" id="6-12"/>
                <token content="yet" id="6-13">
                    <pos type="RB"/>
                    <lemma type="yet"/>
                </token>
                <token content="elegant" id="6-14">
                    <pos type="JJ"/>
                    <lemma type="elegant"/>
                </token>
                <token content="." id="6-15"/>
            </sentence>
            <sentence id="7">
                <token content="When" id="7-1">
                    <pos type="WRB"/>
                    <lemma type="when"/>
                    <dep head="7-3" type="advmod"/>
                </token>
                <token content="I" id="7-2">
                    <pos type="PRP"/>
                    <lemma type="I"/>
                    <dep head="7-3" type="nsubj"/>
                </token>
                <token content="got" id="7-3">
                    <pos type="VBD"/>
                    <lemma type="get"/>
                    <dep head="7-22" type="advcl"/>
                </token>
                <token content="home" id="7-4">
                    <pos type="NN"/>
                    <lemma type="home"/>
                    <dep head="7-3" type="dobj"/>
                </token>
                <token content="I" id="7-5">
                    <pos type="PRP"/>
                    <lemma type="I"/>
                    <dep head="7-6" type="nsubj"/>
                </token>
                <token content="preheated" id="7-6">
                    <pos type="VBD"/>
                    <lemma type="preheat"/>
                </token>
                <token content="the" id="7-7">
                    <pos type="DT"/>
                    <lemma type="the"/>
                </token>
                <token content="oven" id="7-8">
                    <pos type="NN"/>
                    <lemma type="oven"/>
                    <dep head="7-6" type="dobj"/>
                </token>
                <token content="to" id="7-9"/>
                <token content="350" id="7-10">
                    <pos type="CD"/>
                    <lemma type="350"/>
                </token>
                <token content="degrees" id="7-11">
                    <pos type="NNS"/>
                    <lemma type="degree"/>
                </token>
                <token content="F" id="7-12">
                    <pos type="NN"/>
                    <lemma type="f"/>
                    <dep head="7-6" type="prep"/>
                </token>
                <token content="and" id="7-13"/>
                <token content="I" id="7-14">
                    <pos type="NN"/>
                    <lemma type="i"/>
                </token>
                <token content="grease" id="7-15">
                    <pos type="NN"/>
                    <lemma type="grease"/>
                </token>
                <token content="up" id="7-16"/>
                <token content="my" id="7-17">
                    <pos type="PRP$"/>
                    <lemma type="my"/>
                </token>
                <token content="pans" id="7-18">
                    <pos type="NNS"/>
                    <lemma type="pan"/>
                    <dep head="7-6" type="prep"/>
                </token>
                <token content="," id="7-19"/>
                <token content="I" id="7-20">
                    <pos type="PRP"/>
                    <lemma type="I"/>
                    <dep head="7-22" type="nsubj"/>
                </token>
                <token content="was" id="7-21">
                    <pos type="VBD"/>
                    <lemma type="be"/>
                    <dep head="7-22" type="aux"/>
                </token>
                <token content="going" id="7-22">
                    <pos type="VBG"/>
                    <lemma type="go"/>
                </token>
                <token content="to" id="7-23">
                    <pos type="TO"/>
                    <lemma type="to"/>
                    <dep head="7-25" type="aux"/>
                </token>
                <token content="be" id="7-24">
                    <pos type="VB"/>
                    <lemma type="be"/>
                    <dep head="7-25" type="aux"/>
                </token>
                <token content="working" id="7-25">
                    <pos type="VBG"/>
                    <lemma type="work"/>
                    <dep head="7-22" type="xcomp"/>
                </token>
                <token content="hard" id="7-26">
                    <pos type="JJ"/>
                    <lemma type="hard"/>
                </token>
                <token content="tonight" id="7-27">
                    <pos type="NN"/>
                    <lemma type="tonight"/>
                    <dep head="7-25" type="dobj"/>
                </token>
                <token content="." id="7-28"/>
            </sentence>
            <sentence id="8">
                <token content="I" id="8-1">
                    <pos type="PRP"/>
                    <lemma type="I"/>
                    <dep head="8-3" type="nsubj"/>
                </token>
                <token content="then" id="8-2">
                    <pos type="RB"/>
                    <lemma type="then"/>
                    <dep head="8-3" type="advmod"/>
                </token>
                <token content="melted" id="8-3">
                    <pos type="VBD"/>
                    <lemma type="melt"/>
                </token>
                <token content="1\/2" id="8-4">
                    <pos type="CD"/>
                    <lemma type="1\/2"/>
                </token>
                <token content="cup" id="8-5">
                    <pos type="NN"/>
                    <lemma type="cup"/>
                    <dep head="8-3" type="dobj"/>
                </token>
                <token content="of" id="8-6"/>
                <token content="butter" id="8-7">
                    <pos type="NN"/>
                    <lemma type="butter"/>
                </token>
                <token content="and" id="8-8"/>
                <token content="1" id="8-9">
                    <pos type="CD"/>
                    <lemma type="1"/>
                </token>
                <token content="ounce" id="8-10">
                    <pos type="NN"/>
                    <lemma type="ounce"/>
                </token>
                <token content="of" id="8-11"/>
                <token content="chocolate" id="8-12">
                    <pos type="NN"/>
                    <lemma type="chocolate"/>
                </token>
                <token content="in" id="8-13"/>
                <token content="a" id="8-14">
                    <pos type="DT"/>
                    <lemma type="a"/>
                </token>
                <token content="small" id="8-15">
                    <pos type="JJ"/>
                    <lemma type="small"/>
                </token>
                <token content="pan" id="8-16">
                    <pos type="NN"/>
                    <lemma type="pan"/>
                    <dep head="8-3" type="prep"/>
                </token>
                <token content="," id="8-17"/>
                <token content="once" id="8-18">
                    <pos type="IN"/>
                    <lemma type="once"/>
                    <dep head="8-21" type="mark"/>
                </token>
                <token content="it" id="8-19">
                    <pos type="PRP"/>
                    <lemma type="it"/>
                    <dep head="8-21" type="nsubj"/>
                </token>
                <token content="had" id="8-20">
                    <pos type="VBD"/>
                    <lemma type="have"/>
                    <dep head="8-21" type="aux"/>
                </token>
                <token content="melted" id="8-21">
                    <pos type="VBN"/>
                    <lemma type="melt"/>
                    <dep head="8-3" type="advcl"/>
                </token>
                <token content="I" id="8-22">
                    <pos type="PRP"/>
                    <lemma type="I"/>
                    <dep head="8-23" type="nsubj"/>
                </token>
                <token content="set" id="8-23">
                    <pos type="VB"/>
                    <lemma type="set"/>
                    <dep head="8-21" type="ccomp"/>
                </token>
                <token content="it" id="8-24">
                    <pos type="PRP"/>
                    <lemma type="it"/>
                    <dep head="8-23" type="dobj"/>
                </token>
                <token content="aside" id="8-25">
                    <pos type="RB"/>
                    <lemma type="aside"/>
                    <dep head="8-27" type="advmod"/>
                </token>
                <token content="to" id="8-26">
                    <pos type="TO"/>
                    <lemma type="to"/>
                    <dep head="8-27" type="aux"/>
                </token>
                <token content="cool" id="8-27">
                    <pos type="VB"/>
                    <lemma type="cool"/>
                    <dep head="8-23" type="xcomp"/>
                </token>
                <token content="down" id="8-28">
                    <pos type="RP"/>
                    <lemma type="down"/>
                    <dep head="8-27" type="prt"/>
                </token>
                <token content="." id="8-29"/>
            </sentence>
            <sentence id="9">
                <token content="So" id="9-1">
                    <pos type="RB"/>
                    <lemma type="so"/>
                </token>
                <token content="far" id="9-2">
                    <pos type="RB"/>
                    <lemma type="far"/>
                </token>
                <token content="so" id="9-3">
                    <pos type="RB"/>
                    <lemma type="so"/>
                </token>
                <token content="good" id="9-4">
                    <pos type="JJ"/>
                    <lemma type="good"/>
                </token>
                <token content="." id="9-5"/>
            </sentence>
            <sentence id="10">
                <token content="Next" id="10-1">
                    <pos type="RB"/>
                    <lemma type="next"/>
                    <dep head="10-3" type="advmod"/>
                </token>
                <token content="I" id="10-2">
                    <pos type="PRP"/>
                    <lemma type="I"/>
                    <dep head="10-3" type="nsubj"/>
                </token>
                <token content="mixed" id="10-3">
                    <pos type="VBN"/>
                    <lemma type="mix"/>
                </token>
                <token content="2" id="10-4">
                    <pos type="CD"/>
                    <lemma type="2"/>
                </token>
                <token content="eggs" id="10-5">
                    <pos type="NNS"/>
                    <lemma type="egg"/>
                    <dep head="10-3" type="dobj"/>
                </token>
                <token content="with" id="10-6"/>
                <token content="2" id="10-7">
                    <pos type="CD"/>
                    <lemma type="2"/>
                </token>
                <token content="cups" id="10-8">
                    <pos type="NNS"/>
                    <lemma type="cup"/>
                    <dep head="10-3" type="prep"/>
                </token>
                <token content="of" id="10-9"/>
                <token content="white" id="10-10">
                    <pos type="JJ"/>
                    <lemma type="white"/>
                </token>
                <token content="sugar" id="10-11">
                    <pos type="NN"/>
                    <lemma type="sugar"/>
                </token>
                <token content="and" id="10-12"/>
                <token content="I" id="10-13">
                    <pos type="PRP"/>
                    <lemma type="I"/>
                    <dep head="10-14" type="nsubj"/>
                </token>
                <token content="added" id="10-14">
                    <pos type="VBD"/>
                    <lemma type="add"/>
                    <dep head="10-3" type="conj"/>
                </token>
                <token content="the" id="10-15">
                    <pos type="DT"/>
                    <lemma type="the"/>
                </token>
                <token content="chocolate" id="10-16">
                    <pos type="NN"/>
                    <lemma type="chocolate"/>
                </token>
                <token content="mixture" id="10-17">
                    <pos type="NN"/>
                    <lemma type="mixture"/>
                    <dep head="10-14" type="dobj"/>
                </token>
                <token content="." id="10-18"/>
            </sentence>
            <sentence id="11">
                <token content="After" id="11-1">
                    <pos type="IN"/>
                    <lemma type="after"/>
                </token>
                <token content="that" id="11-2">
                    <pos type="IN"/>
                    <lemma type="that"/>
                    <dep head="11-4" type="mark"/>
                </token>
                <token content="I" id="11-3">
                    <pos type="PRP"/>
                    <lemma type="I"/>
                    <dep head="11-4" type="nsubj"/>
                </token>
                <token content="added" id="11-4">
                    <pos type="VBD"/>
                    <lemma type="add"/>
                </token>
                <token content="1" id="11-5">
                    <pos type="CD"/>
                    <lemma type="1"/>
                </token>
                <token content="cup" id="11-6">
                    <pos type="NN"/>
                    <lemma type="cup"/>
                    <dep head="11-4" type="dobj"/>
                </token>
                <token content="of" id="11-7"/>
                <token content="boiled" id="11-8">
                    <pos type="JJ"/>
                    <lemma type="boiled"/>
                </token>
                <token content="water" id="11-9">
                    <pos type="NN"/>
                    <lemma type="water"/>
                </token>
                <token content="and" id="11-10"/>
                <token content="I" id="11-11">
                    <pos type="PRP"/>
                    <lemma type="I"/>
                    <dep head="11-12" type="nsubj"/>
                </token>
                <token content="made" id="11-12">
                    <pos type="VBD"/>
                    <lemma type="make"/>
                    <dep head="11-4" type="conj"/>
                </token>
                <token content="sure" id="11-13">
                    <pos type="JJ"/>
                    <lemma type="sure"/>
                    <dep head="11-12" type="acomp"/>
                </token>
                <token content="to" id="11-14">
                    <pos type="TO"/>
                    <lemma type="to"/>
                    <dep head="11-15" type="aux"/>
                </token>
                <token content="blend" id="11-15">
                    <pos type="VB"/>
                    <lemma type="blend"/>
                </token>
                <token content="it" id="11-16">
                    <pos type="PRP"/>
                    <lemma type="it"/>
                    <dep head="11-15" type="dobj"/>
                </token>
                <token content="well" id="11-17">
                    <pos type="RB"/>
                    <lemma type="well"/>
                    <dep head="11-15" type="advmod"/>
                </token>
                <token content="," id="11-18"/>
                <token content="the" id="11-19">
                    <pos type="DT"/>
                    <lemma type="the"/>
                </token>
                <token content="mixture" id="11-20">
                    <pos type="NN"/>
                    <lemma type="mixture"/>
                </token>
                <token content="was" id="11-21">
                    <pos type="VBD"/>
                    <lemma type="be"/>
                </token>
                <token content="very" id="11-22">
                    <pos type="RB"/>
                    <lemma type="very"/>
                </token>
                <token content="liquid" id="11-23">
                    <pos type="JJ"/>
                    <lemma type="liquid"/>
                </token>
                <token content="like" id="11-24">
                    <pos type="IN"/>
                    <lemma type="like"/>
                </token>
                <token content="," id="11-25"/>
                <token content="just" id="11-26">
                    <pos type="RB"/>
                    <lemma type="just"/>
                    <dep head="11-29" type="advmod"/>
                </token>
                <token content="like" id="11-27">
                    <pos type="IN"/>
                    <lemma type="like"/>
                    <dep head="11-29" type="mark"/>
                </token>
                <token content="it" id="11-28">
                    <pos type="PRP"/>
                    <lemma type="it"/>
                    <dep head="11-29" type="nsubj"/>
                </token>
                <token content="needed" id="11-29">
                    <pos type="VBD"/>
                    <lemma type="need"/>
                </token>
                <token content="to" id="11-30">
                    <pos type="TO"/>
                    <lemma type="to"/>
                    <dep head="11-31" type="aux"/>
                </token>
                <token content="be" id="11-31">
                    <pos type="VB"/>
                    <lemma type="be"/>
                    <dep head="11-29" type="xcomp"/>
                </token>
                <token content="." id="11-32"/>
            </sentence>
            <sentence id="12">
                <token content="After" id="12-1"/>
                <token content="that" id="12-2">
                    <pos type="DT"/>
                    <lemma type="that"/>
                    <dep head="12-4" type="prep"/>
                </token>
                <token content="I" id="12-3">
                    <pos type="PRP"/>
                    <lemma type="I"/>
                    <dep head="12-4" type="nsubj"/>
                </token>
                <token content="mixed" id="12-4">
                    <pos type="VBZ"/>
                    <lemma type="mix"/>
                </token>
                <token content="in" id="12-5"/>
                <token content="my" id="12-6">
                    <pos type="PRP$"/>
                    <lemma type="my"/>
                </token>
                <token content="2 1/4" id="12-7">
                    <pos type="CD"/>
                    <lemma type="2 1/4"/>
                </token>
                <token content="cups" id="12-8">
                    <pos type="NNS"/>
                    <lemma type="cup"/>
                    <dep head="12-4" type="prep"/>
                </token>
                <token content="of" id="12-9"/>
                <token content="flour" id="12-10">
                    <pos type="NN"/>
                    <lemma type="flour"/>
                </token>
                <token content="," id="12-11"/>
                <token content="1 1/2" id="12-12">
                    <pos type="CD"/>
                    <lemma type="1 1/2"/>
                </token>
                <token content="teaspoons" id="12-13">
                    <pos type="NNS"/>
                    <lemma type="teaspoon"/>
                </token>
                <token content="of" id="12-14"/>
                <token content="baking" id="12-15">
                    <pos type="JJ"/>
                    <lemma type="baking"/>
                </token>
                <token content="soda" id="12-16">
                    <pos type="NN"/>
                    <lemma type="soda"/>
                </token>
                <token content="," id="12-17"/>
                <token content="and" id="12-18"/>
                <token content="1/4" id="12-19">
                    <pos type="CD"/>
                    <lemma type="1/4"/>
                </token>
                <token content="teaspoons" id="12-20">
                    <pos type="NNS"/>
                    <lemma type="teaspoon"/>
                </token>
                <token content="of" id="12-21"/>
                <token content="salt" id="12-22">
                    <pos type="NN"/>
                    <lemma type="salt"/>
                </token>
                <token content="." id="12-23"/>
            </sentence>
            <sentence id="13">
                <token content="I" id="13-1">
                    <pos type="PRP"/>
                    <lemma type="I"/>
                    <dep head="13-2" type="nsubj"/>
                </token>
                <token content="blended" id="13-2">
                    <pos type="VBZ"/>
                    <lemma type="blend"/>
                </token>
                <token content="this" id="13-3">
                    <pos type="DT"/>
                    <lemma type="this"/>
                </token>
                <token content="new" id="13-4">
                    <pos type="JJ"/>
                    <lemma type="new"/>
                </token>
                <token content="mixture" id="13-5">
                    <pos type="NN"/>
                    <lemma type="mixture"/>
                    <dep head="13-2" type="dobj"/>
                </token>
                <token content="well" id="13-6">
                    <pos type="RB"/>
                    <lemma type="well"/>
                    <dep head="13-2" type="advmod"/>
                </token>
                <token content="." id="13-7"/>
            </sentence>
            <sentence id="14">
                <token content="I" id="14-1">
                    <pos type="PRP"/>
                    <lemma type="I"/>
                </token>
                <token content="am" id="14-2">
                    <pos type="VBP"/>
                    <lemma type="be"/>
                </token>
                <token content="really" id="14-3">
                    <pos type="RB"/>
                    <lemma type="really"/>
                </token>
                <token content="the" id="14-4">
                    <pos type="DT"/>
                    <lemma type="the"/>
                </token>
                <token content="best" id="14-5">
                    <pos type="JJS"/>
                    <lemma type="best"/>
                </token>
                <token content="boyfriend" id="14-6">
                    <pos type="NN"/>
                    <lemma type="boyfriend"/>
                </token>
                <token content="in" id="14-7"/>
                <token content="the" id="14-8">
                    <pos type="DT"/>
                    <lemma type="the"/>
                </token>
                <token content="world" id="14-9">
                    <pos type="NN"/>
                    <lemma type="world"/>
                </token>
                <token content="." id="14-10"/>
            </sentence>
            <sentence id="15">
                <token content="After" id="15-1"/>
                <token content="that" id="15-2">
                    <pos type="DT"/>
                    <lemma type="that"/>
                    <dep head="15-4" type="prep"/>
                </token>
                <token content="I" id="15-3">
                    <pos type="PRP"/>
                    <lemma type="I"/>
                    <dep head="15-4" type="nsubj"/>
                </token>
                <token content="mixed" id="15-4">
                    <pos type="VBD"/>
                    <lemma type="mix"/>
                </token>
                <token content="in" id="15-5"/>
                <token content="1" id="15-6">
                    <pos type="CD"/>
                    <lemma type="1"/>
                </token>
                <token content="teaspoon" id="15-7">
                    <pos type="NN"/>
                    <lemma type="teaspoon"/>
                    <dep head="15-4" type="prep"/>
                </token>
                <token content="of" id="15-8"/>
                <token content="vinegar" id="15-9">
                    <pos type="NN"/>
                    <lemma type="vinegar"/>
                </token>
                <token content="and" id="15-10"/>
                <token content="1\/4" id="15-11">
                    <pos type="CD"/>
                    <lemma type="1\/4"/>
                </token>
                <token content="cup" id="15-12">
                    <pos type="NN"/>
                    <lemma type="cup"/>
                </token>
                <token content="of" id="15-13"/>
                <token content="milk" id="15-14">
                    <pos type="NN"/>
                    <lemma type="milk"/>
                </token>
                <token content="to" id="15-15"/>
                <token content="the" id="15-16">
                    <pos type="DT"/>
                    <lemma type="the"/>
                </token>
                <token content="main" id="15-17">
                    <pos type="JJ"/>
                    <lemma type="main"/>
                </token>
                <token content="mixture" id="15-18">
                    <pos type="NN"/>
                    <lemma type="mixture"/>
                    <dep head="15-4" type="prep"/>
                </token>
                <token content="." id="15-19"/>
            </sentence>
            <sentence id="16">
                <token content="The" id="16-1">
                    <pos type="DT"/>
                    <lemma type="the"/>
                </token>
                <token content="main" id="16-2">
                    <pos type="JJ"/>
                    <lemma type="main"/>
                </token>
                <token content="process" id="16-3">
                    <pos type="NN"/>
                    <lemma type="process"/>
                    <dep head="16-11" type="nsubj"/>
                </token>
                <token content="was" id="16-4">
                    <pos type="VBD"/>
                    <lemma type="be"/>
                    <dep head="16-5" type="auxpass"/>
                </token>
                <token content="done" id="16-5">
                    <pos type="VBN"/>
                    <lemma type="do"/>
                </token>
                <token content="all" id="16-6">
                    <pos type="DT"/>
                    <lemma type="all"/>
                    <dep head="16-5" type="dobj"/>
                </token>
                <token content="I" id="16-7">
                    <pos type="PRP"/>
                    <lemma type="I"/>
                    <dep head="16-8" type="nsubj"/>
                </token>
                <token content="needed" id="16-8">
                    <pos type="VBD"/>
                    <lemma type="need"/>
                </token>
                <token content="to" id="16-9">
                    <pos type="TO"/>
                    <lemma type="to"/>
                    <dep head="16-10" type="aux"/>
                </token>
                <token content="do" id="16-10">
                    <pos type="VB"/>
                    <lemma type="do"/>
                    <dep head="16-8" type="xcomp"/>
                </token>
                <token content="was" id="16-11">
                    <pos type="VBD"/>
                    <lemma type="be"/>
                </token>
                <token content="to" id="16-12">
                    <pos type="TO"/>
                    <lemma type="to"/>
                    <dep head="16-13" type="aux"/>
                </token>
                <token content="bake" id="16-13">
                    <pos type="VB"/>
                    <lemma type="bake"/>
                    <dep head="16-11" type="xcomp"/>
                </token>
                <token content="it" id="16-14">
                    <pos type="PRP"/>
                    <lemma type="it"/>
                    <dep head="16-13" type="dobj"/>
                </token>
                <token content="for" id="16-15"/>
                <token content="30" id="16-16">
                    <pos type="CD"/>
                    <lemma type="30"/>
                </token>
                <token content="minutes" id="16-17">
                    <pos type="NNS"/>
                    <lemma type="minute"/>
                    <dep head="16-13" type="prep"/>
                </token>
                <token content="," id="16-18"/>
                <token content="cut" id="16-19">
                    <pos type="VB"/>
                    <lemma type="cut"/>
                    <dep head="16-13" type="conj"/>
                </token>
                <token content="it" id="16-20">
                    <pos type="PRP"/>
                    <lemma type="it"/>
                    <dep head="16-19" type="dobj"/>
                </token>
                <token content="into" id="16-21"/>
                <token content="shape" id="16-22">
                    <pos type="NN"/>
                    <lemma type="shape"/>
                    <dep head="16-19" type="prep"/>
                </token>
                <token content="," id="16-23"/>
                <token content="and" id="16-24"/>
                <token content="frost" id="16-25">
                    <pos type="VB"/>
                    <lemma type="frost"/>
                    <dep head="16-13" type="conj"/>
                </token>
                <token content="the" id="16-26">
                    <pos type="DT"/>
                    <lemma type="the"/>
                </token>
                <token content="cake" id="16-27">
                    <pos type="NN"/>
                    <lemma type="cake"/>
                    <dep head="16-25" type="dobj"/>
                </token>
                <token content="." id="16-28"/>
            </sentence>
            <sentence id="17">
                <token content="Her" id="17-1">
                    <pos type="PRP$"/>
                    <lemma type="she"/>
                </token>
                <token content="birthday" id="17-2">
                    <pos type="NN"/>
                    <lemma type="birthday"/>
                </token>
                <token content="tomorrow" id="17-3">
                    <pos type="NN"/>
                    <lemma type="tomorrow"/>
                    <dep head="17-5" type="nsubj"/>
                </token>
                <token content="was" id="17-4">
                    <pos type="VBD"/>
                    <lemma type="be"/>
                    <dep head="17-5" type="aux"/>
                </token>
                <token content="going" id="17-5">
                    <pos type="VBG"/>
                    <lemma type="go"/>
                </token>
                <token content="to" id="17-6">
                    <pos type="TO"/>
                    <lemma type="to"/>
                </token>
                <token content="be" id="17-7">
                    <pos type="VB"/>
                    <lemma type="be"/>
                </token>
                <token content="very" id="17-8">
                    <pos type="RB"/>
                    <lemma type="very"/>
                </token>
                <token content="special" id="17-9">
                    <pos type="JJ"/>
                    <lemma type="special"/>
                    <dep head="17-5" type="xcomp"/>
                </token>
                <token content="." id="17-10"/>
            </sentence>
        </sentences>
    </text>
    <annotations>
        <participants>
            <label from="1-1" id="0" name="ScrPart_cook" text="My" type="participant"/>
            <label from="1-2" id="1" name="ScrPart_beneficiary" text="friends" type="participant"/>
            <label from="1-3" id="2" name="NPart" text="birthday" type="participant"/>
            <label from="1-5" id="3" name="NPart" text="tomorrow" type="participant"/>
            <label from="1-7" id="4" name="ScrPart_cook" text="I" type="participant"/>
            <label from="1-11" id="5" name="No_label" text="something" type="participant"/>
            <label from="1-14" id="6" name="ScrPart_beneficiary" text="her" type="participant"/>
            <label from="2-5" id="7" name="ScrPart_beneficiary" text="her" type="participant"/>
            <label from="2-7" id="8" name="NPart" text="gift" type="participant"/>
            <label from="2-8" id="9" name="ScrPart_cook" text="I" type="participant"/>
            <label from="2-12" id="10" name="ScrPart_beneficiary" text="her" type="participant"/>
            <label from="2-15" id="11" name="ScrPart_cake" text="cake" type="participant"/>
            <label from="3-2" id="12" name="ScrPart_cake" text="cake" type="participant"/>
            <label from="3-10" id="13" name="NPart" text="heart" type="participant"/>
            <label from="3-12" id="14" name="ScrPart_cake" text="it" type="participant"/>
            <label from="3-15" id="15" name="ScrPart_ingredients" text="chocolate" type="participant"/>
            <label from="3-17" id="16" name="ScrPart_beneficiary" text="her" type="participant"/>
            <label from="3-19" id="17" name="NPart" text="flavor" type="participant"/>
            <label from="4-1" id="18" name="ScrPart_cook" text="I" type="participant"/>
            <label from="4-5" id="19" name="ScrPart_store" text="grocery store" to="4-6" type="participant"/>
            <label from="4-6" id="20" name="ScrPart_store" text="store" type="participant"/>
            <label from="4-9" id="21" name="ScrPart_cook" text="my" type="participant"/>
            <label from="4-10" id="22" name="ScrPart_ingredients" text="ingredients" type="participant"/>
            <label from="5-1" id="23" name="ScrPart_cook" text="I" type="participant"/>
            <label from="5-3" id="24" name="ScrPart_ingredients" text="butter" type="participant"/>
            <label from="5-6" id="25" name="ScrPart_ingredients" text="chocolate" type="participant"/>
            <label from="5-8" id="26" name="ScrPart_ingredients" text="sugar" type="participant"/>
            <label from="5-10" id="27" name="ScrPart_ingredients" text="eggs" type="participant"/>
            <label from="5-12" id="28" name="ScrPart_ingredients" text="flour" type="participant"/>
            <label from="5-14" id="29" name="ScrPart_ingredients" text="baking soda" to="5-15" type="participant"/>
            <label from="5-15" id="30" name="ScrPart_ingredients" text="soda" type="participant"/>
            <label from="5-17" id="31" name="ScrPart_ingredients" text="salt" type="participant"/>
            <label from="5-19" id="32" name="ScrPart_ingredients" text="milk" type="participant"/>
            <label from="5-22" id="33" name="ScrPart_ingredients" text="vinegar" type="participant"/>
            <label from="6-1" id="34" name="ScrPart_cook" text="I" type="participant"/>
            <label from="6-5" id="35" name="ScrPart_cake" text="devil 's food cake" to="6-8" type="participant"/>
            <label from="6-8" id="36" name="ScrPart_cake" text="cake" type="participant"/>
            <label from="6-10" id="37" name="No_label" text="something" type="participant"/>
            <label from="7-2" id="38" name="ScrPart_cook" text="I" type="participant"/>
            <label from="7-4" id="39" name="ScrPart_kitchen/location" text="home" type="participant"/>
            <label from="7-5" id="40" name="ScrPart_cook" text="I" type="participant"/>
            <label from="7-8" id="41" name="ScrPart_oven" text="oven" type="participant"/>
            <label from="7-11" id="42" name="ScrPart_temperature" text="degrees" type="participant"/>
            <label from="7-14" id="43" name="ScrPart_cook" text="I" type="participant"/>
            <label from="7-17" id="44" name="ScrPart_cook" text="my" type="participant"/>
            <label from="7-18" id="45" name="ScrPart_cake_tin" text="pans" type="participant"/>
            <label from="7-20" id="46" name="ScrPart_cook" text="I" type="participant"/>
            <label from="8-1" id="47" name="ScrPart_cook" text="I" type="participant"/>
            <label from="8-5" id="48" name="Head_of_Partitive" text="cup" type="participant"/>
            <label from="8-7" id="49" name="ScrPart_ingredients" text="butter" type="participant"/>
            <label from="8-10" id="50" name="Head_of_Partitive" text="ounce" type="participant"/>
            <label from="8-12" id="51" name="ScrPart_ingredients" text="chocolate" type="participant"/>
            <label from="8-16" id="52" name="ScrPart_utensil" text="pan" type="participant"/>
            <label from="8-19" id="53" name="ScrPart_ingredients" text="it" type="participant"/>
            <label from="8-22" id="54" name="ScrPart_cook" text="I" type="participant"/>
            <label from="8-24" id="55" name="ScrPart_ingredients" text="it" type="participant"/>
            <label from="10-2" id="56" name="ScrPart_cook" text="I" type="participant"/>
            <label from="10-5" id="57" name="ScrPart_ingredients" text="eggs" type="participant"/>
            <label from="10-8" id="58" name="Head_of_Partitive" text="cups" type="participant"/>
            <label from="10-11" id="59" name="ScrPart_ingredients" text="sugar" type="participant"/>
            <label from="10-13" id="60" name="ScrPart_cook" text="I" type="participant"/>
            <label from="10-16" id="61" name="ScrPart_ingredients" text="chocolate mixture" to="10-17" type="participant"/>
            <label from="10-17" id="62" name="ScrPart_ingredients" text="mixture" type="participant"/>
            <label from="11-3" id="63" name="ScrPart_cook" text="I" type="participant"/>
            <label from="11-6" id="64" name="Head_of_Partitive" text="cup" type="participant"/>
            <label from="11-9" id="65" name="ScrPart_ingredients" text="water" type="participant"/>
            <label from="11-11" id="66" name="ScrPart_cook" text="I" type="participant"/>
            <label from="11-16" id="67" name="ScrPart_ingredients" text="it" type="participant"/>
            <label from="11-20" id="68" name="ScrPart_ingredients" text="mixture" type="participant"/>
            <label from="11-28" id="69" name="ScrPart_ingredients" text="it" type="participant"/>
            <label from="12-3" id="70" name="ScrPart_cook" text="I" type="participant"/>
            <label from="12-6" id="71" name="ScrPart_cook" text="my" type="participant"/>
            <label from="12-8" id="72" name="Head_of_Partitive" text="cups" type="participant"/>
            <label from="12-10" id="73" name="ScrPart_ingredients" text="flour" type="participant"/>
            <label from="12-13" id="74" name="Head_of_Partitive" text="teaspoons" type="participant"/>
            <label from="12-15" id="75" name="ScrPart_ingredients" text="baking soda" to="12-16" type="participant"/>
            <label from="12-16" id="76" name="ScrPart_ingredients" text="soda" type="participant"/>
            <label from="12-20" id="77" name="Head_of_Partitive" text="teaspoons" type="participant"/>
            <label from="12-22" id="78" name="ScrPart_ingredients" text="salt" type="participant"/>
            <label from="13-1" id="79" name="ScrPart_cook" text="I" type="participant"/>
            <label from="13-5" id="80" name="ScrPart_ingredients" text="mixture" type="participant"/>
            <label from="14-1" id="81" name="ScrPart_cook" text="I" type="participant"/>
            <label from="14-6" id="82" name="ScrPart_cook" text="boyfriend" type="participant"/>
            <label from="14-9" id="83" name="NPart" text="world" type="participant"/>
            <label from="15-3" id="84" name="ScrPart_cook" text="I" type="participant"/>
            <label from="15-7" id="85" name="Head_of_Partitive" text="teaspoon" type="participant"/>
            <label from="15-9" id="86" name="ScrPart_ingredients" text="vinegar" type="participant"/>
            <label from="15-12" id="87" name="Head_of_Partitive" text="cup" type="participant"/>
            <label from="15-14" id="88" name="ScrPart_ingredients" text="milk" type="participant"/>
            <label from="15-18" id="89" name="ScrPart_ingredients" text="mixture" type="participant"/>
            <label from="16-3" id="90" name="NPart" text="process" type="participant"/>
            <label from="16-7" id="91" name="ScrPart_cook" text="I" type="participant"/>
            <label from="16-14" id="92" name="ScrPart_cake" text="it" type="participant"/>
            <label from="16-17" id="93" name="ScrPart_time" text="minutes" type="participant"/>
            <label from="16-20" id="94" name="ScrPart_cake" text="it" type="participant"/>
            <label from="16-22" id="95" name="NPart" text="shape" type="participant"/>
            <label from="16-27" id="96" name="ScrPart_cake" text="cake" type="participant"/>
            <label from="17-1" id="97" name="ScrPart_beneficiary" text="Her" type="participant"/>
            <label from="17-2" id="98" name="NPart" text="birthday" type="participant"/>
            <label from="17-3" id="99" name="NPart" text="tomorrow" type="participant"/>
        </participants>
        <events>
            <label from="1-4" id="100" name="UnrelEv" text="was" type="event"/>
            <label from="1-8" id="101" name="UnrelEv" text="wanted" type="event"/>
            <label from="1-10" id="102" name="UnrelEv" text="do" type="event"/>
            <label from="2-4" id="103" name="UnrelEv" text="getting" type="event"/>
            <label from="2-9" id="104" name="UnrelEv" text="decided" type="event"/>
            <label from="2-11" id="105" name="Evoking" text="make her a special cake" to="2-15" type="event"/>
            <label from="3-6" id="106" name="UnrelEv" text="be" type="event"/>
            <label from="3-14" id="107" name="UnrelEv" text="be" type="event"/>
            <label from="4-2" id="108" name="ScrEv_get_ingredients" text="headed" type="event"/>
            <label from="4-8" id="109" name="ScrEv_get_ingredients" text="get" type="event"/>
            <label from="5-2" id="110" name="ScrEv_get_ingredients" text="got" type="event"/>
            <label from="6-3" id="111" name="Evoking" text="making a devil 's food cake" to="6-8" type="event"/>
            <label from="7-3" id="112" name="RelNScrEv" text="got" type="event"/>
            <label from="7-6" id="113" name="ScrEv_preheat" text="preheated" type="event"/>
            <label from="7-15" id="114" name="ScrEv_grease_cake_tin" text="grease up" to="7-16" type="event"/>
            <label from="7-25" id="115" name="UnrelEv" text="working" type="event"/>
            <label from="8-3" id="116" name="ScrEv_prepare_ingredients" text="melted" type="event"/>
            <label from="8-21" id="117" name="ScrEv_prepare_ingredients" text="melted" type="event"/>
            <label from="8-27" id="118" name="ScrEv_prepare_ingredients" text="cool down" to="8-28" type="event"/>
            <label from="10-3" id="119" name="ScrEv_prepare_ingredients" text="mixed" type="event"/>
            <label from="10-14" id="120" name="ScrEv_add_ingredients" text="added" type="event"/>
            <label from="11-4" id="121" name="ScrEv_add_ingredients" text="added" type="event"/>
            <label from="11-15" id="122" name="ScrEv_prepare_ingredients" text="blend" type="event"/>
            <label from="11-21" id="123" name="UnrelEv" text="was" type="event"/>
            <label from="11-31" id="124" name="UnrelEv" text="be" type="event"/>
            <label from="12-4" id="125" name="ScrEv_prepare_ingredients" text="mixed" type="event"/>
            <label from="13-2" id="126" name="ScrEv_prepare_ingredients" text="blended" type="event"/>
            <label from="14-2" id="127" name="UnrelEv" text="am" type="event"/>
            <label from="15-4" id="128" name="ScrEv_prepare_ingredients" text="mixed" type="event"/>
            <label from="16-5" id="129" name="UnrelEv" text="done" type="event"/>
            <label from="16-8" id="130" name="UnrelEv" text="needed" type="event"/>
            <label from="16-10" id="131" name="UnrelEv" text="do" type="event"/>
            <label from="16-13" id="132" name="ScrEv_wait" text="bake" type="event"/>
            <label from="16-19" id="133" name="ScrEv_decorate" text="cut" type="event"/>
            <label from="16-25" id="134" name="ScrEv_decorate" text="frost" type="event"/>
            <label from="17-7" id="135" name="UnrelEv" text="be" type="event"/>
        </events>
        <chains>
            <chain elements="0 4 9 18 21 23 34 38 40 43 44 46 47 54 56 60 63 66 70 79 81 82 84 91 71"/>
            <chain elements="1 6 7 10 16 97"/>
            <chain elements="11 12 14 36 92 94 96"/>
            <chain elements="15 25 51"/>
            <chain elements="24 49"/>
            <chain elements="53 49 51" name="group_butter_chocolate"/>
            <chain elements="53 55 62"/>
            <chain elements="27 57"/>
            <chain elements="26 59"/>
            <chain elements="67 68 69"/>
            <chain elements="28 73"/>
            <chain elements="30 76"/>
            <chain elements="31 78"/>
            <chain elements="33 86"/>
            <chain elements="32 88"/>
        </chains>
    </annotations>
</story>
