<?xml version="1.0" encoding="UTF-8" standalone="no"?>
<!DOCTYPE story SYSTEM "../InScript.dtd">
<story id="069" scenario="cake">
    <text>
        <content>My daughters birthday is today and She wants a pineapple upside down cake . 
I have all the ingredients and I gather them according to the recipe and place them on the counter . 
I like having everything together before hand . 
The cake needs to bake at 350 degrees , so I turned the oven on to preheat so it is at the right temperature when I am done mixing the cake , The recipes say to put all the wet ingredient into the mixer first and mix well . 
Then all the dry ingredients go in and mix for 3 minutes . 
The mixture is now a thick batter that I can pour into cake pans that have been greased with shortening or butter and coated with a bit of flour so the cake does not stick . 
I place the brown sugar and pineapple in the bottom of the pan and split the batter equally between the two pans and put them into the oven . 
A short time late the cakes are done and I take them out to cool , when I turn the over I can see the pineapple is baked into the top of the cake . 
I know she will love it ! </content>
        <sentences>
            <sentence id="1">
                <token content="My" id="1-1">
                    <pos type="PRP$"/>
                    <lemma type="my"/>
                </token>
                <token content="daughters" id="1-2">
                    <pos type="NNS"/>
                    <lemma type="daughter"/>
                </token>
                <token content="birthday" id="1-3">
                    <pos type="NN"/>
                    <lemma type="birthday"/>
                </token>
                <token content="is" id="1-4">
                    <pos type="VBZ"/>
                    <lemma type="be"/>
                </token>
                <token content="today" id="1-5">
                    <pos type="NN"/>
                    <lemma type="today"/>
                </token>
                <token content="and" id="1-6"/>
                <token content="She" id="1-7">
                    <pos type="PRP"/>
                    <lemma type="she"/>
                    <dep head="1-8" type="nsubj"/>
                </token>
                <token content="wants" id="1-8">
                    <pos type="VBZ"/>
                    <lemma type="want"/>
                </token>
                <token content="a" id="1-9">
                    <pos type="DT"/>
                    <lemma type="a"/>
                </token>
                <token content="pineapple" id="1-10">
                    <pos type="NN"/>
                    <lemma type="pineapple"/>
                </token>
                <token content="upside" id="1-11">
                    <pos type="NN"/>
                    <lemma type="upside"/>
                    <dep head="1-8" type="dobj"/>
                </token>
                <token content="down" id="1-12"/>
                <token content="cake" id="1-13">
                    <pos type="NN"/>
                    <lemma type="cake"/>
                    <dep head="1-8" type="prep"/>
                </token>
                <token content="." id="1-14"/>
            </sentence>
            <sentence id="2">
                <token content="I" id="2-1">
                    <pos type="PRP"/>
                    <lemma type="I"/>
                    <dep head="2-2" type="nsubj"/>
                </token>
                <token content="have" id="2-2">
                    <pos type="VBP"/>
                    <lemma type="have"/>
                </token>
                <token content="all" id="2-3">
                    <pos type="PDT"/>
                    <lemma type="all"/>
                </token>
                <token content="the" id="2-4">
                    <pos type="DT"/>
                    <lemma type="the"/>
                </token>
                <token content="ingredients" id="2-5">
                    <pos type="NNS"/>
                    <lemma type="ingredient"/>
                    <dep head="2-2" type="dobj"/>
                </token>
                <token content="and" id="2-6"/>
                <token content="I" id="2-7">
                    <pos type="PRP"/>
                    <lemma type="I"/>
                    <dep head="2-8" type="nsubj"/>
                </token>
                <token content="gather" id="2-8">
                    <pos type="VB"/>
                    <lemma type="gather"/>
                    <dep head="2-2" type="conj"/>
                </token>
                <token content="them" id="2-9">
                    <pos type="PRP"/>
                    <lemma type="they"/>
                    <dep head="2-8" type="dobj"/>
                </token>
                <token content="according" id="2-10"/>
                <token content="to" id="2-11">
                    <pos type="TO"/>
                    <lemma type="to"/>
                    <dep head="2-8" type="prepc"/>
                </token>
                <token content="the" id="2-12">
                    <pos type="DT"/>
                    <lemma type="the"/>
                </token>
                <token content="recipe" id="2-13">
                    <pos type="NN"/>
                    <lemma type="recipe"/>
                    <dep head="2-8" type="pobj"/>
                </token>
                <token content="and" id="2-14"/>
                <token content="place" id="2-15">
                    <pos type="VB"/>
                    <lemma type="place"/>
                    <dep head="2-8" type="conj"/>
                </token>
                <token content="them" id="2-16">
                    <pos type="PRP"/>
                    <lemma type="they"/>
                    <dep head="2-15" type="dobj"/>
                </token>
                <token content="on" id="2-17"/>
                <token content="the" id="2-18">
                    <pos type="DT"/>
                    <lemma type="the"/>
                </token>
                <token content="counter" id="2-19">
                    <pos type="NN"/>
                    <lemma type="counter"/>
                    <dep head="2-15" type="prep"/>
                </token>
                <token content="." id="2-20"/>
            </sentence>
            <sentence id="3">
                <token content="I" id="3-1">
                    <pos type="PRP"/>
                    <lemma type="I"/>
                    <dep head="3-2" type="nsubj"/>
                </token>
                <token content="like" id="3-2">
                    <pos type="VBP"/>
                    <lemma type="like"/>
                </token>
                <token content="having" id="3-3">
                    <pos type="VBG"/>
                    <lemma type="have"/>
                    <dep head="3-2" type="xcomp"/>
                </token>
                <token content="everything" id="3-4">
                    <pos type="NN"/>
                    <lemma type="everything"/>
                    <dep head="3-3" type="dobj"/>
                </token>
                <token content="together" id="3-5">
                    <pos type="RB"/>
                    <lemma type="together"/>
                    <dep head="3-3" type="advmod"/>
                </token>
                <token content="before" id="3-6"/>
                <token content="hand" id="3-7">
                    <pos type="NN"/>
                    <lemma type="hand"/>
                    <dep head="3-3" type="prep"/>
                </token>
                <token content="." id="3-8"/>
            </sentence>
            <sentence id="4">
                <token content="The" id="4-1">
                    <pos type="DT"/>
                    <lemma type="the"/>
                </token>
                <token content="cake" id="4-2">
                    <pos type="NN"/>
                    <lemma type="cake"/>
                    <dep head="4-3" type="nsubj"/>
                </token>
                <token content="needs" id="4-3">
                    <pos type="VBZ"/>
                    <lemma type="need"/>
                    <dep head="4-35" type="ccomp"/>
                </token>
                <token content="to" id="4-4">
                    <pos type="TO"/>
                    <lemma type="to"/>
                    <dep head="4-5" type="aux"/>
                </token>
                <token content="bake" id="4-5">
                    <pos type="VB"/>
                    <lemma type="bake"/>
                    <dep head="4-3" type="xcomp"/>
                </token>
                <token content="at" id="4-6"/>
                <token content="350" id="4-7">
                    <pos type="CD"/>
                    <lemma type="350"/>
                </token>
                <token content="degrees" id="4-8">
                    <pos type="NNS"/>
                    <lemma type="degree"/>
                    <dep head="4-5" type="prep"/>
                </token>
                <token content="," id="4-9"/>
                <token content="so" id="4-10">
                    <pos type="IN"/>
                    <lemma type="so"/>
                    <dep head="4-3" type="dep"/>
                </token>
                <token content="I" id="4-11">
                    <pos type="PRP"/>
                    <lemma type="I"/>
                    <dep head="4-12" type="nsubj"/>
                </token>
                <token content="turned" id="4-12">
                    <pos type="VBD"/>
                    <lemma type="turn"/>
                    <dep head="4-3" type="parataxis"/>
                </token>
                <token content="the" id="4-13">
                    <pos type="DT"/>
                    <lemma type="the"/>
                </token>
                <token content="oven" id="4-14">
                    <pos type="NN"/>
                    <lemma type="oven"/>
                    <dep head="4-12" type="dobj"/>
                </token>
                <token content="on" id="4-15">
                    <pos type="RP"/>
                    <lemma type="on"/>
                    <dep head="4-12" type="prt"/>
                </token>
                <token content="to" id="4-16">
                    <pos type="TO"/>
                    <lemma type="to"/>
                    <dep head="4-17" type="aux"/>
                </token>
                <token content="preheat" id="4-17">
                    <pos type="VB"/>
                    <lemma type="preheat"/>
                    <dep head="4-12" type="vmod"/>
                </token>
                <token content="so" id="4-18">
                    <pos type="IN"/>
                    <lemma type="so"/>
                    <dep head="4-20" type="mark"/>
                </token>
                <token content="it" id="4-19">
                    <pos type="PRP"/>
                    <lemma type="it"/>
                    <dep head="4-20" type="nsubj"/>
                </token>
                <token content="is" id="4-20">
                    <pos type="VBZ"/>
                    <lemma type="be"/>
                    <dep head="4-17" type="advcl"/>
                </token>
                <token content="at" id="4-21"/>
                <token content="the" id="4-22">
                    <pos type="DT"/>
                    <lemma type="the"/>
                </token>
                <token content="right" id="4-23">
                    <pos type="JJ"/>
                    <lemma type="right"/>
                </token>
                <token content="temperature" id="4-24">
                    <pos type="NN"/>
                    <lemma type="temperature"/>
                    <dep head="4-20" type="prep"/>
                </token>
                <token content="when" id="4-25">
                    <pos type="WRB"/>
                    <lemma type="when"/>
                    <dep head="4-28" type="advmod"/>
                </token>
                <token content="I" id="4-26">
                    <pos type="PRP"/>
                    <lemma type="I"/>
                    <dep head="4-28" type="nsubjpass"/>
                </token>
                <token content="am" id="4-27">
                    <pos type="VBP"/>
                    <lemma type="be"/>
                    <dep head="4-28" type="auxpass"/>
                </token>
                <token content="done" id="4-28">
                    <pos type="VBN"/>
                    <lemma type="do"/>
                    <dep head="4-12" type="advcl"/>
                </token>
                <token content="mixing" id="4-29">
                    <pos type="VBG"/>
                    <lemma type="mix"/>
                    <dep head="4-28" type="xcomp"/>
                </token>
                <token content="the" id="4-30">
                    <pos type="DT"/>
                    <lemma type="the"/>
                </token>
                <token content="cake" id="4-31">
                    <pos type="NN"/>
                    <lemma type="cake"/>
                    <dep head="4-29" type="dobj"/>
                </token>
                <token content="," id="4-32"/>
                <token content="The" id="4-33">
                    <pos type="DT"/>
                    <lemma type="the"/>
                </token>
                <token content="recipes" id="4-34">
                    <pos type="NNS"/>
                    <lemma type="recipe"/>
                    <dep head="4-35" type="nsubj"/>
                </token>
                <token content="say" id="4-35">
                    <pos type="VBP"/>
                    <lemma type="say"/>
                </token>
                <token content="to" id="4-36">
                    <pos type="TO"/>
                    <lemma type="to"/>
                    <dep head="4-37" type="aux"/>
                </token>
                <token content="put" id="4-37">
                    <pos type="VB"/>
                    <lemma type="put"/>
                    <dep head="4-35" type="xcomp"/>
                </token>
                <token content="all" id="4-38">
                    <pos type="PDT"/>
                    <lemma type="all"/>
                </token>
                <token content="the" id="4-39">
                    <pos type="DT"/>
                    <lemma type="the"/>
                </token>
                <token content="wet" id="4-40">
                    <pos type="JJ"/>
                    <lemma type="wet"/>
                </token>
                <token content="ingredient" id="4-41">
                    <pos type="NN"/>
                    <lemma type="ingredient"/>
                    <dep head="4-37" type="dobj"/>
                </token>
                <token content="into" id="4-42"/>
                <token content="the" id="4-43">
                    <pos type="DT"/>
                    <lemma type="the"/>
                </token>
                <token content="mixer" id="4-44">
                    <pos type="NN"/>
                    <lemma type="mixer"/>
                    <dep head="4-37" type="prep"/>
                </token>
                <token content="first" id="4-45">
                    <pos type="RB"/>
                    <lemma type="first"/>
                    <dep head="4-37" type="advmod"/>
                </token>
                <token content="and" id="4-46"/>
                <token content="mix" id="4-47">
                    <pos type="VB"/>
                    <lemma type="mix"/>
                    <dep head="4-37" type="conj"/>
                </token>
                <token content="well" id="4-48">
                    <pos type="RB"/>
                    <lemma type="well"/>
                    <dep head="4-47" type="advmod"/>
                </token>
                <token content="." id="4-49"/>
            </sentence>
            <sentence id="5">
                <token content="Then" id="5-1">
                    <pos type="RB"/>
                    <lemma type="then"/>
                    <dep head="5-6" type="advmod"/>
                </token>
                <token content="all" id="5-2">
                    <pos type="PDT"/>
                    <lemma type="all"/>
                </token>
                <token content="the" id="5-3">
                    <pos type="DT"/>
                    <lemma type="the"/>
                </token>
                <token content="dry" id="5-4">
                    <pos type="JJ"/>
                    <lemma type="dry"/>
                </token>
                <token content="ingredients" id="5-5">
                    <pos type="NNS"/>
                    <lemma type="ingredient"/>
                    <dep head="5-6" type="nsubj"/>
                </token>
                <token content="go" id="5-6">
                    <pos type="VBP"/>
                    <lemma type="go"/>
                </token>
                <token content="in" id="5-7">
                    <pos type="RP"/>
                    <lemma type="in"/>
                    <dep head="5-6" type="prt"/>
                </token>
                <token content="and" id="5-8"/>
                <token content="mix" id="5-9">
                    <pos type="VB"/>
                    <lemma type="mix"/>
                    <dep head="5-6" type="conj"/>
                </token>
                <token content="for" id="5-10"/>
                <token content="3" id="5-11">
                    <pos type="CD"/>
                    <lemma type="3"/>
                </token>
                <token content="minutes" id="5-12">
                    <pos type="NNS"/>
                    <lemma type="minute"/>
                    <dep head="5-9" type="prep"/>
                </token>
                <token content="." id="5-13"/>
            </sentence>
            <sentence id="6">
                <token content="The" id="6-1">
                    <pos type="DT"/>
                    <lemma type="the"/>
                </token>
                <token content="mixture" id="6-2">
                    <pos type="NN"/>
                    <lemma type="mixture"/>
                </token>
                <token content="is" id="6-3">
                    <pos type="VBZ"/>
                    <lemma type="be"/>
                </token>
                <token content="now" id="6-4">
                    <pos type="RB"/>
                    <lemma type="now"/>
                </token>
                <token content="a" id="6-5">
                    <pos type="DT"/>
                    <lemma type="a"/>
                </token>
                <token content="thick" id="6-6">
                    <pos type="JJ"/>
                    <lemma type="thick"/>
                </token>
                <token content="batter" id="6-7">
                    <pos type="NN"/>
                    <lemma type="batter"/>
                </token>
                <token content="that" id="6-8">
                    <pos type="IN"/>
                    <lemma type="that"/>
                    <dep head="6-11" type="mark"/>
                </token>
                <token content="I" id="6-9">
                    <pos type="PRP"/>
                    <lemma type="I"/>
                    <dep head="6-11" type="nsubj"/>
                </token>
                <token content="can" id="6-10">
                    <pos type="MD"/>
                    <lemma type="can"/>
                    <dep head="6-11" type="aux"/>
                </token>
                <token content="pour" id="6-11">
                    <pos type="VB"/>
                    <lemma type="pour"/>
                </token>
                <token content="into" id="6-12"/>
                <token content="cake" id="6-13">
                    <pos type="NN"/>
                    <lemma type="cake"/>
                </token>
                <token content="pans" id="6-14">
                    <pos type="NNS"/>
                    <lemma type="pan"/>
                    <dep head="6-11" type="prep"/>
                </token>
                <token content="that" id="6-15">
                    <pos type="WDT"/>
                    <lemma type="that"/>
                    <dep head="6-18" type="nsubjpass"/>
                </token>
                <token content="have" id="6-16">
                    <pos type="VBP"/>
                    <lemma type="have"/>
                    <dep head="6-18" type="aux"/>
                </token>
                <token content="been" id="6-17">
                    <pos type="VBN"/>
                    <lemma type="be"/>
                    <dep head="6-18" type="auxpass"/>
                </token>
                <token content="greased" id="6-18">
                    <pos type="VBN"/>
                    <lemma type="grease"/>
                </token>
                <token content="with" id="6-19"/>
                <token content="shortening" id="6-20">
                    <pos type="NN"/>
                    <lemma type="shortening"/>
                    <dep head="6-18" type="prep"/>
                </token>
                <token content="or" id="6-21"/>
                <token content="butter" id="6-22">
                    <pos type="NN"/>
                    <lemma type="butter"/>
                </token>
                <token content="and" id="6-23"/>
                <token content="coated" id="6-24">
                    <pos type="VBN"/>
                    <lemma type="coat"/>
                    <dep head="6-18" type="conj"/>
                </token>
                <token content="with" id="6-25"/>
                <token content="a" id="6-26">
                    <pos type="DT"/>
                    <lemma type="a"/>
                </token>
                <token content="bit" id="6-27">
                    <pos type="NN"/>
                    <lemma type="bit"/>
                    <dep head="6-24" type="prep"/>
                </token>
                <token content="of" id="6-28"/>
                <token content="flour" id="6-29">
                    <pos type="NN"/>
                    <lemma type="flour"/>
                </token>
                <token content="so" id="6-30">
                    <pos type="IN"/>
                    <lemma type="so"/>
                    <dep head="6-35" type="mark"/>
                </token>
                <token content="the" id="6-31">
                    <pos type="DT"/>
                    <lemma type="the"/>
                </token>
                <token content="cake" id="6-32">
                    <pos type="NN"/>
                    <lemma type="cake"/>
                    <dep head="6-35" type="nsubj"/>
                </token>
                <token content="does" id="6-33">
                    <pos type="VBZ"/>
                    <lemma type="do"/>
                    <dep head="6-35" type="aux"/>
                </token>
                <token content="not" id="6-34">
                    <pos type="RB"/>
                    <lemma type="not"/>
                    <dep head="6-35" type="neg"/>
                </token>
                <token content="stick" id="6-35">
                    <pos type="VB"/>
                    <lemma type="stick"/>
                    <dep head="6-24" type="advcl"/>
                </token>
                <token content="." id="6-36"/>
            </sentence>
            <sentence id="7">
                <token content="I" id="7-1">
                    <pos type="PRP"/>
                    <lemma type="I"/>
                    <dep head="7-2" type="nsubj"/>
                </token>
                <token content="place" id="7-2">
                    <pos type="VBP"/>
                    <lemma type="place"/>
                </token>
                <token content="the" id="7-3">
                    <pos type="DT"/>
                    <lemma type="the"/>
                </token>
                <token content="brown" id="7-4">
                    <pos type="JJ"/>
                    <lemma type="brown"/>
                </token>
                <token content="sugar" id="7-5">
                    <pos type="NN"/>
                    <lemma type="sugar"/>
                    <dep head="7-2" type="dobj"/>
                </token>
                <token content="and" id="7-6"/>
                <token content="pineapple" id="7-7">
                    <pos type="NN"/>
                    <lemma type="pineapple"/>
                </token>
                <token content="in" id="7-8"/>
                <token content="the" id="7-9">
                    <pos type="DT"/>
                    <lemma type="the"/>
                </token>
                <token content="bottom" id="7-10">
                    <pos type="NN"/>
                    <lemma type="bottom"/>
                </token>
                <token content="of" id="7-11"/>
                <token content="the" id="7-12">
                    <pos type="DT"/>
                    <lemma type="the"/>
                </token>
                <token content="pan" id="7-13">
                    <pos type="NN"/>
                    <lemma type="pan"/>
                </token>
                <token content="and" id="7-14"/>
                <token content="split" id="7-15">
                    <pos type="NN"/>
                    <lemma type="split"/>
                </token>
                <token content="the" id="7-16">
                    <pos type="DT"/>
                    <lemma type="the"/>
                </token>
                <token content="batter" id="7-17">
                    <pos type="NN"/>
                    <lemma type="batter"/>
                </token>
                <token content="equally" id="7-18">
                    <pos type="RB"/>
                    <lemma type="equally"/>
                </token>
                <token content="between" id="7-19"/>
                <token content="the" id="7-20">
                    <pos type="DT"/>
                    <lemma type="the"/>
                </token>
                <token content="two" id="7-21">
                    <pos type="CD"/>
                    <lemma type="two"/>
                </token>
                <token content="pans" id="7-22">
                    <pos type="NNS"/>
                    <lemma type="pan"/>
                </token>
                <token content="and" id="7-23"/>
                <token content="put" id="7-24">
                    <pos type="VBD"/>
                    <lemma type="put"/>
                    <dep head="7-2" type="conj"/>
                </token>
                <token content="them" id="7-25">
                    <pos type="PRP"/>
                    <lemma type="they"/>
                    <dep head="7-24" type="dobj"/>
                </token>
                <token content="into" id="7-26"/>
                <token content="the" id="7-27">
                    <pos type="DT"/>
                    <lemma type="the"/>
                </token>
                <token content="oven" id="7-28">
                    <pos type="NN"/>
                    <lemma type="oven"/>
                    <dep head="7-24" type="prep"/>
                </token>
                <token content="." id="7-29"/>
            </sentence>
            <sentence id="8">
                <token content="A" id="8-1">
                    <pos type="DT"/>
                    <lemma type="a"/>
                </token>
                <token content="short" id="8-2">
                    <pos type="JJ"/>
                    <lemma type="short"/>
                </token>
                <token content="time" id="8-3">
                    <pos type="NN"/>
                    <lemma type="time"/>
                    <dep head="8-28" type="nsubjpass"/>
                </token>
                <token content="late" id="8-4">
                    <pos type="RB"/>
                    <lemma type="late"/>
                </token>
                <token content="the" id="8-5">
                    <pos type="DT"/>
                    <lemma type="the"/>
                </token>
                <token content="cakes" id="8-6">
                    <pos type="NNS"/>
                    <lemma type="cake"/>
                    <dep head="8-8" type="nsubjpass"/>
                </token>
                <token content="are" id="8-7">
                    <pos type="VBP"/>
                    <lemma type="be"/>
                    <dep head="8-8" type="auxpass"/>
                </token>
                <token content="done" id="8-8">
                    <pos type="VBN"/>
                    <lemma type="do"/>
                </token>
                <token content="and" id="8-9"/>
                <token content="I" id="8-10">
                    <pos type="PRP"/>
                    <lemma type="I"/>
                    <dep head="8-11" type="nsubj"/>
                </token>
                <token content="take" id="8-11">
                    <pos type="VBP"/>
                    <lemma type="take"/>
                    <dep head="8-8" type="conj"/>
                </token>
                <token content="them" id="8-12">
                    <pos type="PRP"/>
                    <lemma type="they"/>
                    <dep head="8-11" type="dobj"/>
                </token>
                <token content="out" id="8-13">
                    <pos type="RB"/>
                    <lemma type="out"/>
                    <dep head="8-15" type="advmod"/>
                </token>
                <token content="to" id="8-14">
                    <pos type="TO"/>
                    <lemma type="to"/>
                    <dep head="8-15" type="aux"/>
                </token>
                <token content="cool" id="8-15">
                    <pos type="VB"/>
                    <lemma type="cool"/>
                    <dep head="8-11" type="xcomp"/>
                </token>
                <token content="," id="8-16"/>
                <token content="when" id="8-17">
                    <pos type="WRB"/>
                    <lemma type="when"/>
                    <dep head="8-19" type="advmod"/>
                </token>
                <token content="I" id="8-18">
                    <pos type="PRP"/>
                    <lemma type="I"/>
                    <dep head="8-19" type="nsubj"/>
                </token>
                <token content="turn" id="8-19">
                    <pos type="VBP"/>
                    <lemma type="turn"/>
                    <dep head="8-11" type="advcl"/>
                </token>
                <token content="the" id="8-20">
                    <pos type="DT"/>
                    <lemma type="the"/>
                </token>
                <token content="over" id="8-21">
                    <pos type="RB"/>
                    <lemma type="over"/>
                    <dep head="8-19" type="advmod"/>
                </token>
                <token content="I" id="8-22">
                    <pos type="PRP"/>
                    <lemma type="I"/>
                    <dep head="8-24" type="nsubj"/>
                </token>
                <token content="can" id="8-23">
                    <pos type="MD"/>
                    <lemma type="can"/>
                    <dep head="8-24" type="aux"/>
                </token>
                <token content="see" id="8-24">
                    <pos type="VB"/>
                    <lemma type="see"/>
                </token>
                <token content="the" id="8-25">
                    <pos type="DT"/>
                    <lemma type="the"/>
                </token>
                <token content="pineapple" id="8-26">
                    <pos type="NN"/>
                    <lemma type="pineapple"/>
                    <dep head="8-24" type="dobj"/>
                </token>
                <token content="is" id="8-27">
                    <pos type="VBZ"/>
                    <lemma type="be"/>
                    <dep head="8-28" type="auxpass"/>
                </token>
                <token content="baked" id="8-28">
                    <pos type="VBN"/>
                    <lemma type="bake"/>
                </token>
                <token content="into" id="8-29"/>
                <token content="the" id="8-30">
                    <pos type="DT"/>
                    <lemma type="the"/>
                </token>
                <token content="top" id="8-31">
                    <pos type="NN"/>
                    <lemma type="top"/>
                    <dep head="8-28" type="prep"/>
                </token>
                <token content="of" id="8-32"/>
                <token content="the" id="8-33">
                    <pos type="DT"/>
                    <lemma type="the"/>
                </token>
                <token content="cake" id="8-34">
                    <pos type="NN"/>
                    <lemma type="cake"/>
                </token>
                <token content="." id="8-35"/>
            </sentence>
            <sentence id="9">
                <token content="I" id="9-1">
                    <pos type="PRP"/>
                    <lemma type="I"/>
                    <dep head="9-2" type="nsubj"/>
                </token>
                <token content="know" id="9-2">
                    <pos type="VBP"/>
                    <lemma type="know"/>
                </token>
                <token content="she" id="9-3">
                    <pos type="PRP"/>
                    <lemma type="she"/>
                    <dep head="9-5" type="nsubj"/>
                </token>
                <token content="will" id="9-4">
                    <pos type="MD"/>
                    <lemma type="will"/>
                    <dep head="9-5" type="aux"/>
                </token>
                <token content="love" id="9-5">
                    <pos type="VB"/>
                    <lemma type="love"/>
                    <dep head="9-2" type="ccomp"/>
                </token>
                <token content="it" id="9-6">
                    <pos type="PRP"/>
                    <lemma type="it"/>
                    <dep head="9-5" type="dobj"/>
                </token>
                <token content="!" id="9-7"/>
            </sentence>
        </sentences>
    </text>
    <annotations>
        <participants>
            <label from="1-1" id="0" name="ScrPart_cook" text="My" type="participant"/>
            <label from="1-2" id="1" name="ScrPart_beneficiary" text="daughters" type="participant"/>
            <label from="1-3" id="2" name="NPart" text="birthday" type="participant"/>
            <label from="1-5" id="3" name="NPart" text="today" type="participant"/>
            <label from="1-7" id="4" name="ScrPart_beneficiary" text="She" type="participant"/>
            <label from="1-10" id="5" name="ScrPart_cake" text="pineapple upside down cake" to="1-13" type="participant"/>
            <label from="1-13" id="6" name="ScrPart_cake" text="cake" type="participant"/>
            <label from="2-1" id="7" name="ScrPart_cook" text="I" type="participant"/>
            <label from="2-5" id="8" name="ScrPart_ingredients" text="ingredients" type="participant"/>
            <label from="2-7" id="9" name="ScrPart_cook" text="I" type="participant"/>
            <label from="2-9" id="10" name="ScrPart_ingredients" text="them" type="participant"/>
            <label from="2-13" id="11" name="ScrPart_baking_instructions" text="recipe" type="participant"/>
            <label from="2-16" id="12" name="ScrPart_ingredients" text="them" type="participant"/>
            <label from="2-19" id="13" name="ScrPart_other" text="counter" type="participant"/>
            <label from="3-1" id="14" name="ScrPart_cook" text="I" type="participant"/>
            <label from="3-4" id="15" name="ScrPart_ingredients" text="everything" type="participant"/>
            <label from="3-7" id="16" name="No_label" text="hand" type="participant"/>
            <label from="4-2" id="17" name="ScrPart_cake" text="cake" type="participant"/>
            <label from="4-8" id="18" name="ScrPart_temperature" text="degrees" type="participant"/>
            <label from="4-11" id="19" name="ScrPart_cook" text="I" type="participant"/>
            <label from="4-14" id="20" name="ScrPart_oven" text="oven" type="participant"/>
            <label from="4-19" id="21" name="ScrPart_oven" text="it" type="participant"/>
            <label from="4-24" id="22" name="ScrPart_temperature" text="temperature" type="participant"/>
            <label from="4-26" id="23" name="ScrPart_cook" text="I" type="participant"/>
            <label from="4-31" id="24" name="ScrPart_cake" text="cake" type="participant"/>
            <label from="4-34" id="25" name="ScrPart_baking_instructions" text="recipes" type="participant"/>
            <label from="4-41" id="26" name="ScrPart_ingredients" text="ingredient" type="participant"/>
            <label from="4-44" id="27" name="ScrPart_utensil" text="mixer" type="participant"/>
            <label from="5-5" id="28" name="ScrPart_ingredients" text="ingredients" type="participant"/>
            <label from="5-12" id="29" name="ScrPart_time" text="minutes" type="participant"/>
            <label from="6-2" id="30" name="ScrPart_dough" text="mixture" type="participant"/>
            <label from="6-7" id="31" name="ScrPart_dough" text="batter" type="participant"/>
            <label from="6-9" id="32" name="ScrPart_cook" text="I" type="participant"/>
            <label from="6-13" id="33" name="ScrPart_cake_tin" text="cake pans" to="6-14" type="participant"/>
            <label from="6-14" id="34" name="ScrPart_cake_tin" text="pans" type="participant"/>
            <label from="6-20" id="35" name="ScrPart_ingredients" text="shortening" type="participant"/>
            <label from="6-22" id="36" name="ScrPart_ingredients" text="butter" type="participant"/>
            <label from="6-27" id="37" name="NPart" text="bit" type="participant"/>
            <label from="6-29" id="38" name="ScrPart_ingredients" text="flour" type="participant"/>
            <label from="6-32" id="39" name="ScrPart_cake" text="cake" type="participant"/>
            <label from="7-1" id="40" name="ScrPart_cook" text="I" type="participant"/>
            <label from="7-4" id="41" name="ScrPart_ingredients" text="brown sugar" to="7-5" type="participant"/>
            <label from="7-5" id="42" name="ScrPart_ingredients" text="sugar" type="participant"/>
            <label from="7-7" id="43" name="ScrPart_ingredients" text="pineapple" type="participant"/>
            <label from="7-10" id="44" name="NPart" text="bottom" type="participant"/>
            <label from="7-13" id="45" name="ScrPart_cake_tin" text="pan" type="participant"/>
            <label from="7-17" id="46" name="ScrPart_dough" text="batter" type="participant"/>
            <label from="7-22" id="47" name="ScrPart_cake_tin" text="pans" type="participant"/>
            <label from="7-25" id="48" name="ScrPart_cake_tin" text="them" type="participant"/>
            <label from="7-28" id="49" name="ScrPart_oven" text="oven" type="participant"/>
            <label from="8-3" id="50" name="ScrPart_time" text="time" type="participant"/>
            <label from="8-6" id="51" name="ScrPart_cake" text="cakes" type="participant"/>
            <label from="8-10" id="52" name="ScrPart_cook" text="I" type="participant"/>
            <label from="8-12" id="53" name="ScrPart_cake" text="them" type="participant"/>
            <label from="8-18" id="54" name="ScrPart_cook" text="I" type="participant"/>
            <label from="8-20" id="55" name="ScrPart_cake" text="the" type="participant"/>
            <label from="8-22" id="56" name="ScrPart_cook" text="I" type="participant"/>
            <label from="8-26" id="57" name="ScrPart_ingredients" text="pineapple" type="participant"/>
            <label from="8-31" id="58" name="NPart" text="top" type="participant"/>
            <label from="8-34" id="59" name="ScrPart_cake" text="cake" type="participant"/>
            <label from="9-1" id="60" name="ScrPart_cook" text="I" type="participant"/>
            <label from="9-3" id="61" name="ScrPart_beneficiary" text="she" type="participant"/>
            <label from="9-6" id="62" name="ScrPart_cake" text="it" type="participant"/>
        </participants>
        <events>
            <label from="1-4" id="63" name="UnrelEv" text="is" type="event"/>
            <label from="1-8" id="64" name="Evoking" text="wants a pineapple upside down cake" to="1-13" type="event"/>
            <label from="2-2" id="65" name="UnrelEv" text="have" type="event"/>
            <label from="2-8" id="66" name="ScrEv_get_ingredients" text="gather" type="event"/>
            <label from="2-15" id="67" name="ScrEv_get_ingredients" text="place" type="event"/>
            <label from="3-2" id="68" name="UnrelEv" text="like" type="event"/>
            <label from="3-3" id="69" name="UnrelEv" text="having" type="event"/>
            <label from="4-5" id="70" name="RelNScrEv" text="bake" type="event"/>
            <label from="4-12" id="71" name="ScrEv_preheat" text="turned" type="event"/>
            <label from="4-17" id="72" name="ScrEv_preheat" text="preheat" type="event"/>
            <label from="4-20" id="73" name="UnrelEv" text="is" type="event"/>
            <label from="4-28" id="74" name="UnrelEv" text="done" type="event"/>
            <label from="4-29" id="75" name="ScrEv_make_dough" text="mixing" type="event"/>
            <label from="4-35" id="76" name="UnrelEv" text="say" type="event"/>
            <label from="4-37" id="77" name="ScrEv_add_ingredients" text="put" type="event"/>
            <label from="4-47" id="78" name="ScrEv_make_dough" text="mix" type="event"/>
            <label from="5-6" id="79" name="ScrEv_add_ingredients" text="go in" to="5-7" type="event"/>
            <label from="5-6" id="80" name="ScrEv_add_ingredients" text="go" type="event"/>
            <label from="5-9" id="81" name="ScrEv_make_dough" text="mix" type="event"/>
            <label from="6-3" id="82" name="UnrelEv" text="is" type="event"/>
            <label from="6-11" id="83" name="ScrEv_pour_dough" text="pour" type="event"/>
            <label from="6-18" id="84" name="ScrEv_grease_cake_tin" text="greased" type="event"/>
            <label from="6-24" id="85" name="ScrEv_other" text="coated" type="event"/>
            <label from="6-35" id="86" name="RelNScrEv" text="stick" type="event"/>
            <label from="7-2" id="87" name="ScrEv_add_ingredients" text="place" type="event"/>
            <label from="7-15" id="88" name="ScrEv_pour_dough" text="split" type="event"/>
            <label from="7-24" id="89" name="ScrEv_put_cake_oven" text="put" type="event"/>
            <label from="8-8" id="90" name="UnrelEv" text="done" type="event"/>
            <label from="8-11" id="91" name="ScrEv_take_out_oven" text="take" type="event"/>
            <label from="8-15" id="92" name="ScrEv_cool_down" text="cool" type="event"/>
            <label from="8-19" id="93" name="ScrEv_take_out_cake_tin" text="turn" type="event"/>
            <label from="8-28" id="94" name="RelNScrEv" text="baked" type="event"/>
            <label from="9-2" id="95" name="UnrelEv" text="know" type="event"/>
            <label from="9-5" id="96" name="UnrelEv" text="love" type="event"/>
        </events>
        <chains>
            <chain elements="1 4 61"/>
            <chain elements="0 7 9 14 19 23 32 40 52 54 56 60"/>
            <chain elements="8 10 12 15"/>
            <chain elements="6 17 24 39 51 53 55 59 62"/>
            <chain elements="20 21 49"/>
            <chain elements="18 22"/>
            <chain elements="11 25"/>
            <chain elements="30 31 46"/>
            <chain elements="34 45 47 48"/>
        </chains>
    </annotations>
</story>
