<?xml version="1.0" encoding="UTF-8" standalone="no"?>
<!DOCTYPE story SYSTEM "../InScript.dtd">
<story id="041" scenario="cake">
    <text>
        <content>My girlfriend 's birthday was coming up and instead of my usual buying a cake from the grocery store every year , I thought I would unleash my inner Paula Dean and bake her a cake . 
I went to the store and bought an easy yellow cake mix , some eggs , butter and icing . 
I decided to do it this way because when it comes to me and cooking I am not the best so easy was the way to go . 
I went home and got out a mixing bowl and added the cake box mix , two eggs , a stick of butter and a cup of water . 
I mixed it up and then poured the batter into a large baking pan and licked the beaters . 
I baked it at 350 for 15 minutes and it came out a perfect golden brown . 
After letting it cool for a bit I put on the chocolate icing that I bought and needless to say the cake was a huge hit and she was very impressed with my baking skills . </content>
        <sentences>
            <sentence id="1">
                <token content="My" id="1-1">
                    <pos type="PRP$"/>
                    <lemma type="my"/>
                </token>
                <token content="girlfriend" id="1-2">
                    <pos type="NN"/>
                    <lemma type="girlfriend"/>
                </token>
                <token content="'s" id="1-3"/>
                <token content="birthday" id="1-4">
                    <pos type="NN"/>
                    <lemma type="birthday"/>
                    <dep head="1-6" type="nsubj"/>
                </token>
                <token content="was" id="1-5">
                    <pos type="VBD"/>
                    <lemma type="be"/>
                    <dep head="1-6" type="aux"/>
                </token>
                <token content="coming" id="1-6">
                    <pos type="VBG"/>
                    <lemma type="come"/>
                    <dep head="1-24" type="ccomp"/>
                </token>
                <token content="up" id="1-7">
                    <pos type="RP"/>
                    <lemma type="up"/>
                    <dep head="1-6" type="prt"/>
                </token>
                <token content="and" id="1-8"/>
                <token content="instead" id="1-9"/>
                <token content="of" id="1-10"/>
                <token content="my" id="1-11">
                    <pos type="PRP$"/>
                    <lemma type="my"/>
                </token>
                <token content="usual" id="1-12">
                    <pos type="JJ"/>
                    <lemma type="usual"/>
                    <dep head="1-6" type="prep"/>
                </token>
                <token content="buying" id="1-13">
                    <pos type="VBG"/>
                    <lemma type="buy"/>
                    <dep head="1-6" type="conj"/>
                </token>
                <token content="a" id="1-14">
                    <pos type="DT"/>
                    <lemma type="a"/>
                </token>
                <token content="cake" id="1-15">
                    <pos type="NN"/>
                    <lemma type="cake"/>
                    <dep head="1-13" type="dobj"/>
                </token>
                <token content="from" id="1-16"/>
                <token content="the" id="1-17">
                    <pos type="DT"/>
                    <lemma type="the"/>
                </token>
                <token content="grocery" id="1-18">
                    <pos type="NN"/>
                    <lemma type="grocery"/>
                </token>
                <token content="store" id="1-19">
                    <pos type="NN"/>
                    <lemma type="store"/>
                    <dep head="1-13" type="prep"/>
                </token>
                <token content="every" id="1-20">
                    <pos type="DT"/>
                    <lemma type="every"/>
                </token>
                <token content="year" id="1-21">
                    <pos type="NN"/>
                    <lemma type="year"/>
                    <dep head="1-13" type="tmod"/>
                </token>
                <token content="," id="1-22"/>
                <token content="I" id="1-23">
                    <pos type="PRP"/>
                    <lemma type="I"/>
                    <dep head="1-24" type="nsubj"/>
                </token>
                <token content="thought" id="1-24">
                    <pos type="VBD"/>
                    <lemma type="think"/>
                </token>
                <token content="I" id="1-25">
                    <pos type="PRP"/>
                    <lemma type="I"/>
                    <dep head="1-27" type="nsubj"/>
                </token>
                <token content="would" id="1-26">
                    <pos type="MD"/>
                    <lemma type="would"/>
                    <dep head="1-27" type="aux"/>
                </token>
                <token content="unleash" id="1-27">
                    <pos type="VB"/>
                    <lemma type="unleash"/>
                    <dep head="1-24" type="ccomp"/>
                </token>
                <token content="my" id="1-28">
                    <pos type="PRP$"/>
                    <lemma type="my"/>
                </token>
                <token content="inner" id="1-29">
                    <pos type="JJ"/>
                    <lemma type="inner"/>
                </token>
                <token content="Paula" id="1-30">
                    <pos type="NNP"/>
                    <lemma type="Paula"/>
                </token>
                <token content="Dean" id="1-31">
                    <pos type="NNP"/>
                    <lemma type="Dean"/>
                    <dep head="1-27" type="dobj"/>
                </token>
                <token content="and" id="1-32"/>
                <token content="bake" id="1-33">
                    <pos type="VB"/>
                    <lemma type="bake"/>
                    <dep head="1-27" type="conj"/>
                </token>
                <token content="her" id="1-34">
                    <pos type="PRP"/>
                    <lemma type="she"/>
                    <dep head="1-33" type="dobj"/>
                </token>
                <token content="a" id="1-35">
                    <pos type="DT"/>
                    <lemma type="a"/>
                </token>
                <token content="cake" id="1-36">
                    <pos type="NN"/>
                    <lemma type="cake"/>
                    <dep head="1-27" type="dobj"/>
                </token>
                <token content="." id="1-37"/>
            </sentence>
            <sentence id="2">
                <token content="I" id="2-1">
                    <pos type="PRP"/>
                    <lemma type="I"/>
                    <dep head="2-2" type="nsubj"/>
                </token>
                <token content="went" id="2-2">
                    <pos type="VBD"/>
                    <lemma type="go"/>
                </token>
                <token content="to" id="2-3"/>
                <token content="the" id="2-4">
                    <pos type="DT"/>
                    <lemma type="the"/>
                </token>
                <token content="store" id="2-5">
                    <pos type="NN"/>
                    <lemma type="store"/>
                    <dep head="2-2" type="prep"/>
                </token>
                <token content="and" id="2-6"/>
                <token content="bought" id="2-7">
                    <pos type="VBD"/>
                    <lemma type="buy"/>
                    <dep head="2-2" type="conj"/>
                </token>
                <token content="an" id="2-8">
                    <pos type="DT"/>
                    <lemma type="a"/>
                </token>
                <token content="easy" id="2-9">
                    <pos type="JJ"/>
                    <lemma type="easy"/>
                </token>
                <token content="yellow" id="2-10">
                    <pos type="JJ"/>
                    <lemma type="yellow"/>
                </token>
                <token content="cake" id="2-11">
                    <pos type="NN"/>
                    <lemma type="cake"/>
                </token>
                <token content="mix" id="2-12">
                    <pos type="NN"/>
                    <lemma type="mix"/>
                    <dep head="2-7" type="dobj"/>
                </token>
                <token content="," id="2-13"/>
                <token content="some" id="2-14">
                    <pos type="DT"/>
                    <lemma type="some"/>
                </token>
                <token content="eggs" id="2-15">
                    <pos type="NNS"/>
                    <lemma type="egg"/>
                </token>
                <token content="," id="2-16"/>
                <token content="butter" id="2-17">
                    <pos type="NN"/>
                    <lemma type="butter"/>
                </token>
                <token content="and" id="2-18"/>
                <token content="icing" id="2-19">
                    <pos type="NN"/>
                    <lemma type="icing"/>
                </token>
                <token content="." id="2-20"/>
            </sentence>
            <sentence id="3">
                <token content="I" id="3-1">
                    <pos type="PRP"/>
                    <lemma type="I"/>
                    <dep head="3-2" type="nsubj"/>
                </token>
                <token content="decided" id="3-2">
                    <pos type="VBD"/>
                    <lemma type="decide"/>
                </token>
                <token content="to" id="3-3">
                    <pos type="TO"/>
                    <lemma type="to"/>
                    <dep head="3-4" type="aux"/>
                </token>
                <token content="do" id="3-4">
                    <pos type="VB"/>
                    <lemma type="do"/>
                    <dep head="3-2" type="xcomp"/>
                </token>
                <token content="it" id="3-5">
                    <pos type="PRP"/>
                    <lemma type="it"/>
                    <dep head="3-4" type="dobj"/>
                </token>
                <token content="this" id="3-6">
                    <pos type="DT"/>
                    <lemma type="this"/>
                </token>
                <token content="way" id="3-7">
                    <pos type="NN"/>
                    <lemma type="way"/>
                    <dep head="3-4" type="advmod"/>
                </token>
                <token content="because" id="3-8">
                    <pos type="IN"/>
                    <lemma type="because"/>
                </token>
                <token content="when" id="3-9">
                    <pos type="WRB"/>
                    <lemma type="when"/>
                    <dep head="3-11" type="advmod"/>
                </token>
                <token content="it" id="3-10">
                    <pos type="PRP"/>
                    <lemma type="it"/>
                    <dep head="3-11" type="nsubj"/>
                </token>
                <token content="comes" id="3-11">
                    <pos type="VBZ"/>
                    <lemma type="come"/>
                </token>
                <token content="to" id="3-12"/>
                <token content="me" id="3-13">
                    <pos type="PRP"/>
                    <lemma type="I"/>
                    <dep head="3-11" type="prep"/>
                </token>
                <token content="and" id="3-14"/>
                <token content="cooking" id="3-15">
                    <pos type="NN"/>
                    <lemma type="cooking"/>
                    <dep head="3-11" type="conj"/>
                </token>
                <token content="I" id="3-16">
                    <pos type="PRP"/>
                    <lemma type="I"/>
                </token>
                <token content="am" id="3-17">
                    <pos type="VBP"/>
                    <lemma type="be"/>
                </token>
                <token content="not" id="3-18">
                    <pos type="RB"/>
                    <lemma type="not"/>
                </token>
                <token content="the" id="3-19">
                    <pos type="DT"/>
                    <lemma type="the"/>
                </token>
                <token content="best" id="3-20">
                    <pos type="JJS"/>
                    <lemma type="best"/>
                </token>
                <token content="so" id="3-21">
                    <pos type="RB"/>
                    <lemma type="so"/>
                </token>
                <token content="easy" id="3-22">
                    <pos type="JJ"/>
                    <lemma type="easy"/>
                </token>
                <token content="was" id="3-23">
                    <pos type="VBD"/>
                    <lemma type="be"/>
                </token>
                <token content="the" id="3-24">
                    <pos type="DT"/>
                    <lemma type="the"/>
                </token>
                <token content="way" id="3-25">
                    <pos type="NN"/>
                    <lemma type="way"/>
                </token>
                <token content="to" id="3-26">
                    <pos type="TO"/>
                    <lemma type="to"/>
                    <dep head="3-27" type="aux"/>
                </token>
                <token content="go" id="3-27">
                    <pos type="VB"/>
                    <lemma type="go"/>
                </token>
                <token content="." id="3-28"/>
            </sentence>
            <sentence id="4">
                <token content="I" id="4-1">
                    <pos type="PRP"/>
                    <lemma type="I"/>
                    <dep head="4-2" type="nsubj"/>
                </token>
                <token content="went" id="4-2">
                    <pos type="VBD"/>
                    <lemma type="go"/>
                </token>
                <token content="home" id="4-3">
                    <pos type="NN"/>
                    <lemma type="home"/>
                    <dep head="4-2" type="dobj"/>
                </token>
                <token content="and" id="4-4"/>
                <token content="got" id="4-5">
                    <pos type="VBD"/>
                    <lemma type="get"/>
                    <dep head="4-2" type="conj"/>
                </token>
                <token content="out" id="4-6">
                    <pos type="RP"/>
                    <lemma type="out"/>
                    <dep head="4-5" type="prt"/>
                </token>
                <token content="a" id="4-7">
                    <pos type="DT"/>
                    <lemma type="a"/>
                </token>
                <token content="mixing" id="4-8">
                    <pos type="JJ"/>
                    <lemma type="mixing"/>
                </token>
                <token content="bowl" id="4-9">
                    <pos type="NN"/>
                    <lemma type="bowl"/>
                    <dep head="4-5" type="dobj"/>
                </token>
                <token content="and" id="4-10"/>
                <token content="added" id="4-11">
                    <pos type="VBD"/>
                    <lemma type="add"/>
                    <dep head="4-5" type="conj"/>
                </token>
                <token content="the" id="4-12">
                    <pos type="DT"/>
                    <lemma type="the"/>
                </token>
                <token content="cake" id="4-13">
                    <pos type="NN"/>
                    <lemma type="cake"/>
                </token>
                <token content="box" id="4-14">
                    <pos type="NN"/>
                    <lemma type="box"/>
                </token>
                <token content="mix" id="4-15">
                    <pos type="NN"/>
                    <lemma type="mix"/>
                    <dep head="4-11" type="dobj"/>
                </token>
                <token content="," id="4-16"/>
                <token content="two" id="4-17">
                    <pos type="CD"/>
                    <lemma type="two"/>
                </token>
                <token content="eggs" id="4-18">
                    <pos type="NNS"/>
                    <lemma type="egg"/>
                </token>
                <token content="," id="4-19"/>
                <token content="a" id="4-20">
                    <pos type="DT"/>
                    <lemma type="a"/>
                </token>
                <token content="stick" id="4-21">
                    <pos type="NN"/>
                    <lemma type="stick"/>
                </token>
                <token content="of" id="4-22"/>
                <token content="butter" id="4-23">
                    <pos type="NN"/>
                    <lemma type="butter"/>
                </token>
                <token content="and" id="4-24"/>
                <token content="a" id="4-25">
                    <pos type="DT"/>
                    <lemma type="a"/>
                </token>
                <token content="cup" id="4-26">
                    <pos type="NN"/>
                    <lemma type="cup"/>
                </token>
                <token content="of" id="4-27"/>
                <token content="water" id="4-28">
                    <pos type="NN"/>
                    <lemma type="water"/>
                </token>
                <token content="." id="4-29"/>
            </sentence>
            <sentence id="5">
                <token content="I" id="5-1">
                    <pos type="PRP"/>
                    <lemma type="I"/>
                    <dep head="5-2" type="nsubj"/>
                </token>
                <token content="mixed" id="5-2">
                    <pos type="VBD"/>
                    <lemma type="mix"/>
                </token>
                <token content="it" id="5-3">
                    <pos type="PRP"/>
                    <lemma type="it"/>
                    <dep head="5-7" type="nsubj"/>
                </token>
                <token content="up" id="5-4">
                    <pos type="RB"/>
                    <lemma type="up"/>
                    <dep head="5-7" type="advmod"/>
                </token>
                <token content="and" id="5-5"/>
                <token content="then" id="5-6">
                    <pos type="RB"/>
                    <lemma type="then"/>
                </token>
                <token content="poured" id="5-7">
                    <pos type="VBD"/>
                    <lemma type="pour"/>
                    <dep head="5-2" type="ccomp"/>
                </token>
                <token content="the" id="5-8">
                    <pos type="DT"/>
                    <lemma type="the"/>
                </token>
                <token content="batter" id="5-9">
                    <pos type="NN"/>
                    <lemma type="batter"/>
                    <dep head="5-7" type="dobj"/>
                </token>
                <token content="into" id="5-10"/>
                <token content="a" id="5-11">
                    <pos type="DT"/>
                    <lemma type="a"/>
                </token>
                <token content="large" id="5-12">
                    <pos type="JJ"/>
                    <lemma type="large"/>
                </token>
                <token content="baking" id="5-13">
                    <pos type="JJ"/>
                    <lemma type="baking"/>
                </token>
                <token content="pan" id="5-14">
                    <pos type="NN"/>
                    <lemma type="pan"/>
                    <dep head="5-7" type="prep"/>
                </token>
                <token content="and" id="5-15"/>
                <token content="licked" id="5-16">
                    <pos type="VBD"/>
                    <lemma type="lick"/>
                    <dep head="5-7" type="conj"/>
                </token>
                <token content="the" id="5-17">
                    <pos type="DT"/>
                    <lemma type="the"/>
                </token>
                <token content="beaters" id="5-18">
                    <pos type="NNS"/>
                    <lemma type="beater"/>
                    <dep head="5-16" type="dobj"/>
                </token>
                <token content="." id="5-19"/>
            </sentence>
            <sentence id="6">
                <token content="I" id="6-1">
                    <pos type="PRP"/>
                    <lemma type="I"/>
                    <dep head="6-2" type="nsubj"/>
                </token>
                <token content="baked" id="6-2">
                    <pos type="VBD"/>
                    <lemma type="bake"/>
                </token>
                <token content="it" id="6-3">
                    <pos type="PRP"/>
                    <lemma type="it"/>
                    <dep head="6-2" type="dobj"/>
                </token>
                <token content="at" id="6-4"/>
                <token content="350" id="6-5">
                    <pos type="CD"/>
                    <lemma type="350"/>
                    <dep head="6-2" type="prep"/>
                </token>
                <token content="for" id="6-6"/>
                <token content="15" id="6-7">
                    <pos type="CD"/>
                    <lemma type="15"/>
                </token>
                <token content="minutes" id="6-8">
                    <pos type="NNS"/>
                    <lemma type="minute"/>
                    <dep head="6-2" type="prep"/>
                </token>
                <token content="and" id="6-9"/>
                <token content="it" id="6-10">
                    <pos type="PRP"/>
                    <lemma type="it"/>
                    <dep head="6-11" type="nsubj"/>
                </token>
                <token content="came" id="6-11">
                    <pos type="VBD"/>
                    <lemma type="come"/>
                    <dep head="6-2" type="conj"/>
                </token>
                <token content="out" id="6-12">
                    <pos type="RP"/>
                    <lemma type="out"/>
                    <dep head="6-11" type="prt"/>
                </token>
                <token content="a" id="6-13">
                    <pos type="DT"/>
                    <lemma type="a"/>
                </token>
                <token content="perfect" id="6-14">
                    <pos type="JJ"/>
                    <lemma type="perfect"/>
                </token>
                <token content="golden" id="6-15">
                    <pos type="JJ"/>
                    <lemma type="golden"/>
                </token>
                <token content="brown" id="6-16">
                    <pos type="NN"/>
                    <lemma type="brown"/>
                    <dep head="6-11" type="dobj"/>
                </token>
                <token content="." id="6-17"/>
            </sentence>
            <sentence id="7">
                <token content="After" id="7-1"/>
                <token content="letting" id="7-2">
                    <pos type="VBG"/>
                    <lemma type="let"/>
                    <dep head="7-9" type="prepc"/>
                </token>
                <token content="it" id="7-3">
                    <pos type="PRP"/>
                    <lemma type="it"/>
                </token>
                <token content="cool" id="7-4">
                    <pos type="JJ"/>
                    <lemma type="cool"/>
                    <dep head="7-2" type="xcomp"/>
                </token>
                <token content="for" id="7-5"/>
                <token content="a" id="7-6">
                    <pos type="DT"/>
                    <lemma type="a"/>
                </token>
                <token content="bit" id="7-7">
                    <pos type="NN"/>
                    <lemma type="bit"/>
                </token>
                <token content="I" id="7-8">
                    <pos type="PRP"/>
                    <lemma type="I"/>
                    <dep head="7-9" type="nsubj"/>
                </token>
                <token content="put" id="7-9">
                    <pos type="VBD"/>
                    <lemma type="put"/>
                </token>
                <token content="on" id="7-10"/>
                <token content="the" id="7-11">
                    <pos type="DT"/>
                    <lemma type="the"/>
                </token>
                <token content="chocolate" id="7-12">
                    <pos type="NN"/>
                    <lemma type="chocolate"/>
                </token>
                <token content="icing" id="7-13">
                    <pos type="NN"/>
                    <lemma type="icing"/>
                    <dep head="7-9" type="prep"/>
                </token>
                <token content="that" id="7-14">
                    <pos type="IN"/>
                    <lemma type="that"/>
                    <dep head="7-16" type="mark"/>
                </token>
                <token content="I" id="7-15">
                    <pos type="PRP"/>
                    <lemma type="I"/>
                    <dep head="7-16" type="nsubj"/>
                </token>
                <token content="bought" id="7-16">
                    <pos type="VBD"/>
                    <lemma type="buy"/>
                    <dep head="7-9" type="ccomp"/>
                </token>
                <token content="and" id="7-17"/>
                <token content="needless" id="7-18">
                    <pos type="VBZ"/>
                    <lemma type="needless"/>
                    <dep head="7-16" type="conj"/>
                </token>
                <token content="to" id="7-19">
                    <pos type="TO"/>
                    <lemma type="to"/>
                    <dep head="7-20" type="aux"/>
                </token>
                <token content="say" id="7-20">
                    <pos type="VB"/>
                    <lemma type="say"/>
                    <dep head="7-18" type="xcomp"/>
                </token>
                <token content="the" id="7-21">
                    <pos type="DT"/>
                    <lemma type="the"/>
                </token>
                <token content="cake" id="7-22">
                    <pos type="NN"/>
                    <lemma type="cake"/>
                </token>
                <token content="was" id="7-23">
                    <pos type="VBD"/>
                    <lemma type="be"/>
                </token>
                <token content="a" id="7-24">
                    <pos type="DT"/>
                    <lemma type="a"/>
                </token>
                <token content="huge" id="7-25">
                    <pos type="JJ"/>
                    <lemma type="huge"/>
                </token>
                <token content="hit" id="7-26">
                    <pos type="NN"/>
                    <lemma type="hit"/>
                    <dep head="7-20" type="dep"/>
                </token>
                <token content="and" id="7-27"/>
                <token content="she" id="7-28">
                    <pos type="PRP"/>
                    <lemma type="she"/>
                </token>
                <token content="was" id="7-29">
                    <pos type="VBD"/>
                    <lemma type="be"/>
                </token>
                <token content="very" id="7-30">
                    <pos type="RB"/>
                    <lemma type="very"/>
                </token>
                <token content="impressed" id="7-31">
                    <pos type="JJ"/>
                    <lemma type="impressed"/>
                </token>
                <token content="with" id="7-32"/>
                <token content="my" id="7-33">
                    <pos type="PRP$"/>
                    <lemma type="my"/>
                </token>
                <token content="baking" id="7-34">
                    <pos type="VBG"/>
                    <lemma type="bake"/>
                </token>
                <token content="skills" id="7-35">
                    <pos type="NNS"/>
                    <lemma type="skill"/>
                </token>
                <token content="." id="7-36"/>
            </sentence>
        </sentences>
    </text>
    <annotations>
        <participants>
            <label from="1-1" id="0" name="ScrPart_cook" text="My" type="participant"/>
            <label from="1-2" id="1" name="ScrPart_beneficiary" text="girlfriend" type="participant"/>
            <label from="1-4" id="2" name="NPart" text="birthday" type="participant"/>
            <label from="1-11" id="3" name="ScrPart_cook" text="my" type="participant"/>
            <label from="1-15" id="4" name="ScrPart_cake" text="cake" type="participant"/>
            <label from="1-18" id="5" name="ScrPart_store" text="grocery store" to="1-19" type="participant"/>
            <label from="1-19" id="6" name="ScrPart_store" text="store" type="participant"/>
            <label from="1-21" id="7" name="NPart" text="year" type="participant"/>
            <label from="1-23" id="8" name="ScrPart_cook" text="I" type="participant"/>
            <label from="1-25" id="9" name="ScrPart_cook" text="I" type="participant"/>
            <label from="1-28" id="10" name="ScrPart_cook" text="my" type="participant"/>
            <label from="1-30" id="11" name="NPart" text="Paula Dean" to="1-31" type="participant"/>
            <label from="1-34" id="12" name="ScrPart_beneficiary" text="her" type="participant"/>
            <label from="1-36" id="13" name="ScrPart_cake" text="cake" type="participant"/>
            <label from="2-1" id="14" name="ScrPart_cook" text="I" type="participant"/>
            <label from="2-5" id="15" name="ScrPart_store" text="store" type="participant"/>
            <label from="2-11" id="16" name="ScrPart_ingredients" text="cake mix" to="2-12" type="participant"/>
            <label from="2-12" id="17" name="ScrPart_ingredients" text="mix" type="participant"/>
            <label from="2-15" id="18" name="ScrPart_ingredients" text="eggs" type="participant"/>
            <label from="2-17" id="19" name="ScrPart_ingredients" text="butter" type="participant"/>
            <label from="2-19" id="20" name="ScrPart_ingredients" text="icing" type="participant"/>
            <label from="3-1" id="21" name="ScrPart_cook" text="I" type="participant"/>
            <label from="3-5" id="22" name="No_label" text="it" type="participant"/>
            <label from="3-7" id="23" name="No_label" text="way" type="participant"/>
            <label from="3-10" id="24" name="No_label" text="it" type="participant"/>
            <label from="3-13" id="25" name="ScrPart_cook" text="me" type="participant"/>
            <label from="3-16" id="26" name="ScrPart_cook" text="I" type="participant"/>
            <label from="3-25" id="27" name="No_label" text="way" type="participant"/>
            <label from="4-1" id="28" name="ScrPart_cook" text="I" type="participant"/>
            <label from="4-3" id="29" name="ScrPart_kitchen/location" text="home" type="participant"/>
            <label from="4-8" id="30" name="ScrPart_utensil" text="mixing bowl" to="4-9" type="participant"/>
            <label from="4-9" id="31" name="ScrPart_utensil" text="bowl" type="participant"/>
            <label from="4-13" id="32" name="ScrPart_ingredients" text="cake box mix" to="4-15" type="participant"/>
            <label from="4-15" id="33" name="ScrPart_ingredients" text="mix" type="participant"/>
            <label from="4-18" id="34" name="ScrPart_ingredients" text="eggs" type="participant"/>
            <label from="4-21" id="35" name="Head_of_Partitive" text="stick" type="participant"/>
            <label from="4-23" id="36" name="ScrPart_ingredients" text="butter" type="participant"/>
            <label from="4-26" id="37" name="Head_of_Partitive" text="cup" type="participant"/>
            <label from="4-28" id="38" name="ScrPart_ingredients" text="water" type="participant"/>
            <label from="5-1" id="39" name="ScrPart_cook" text="I" type="participant"/>
            <label from="5-3" id="40" name="ScrPart_dough" text="it" type="participant"/>
            <label from="5-9" id="41" name="ScrPart_dough" text="batter" type="participant"/>
            <label from="5-13" id="42" name="ScrPart_cake_tin" text="baking pan" to="5-14" type="participant"/>
            <label from="5-14" id="43" name="ScrPart_cake_tin" text="pan" type="participant"/>
            <label from="5-18" id="44" name="ScrPart_utensil" text="beaters" type="participant"/>
            <label from="6-1" id="45" name="ScrPart_cook" text="I" type="participant"/>
            <label from="6-3" id="46" name="ScrPart_cake" text="it" type="participant"/>
            <label from="6-8" id="47" name="ScrPart_time" text="minutes" type="participant"/>
            <label from="6-10" id="48" name="ScrPart_cake" text="it" type="participant"/>
            <label from="7-3" id="49" name="ScrPart_cake" text="it" type="participant"/>
            <label from="7-7" id="50" name="No_label" text="bit" type="participant"/>
            <label from="7-8" id="51" name="ScrPart_cook" text="I" type="participant"/>
            <label from="7-12" id="52" name="ScrPart_ingredients" text="chocolate icing" to="7-13" type="participant"/>
            <label from="7-13" id="53" name="ScrPart_ingredients" text="icing" type="participant"/>
            <label from="7-15" id="54" name="ScrPart_cook" text="I" type="participant"/>
            <label from="7-22" id="55" name="ScrPart_cake" text="cake" type="participant"/>
            <label from="7-26" id="56" name="NPart" text="hit" type="participant"/>
            <label from="7-28" id="57" name="ScrPart_beneficiary" text="she" type="participant"/>
            <label from="7-33" id="58" name="ScrPart_cook" text="my" type="participant"/>
            <label from="7-35" id="59" name="NPart" text="skills" type="participant"/>
        </participants>
        <events>
            <label from="1-6" id="60" name="UnrelEv" text="coming up" to="1-7" type="event"/>
            <label from="1-13" id="61" name="UnrelEv" text="buying" type="event"/>
            <label from="1-24" id="62" name="UnrelEv" text="thought" type="event"/>
            <label from="1-27" id="63" name="UnrelEv" text="unleash" type="event"/>
            <label from="1-33" id="64" name="Evoking" text="bake her a cake" to="1-36" type="event"/>
            <label from="2-2" id="65" name="ScrEv_get_ingredients" text="went" type="event"/>
            <label from="2-7" id="66" name="ScrEv_get_ingredients" text="bought" type="event"/>
            <label from="3-2" id="67" name="UnrelEv" text="decided" type="event"/>
            <label from="3-11" id="68" name="UnrelEv" text="comes" type="event"/>
            <label from="3-15" id="69" name="Evoking" text="cooking" type="event"/>
            <label from="3-17" id="70" name="UnrelEv" text="am" type="event"/>
            <label from="3-23" id="71" name="UnrelEv" text="was" type="event"/>
            <label from="4-2" id="72" name="RelNScrEv" text="went" type="event"/>
            <label from="4-5" id="73" name="ScrEv_get_utensils" text="got out" to="4-6" type="event"/>
            <label from="4-11" id="74" name="ScrEv_add_ingredients" text="added" type="event"/>
            <label from="5-2" id="75" name="ScrEv_make_dough" text="mixed" type="event"/>
            <label from="5-7" id="76" name="ScrEv_pour_dough" text="poured" type="event"/>
            <label from="5-16" id="77" name="UnrelEv" text="licked" type="event"/>
            <label from="6-2" id="78" name="ScrEv_wait" text="baked" type="event"/>
            <label from="6-11" id="79" name="ScrEv_take_out_oven" text="came out" to="6-12" type="event"/>
            <label from="7-4" id="80" name="ScrEv_cool_down" text="cool" type="event"/>
            <label from="7-9" id="81" name="ScrEv_decorate" text="put on" to="7-10" type="event"/>
            <label from="7-16" id="82" name="ScrEv_get_ingredients" text="bought" type="event"/>
            <label from="7-23" id="83" name="UnrelEv" text="was" type="event"/>
            <label from="7-29" id="84" name="UnrelEv" text="was" type="event"/>
        </events>
        <chains>
            <chain elements="0 3 8 9 10 14 21 25 26 28 39 45 51 54 58"/>
            <chain elements="1 12 57"/>
            <chain elements="4 13 46 48 49 55"/>
            <chain elements="6 15"/>
            <chain elements="17 33"/>
            <chain elements="18 34"/>
            <chain elements="19 36"/>
            <chain elements="40 41"/>
            <chain elements="20 53"/>
        </chains>
    </annotations>
</story>
