<?xml version="1.0" encoding="UTF-8" standalone="no"?>
<!DOCTYPE story SYSTEM "../InScript.dtd">
<story id="070" scenario="cake">
    <text>
        <content>Today my sweat tooth is acting up . 
I think a good cake is in order for myself and my family to enjoy as dessert after supper . 
I scan my cabinets for the ingredients and realize that a trip to the store is in order to get what I require . 
After a fast trip to the local store i have everything I need for a delicious pineapple upside down cake . 
Butter , mix , fresh pineapple , cherries , yum , yum ! 
Now time to get the oven preheated and mix the stuff up and get it ready to bake . 
Twenty minutes later a delicious cake goes into the oven and another 45 minutes later a wonderful smelling masterpiece comes out of it . 
Ten minutes to cool slightly and then flip it over onto a board to finish cooling . 
I sneak a taste from one corner and find it is as delicious as it looks and smells . </content>
        <sentences>
            <sentence id="1">
                <token content="Today" id="1-1">
                    <pos type="NN"/>
                    <lemma type="today"/>
                    <dep head="1-6" type="tmod"/>
                </token>
                <token content="my" id="1-2">
                    <pos type="PRP$"/>
                    <lemma type="my"/>
                </token>
                <token content="sweat" id="1-3">
                    <pos type="NN"/>
                    <lemma type="sweat"/>
                </token>
                <token content="tooth" id="1-4">
                    <pos type="NN"/>
                    <lemma type="tooth"/>
                    <dep head="1-6" type="nsubj"/>
                </token>
                <token content="is" id="1-5">
                    <pos type="VBZ"/>
                    <lemma type="be"/>
                    <dep head="1-6" type="aux"/>
                </token>
                <token content="acting" id="1-6">
                    <pos type="VBG"/>
                    <lemma type="act"/>
                </token>
                <token content="up" id="1-7">
                    <pos type="RP"/>
                    <lemma type="up"/>
                    <dep head="1-6" type="prt"/>
                </token>
                <token content="." id="1-8"/>
            </sentence>
            <sentence id="2">
                <token content="I" id="2-1">
                    <pos type="PRP"/>
                    <lemma type="I"/>
                    <dep head="2-2" type="nsubj"/>
                </token>
                <token content="think" id="2-2">
                    <pos type="VBP"/>
                    <lemma type="think"/>
                </token>
                <token content="a" id="2-3">
                    <pos type="DT"/>
                    <lemma type="a"/>
                </token>
                <token content="good" id="2-4">
                    <pos type="JJ"/>
                    <lemma type="good"/>
                </token>
                <token content="cake" id="2-5">
                    <pos type="NN"/>
                    <lemma type="cake"/>
                    <dep head="2-6" type="nsubj"/>
                </token>
                <token content="is" id="2-6">
                    <pos type="VBZ"/>
                    <lemma type="be"/>
                    <dep head="2-2" type="ccomp"/>
                </token>
                <token content="in" id="2-7"/>
                <token content="order" id="2-8">
                    <pos type="NN"/>
                    <lemma type="order"/>
                    <dep head="2-6" type="prep"/>
                </token>
                <token content="for" id="2-9"/>
                <token content="myself" id="2-10">
                    <pos type="PRP"/>
                    <lemma type="myself"/>
                </token>
                <token content="and" id="2-11"/>
                <token content="my" id="2-12">
                    <pos type="PRP$"/>
                    <lemma type="my"/>
                </token>
                <token content="family" id="2-13">
                    <pos type="NN"/>
                    <lemma type="family"/>
                </token>
                <token content="to" id="2-14">
                    <pos type="TO"/>
                    <lemma type="to"/>
                    <dep head="2-15" type="aux"/>
                </token>
                <token content="enjoy" id="2-15">
                    <pos type="VB"/>
                    <lemma type="enjoy"/>
                </token>
                <token content="as" id="2-16"/>
                <token content="dessert" id="2-17">
                    <pos type="NN"/>
                    <lemma type="dessert"/>
                    <dep head="2-15" type="prep"/>
                </token>
                <token content="after" id="2-18"/>
                <token content="supper" id="2-19">
                    <pos type="NN"/>
                    <lemma type="supper"/>
                    <dep head="2-15" type="prep"/>
                </token>
                <token content="." id="2-20"/>
            </sentence>
            <sentence id="3">
                <token content="I" id="3-1">
                    <pos type="PRP"/>
                    <lemma type="I"/>
                    <dep head="3-2" type="nsubj"/>
                </token>
                <token content="scan" id="3-2">
                    <pos type="VB"/>
                    <lemma type="scan"/>
                </token>
                <token content="my" id="3-3">
                    <pos type="PRP$"/>
                    <lemma type="my"/>
                </token>
                <token content="cabinets" id="3-4">
                    <pos type="NNS"/>
                    <lemma type="cabinet"/>
                    <dep head="3-2" type="dobj"/>
                </token>
                <token content="for" id="3-5"/>
                <token content="the" id="3-6">
                    <pos type="DT"/>
                    <lemma type="the"/>
                </token>
                <token content="ingredients" id="3-7">
                    <pos type="NNS"/>
                    <lemma type="ingredient"/>
                    <dep head="3-2" type="prep"/>
                </token>
                <token content="and" id="3-8"/>
                <token content="realize" id="3-9">
                    <pos type="VB"/>
                    <lemma type="realize"/>
                    <dep head="3-2" type="conj"/>
                </token>
                <token content="that" id="3-10">
                    <pos type="IN"/>
                    <lemma type="that"/>
                    <dep head="3-16" type="mark"/>
                </token>
                <token content="a" id="3-11">
                    <pos type="DT"/>
                    <lemma type="a"/>
                </token>
                <token content="trip" id="3-12">
                    <pos type="NN"/>
                    <lemma type="trip"/>
                    <dep head="3-16" type="nsubj"/>
                </token>
                <token content="to" id="3-13"/>
                <token content="the" id="3-14">
                    <pos type="DT"/>
                    <lemma type="the"/>
                </token>
                <token content="store" id="3-15">
                    <pos type="NN"/>
                    <lemma type="store"/>
                </token>
                <token content="is" id="3-16">
                    <pos type="VBZ"/>
                    <lemma type="be"/>
                    <dep head="3-9" type="ccomp"/>
                </token>
                <token content="in" id="3-17">
                    <pos type="IN"/>
                    <lemma type="in"/>
                    <dep head="3-20" type="mark"/>
                </token>
                <token content="order" id="3-18">
                    <pos type="NN"/>
                    <lemma type="order"/>
                    <dep head="3-20" type="dep"/>
                </token>
                <token content="to" id="3-19">
                    <pos type="TO"/>
                    <lemma type="to"/>
                    <dep head="3-20" type="aux"/>
                </token>
                <token content="get" id="3-20">
                    <pos type="VB"/>
                    <lemma type="get"/>
                    <dep head="3-16" type="advcl"/>
                </token>
                <token content="what" id="3-21">
                    <pos type="WP"/>
                    <lemma type="what"/>
                    <dep head="3-23" type="dobj"/>
                </token>
                <token content="I" id="3-22">
                    <pos type="PRP"/>
                    <lemma type="I"/>
                    <dep head="3-23" type="nsubj"/>
                </token>
                <token content="require" id="3-23">
                    <pos type="VBP"/>
                    <lemma type="require"/>
                    <dep head="3-20" type="ccomp"/>
                </token>
                <token content="." id="3-24"/>
            </sentence>
            <sentence id="4">
                <token content="After" id="4-1"/>
                <token content="a" id="4-2">
                    <pos type="DT"/>
                    <lemma type="a"/>
                </token>
                <token content="fast" id="4-3">
                    <pos type="JJ"/>
                    <lemma type="fast"/>
                </token>
                <token content="trip" id="4-4">
                    <pos type="NN"/>
                    <lemma type="trip"/>
                    <dep head="4-10" type="prep"/>
                </token>
                <token content="to" id="4-5"/>
                <token content="the" id="4-6">
                    <pos type="DT"/>
                    <lemma type="the"/>
                </token>
                <token content="local" id="4-7">
                    <pos type="JJ"/>
                    <lemma type="local"/>
                </token>
                <token content="store" id="4-8">
                    <pos type="NN"/>
                    <lemma type="store"/>
                </token>
                <token content="i" id="4-9">
                    <pos type="FW"/>
                    <lemma type="i"/>
                    <dep head="4-10" type="nsubj"/>
                </token>
                <token content="have" id="4-10">
                    <pos type="VBP"/>
                    <lemma type="have"/>
                </token>
                <token content="everything" id="4-11">
                    <pos type="NN"/>
                    <lemma type="everything"/>
                    <dep head="4-10" type="dobj"/>
                </token>
                <token content="I" id="4-12">
                    <pos type="PRP"/>
                    <lemma type="I"/>
                    <dep head="4-13" type="nsubj"/>
                </token>
                <token content="need" id="4-13">
                    <pos type="VBP"/>
                    <lemma type="need"/>
                </token>
                <token content="for" id="4-14"/>
                <token content="a" id="4-15">
                    <pos type="DT"/>
                    <lemma type="a"/>
                </token>
                <token content="delicious" id="4-16">
                    <pos type="JJ"/>
                    <lemma type="delicious"/>
                </token>
                <token content="pineapple" id="4-17">
                    <pos type="NN"/>
                    <lemma type="pineapple"/>
                    <dep head="4-13" type="prep"/>
                </token>
                <token content="upside" id="4-18">
                    <pos type="RB"/>
                    <lemma type="upside"/>
                </token>
                <token content="down" id="4-19"/>
                <token content="cake" id="4-20">
                    <pos type="NN"/>
                    <lemma type="cake"/>
                </token>
                <token content="." id="4-21"/>
            </sentence>
            <sentence id="5">
                <token content="Butter" id="5-1">
                    <pos type="NN"/>
                    <lemma type="butter"/>
                    <dep head="5-12" type="nsubj"/>
                </token>
                <token content="," id="5-2"/>
                <token content="mix" id="5-3">
                    <pos type="NN"/>
                    <lemma type="mix"/>
                </token>
                <token content="," id="5-4"/>
                <token content="fresh" id="5-5">
                    <pos type="JJ"/>
                    <lemma type="fresh"/>
                </token>
                <token content="pineapple" id="5-6">
                    <pos type="NN"/>
                    <lemma type="pineapple"/>
                </token>
                <token content="," id="5-7"/>
                <token content="cherries" id="5-8">
                    <pos type="NNS"/>
                    <lemma type="cherry"/>
                </token>
                <token content="," id="5-9"/>
                <token content="yum" id="5-10">
                    <pos type="NN"/>
                    <lemma type="yum"/>
                </token>
                <token content="," id="5-11"/>
                <token content="yum" id="5-12">
                    <pos type="VBP"/>
                    <lemma type="yum"/>
                </token>
                <token content="!" id="5-13"/>
            </sentence>
            <sentence id="6">
                <token content="Now" id="6-1">
                    <pos type="RB"/>
                    <lemma type="now"/>
                    <dep head="6-2" type="discourse"/>
                </token>
                <token content="time" id="6-2">
                    <pos type="VB"/>
                    <lemma type="time"/>
                </token>
                <token content="to" id="6-3">
                    <pos type="TO"/>
                    <lemma type="to"/>
                    <dep head="6-4" type="aux"/>
                </token>
                <token content="get" id="6-4">
                    <pos type="VB"/>
                    <lemma type="get"/>
                    <dep head="6-2" type="xcomp"/>
                </token>
                <token content="the" id="6-5">
                    <pos type="DT"/>
                    <lemma type="the"/>
                </token>
                <token content="oven" id="6-6">
                    <pos type="NN"/>
                    <lemma type="oven"/>
                </token>
                <token content="preheated" id="6-7">
                    <pos type="NN"/>
                    <lemma type="preheated"/>
                    <dep head="6-4" type="dobj"/>
                </token>
                <token content="and" id="6-8"/>
                <token content="mix" id="6-9">
                    <pos type="VB"/>
                    <lemma type="mix"/>
                    <dep head="6-2" type="conj"/>
                </token>
                <token content="the" id="6-10">
                    <pos type="DT"/>
                    <lemma type="the"/>
                </token>
                <token content="stuff" id="6-11">
                    <pos type="NN"/>
                    <lemma type="stuff"/>
                    <dep head="6-9" type="dobj"/>
                </token>
                <token content="up" id="6-12">
                    <pos type="RP"/>
                    <lemma type="up"/>
                    <dep head="6-9" type="prt"/>
                </token>
                <token content="and" id="6-13"/>
                <token content="get" id="6-14">
                    <pos type="VB"/>
                    <lemma type="get"/>
                    <dep head="6-2" type="conj"/>
                </token>
                <token content="it" id="6-15">
                    <pos type="PRP"/>
                    <lemma type="it"/>
                </token>
                <token content="ready" id="6-16">
                    <pos type="JJ"/>
                    <lemma type="ready"/>
                    <dep head="6-14" type="xcomp"/>
                </token>
                <token content="to" id="6-17">
                    <pos type="TO"/>
                    <lemma type="to"/>
                    <dep head="6-18" type="aux"/>
                </token>
                <token content="bake" id="6-18">
                    <pos type="VB"/>
                    <lemma type="bake"/>
                </token>
                <token content="." id="6-19"/>
            </sentence>
            <sentence id="7">
                <token content="Twenty" id="7-1">
                    <pos type="CD"/>
                    <lemma type="twenty"/>
                </token>
                <token content="minutes" id="7-2">
                    <pos type="NNS"/>
                    <lemma type="minute"/>
                    <dep head="7-7" type="dep"/>
                </token>
                <token content="later" id="7-3">
                    <pos type="RB"/>
                    <lemma type="later"/>
                </token>
                <token content="a" id="7-4">
                    <pos type="DT"/>
                    <lemma type="a"/>
                </token>
                <token content="delicious" id="7-5">
                    <pos type="JJ"/>
                    <lemma type="delicious"/>
                </token>
                <token content="cake" id="7-6">
                    <pos type="NN"/>
                    <lemma type="cake"/>
                    <dep head="7-7" type="nsubj"/>
                </token>
                <token content="goes" id="7-7">
                    <pos type="VBZ"/>
                    <lemma type="go"/>
                </token>
                <token content="into" id="7-8"/>
                <token content="the" id="7-9">
                    <pos type="DT"/>
                    <lemma type="the"/>
                </token>
                <token content="oven" id="7-10">
                    <pos type="NN"/>
                    <lemma type="oven"/>
                    <dep head="7-7" type="prep"/>
                </token>
                <token content="and" id="7-11"/>
                <token content="another" id="7-12">
                    <pos type="DT"/>
                    <lemma type="another"/>
                </token>
                <token content="45" id="7-13">
                    <pos type="CD"/>
                    <lemma type="45"/>
                </token>
                <token content="minutes" id="7-14">
                    <pos type="NNS"/>
                    <lemma type="minute"/>
                </token>
                <token content="later" id="7-15">
                    <pos type="RB"/>
                    <lemma type="later"/>
                    <dep head="7-20" type="advmod"/>
                </token>
                <token content="a" id="7-16">
                    <pos type="DT"/>
                    <lemma type="a"/>
                </token>
                <token content="wonderful" id="7-17">
                    <pos type="JJ"/>
                    <lemma type="wonderful"/>
                </token>
                <token content="smelling" id="7-18">
                    <pos type="NN"/>
                    <lemma type="smelling"/>
                </token>
                <token content="masterpiece" id="7-19">
                    <pos type="NN"/>
                    <lemma type="masterpiece"/>
                    <dep head="7-20" type="nsubj"/>
                </token>
                <token content="comes" id="7-20">
                    <pos type="VBZ"/>
                    <lemma type="come"/>
                    <dep head="7-7" type="conj"/>
                </token>
                <token content="out" id="7-21"/>
                <token content="of" id="7-22"/>
                <token content="it" id="7-23">
                    <pos type="PRP"/>
                    <lemma type="it"/>
                    <dep head="7-20" type="prep"/>
                </token>
                <token content="." id="7-24"/>
            </sentence>
            <sentence id="8">
                <token content="Ten" id="8-1">
                    <pos type="CD"/>
                    <lemma type="ten"/>
                </token>
                <token content="minutes" id="8-2">
                    <pos type="NNS"/>
                    <lemma type="minute"/>
                    <dep head="8-4" type="nsubj"/>
                </token>
                <token content="to" id="8-3">
                    <pos type="TO"/>
                    <lemma type="to"/>
                    <dep head="8-4" type="aux"/>
                </token>
                <token content="cool" id="8-4">
                    <pos type="VB"/>
                    <lemma type="cool"/>
                </token>
                <token content="slightly" id="8-5">
                    <pos type="RB"/>
                    <lemma type="slightly"/>
                    <dep head="8-4" type="advmod"/>
                </token>
                <token content="and" id="8-6"/>
                <token content="then" id="8-7">
                    <pos type="RB"/>
                    <lemma type="then"/>
                    <dep head="8-8" type="advmod"/>
                </token>
                <token content="flip" id="8-8">
                    <pos type="VB"/>
                    <lemma type="flip"/>
                    <dep head="8-4" type="conj"/>
                </token>
                <token content="it" id="8-9">
                    <pos type="PRP"/>
                    <lemma type="it"/>
                    <dep head="8-8" type="dobj"/>
                </token>
                <token content="over" id="8-10">
                    <pos type="RP"/>
                    <lemma type="over"/>
                    <dep head="8-8" type="prt"/>
                </token>
                <token content="onto" id="8-11"/>
                <token content="a" id="8-12">
                    <pos type="DT"/>
                    <lemma type="a"/>
                </token>
                <token content="board" id="8-13">
                    <pos type="NN"/>
                    <lemma type="board"/>
                    <dep head="8-8" type="prep"/>
                </token>
                <token content="to" id="8-14">
                    <pos type="TO"/>
                    <lemma type="to"/>
                    <dep head="8-15" type="aux"/>
                </token>
                <token content="finish" id="8-15">
                    <pos type="VB"/>
                    <lemma type="finish"/>
                </token>
                <token content="cooling" id="8-16">
                    <pos type="NN"/>
                    <lemma type="cooling"/>
                    <dep head="8-15" type="dobj"/>
                </token>
                <token content="." id="8-17"/>
            </sentence>
            <sentence id="9">
                <token content="I" id="9-1">
                    <pos type="PRP"/>
                    <lemma type="I"/>
                    <dep head="9-2" type="nsubj"/>
                </token>
                <token content="sneak" id="9-2">
                    <pos type="VBP"/>
                    <lemma type="sneak"/>
                </token>
                <token content="a" id="9-3">
                    <pos type="DT"/>
                    <lemma type="a"/>
                </token>
                <token content="taste" id="9-4">
                    <pos type="NN"/>
                    <lemma type="taste"/>
                    <dep head="9-2" type="dobj"/>
                </token>
                <token content="from" id="9-5"/>
                <token content="one" id="9-6">
                    <pos type="CD"/>
                    <lemma type="one"/>
                </token>
                <token content="corner" id="9-7">
                    <pos type="NN"/>
                    <lemma type="corner"/>
                    <dep head="9-2" type="prep"/>
                </token>
                <token content="and" id="9-8"/>
                <token content="find" id="9-9">
                    <pos type="VBP"/>
                    <lemma type="find"/>
                    <dep head="9-2" type="conj"/>
                </token>
                <token content="it" id="9-10">
                    <pos type="PRP"/>
                    <lemma type="it"/>
                </token>
                <token content="is" id="9-11">
                    <pos type="VBZ"/>
                    <lemma type="be"/>
                </token>
                <token content="as" id="9-12">
                    <pos type="RB"/>
                    <lemma type="as"/>
                </token>
                <token content="delicious" id="9-13">
                    <pos type="JJ"/>
                    <lemma type="delicious"/>
                    <dep head="9-9" type="ccomp"/>
                </token>
                <token content="as" id="9-14">
                    <pos type="IN"/>
                    <lemma type="as"/>
                    <dep head="9-16" type="mark"/>
                </token>
                <token content="it" id="9-15">
                    <pos type="PRP"/>
                    <lemma type="it"/>
                    <dep head="9-16" type="nsubj"/>
                </token>
                <token content="looks" id="9-16">
                    <pos type="VBZ"/>
                    <lemma type="look"/>
                </token>
                <token content="and" id="9-17"/>
                <token content="smells" id="9-18">
                    <pos type="VBZ"/>
                    <lemma type="smell"/>
                    <dep head="9-16" type="conj"/>
                </token>
                <token content="." id="9-19"/>
            </sentence>
        </sentences>
    </text>
    <annotations>
        <participants>
            <label from="1-1" id="0" name="NPart" text="Today" type="participant"/>
            <label from="1-2" id="1" name="ScrPart_cook" text="my" type="participant"/>
            <label from="1-3" id="2" name="NPart" text="sweat tooth" to="1-4" type="participant"/>
            <label from="1-4" id="3" name="NPart" text="tooth" type="participant"/>
            <label from="2-1" id="4" name="ScrPart_cook" text="I" type="participant"/>
            <label from="2-5" id="5" name="ScrPart_cake" text="cake" type="participant"/>
            <label from="2-8" id="6" name="No_label" text="order" type="participant"/>
            <label from="2-10" id="7" name="ScrPart_beneficiary" text="myself" type="participant"/>
            <label from="2-12" id="8" name="ScrPart_cook" text="my" type="participant"/>
            <label from="2-13" id="9" name="ScrPart_beneficiary" text="family" type="participant"/>
            <label from="2-17" id="10" name="NPart" text="dessert" type="participant"/>
            <label from="2-19" id="11" name="NPart" text="supper" type="participant"/>
            <label from="3-1" id="12" name="ScrPart_cook" text="I" type="participant"/>
            <label from="3-3" id="13" name="ScrPart_cook" text="my" type="participant"/>
            <label from="3-4" id="14" name="ScrPart_cabinet" text="cabinets" type="participant"/>
            <label from="3-7" id="15" name="ScrPart_ingredients" text="ingredients" type="participant"/>
            <label from="3-12" id="16" name="NPart" text="trip" type="participant"/>
            <label from="3-15" id="17" name="ScrPart_store" text="store" type="participant"/>
            <label from="3-18" id="18" name="SuppVComp" text="order" type="participant"/>
            <label from="3-22" id="19" name="ScrPart_cook" text="I" type="participant"/>
            <label from="4-4" id="20" name="NPart" text="trip" type="participant"/>
            <label from="4-8" id="21" name="ScrPart_store" text="store" type="participant"/>
            <label from="4-9" id="22" name="ScrPart_cook" text="i" type="participant"/>
            <label from="4-11" id="23" name="No_label" text="everything" type="participant"/>
            <label from="4-12" id="24" name="ScrPart_cook" text="I" type="participant"/>
            <label from="4-17" id="25" name="ScrPart_cake" text="pineapple upside down cake" to="4-20" type="participant"/>
            <label from="4-20" id="26" name="ScrPart_cake" text="cake" type="participant"/>
            <label from="5-1" id="27" name="ScrPart_ingredients" text="Butter" type="participant"/>
            <label from="5-3" id="28" name="ScrPart_ingredients" text="mix" type="participant"/>
            <label from="5-6" id="29" name="ScrPart_ingredients" text="pineapple" type="participant"/>
            <label from="5-8" id="30" name="ScrPart_ingredients" text="cherries" type="participant"/>
            <label from="5-10" id="31" name="No_label" text="yum" type="participant"/>
            <label from="5-12" id="32" name="No_label" text="yum" type="participant"/>
            <label from="6-2" id="33" name="No_label" text="time" type="participant"/>
            <label from="6-6" id="34" name="ScrPart_oven" text="oven" type="participant"/>
            <label from="6-11" id="35" name="ScrPart_ingredients" text="stuff" type="participant"/>
            <label from="6-15" id="36" name="ScrPart_cake" text="it" type="participant"/>
            <label from="7-2" id="37" name="ScrPart_time" text="minutes" type="participant"/>
            <label from="7-6" id="38" name="ScrPart_cake" text="cake" type="participant"/>
            <label from="7-10" id="39" name="ScrPart_oven" text="oven" type="participant"/>
            <label from="7-14" id="40" name="ScrPart_time" text="minutes" type="participant"/>
            <label from="7-19" id="41" name="ScrPart_cake" text="masterpiece" type="participant"/>
            <label from="7-23" id="42" name="ScrPart_oven" text="it" type="participant"/>
            <label from="8-2" id="43" name="ScrPart_temperature" text="minutes" type="participant"/>
            <label from="8-9" id="44" name="ScrPart_cake" text="it" type="participant"/>
            <label from="8-13" id="45" name="NPart" text="board" type="participant"/>
            <label from="9-1" id="46" name="ScrPart_cook" text="I" type="participant"/>
            <label from="9-4" id="47" name="NPart" text="taste" type="participant"/>
            <label from="9-7" id="48" name="NPart" text="corner" type="participant"/>
            <label from="9-10" id="49" name="ScrPart_cake" text="it" type="participant"/>
            <label from="9-15" id="50" name="ScrPart_cake" text="it" type="participant"/>
        </participants>
        <events>
            <label from="1-6" id="51" name="UnrelEv" text="acting up" to="1-7" type="event"/>
            <label from="1-6" id="52" name="UnrelEv" text="acting" type="event"/>
            <label from="2-2" id="53" name="UnrelEv" text="think" type="event"/>
            <label from="2-5" id="54" name="Evoking" text="cake is in order" to="2-8" type="event"/>
            <label from="2-15" id="55" name="ScrEv_eat" text="enjoy" type="event"/>
            <label from="3-2" id="56" name="ScrEv_other" text="scan" type="event"/>
            <label from="3-9" id="57" name="UnrelEv" text="realize" type="event"/>
            <label from="3-16" id="58" name="UnrelEv" text="is" type="event"/>
            <label from="3-20" id="59" name="ScrEv_get_ingredients" text="get" type="event"/>
            <label from="3-23" id="60" name="UnrelEv" text="require" type="event"/>
            <label from="4-10" id="61" name="UnrelEv" text="have" type="event"/>
            <label from="4-13" id="62" name="UnrelEv" text="need" type="event"/>
            <label from="6-4" id="63" name="UnrelEv" text="get" type="event"/>
            <label from="6-7" id="64" name="ScrEv_preheat" text="preheated" type="event"/>
            <label from="6-9" id="65" name="ScrEv_make_dough" text="mix" type="event"/>
            <label from="6-14" id="66" name="UnrelEv" text="get" type="event"/>
            <label from="6-18" id="67" name="RelNScrEv" text="bake" type="event"/>
            <label from="7-7" id="68" name="ScrEv_put_cake_oven" text="goes" type="event"/>
            <label from="7-18" id="69" name="RelNScrEv" text="smelling" type="event"/>
            <label from="7-20" id="70" name="ScrEv_take_out_oven" text="comes" type="event"/>
            <label from="8-4" id="71" name="ScrEv_cool_down" text="cool" type="event"/>
            <label from="8-8" id="72" name="ScrEv_take_out_cake_tin" text="flip" type="event"/>
            <label from="8-15" id="73" name="UnrelEv" text="finish" type="event"/>
            <label from="8-16" id="74" name="ScrEv_cool_down" text="cooling" type="event"/>
            <label from="9-2" id="75" name="ScrEv_eat" text="sneak" type="event"/>
            <label from="9-9" id="76" name="UnrelEv" text="find" type="event"/>
            <label from="9-11" id="77" name="UnrelEv" text="is" type="event"/>
            <label from="9-16" id="78" name="UnrelEv" text="looks" type="event"/>
            <label from="9-18" id="79" name="RelNScrEv" text="smells" type="event"/>
        </events>
        <chains>
            <chain elements="1 4 7 8 12 19 22 24 46"/>
            <chain elements="5 26 36 38 41 44 49 50"/>
            <chain elements="34 39 42"/>
        </chains>
    </annotations>
</story>
