<?xml version="1.0" encoding="UTF-8" standalone="no"?>
<!DOCTYPE story SYSTEM "../InScript.dtd">
<story id="058" scenario="cake">
    <text>
        <content>Today , I decided to bake a cake . 
First , I preheated the oven to 350 degrees . 
Then , I gathered all the ingredients I would need . 
I needed eggs , flour , water , sugar , oil , salt , and baking power . 
I took a mixing bowl and cracked the eggs into the bowl . 
Then I measured out the water , followed by the oil . 
After that , I added the dry ingredients . 
Then I took a spoon and mixed everything together until it was smooth and there were no more lumps . 
That 's when the oven beeped to indicate that the oven had reached the correct temperature . 
I took out a pan and greased the bottom so that the cake would not stick to it . 
Then I poured the mixture from the bowl into the pan . 
Because the oven was ready , I put the pan on a rack in the center of the oven . 
Then I set the timer to 35 minutes . 
When the timer went off , I put on some oven mitts and took the cake out of the oven . 
Then I turned off the oven and let the cake cool . </content>
        <sentences>
            <sentence id="1">
                <token content="Today" id="1-1">
                    <pos type="NN"/>
                    <lemma type="today"/>
                    <dep head="1-4" type="tmod"/>
                </token>
                <token content="," id="1-2"/>
                <token content="I" id="1-3">
                    <pos type="PRP"/>
                    <lemma type="I"/>
                    <dep head="1-4" type="nsubj"/>
                </token>
                <token content="decided" id="1-4">
                    <pos type="VBD"/>
                    <lemma type="decide"/>
                </token>
                <token content="to" id="1-5">
                    <pos type="TO"/>
                    <lemma type="to"/>
                    <dep head="1-6" type="aux"/>
                </token>
                <token content="bake" id="1-6">
                    <pos type="VB"/>
                    <lemma type="bake"/>
                    <dep head="1-4" type="xcomp"/>
                </token>
                <token content="a" id="1-7">
                    <pos type="DT"/>
                    <lemma type="a"/>
                </token>
                <token content="cake" id="1-8">
                    <pos type="NN"/>
                    <lemma type="cake"/>
                    <dep head="1-6" type="dobj"/>
                </token>
                <token content="." id="1-9"/>
            </sentence>
            <sentence id="2">
                <token content="First" id="2-1">
                    <pos type="RB"/>
                    <lemma type="first"/>
                    <dep head="2-4" type="advmod"/>
                </token>
                <token content="," id="2-2"/>
                <token content="I" id="2-3">
                    <pos type="PRP"/>
                    <lemma type="I"/>
                    <dep head="2-4" type="nsubj"/>
                </token>
                <token content="preheated" id="2-4">
                    <pos type="VBD"/>
                    <lemma type="preheat"/>
                </token>
                <token content="the" id="2-5">
                    <pos type="DT"/>
                    <lemma type="the"/>
                </token>
                <token content="oven" id="2-6">
                    <pos type="NN"/>
                    <lemma type="oven"/>
                    <dep head="2-4" type="dobj"/>
                </token>
                <token content="to" id="2-7"/>
                <token content="350" id="2-8">
                    <pos type="CD"/>
                    <lemma type="350"/>
                </token>
                <token content="degrees" id="2-9">
                    <pos type="NNS"/>
                    <lemma type="degree"/>
                    <dep head="2-4" type="prep"/>
                </token>
                <token content="." id="2-10"/>
            </sentence>
            <sentence id="3">
                <token content="Then" id="3-1">
                    <pos type="RB"/>
                    <lemma type="then"/>
                    <dep head="3-4" type="advmod"/>
                </token>
                <token content="," id="3-2"/>
                <token content="I" id="3-3">
                    <pos type="PRP"/>
                    <lemma type="I"/>
                    <dep head="3-4" type="nsubj"/>
                </token>
                <token content="gathered" id="3-4">
                    <pos type="VBD"/>
                    <lemma type="gather"/>
                </token>
                <token content="all" id="3-5">
                    <pos type="PDT"/>
                    <lemma type="all"/>
                </token>
                <token content="the" id="3-6">
                    <pos type="DT"/>
                    <lemma type="the"/>
                </token>
                <token content="ingredients" id="3-7">
                    <pos type="NNS"/>
                    <lemma type="ingredient"/>
                    <dep head="3-4" type="dobj"/>
                </token>
                <token content="I" id="3-8">
                    <pos type="PRP"/>
                    <lemma type="I"/>
                    <dep head="3-10" type="nsubj"/>
                </token>
                <token content="would" id="3-9">
                    <pos type="MD"/>
                    <lemma type="would"/>
                    <dep head="3-10" type="aux"/>
                </token>
                <token content="need" id="3-10">
                    <pos type="VB"/>
                    <lemma type="need"/>
                </token>
                <token content="." id="3-11"/>
            </sentence>
            <sentence id="4">
                <token content="I" id="4-1">
                    <pos type="PRP"/>
                    <lemma type="I"/>
                    <dep head="4-2" type="nsubj"/>
                </token>
                <token content="needed" id="4-2">
                    <pos type="VBD"/>
                    <lemma type="need"/>
                </token>
                <token content="eggs" id="4-3">
                    <pos type="NNS"/>
                    <lemma type="egg"/>
                    <dep head="4-2" type="dobj"/>
                </token>
                <token content="," id="4-4"/>
                <token content="flour" id="4-5">
                    <pos type="NN"/>
                    <lemma type="flour"/>
                </token>
                <token content="," id="4-6"/>
                <token content="water" id="4-7">
                    <pos type="NN"/>
                    <lemma type="water"/>
                </token>
                <token content="," id="4-8"/>
                <token content="sugar" id="4-9">
                    <pos type="NN"/>
                    <lemma type="sugar"/>
                </token>
                <token content="," id="4-10"/>
                <token content="oil" id="4-11">
                    <pos type="NN"/>
                    <lemma type="oil"/>
                </token>
                <token content="," id="4-12"/>
                <token content="salt" id="4-13">
                    <pos type="NN"/>
                    <lemma type="salt"/>
                </token>
                <token content="," id="4-14"/>
                <token content="and" id="4-15"/>
                <token content="baking" id="4-16">
                    <pos type="VBG"/>
                    <lemma type="bake"/>
                </token>
                <token content="power" id="4-17">
                    <pos type="NN"/>
                    <lemma type="power"/>
                </token>
                <token content="." id="4-18"/>
            </sentence>
            <sentence id="5">
                <token content="I" id="5-1">
                    <pos type="PRP"/>
                    <lemma type="I"/>
                    <dep head="5-2" type="nsubj"/>
                </token>
                <token content="took" id="5-2">
                    <pos type="VBD"/>
                    <lemma type="take"/>
                </token>
                <token content="a" id="5-3">
                    <pos type="DT"/>
                    <lemma type="a"/>
                </token>
                <token content="mixing" id="5-4">
                    <pos type="JJ"/>
                    <lemma type="mixing"/>
                </token>
                <token content="bowl" id="5-5">
                    <pos type="NN"/>
                    <lemma type="bowl"/>
                    <dep head="5-2" type="dobj"/>
                </token>
                <token content="and" id="5-6"/>
                <token content="cracked" id="5-7">
                    <pos type="VBD"/>
                    <lemma type="crack"/>
                    <dep head="5-2" type="conj"/>
                </token>
                <token content="the" id="5-8">
                    <pos type="DT"/>
                    <lemma type="the"/>
                </token>
                <token content="eggs" id="5-9">
                    <pos type="NNS"/>
                    <lemma type="egg"/>
                    <dep head="5-7" type="dobj"/>
                </token>
                <token content="into" id="5-10"/>
                <token content="the" id="5-11">
                    <pos type="DT"/>
                    <lemma type="the"/>
                </token>
                <token content="bowl" id="5-12">
                    <pos type="NN"/>
                    <lemma type="bowl"/>
                    <dep head="5-7" type="prep"/>
                </token>
                <token content="." id="5-13"/>
            </sentence>
            <sentence id="6">
                <token content="Then" id="6-1">
                    <pos type="RB"/>
                    <lemma type="then"/>
                    <dep head="6-3" type="advmod"/>
                </token>
                <token content="I" id="6-2">
                    <pos type="PRP"/>
                    <lemma type="I"/>
                    <dep head="6-3" type="nsubj"/>
                </token>
                <token content="measured" id="6-3">
                    <pos type="VBD"/>
                    <lemma type="measure"/>
                </token>
                <token content="out" id="6-4">
                    <pos type="RP"/>
                    <lemma type="out"/>
                    <dep head="6-3" type="prt"/>
                </token>
                <token content="the" id="6-5">
                    <pos type="DT"/>
                    <lemma type="the"/>
                </token>
                <token content="water" id="6-6">
                    <pos type="NN"/>
                    <lemma type="water"/>
                    <dep head="6-3" type="dobj"/>
                </token>
                <token content="," id="6-7"/>
                <token content="followed" id="6-8">
                    <pos type="VBN"/>
                    <lemma type="follow"/>
                </token>
                <token content="by" id="6-9"/>
                <token content="the" id="6-10">
                    <pos type="DT"/>
                    <lemma type="the"/>
                </token>
                <token content="oil" id="6-11">
                    <pos type="NN"/>
                    <lemma type="oil"/>
                    <dep head="6-8" type="agent"/>
                </token>
                <token content="." id="6-12"/>
            </sentence>
            <sentence id="7">
                <token content="After" id="7-1"/>
                <token content="that" id="7-2">
                    <pos type="DT"/>
                    <lemma type="that"/>
                    <dep head="7-5" type="prep"/>
                </token>
                <token content="," id="7-3"/>
                <token content="I" id="7-4">
                    <pos type="PRP"/>
                    <lemma type="I"/>
                    <dep head="7-5" type="nsubj"/>
                </token>
                <token content="added" id="7-5">
                    <pos type="VBD"/>
                    <lemma type="add"/>
                </token>
                <token content="the" id="7-6">
                    <pos type="DT"/>
                    <lemma type="the"/>
                </token>
                <token content="dry" id="7-7">
                    <pos type="JJ"/>
                    <lemma type="dry"/>
                </token>
                <token content="ingredients" id="7-8">
                    <pos type="NNS"/>
                    <lemma type="ingredient"/>
                    <dep head="7-5" type="dobj"/>
                </token>
                <token content="." id="7-9"/>
            </sentence>
            <sentence id="8">
                <token content="Then" id="8-1">
                    <pos type="RB"/>
                    <lemma type="then"/>
                    <dep head="8-3" type="advmod"/>
                </token>
                <token content="I" id="8-2">
                    <pos type="PRP"/>
                    <lemma type="I"/>
                    <dep head="8-3" type="nsubj"/>
                </token>
                <token content="took" id="8-3">
                    <pos type="VBD"/>
                    <lemma type="take"/>
                </token>
                <token content="a" id="8-4">
                    <pos type="DT"/>
                    <lemma type="a"/>
                </token>
                <token content="spoon" id="8-5">
                    <pos type="JJ"/>
                    <lemma type="spoon"/>
                </token>
                <token content="and" id="8-6"/>
                <token content="mixed" id="8-7">
                    <pos type="JJ"/>
                    <lemma type="mixed"/>
                </token>
                <token content="everything" id="8-8">
                    <pos type="NN"/>
                    <lemma type="everything"/>
                    <dep head="8-3" type="dobj"/>
                </token>
                <token content="together" id="8-9">
                    <pos type="RB"/>
                    <lemma type="together"/>
                    <dep head="8-3" type="advmod"/>
                </token>
                <token content="until" id="8-10">
                    <pos type="IN"/>
                    <lemma type="until"/>
                </token>
                <token content="it" id="8-11">
                    <pos type="PRP"/>
                    <lemma type="it"/>
                </token>
                <token content="was" id="8-12">
                    <pos type="VBD"/>
                    <lemma type="be"/>
                </token>
                <token content="smooth" id="8-13">
                    <pos type="JJ"/>
                    <lemma type="smooth"/>
                    <dep head="8-3" type="advcl"/>
                </token>
                <token content="and" id="8-14"/>
                <token content="there" id="8-15">
                    <pos type="EX"/>
                    <lemma type="there"/>
                    <dep head="8-16" type="expl"/>
                </token>
                <token content="were" id="8-16">
                    <pos type="VBD"/>
                    <lemma type="be"/>
                </token>
                <token content="no" id="8-17">
                    <pos type="RB"/>
                    <lemma type="no"/>
                </token>
                <token content="more" id="8-18">
                    <pos type="RBR"/>
                    <lemma type="more"/>
                </token>
                <token content="lumps" id="8-19">
                    <pos type="JJ"/>
                    <lemma type="lumps"/>
                    <dep head="8-16" type="acomp"/>
                </token>
                <token content="." id="8-20"/>
            </sentence>
            <sentence id="9">
                <token content="That" id="9-1">
                    <pos type="DT"/>
                    <lemma type="that"/>
                    <dep head="9-2" type="nsubj"/>
                </token>
                <token content="'s" id="9-2">
                    <pos type="VBZ"/>
                    <lemma type="be"/>
                </token>
                <token content="when" id="9-3">
                    <pos type="WRB"/>
                    <lemma type="when"/>
                    <dep head="9-6" type="advmod"/>
                </token>
                <token content="the" id="9-4">
                    <pos type="DT"/>
                    <lemma type="the"/>
                </token>
                <token content="oven" id="9-5">
                    <pos type="NN"/>
                    <lemma type="oven"/>
                    <dep head="9-6" type="nsubj"/>
                </token>
                <token content="beeped" id="9-6">
                    <pos type="VBD"/>
                    <lemma type="beep"/>
                    <dep head="9-2" type="advcl"/>
                </token>
                <token content="to" id="9-7">
                    <pos type="TO"/>
                    <lemma type="to"/>
                    <dep head="9-8" type="aux"/>
                </token>
                <token content="indicate" id="9-8">
                    <pos type="VB"/>
                    <lemma type="indicate"/>
                    <dep head="9-6" type="xcomp"/>
                </token>
                <token content="that" id="9-9">
                    <pos type="IN"/>
                    <lemma type="that"/>
                    <dep head="9-13" type="mark"/>
                </token>
                <token content="the" id="9-10">
                    <pos type="DT"/>
                    <lemma type="the"/>
                </token>
                <token content="oven" id="9-11">
                    <pos type="NN"/>
                    <lemma type="oven"/>
                    <dep head="9-13" type="nsubj"/>
                </token>
                <token content="had" id="9-12">
                    <pos type="VBD"/>
                    <lemma type="have"/>
                    <dep head="9-13" type="aux"/>
                </token>
                <token content="reached" id="9-13">
                    <pos type="VBN"/>
                    <lemma type="reach"/>
                    <dep head="9-8" type="ccomp"/>
                </token>
                <token content="the" id="9-14">
                    <pos type="DT"/>
                    <lemma type="the"/>
                </token>
                <token content="correct" id="9-15">
                    <pos type="JJ"/>
                    <lemma type="correct"/>
                </token>
                <token content="temperature" id="9-16">
                    <pos type="NN"/>
                    <lemma type="temperature"/>
                    <dep head="9-13" type="dobj"/>
                </token>
                <token content="." id="9-17"/>
            </sentence>
            <sentence id="10">
                <token content="I" id="10-1">
                    <pos type="PRP"/>
                    <lemma type="I"/>
                    <dep head="10-2" type="nsubj"/>
                </token>
                <token content="took" id="10-2">
                    <pos type="VBD"/>
                    <lemma type="take"/>
                </token>
                <token content="out" id="10-3">
                    <pos type="RP"/>
                    <lemma type="out"/>
                    <dep head="10-2" type="prt"/>
                </token>
                <token content="a" id="10-4">
                    <pos type="DT"/>
                    <lemma type="a"/>
                </token>
                <token content="pan" id="10-5">
                    <pos type="NN"/>
                    <lemma type="pan"/>
                    <dep head="10-2" type="dobj"/>
                </token>
                <token content="and" id="10-6"/>
                <token content="greased" id="10-7">
                    <pos type="VBD"/>
                    <lemma type="grease"/>
                    <dep head="10-2" type="conj"/>
                </token>
                <token content="the" id="10-8">
                    <pos type="DT"/>
                    <lemma type="the"/>
                </token>
                <token content="bottom" id="10-9">
                    <pos type="NN"/>
                    <lemma type="bottom"/>
                    <dep head="10-7" type="dobj"/>
                </token>
                <token content="so" id="10-10">
                    <pos type="RB"/>
                    <lemma type="so"/>
                    <dep head="10-16" type="advmod"/>
                </token>
                <token content="that" id="10-11">
                    <pos type="IN"/>
                    <lemma type="that"/>
                    <dep head="10-16" type="mark"/>
                </token>
                <token content="the" id="10-12">
                    <pos type="DT"/>
                    <lemma type="the"/>
                </token>
                <token content="cake" id="10-13">
                    <pos type="NN"/>
                    <lemma type="cake"/>
                    <dep head="10-16" type="nsubj"/>
                </token>
                <token content="would" id="10-14">
                    <pos type="MD"/>
                    <lemma type="would"/>
                    <dep head="10-16" type="aux"/>
                </token>
                <token content="not" id="10-15">
                    <pos type="RB"/>
                    <lemma type="not"/>
                    <dep head="10-16" type="neg"/>
                </token>
                <token content="stick" id="10-16">
                    <pos type="VB"/>
                    <lemma type="stick"/>
                    <dep head="10-7" type="advcl"/>
                </token>
                <token content="to" id="10-17"/>
                <token content="it" id="10-18">
                    <pos type="PRP"/>
                    <lemma type="it"/>
                    <dep head="10-16" type="prep"/>
                </token>
                <token content="." id="10-19"/>
            </sentence>
            <sentence id="11">
                <token content="Then" id="11-1">
                    <pos type="RB"/>
                    <lemma type="then"/>
                    <dep head="11-3" type="advmod"/>
                </token>
                <token content="I" id="11-2">
                    <pos type="PRP"/>
                    <lemma type="I"/>
                    <dep head="11-3" type="nsubj"/>
                </token>
                <token content="poured" id="11-3">
                    <pos type="VBD"/>
                    <lemma type="pour"/>
                </token>
                <token content="the" id="11-4">
                    <pos type="DT"/>
                    <lemma type="the"/>
                </token>
                <token content="mixture" id="11-5">
                    <pos type="NN"/>
                    <lemma type="mixture"/>
                    <dep head="11-3" type="dobj"/>
                </token>
                <token content="from" id="11-6"/>
                <token content="the" id="11-7">
                    <pos type="DT"/>
                    <lemma type="the"/>
                </token>
                <token content="bowl" id="11-8">
                    <pos type="NN"/>
                    <lemma type="bowl"/>
                    <dep head="11-3" type="prep"/>
                </token>
                <token content="into" id="11-9"/>
                <token content="the" id="11-10">
                    <pos type="DT"/>
                    <lemma type="the"/>
                </token>
                <token content="pan" id="11-11">
                    <pos type="NN"/>
                    <lemma type="pan"/>
                    <dep head="11-3" type="prep"/>
                </token>
                <token content="." id="11-12"/>
            </sentence>
            <sentence id="12">
                <token content="Because" id="12-1">
                    <pos type="IN"/>
                    <lemma type="because"/>
                </token>
                <token content="the" id="12-2">
                    <pos type="DT"/>
                    <lemma type="the"/>
                </token>
                <token content="oven" id="12-3">
                    <pos type="NN"/>
                    <lemma type="oven"/>
                </token>
                <token content="was" id="12-4">
                    <pos type="VBD"/>
                    <lemma type="be"/>
                </token>
                <token content="ready" id="12-5">
                    <pos type="JJ"/>
                    <lemma type="ready"/>
                    <dep head="12-8" type="advcl"/>
                </token>
                <token content="," id="12-6"/>
                <token content="I" id="12-7">
                    <pos type="PRP"/>
                    <lemma type="I"/>
                    <dep head="12-8" type="nsubj"/>
                </token>
                <token content="put" id="12-8">
                    <pos type="VBD"/>
                    <lemma type="put"/>
                </token>
                <token content="the" id="12-9">
                    <pos type="DT"/>
                    <lemma type="the"/>
                </token>
                <token content="pan" id="12-10">
                    <pos type="NN"/>
                    <lemma type="pan"/>
                    <dep head="12-8" type="dobj"/>
                </token>
                <token content="on" id="12-11"/>
                <token content="a" id="12-12">
                    <pos type="DT"/>
                    <lemma type="a"/>
                </token>
                <token content="rack" id="12-13">
                    <pos type="NN"/>
                    <lemma type="rack"/>
                    <dep head="12-8" type="prep"/>
                </token>
                <token content="in" id="12-14"/>
                <token content="the" id="12-15">
                    <pos type="DT"/>
                    <lemma type="the"/>
                </token>
                <token content="center" id="12-16">
                    <pos type="NN"/>
                    <lemma type="center"/>
                    <dep head="12-8" type="prep"/>
                </token>
                <token content="of" id="12-17"/>
                <token content="the" id="12-18">
                    <pos type="DT"/>
                    <lemma type="the"/>
                </token>
                <token content="oven" id="12-19">
                    <pos type="NN"/>
                    <lemma type="oven"/>
                </token>
                <token content="." id="12-20"/>
            </sentence>
            <sentence id="13">
                <token content="Then" id="13-1">
                    <pos type="RB"/>
                    <lemma type="then"/>
                    <dep head="13-3" type="advmod"/>
                </token>
                <token content="I" id="13-2">
                    <pos type="PRP"/>
                    <lemma type="I"/>
                    <dep head="13-3" type="nsubj"/>
                </token>
                <token content="set" id="13-3">
                    <pos type="VBD"/>
                    <lemma type="set"/>
                </token>
                <token content="the" id="13-4">
                    <pos type="DT"/>
                    <lemma type="the"/>
                </token>
                <token content="timer" id="13-5">
                    <pos type="NN"/>
                    <lemma type="timer"/>
                    <dep head="13-3" type="dobj"/>
                </token>
                <token content="to" id="13-6"/>
                <token content="35" id="13-7">
                    <pos type="CD"/>
                    <lemma type="35"/>
                </token>
                <token content="minutes" id="13-8">
                    <pos type="NNS"/>
                    <lemma type="minute"/>
                    <dep head="13-3" type="prep"/>
                </token>
                <token content="." id="13-9"/>
            </sentence>
            <sentence id="14">
                <token content="When" id="14-1">
                    <pos type="WRB"/>
                    <lemma type="when"/>
                    <dep head="14-4" type="advmod"/>
                </token>
                <token content="the" id="14-2">
                    <pos type="DT"/>
                    <lemma type="the"/>
                </token>
                <token content="timer" id="14-3">
                    <pos type="NN"/>
                    <lemma type="timer"/>
                    <dep head="14-4" type="nsubj"/>
                </token>
                <token content="went" id="14-4">
                    <pos type="VBD"/>
                    <lemma type="go"/>
                    <dep head="14-8" type="advcl"/>
                </token>
                <token content="off" id="14-5">
                    <pos type="RP"/>
                    <lemma type="off"/>
                    <dep head="14-4" type="prt"/>
                </token>
                <token content="," id="14-6"/>
                <token content="I" id="14-7">
                    <pos type="PRP"/>
                    <lemma type="I"/>
                    <dep head="14-8" type="nsubj"/>
                </token>
                <token content="put" id="14-8">
                    <pos type="VBD"/>
                    <lemma type="put"/>
                </token>
                <token content="on" id="14-9"/>
                <token content="some" id="14-10">
                    <pos type="DT"/>
                    <lemma type="some"/>
                </token>
                <token content="oven" id="14-11">
                    <pos type="NN"/>
                    <lemma type="oven"/>
                </token>
                <token content="mitts" id="14-12">
                    <pos type="NNS"/>
                    <lemma type="mitt"/>
                    <dep head="14-8" type="prep"/>
                </token>
                <token content="and" id="14-13"/>
                <token content="took" id="14-14">
                    <pos type="VBD"/>
                    <lemma type="take"/>
                    <dep head="14-8" type="conj"/>
                </token>
                <token content="the" id="14-15">
                    <pos type="DT"/>
                    <lemma type="the"/>
                </token>
                <token content="cake" id="14-16">
                    <pos type="NN"/>
                    <lemma type="cake"/>
                    <dep head="14-14" type="dobj"/>
                </token>
                <token content="out" id="14-17"/>
                <token content="of" id="14-18"/>
                <token content="the" id="14-19">
                    <pos type="DT"/>
                    <lemma type="the"/>
                </token>
                <token content="oven" id="14-20">
                    <pos type="NN"/>
                    <lemma type="oven"/>
                    <dep head="14-14" type="prep"/>
                </token>
                <token content="." id="14-21"/>
            </sentence>
            <sentence id="15">
                <token content="Then" id="15-1">
                    <pos type="RB"/>
                    <lemma type="then"/>
                    <dep head="15-3" type="advmod"/>
                </token>
                <token content="I" id="15-2">
                    <pos type="PRP"/>
                    <lemma type="I"/>
                    <dep head="15-3" type="nsubj"/>
                </token>
                <token content="turned" id="15-3">
                    <pos type="VBD"/>
                    <lemma type="turn"/>
                </token>
                <token content="off" id="15-4">
                    <pos type="RP"/>
                    <lemma type="off"/>
                    <dep head="15-3" type="prt"/>
                </token>
                <token content="the" id="15-5">
                    <pos type="DT"/>
                    <lemma type="the"/>
                </token>
                <token content="oven" id="15-6">
                    <pos type="NN"/>
                    <lemma type="oven"/>
                    <dep head="15-3" type="dobj"/>
                </token>
                <token content="and" id="15-7"/>
                <token content="let" id="15-8">
                    <pos type="VBD"/>
                    <lemma type="let"/>
                    <dep head="15-3" type="conj"/>
                </token>
                <token content="the" id="15-9">
                    <pos type="DT"/>
                    <lemma type="the"/>
                </token>
                <token content="cake" id="15-10">
                    <pos type="NN"/>
                    <lemma type="cake"/>
                </token>
                <token content="cool" id="15-11">
                    <pos type="JJ"/>
                    <lemma type="cool"/>
                    <dep head="15-8" type="xcomp"/>
                </token>
                <token content="." id="15-12"/>
            </sentence>
        </sentences>
    </text>
    <annotations>
        <participants>
            <label from="1-1" id="0" name="NPart" text="Today" type="participant"/>
            <label from="1-3" id="1" name="ScrPart_cook" text="I" type="participant"/>
            <label from="1-8" id="2" name="ScrPart_cake" text="cake" type="participant"/>
            <label from="2-3" id="3" name="ScrPart_cook" text="I" type="participant"/>
            <label from="2-6" id="4" name="ScrPart_oven" text="oven" type="participant"/>
            <label from="2-9" id="5" name="ScrPart_temperature" text="degrees" type="participant"/>
            <label from="3-3" id="6" name="ScrPart_cook" text="I" type="participant"/>
            <label from="3-7" id="7" name="ScrPart_ingredients" text="ingredients" type="participant"/>
            <label from="3-8" id="8" name="ScrPart_cook" text="I" type="participant"/>
            <label from="4-1" id="9" name="ScrPart_cook" text="I" type="participant"/>
            <label from="4-3" id="10" name="ScrPart_ingredients" text="eggs" type="participant"/>
            <label from="4-5" id="11" name="ScrPart_ingredients" text="flour" type="participant"/>
            <label from="4-7" id="12" name="ScrPart_ingredients" text="water" type="participant"/>
            <label from="4-9" id="13" name="ScrPart_ingredients" text="sugar" type="participant"/>
            <label from="4-11" id="14" name="ScrPart_ingredients" text="oil" type="participant"/>
            <label from="4-13" id="15" name="ScrPart_ingredients" text="salt" type="participant"/>
            <label from="4-16" id="16" name="ScrPart_ingredients" text="baking power" to="4-17" type="participant"/>
            <label from="4-17" id="17" name="ScrPart_ingredients" text="power" type="participant"/>
            <label from="5-1" id="18" name="ScrPart_cook" text="I" type="participant"/>
            <label from="5-4" id="19" name="ScrPart_utensil" text="mixing bowl" to="5-5" type="participant"/>
            <label from="5-5" id="20" name="ScrPart_utensil" text="bowl" type="participant"/>
            <label from="5-9" id="21" name="ScrPart_ingredients" text="eggs" type="participant"/>
            <label from="5-12" id="22" name="ScrPart_utensil" text="bowl" type="participant"/>
            <label from="6-2" id="23" name="ScrPart_cook" text="I" type="participant"/>
            <label from="6-6" id="24" name="ScrPart_ingredients" text="water" type="participant"/>
            <label from="6-11" id="25" name="ScrPart_ingredients" text="oil" type="participant"/>
            <label from="7-4" id="26" name="ScrPart_cook" text="I" type="participant"/>
            <label from="7-8" id="27" name="ScrPart_ingredients" text="ingredients" type="participant"/>
            <label from="8-2" id="28" name="ScrPart_cook" text="I" type="participant"/>
            <label from="8-5" id="29" name="ScrPart_utensil" text="spoon" type="participant"/>
            <label from="8-8" id="30" name="ScrPart_ingredients" text="everything" type="participant"/>
            <label from="8-11" id="31" name="ScrPart_ingredients" text="it" type="participant"/>
            <label from="8-19" id="32" name="ScrPart_other" text="lumps" type="participant"/>
            <label from="9-5" id="33" name="ScrPart_oven" text="oven" type="participant"/>
            <label from="9-11" id="34" name="ScrPart_oven" text="oven" type="participant"/>
            <label from="9-16" id="35" name="ScrPart_temperature" text="temperature" type="participant"/>
            <label from="10-1" id="36" name="ScrPart_cook" text="I" type="participant"/>
            <label from="10-5" id="37" name="ScrPart_cake_tin" text="pan" type="participant"/>
            <label from="10-9" id="38" name="NPart" text="bottom" type="participant"/>
            <label from="10-13" id="39" name="ScrPart_cake" text="cake" type="participant"/>
            <label from="10-18" id="40" name="ScrPart_cake_tin" text="it" type="participant"/>
            <label from="11-2" id="41" name="ScrPart_cook" text="I" type="participant"/>
            <label from="11-5" id="42" name="ScrPart_dough" text="mixture" type="participant"/>
            <label from="11-8" id="43" name="ScrPart_utensil" text="bowl" type="participant"/>
            <label from="11-11" id="44" name="ScrPart_cake_tin" text="pan" type="participant"/>
            <label from="12-3" id="45" name="ScrPart_oven" text="oven" type="participant"/>
            <label from="12-7" id="46" name="ScrPart_cook" text="I" type="participant"/>
            <label from="12-10" id="47" name="ScrPart_cake_tin" text="pan" type="participant"/>
            <label from="12-13" id="48" name="NPart" text="rack" type="participant"/>
            <label from="12-16" id="49" name="NPart" text="center" type="participant"/>
            <label from="12-19" id="50" name="ScrPart_oven" text="oven" type="participant"/>
            <label from="13-2" id="51" name="ScrPart_cook" text="I" type="participant"/>
            <label from="13-5" id="52" name="ScrPart_timer" text="timer" type="participant"/>
            <label from="13-8" id="53" name="ScrPart_time" text="minutes" type="participant"/>
            <label from="14-3" id="54" name="ScrPart_timer" text="timer" type="participant"/>
            <label from="14-7" id="55" name="ScrPart_cook" text="I" type="participant"/>
            <label from="14-11" id="56" name="ScrPart_utensil" text="oven mitts" to="14-12" type="participant"/>
            <label from="14-12" id="57" name="ScrPart_utensil" text="mitts" type="participant"/>
            <label from="14-16" id="58" name="ScrPart_cake" text="cake" type="participant"/>
            <label from="14-20" id="59" name="ScrPart_oven" text="oven" type="participant"/>
            <label from="15-2" id="60" name="ScrPart_cook" text="I" type="participant"/>
            <label from="15-6" id="61" name="ScrPart_oven" text="oven" type="participant"/>
            <label from="15-10" id="62" name="ScrPart_cake" text="cake" type="participant"/>
        </participants>
        <events>
            <label from="1-4" id="63" name="UnrelEv" text="decided" type="event"/>
            <label from="1-6" id="64" name="Evoking" text="bake a cake" to="1-8" type="event"/>
            <label from="2-4" id="65" name="ScrEv_preheat" text="preheated" type="event"/>
            <label from="3-4" id="66" name="ScrEv_get_ingredients" text="gathered" type="event"/>
            <label from="3-10" id="67" name="UnrelEv" text="need" type="event"/>
            <label from="4-2" id="68" name="UnrelEv" text="needed" type="event"/>
            <label from="5-2" id="69" name="ScrEv_get_utensils" text="took" type="event"/>
            <label from="5-7" id="70" name="ScrEv_add_ingredients" text="cracked" type="event"/>
            <label from="6-3" id="71" name="RelNScrEv" text="measured" type="event"/>
            <label from="7-5" id="72" name="ScrEv_add_ingredients" text="added" type="event"/>
            <label from="8-3" id="73" name="ScrEv_get_utensils" text="took" type="event"/>
            <label from="8-7" id="74" name="ScrEv_make_dough" text="mixed" type="event"/>
            <label from="8-12" id="75" name="UnrelEv" text="was" type="event"/>
            <label from="8-16" id="76" name="UnrelEv" text="were" type="event"/>
            <label from="9-6" id="77" name="RelNScrEv" text="beeped" type="event"/>
            <label from="9-8" id="78" name="UnrelEv" text="indicate" type="event"/>
            <label from="9-13" id="79" name="RelNScrEv" text="reached" type="event"/>
            <label from="10-2" id="80" name="ScrEv_get_utensils" text="took out" to="10-3" type="event"/>
            <label from="10-7" id="81" name="ScrEv_grease_cake_tin" text="greased" type="event"/>
            <label from="10-16" id="82" name="UnrelEv" text="stick" type="event"/>
            <label from="11-3" id="83" name="ScrEv_pour_dough" text="poured" type="event"/>
            <label from="12-4" id="84" name="UnrelEv" text="was" type="event"/>
            <label from="12-8" id="85" name="ScrEv_put_cake_oven" text="put" type="event"/>
            <label from="13-3" id="86" name="ScrEv_set_time" text="set" type="event"/>
            <label from="14-4" id="87" name="RelNScrEv" text="went off" to="14-5" type="event"/>
            <label from="14-8" id="88" name="ScrEv_get_utensils" text="put on" to="14-9" type="event"/>
            <label from="14-14" id="89" name="ScrEv_take_out_oven" text="took" type="event"/>
            <label from="15-3" id="90" name="ScrEv_turn_off_oven" text="turned off" to="15-4" type="event"/>
            <label from="15-8" id="91" name="UnrelEv" text="let" type="event"/>
            <label from="15-11" id="92" name="ScrEv_cool_down" text="cool" type="event"/>
        </events>
        <chains>
            <chain elements="1 3 6 8 9 18 23 26 28 36 41 46 51 55 60"/>
            <chain elements="10 21"/>
            <chain elements="20 22 43"/>
            <chain elements="12 24"/>
            <chain elements="14 25"/>
            <chain elements="7 30 31"/>
            <chain elements="4 33 34 45 50 59 61"/>
            <chain elements="5 35"/>
            <chain elements="37 40 44"/>
            <chain elements="52 54"/>
            <chain elements="2 58 62"/>
        </chains>
    </annotations>
</story>
