<?xml version="1.0" encoding="UTF-8" standalone="no"?>
<!DOCTYPE story SYSTEM "../InScript.dtd">
<story id="089" scenario="cake">
    <text>
        <content>As a young male I never envisioned myself baking a cake . 
Of course I also did n't think I would have a girlfriend whom preferred homemade gifts over anything else . 
Well here goes nothing I think , as I head to the supermarket to get what I need . 
The first thing I get is the cake mix , then I use it to figure out what exactly it is that I need for the other ingredients . 
I get all the ingredients I need and am actually starting to look forward to baking this cake . 
I arrive home and preheat the oven . 
I look at the instructions on the back of the cake mix and then begin to mix stuff . 
When the cake is finally ready and in a pan I place it in the oven . 
After it is out I put the words happy birthday on the cake with icing . 
Someone is getting laid today . </content>
        <sentences>
            <sentence id="1">
                <token content="As" id="1-1"/>
                <token content="a" id="1-2">
                    <pos type="DT"/>
                    <lemma type="a"/>
                </token>
                <token content="young" id="1-3">
                    <pos type="JJ"/>
                    <lemma type="young"/>
                </token>
                <token content="male" id="1-4">
                    <pos type="NN"/>
                    <lemma type="male"/>
                    <dep head="1-7" type="prep"/>
                </token>
                <token content="I" id="1-5">
                    <pos type="PRP"/>
                    <lemma type="I"/>
                    <dep head="1-7" type="nsubj"/>
                </token>
                <token content="never" id="1-6">
                    <pos type="RB"/>
                    <lemma type="never"/>
                    <dep head="1-7" type="neg"/>
                </token>
                <token content="envisioned" id="1-7">
                    <pos type="VBD"/>
                    <lemma type="envision"/>
                </token>
                <token content="myself" id="1-8">
                    <pos type="PRP"/>
                    <lemma type="myself"/>
                    <dep head="1-7" type="dobj"/>
                </token>
                <token content="baking" id="1-9">
                    <pos type="VBG"/>
                    <lemma type="bake"/>
                    <dep head="1-7" type="xcomp"/>
                </token>
                <token content="a" id="1-10">
                    <pos type="DT"/>
                    <lemma type="a"/>
                </token>
                <token content="cake" id="1-11">
                    <pos type="NN"/>
                    <lemma type="cake"/>
                    <dep head="1-9" type="dobj"/>
                </token>
                <token content="." id="1-12"/>
            </sentence>
            <sentence id="2">
                <token content="Of" id="2-1"/>
                <token content="course" id="2-2">
                    <pos type="NN"/>
                    <lemma type="course"/>
                    <dep head="2-7" type="prep"/>
                </token>
                <token content="I" id="2-3">
                    <pos type="PRP"/>
                    <lemma type="I"/>
                    <dep head="2-7" type="nsubj"/>
                </token>
                <token content="also" id="2-4">
                    <pos type="RB"/>
                    <lemma type="also"/>
                    <dep head="2-7" type="advmod"/>
                </token>
                <token content="did" id="2-5">
                    <pos type="VBD"/>
                    <lemma type="do"/>
                    <dep head="2-7" type="aux"/>
                </token>
                <token content="n't" id="2-6">
                    <pos type="RB"/>
                    <lemma type="not"/>
                    <dep head="2-7" type="neg"/>
                </token>
                <token content="think" id="2-7">
                    <pos type="VB"/>
                    <lemma type="think"/>
                </token>
                <token content="I" id="2-8">
                    <pos type="PRP"/>
                    <lemma type="I"/>
                    <dep head="2-10" type="nsubj"/>
                </token>
                <token content="would" id="2-9">
                    <pos type="MD"/>
                    <lemma type="would"/>
                    <dep head="2-10" type="aux"/>
                </token>
                <token content="have" id="2-10">
                    <pos type="VB"/>
                    <lemma type="have"/>
                    <dep head="2-7" type="ccomp"/>
                </token>
                <token content="a" id="2-11">
                    <pos type="DT"/>
                    <lemma type="a"/>
                </token>
                <token content="girlfriend" id="2-12">
                    <pos type="NN"/>
                    <lemma type="girlfriend"/>
                    <dep head="2-10" type="dobj"/>
                </token>
                <token content="whom" id="2-13">
                    <pos type="WP"/>
                    <lemma type="whom"/>
                    <dep head="2-14" type="nsubj"/>
                </token>
                <token content="preferred" id="2-14">
                    <pos type="VBD"/>
                    <lemma type="prefer"/>
                </token>
                <token content="homemade" id="2-15">
                    <pos type="JJ"/>
                    <lemma type="homemade"/>
                </token>
                <token content="gifts" id="2-16">
                    <pos type="NNS"/>
                    <lemma type="gift"/>
                    <dep head="2-14" type="dobj"/>
                </token>
                <token content="over" id="2-17"/>
                <token content="anything" id="2-18">
                    <pos type="NN"/>
                    <lemma type="anything"/>
                    <dep head="2-14" type="prep"/>
                </token>
                <token content="else" id="2-19">
                    <pos type="RB"/>
                    <lemma type="else"/>
                </token>
                <token content="." id="2-20"/>
            </sentence>
            <sentence id="3">
                <token content="Well" id="3-1">
                    <pos type="NNP"/>
                    <lemma type="Well"/>
                    <dep head="3-3" type="nsubj"/>
                </token>
                <token content="here" id="3-2">
                    <pos type="RB"/>
                    <lemma type="here"/>
                    <dep head="3-3" type="advmod"/>
                </token>
                <token content="goes" id="3-3">
                    <pos type="VBZ"/>
                    <lemma type="go"/>
                </token>
                <token content="nothing" id="3-4">
                    <pos type="NN"/>
                    <lemma type="nothing"/>
                    <dep head="3-3" type="dobj"/>
                </token>
                <token content="I" id="3-5">
                    <pos type="PRP"/>
                    <lemma type="I"/>
                    <dep head="3-6" type="nsubj"/>
                </token>
                <token content="think" id="3-6">
                    <pos type="VBP"/>
                    <lemma type="think"/>
                </token>
                <token content="," id="3-7"/>
                <token content="as" id="3-8">
                    <pos type="IN"/>
                    <lemma type="as"/>
                    <dep head="3-10" type="mark"/>
                </token>
                <token content="I" id="3-9">
                    <pos type="PRP"/>
                    <lemma type="I"/>
                    <dep head="3-10" type="nsubj"/>
                </token>
                <token content="head" id="3-10">
                    <pos type="VBP"/>
                    <lemma type="head"/>
                    <dep head="3-3" type="advcl"/>
                </token>
                <token content="to" id="3-11"/>
                <token content="the" id="3-12">
                    <pos type="DT"/>
                    <lemma type="the"/>
                </token>
                <token content="supermarket" id="3-13">
                    <pos type="NN"/>
                    <lemma type="supermarket"/>
                    <dep head="3-10" type="prep"/>
                </token>
                <token content="to" id="3-14">
                    <pos type="TO"/>
                    <lemma type="to"/>
                    <dep head="3-15" type="aux"/>
                </token>
                <token content="get" id="3-15">
                    <pos type="VB"/>
                    <lemma type="get"/>
                </token>
                <token content="what" id="3-16">
                    <pos type="WP"/>
                    <lemma type="what"/>
                    <dep head="3-18" type="dobj"/>
                </token>
                <token content="I" id="3-17">
                    <pos type="PRP"/>
                    <lemma type="I"/>
                    <dep head="3-18" type="nsubj"/>
                </token>
                <token content="need" id="3-18">
                    <pos type="VBP"/>
                    <lemma type="need"/>
                    <dep head="3-15" type="ccomp"/>
                </token>
                <token content="." id="3-19"/>
            </sentence>
            <sentence id="4">
                <token content="The" id="4-1">
                    <pos type="DT"/>
                    <lemma type="the"/>
                </token>
                <token content="first" id="4-2">
                    <pos type="JJ"/>
                    <lemma type="first"/>
                </token>
                <token content="thing" id="4-3">
                    <pos type="NN"/>
                    <lemma type="thing"/>
                </token>
                <token content="I" id="4-4">
                    <pos type="PRP"/>
                    <lemma type="I"/>
                    <dep head="4-5" type="nsubj"/>
                </token>
                <token content="get" id="4-5">
                    <pos type="VBP"/>
                    <lemma type="get"/>
                </token>
                <token content="is" id="4-6">
                    <pos type="VBZ"/>
                    <lemma type="be"/>
                </token>
                <token content="the" id="4-7">
                    <pos type="DT"/>
                    <lemma type="the"/>
                </token>
                <token content="cake" id="4-8">
                    <pos type="NN"/>
                    <lemma type="cake"/>
                </token>
                <token content="mix" id="4-9">
                    <pos type="NN"/>
                    <lemma type="mix"/>
                </token>
                <token content="," id="4-10"/>
                <token content="then" id="4-11">
                    <pos type="RB"/>
                    <lemma type="then"/>
                    <dep head="4-13" type="advmod"/>
                </token>
                <token content="I" id="4-12">
                    <pos type="PRP"/>
                    <lemma type="I"/>
                    <dep head="4-13" type="nsubj"/>
                </token>
                <token content="use" id="4-13">
                    <pos type="VBP"/>
                    <lemma type="use"/>
                </token>
                <token content="it" id="4-14">
                    <pos type="PRP"/>
                    <lemma type="it"/>
                    <dep head="4-13" type="dobj"/>
                </token>
                <token content="to" id="4-15">
                    <pos type="TO"/>
                    <lemma type="to"/>
                    <dep head="4-16" type="aux"/>
                </token>
                <token content="figure" id="4-16">
                    <pos type="VB"/>
                    <lemma type="figure"/>
                    <dep head="4-13" type="xcomp"/>
                </token>
                <token content="out" id="4-17">
                    <pos type="RP"/>
                    <lemma type="out"/>
                    <dep head="4-16" type="prt"/>
                </token>
                <token content="what" id="4-18">
                    <pos type="WP"/>
                    <lemma type="what"/>
                    <dep head="4-21" type="dobj"/>
                </token>
                <token content="exactly" id="4-19">
                    <pos type="RB"/>
                    <lemma type="exactly"/>
                    <dep head="4-21" type="advmod"/>
                </token>
                <token content="it" id="4-20">
                    <pos type="PRP"/>
                    <lemma type="it"/>
                    <dep head="4-21" type="nsubj"/>
                </token>
                <token content="is" id="4-21">
                    <pos type="VBZ"/>
                    <lemma type="be"/>
                    <dep head="4-16" type="ccomp"/>
                </token>
                <token content="that" id="4-22">
                    <pos type="IN"/>
                    <lemma type="that"/>
                    <dep head="4-24" type="mark"/>
                </token>
                <token content="I" id="4-23">
                    <pos type="PRP"/>
                    <lemma type="I"/>
                    <dep head="4-24" type="nsubj"/>
                </token>
                <token content="need" id="4-24">
                    <pos type="VBP"/>
                    <lemma type="need"/>
                    <dep head="4-21" type="ccomp"/>
                </token>
                <token content="for" id="4-25"/>
                <token content="the" id="4-26">
                    <pos type="DT"/>
                    <lemma type="the"/>
                </token>
                <token content="other" id="4-27">
                    <pos type="JJ"/>
                    <lemma type="other"/>
                </token>
                <token content="ingredients" id="4-28">
                    <pos type="NNS"/>
                    <lemma type="ingredient"/>
                    <dep head="4-24" type="prep"/>
                </token>
                <token content="." id="4-29"/>
            </sentence>
            <sentence id="5">
                <token content="I" id="5-1">
                    <pos type="PRP"/>
                    <lemma type="I"/>
                    <dep head="5-2" type="nsubj"/>
                </token>
                <token content="get" id="5-2">
                    <pos type="VBP"/>
                    <lemma type="get"/>
                </token>
                <token content="all" id="5-3">
                    <pos type="PDT"/>
                    <lemma type="all"/>
                </token>
                <token content="the" id="5-4">
                    <pos type="DT"/>
                    <lemma type="the"/>
                </token>
                <token content="ingredients" id="5-5">
                    <pos type="NNS"/>
                    <lemma type="ingredient"/>
                    <dep head="5-2" type="dobj"/>
                </token>
                <token content="I" id="5-6">
                    <pos type="PRP"/>
                    <lemma type="I"/>
                    <dep head="5-7" type="nsubj"/>
                </token>
                <token content="need" id="5-7">
                    <pos type="VBP"/>
                    <lemma type="need"/>
                </token>
                <token content="and" id="5-8"/>
                <token content="am" id="5-9">
                    <pos type="VBP"/>
                    <lemma type="be"/>
                    <dep head="5-11" type="aux"/>
                </token>
                <token content="actually" id="5-10">
                    <pos type="RB"/>
                    <lemma type="actually"/>
                    <dep head="5-11" type="advmod"/>
                </token>
                <token content="starting" id="5-11">
                    <pos type="VBG"/>
                    <lemma type="start"/>
                    <dep head="5-7" type="conj"/>
                </token>
                <token content="to" id="5-12">
                    <pos type="TO"/>
                    <lemma type="to"/>
                    <dep head="5-13" type="aux"/>
                </token>
                <token content="look" id="5-13">
                    <pos type="VB"/>
                    <lemma type="look"/>
                    <dep head="5-11" type="xcomp"/>
                </token>
                <token content="forward" id="5-14">
                    <pos type="RB"/>
                    <lemma type="forward"/>
                    <dep head="5-13" type="advmod"/>
                </token>
                <token content="to" id="5-15"/>
                <token content="baking" id="5-16">
                    <pos type="VBG"/>
                    <lemma type="bake"/>
                    <dep head="5-13" type="prepc"/>
                </token>
                <token content="this" id="5-17">
                    <pos type="DT"/>
                    <lemma type="this"/>
                </token>
                <token content="cake" id="5-18">
                    <pos type="NN"/>
                    <lemma type="cake"/>
                    <dep head="5-16" type="dobj"/>
                </token>
                <token content="." id="5-19"/>
            </sentence>
            <sentence id="6">
                <token content="I" id="6-1">
                    <pos type="PRP"/>
                    <lemma type="I"/>
                    <dep head="6-2" type="nsubj"/>
                </token>
                <token content="arrive" id="6-2">
                    <pos type="VBP"/>
                    <lemma type="arrive"/>
                </token>
                <token content="home" id="6-3">
                    <pos type="NN"/>
                    <lemma type="home"/>
                    <dep head="6-2" type="dobj"/>
                </token>
                <token content="and" id="6-4"/>
                <token content="preheat" id="6-5">
                    <pos type="VBP"/>
                    <lemma type="preheat"/>
                    <dep head="6-2" type="conj"/>
                </token>
                <token content="the" id="6-6">
                    <pos type="DT"/>
                    <lemma type="the"/>
                </token>
                <token content="oven" id="6-7">
                    <pos type="NN"/>
                    <lemma type="oven"/>
                    <dep head="6-5" type="dobj"/>
                </token>
                <token content="." id="6-8"/>
            </sentence>
            <sentence id="7">
                <token content="I" id="7-1">
                    <pos type="PRP"/>
                    <lemma type="I"/>
                    <dep head="7-2" type="nsubj"/>
                </token>
                <token content="look" id="7-2">
                    <pos type="VBP"/>
                    <lemma type="look"/>
                </token>
                <token content="at" id="7-3"/>
                <token content="the" id="7-4">
                    <pos type="DT"/>
                    <lemma type="the"/>
                </token>
                <token content="instructions" id="7-5">
                    <pos type="NNS"/>
                    <lemma type="instruction"/>
                    <dep head="7-2" type="prep"/>
                </token>
                <token content="on" id="7-6"/>
                <token content="the" id="7-7">
                    <pos type="DT"/>
                    <lemma type="the"/>
                </token>
                <token content="back" id="7-8">
                    <pos type="NN"/>
                    <lemma type="back"/>
                </token>
                <token content="of" id="7-9"/>
                <token content="the" id="7-10">
                    <pos type="DT"/>
                    <lemma type="the"/>
                </token>
                <token content="cake" id="7-11">
                    <pos type="NN"/>
                    <lemma type="cake"/>
                </token>
                <token content="mix" id="7-12">
                    <pos type="NN"/>
                    <lemma type="mix"/>
                </token>
                <token content="and" id="7-13"/>
                <token content="then" id="7-14">
                    <pos type="RB"/>
                    <lemma type="then"/>
                    <dep head="7-15" type="advmod"/>
                </token>
                <token content="begin" id="7-15">
                    <pos type="VBP"/>
                    <lemma type="begin"/>
                    <dep head="7-2" type="conj"/>
                </token>
                <token content="to" id="7-16">
                    <pos type="TO"/>
                    <lemma type="to"/>
                    <dep head="7-17" type="aux"/>
                </token>
                <token content="mix" id="7-17">
                    <pos type="VB"/>
                    <lemma type="mix"/>
                    <dep head="7-15" type="xcomp"/>
                </token>
                <token content="stuff" id="7-18">
                    <pos type="NN"/>
                    <lemma type="stuff"/>
                    <dep head="7-17" type="dobj"/>
                </token>
                <token content="." id="7-19"/>
            </sentence>
            <sentence id="8">
                <token content="When" id="8-1">
                    <pos type="WRB"/>
                    <lemma type="when"/>
                </token>
                <token content="the" id="8-2">
                    <pos type="DT"/>
                    <lemma type="the"/>
                </token>
                <token content="cake" id="8-3">
                    <pos type="NN"/>
                    <lemma type="cake"/>
                </token>
                <token content="is" id="8-4">
                    <pos type="VBZ"/>
                    <lemma type="be"/>
                </token>
                <token content="finally" id="8-5">
                    <pos type="RB"/>
                    <lemma type="finally"/>
                </token>
                <token content="ready" id="8-6">
                    <pos type="JJ"/>
                    <lemma type="ready"/>
                    <dep head="8-12" type="advcl"/>
                </token>
                <token content="and" id="8-7"/>
                <token content="in" id="8-8">
                    <pos type="IN"/>
                    <lemma type="in"/>
                </token>
                <token content="a" id="8-9">
                    <pos type="DT"/>
                    <lemma type="a"/>
                </token>
                <token content="pan" id="8-10">
                    <pos type="NN"/>
                    <lemma type="pan"/>
                </token>
                <token content="I" id="8-11">
                    <pos type="PRP"/>
                    <lemma type="I"/>
                    <dep head="8-12" type="nsubj"/>
                </token>
                <token content="place" id="8-12">
                    <pos type="VBP"/>
                    <lemma type="place"/>
                </token>
                <token content="it" id="8-13">
                    <pos type="PRP"/>
                    <lemma type="it"/>
                    <dep head="8-12" type="dobj"/>
                </token>
                <token content="in" id="8-14"/>
                <token content="the" id="8-15">
                    <pos type="DT"/>
                    <lemma type="the"/>
                </token>
                <token content="oven" id="8-16">
                    <pos type="NN"/>
                    <lemma type="oven"/>
                    <dep head="8-12" type="prep"/>
                </token>
                <token content="." id="8-17"/>
            </sentence>
            <sentence id="9">
                <token content="After" id="9-1">
                    <pos type="IN"/>
                    <lemma type="after"/>
                </token>
                <token content="it" id="9-2">
                    <pos type="PRP"/>
                    <lemma type="it"/>
                </token>
                <token content="is" id="9-3">
                    <pos type="VBZ"/>
                    <lemma type="be"/>
                </token>
                <token content="out" id="9-4">
                    <pos type="RP"/>
                    <lemma type="out"/>
                    <dep head="9-6" type="advcl"/>
                </token>
                <token content="I" id="9-5">
                    <pos type="PRP"/>
                    <lemma type="I"/>
                    <dep head="9-6" type="nsubj"/>
                </token>
                <token content="put" id="9-6">
                    <pos type="VBD"/>
                    <lemma type="put"/>
                </token>
                <token content="the" id="9-7">
                    <pos type="DT"/>
                    <lemma type="the"/>
                </token>
                <token content="words" id="9-8">
                    <pos type="NNS"/>
                    <lemma type="word"/>
                </token>
                <token content="happy" id="9-9">
                    <pos type="JJ"/>
                    <lemma type="happy"/>
                </token>
                <token content="birthday" id="9-10">
                    <pos type="NN"/>
                    <lemma type="birthday"/>
                    <dep head="9-6" type="dobj"/>
                </token>
                <token content="on" id="9-11"/>
                <token content="the" id="9-12">
                    <pos type="DT"/>
                    <lemma type="the"/>
                </token>
                <token content="cake" id="9-13">
                    <pos type="NN"/>
                    <lemma type="cake"/>
                </token>
                <token content="with" id="9-14"/>
                <token content="icing" id="9-15">
                    <pos type="VBG"/>
                    <lemma type="ice"/>
                    <dep head="9-6" type="prepc"/>
                </token>
                <token content="." id="9-16"/>
            </sentence>
            <sentence id="10">
                <token content="Someone" id="10-1">
                    <pos type="NN"/>
                    <lemma type="someone"/>
                    <dep head="10-4" type="nsubjpass"/>
                </token>
                <token content="is" id="10-2">
                    <pos type="VBZ"/>
                    <lemma type="be"/>
                    <dep head="10-4" type="aux"/>
                </token>
                <token content="getting" id="10-3">
                    <pos type="VBG"/>
                    <lemma type="get"/>
                    <dep head="10-4" type="auxpass"/>
                </token>
                <token content="laid" id="10-4">
                    <pos type="VBN"/>
                    <lemma type="lay"/>
                </token>
                <token content="today" id="10-5">
                    <pos type="NN"/>
                    <lemma type="today"/>
                    <dep head="10-4" type="tmod"/>
                </token>
                <token content="." id="10-6"/>
            </sentence>
        </sentences>
    </text>
    <annotations>
        <participants>
            <label from="1-4" id="0" name="ScrPart_cook" text="male" type="participant"/>
            <label from="1-5" id="1" name="ScrPart_cook" text="I" type="participant"/>
            <label from="1-8" id="2" name="ScrPart_cook" text="myself" type="participant"/>
            <label from="1-11" id="3" name="ScrPart_cake" text="cake" type="participant"/>
            <label from="2-2" id="4" name="No_label" text="course" type="participant"/>
            <label from="2-3" id="5" name="ScrPart_cook" text="I" type="participant"/>
            <label from="2-8" id="6" name="ScrPart_cook" text="I" type="participant"/>
            <label from="2-12" id="7" name="ScrPart_beneficiary" text="girlfriend" type="participant"/>
            <label from="2-16" id="8" name="NPart" text="gifts" type="participant"/>
            <label from="2-18" id="9" name="No_label" text="anything" type="participant"/>
            <label from="3-4" id="10" name="No_label" text="nothing" type="participant"/>
            <label from="3-5" id="11" name="ScrPart_cook" text="I" type="participant"/>
            <label from="3-9" id="12" name="ScrPart_cook" text="I" type="participant"/>
            <label from="3-13" id="13" name="ScrPart_store" text="supermarket" type="participant"/>
            <label from="3-17" id="14" name="ScrPart_cook" text="I" type="participant"/>
            <label from="4-3" id="15" name="ScrPart_ingredients" text="thing" type="participant"/>
            <label from="4-4" id="16" name="ScrPart_cook" text="I" type="participant"/>
            <label from="4-8" id="17" name="ScrPart_ingredients" text="cake mix" to="4-9" type="participant"/>
            <label from="4-9" id="18" name="ScrPart_ingredients" text="mix" type="participant"/>
            <label from="4-12" id="19" name="ScrPart_cook" text="I" type="participant"/>
            <label from="4-14" id="20" name="ScrPart_baking_instructions" text="it" type="participant"/>
            <label from="4-20" id="21" name="No_label" text="it" type="participant"/>
            <label from="4-23" id="22" name="ScrPart_cook" text="I" type="participant"/>
            <label from="4-28" id="23" name="ScrPart_ingredients" text="ingredients" type="participant"/>
            <label from="5-1" id="24" name="ScrPart_cook" text="I" type="participant"/>
            <label from="5-5" id="25" name="ScrPart_ingredients" text="ingredients" type="participant"/>
            <label from="5-6" id="26" name="ScrPart_cook" text="I" type="participant"/>
            <label from="5-18" id="27" name="ScrPart_cake" text="cake" type="participant"/>
            <label from="6-1" id="28" name="ScrPart_cook" text="I" type="participant"/>
            <label from="6-3" id="29" name="No_label" text="home" type="participant"/>
            <label from="6-7" id="30" name="ScrPart_oven" text="oven" type="participant"/>
            <label from="7-1" id="31" name="ScrPart_cook" text="I" type="participant"/>
            <label from="7-5" id="32" name="ScrPart_baking_instructions" text="instructions" type="participant"/>
            <label from="7-8" id="33" name="Head_of_Partitive" text="back" type="participant"/>
            <label from="7-11" id="34" name="ScrPart_ingredients" text="cake mix" to="7-12" type="participant"/>
            <label from="7-12" id="35" name="ScrPart_ingredients" text="mix" type="participant"/>
            <label from="7-18" id="36" name="ScrPart_ingredients" text="stuff" type="participant"/>
            <label from="8-3" id="37" name="ScrPart_cake" text="cake" type="participant"/>
            <label from="8-10" id="38" name="ScrPart_cake_tin" text="pan" type="participant"/>
            <label from="8-11" id="39" name="ScrPart_cook" text="I" type="participant"/>
            <label from="8-13" id="40" name="ScrPart_cake" text="it" type="participant"/>
            <label from="8-16" id="41" name="ScrPart_oven" text="oven" type="participant"/>
            <label from="9-2" id="42" name="ScrPart_cake" text="it" type="participant"/>
            <label from="9-5" id="43" name="ScrPart_cook" text="I" type="participant"/>
            <label from="9-8" id="44" name="NPart" text="words" type="participant"/>
            <label from="9-10" id="45" name="NPart" text="birthday" type="participant"/>
            <label from="9-13" id="46" name="ScrPart_cake" text="cake" type="participant"/>
            <label from="9-15" id="47" name="ScrPart_decoration" text="icing" type="participant"/>
            <label from="10-1" id="48" name="ScrPart_beneficiary" text="Someone" type="participant"/>
            <label from="10-5" id="49" name="No_label" text="today" type="participant"/>
        </participants>
        <events>
            <label from="1-7" id="50" name="UnrelEv" text="envisioned" type="event"/>
            <label from="1-9" id="51" name="Evoking" text="baking a cake" to="1-11" type="event"/>
            <label from="2-7" id="52" name="UnrelEv" text="think" type="event"/>
            <label from="2-10" id="53" name="UnrelEv" text="have" type="event"/>
            <label from="2-14" id="54" name="UnrelEv" text="preferred" type="event"/>
            <label from="3-3" id="55" name="UnrelEv" text="goes" type="event"/>
            <label from="3-6" id="56" name="UnrelEv" text="think" type="event"/>
            <label from="3-10" id="57" name="RelNScrEv" text="head" type="event"/>
            <label from="3-15" id="58" name="ScrEv_get_ingredients" text="get" type="event"/>
            <label from="4-5" id="59" name="ScrEv_get_ingredients" text="get" type="event"/>
            <label from="4-13" id="60" name="RelNScrEv" text="use" type="event"/>
            <label from="4-16" id="61" name="UnrelEv" text="figure out" to="4-17" type="event"/>
            <label from="4-16" id="62" name="UnrelEv" text="figure" type="event"/>
            <label from="4-21" id="63" name="UnrelEv" text="is" type="event"/>
            <label from="4-24" id="64" name="UnrelEv" text="need" type="event"/>
            <label from="5-2" id="65" name="ScrEv_get_ingredients" text="get" type="event"/>
            <label from="5-7" id="66" name="UnrelEv" text="need" type="event"/>
            <label from="5-11" id="67" name="UnrelEv" text="starting" type="event"/>
            <label from="5-13" id="68" name="UnrelEv" text="look forward" to="5-14" type="event"/>
            <label from="5-13" id="69" name="UnrelEv" text="look" type="event"/>
            <label from="5-16" id="70" name="Evoking" text="baking this cake" to="5-18" type="event"/>
            <label from="6-2" id="71" name="UnrelEv" text="arrive" type="event"/>
            <label from="6-5" id="72" name="ScrEv_preheat" text="preheat" type="event"/>
            <label from="7-2" id="73" name="ScrEv_other" text="look" type="event"/>
            <label from="7-15" id="74" name="UnrelEv" text="begin" type="event"/>
            <label from="7-17" id="75" name="ScrEv_make_dough" text="mix" type="event"/>
            <label from="8-4" id="76" name="UnrelEv" text="is" type="event"/>
            <label from="8-12" id="77" name="ScrEv_put_cake_oven" text="place" type="event"/>
            <label from="9-3" id="78" name="ScrEv_take_out_oven" text="is" type="event"/>
            <label from="9-6" id="79" name="ScrEv_decorate" text="put" type="event"/>
            <label from="10-2" id="80" name="UnrelEv" text="is" type="event"/>
            <label from="10-3" id="81" name="UnrelEv" text="getting" type="event"/>
            <label from="10-4" id="82" name="UnrelEv" text="laid" type="event"/>
        </events>
        <chains>
            <chain elements="0 1 2 5 6 11 12 14 16 19 22 24 26 28 31 39 43"/>
            <chain elements="15 18 35"/>
            <chain elements="23 25"/>
            <chain elements="3 27 37 40 42 46"/>
            <chain elements="20 32"/>
            <chain elements="30 41"/>
            <chain elements="7 48"/>
        </chains>
    </annotations>
</story>
