<?xml version="1.0" encoding="UTF-8" standalone="no"?>
<!DOCTYPE story SYSTEM "../InScript.dtd">
<story id="092" scenario="cake">
    <text>
        <content>On Saturday , I woke up to a nice day and realized that I had some free times on my hands . 
I decided to do a little baking to enjoy my day and relax . 
I have always enjoyed baking and this would be the perfect opportunity to bake something for my grandmother , who 's birthday was right around the corner . 
I got out the cake mix , the frosting and the sprinkles and started baking the cake . 
I put all of the cake mix into a big bowl and began to stir it . 
I then put the cake mix into a pan for cooking and pre-heated my oven . 
After my oven was done pre-heating I placed the pan into the oven . 
I waited for it to finish before taking out the freshly baked cake . 
I then took the frosting and brushed it against the outside of the cake . 
Following that I tossed some sprinkles on the top to make it look nice . 
I then put it in the fridge to save for my grandmother . </content>
        <sentences>
            <sentence id="1">
                <token content="On" id="1-1"/>
                <token content="Saturday" id="1-2">
                    <pos type="NNP"/>
                    <lemma type="Saturday"/>
                    <dep head="1-5" type="prep"/>
                </token>
                <token content="," id="1-3"/>
                <token content="I" id="1-4">
                    <pos type="PRP"/>
                    <lemma type="I"/>
                    <dep head="1-5" type="nsubj"/>
                </token>
                <token content="woke" id="1-5">
                    <pos type="VBD"/>
                    <lemma type="wake"/>
                </token>
                <token content="up" id="1-6">
                    <pos type="RP"/>
                    <lemma type="up"/>
                    <dep head="1-5" type="prt"/>
                </token>
                <token content="to" id="1-7"/>
                <token content="a" id="1-8">
                    <pos type="DT"/>
                    <lemma type="a"/>
                </token>
                <token content="nice" id="1-9">
                    <pos type="JJ"/>
                    <lemma type="nice"/>
                </token>
                <token content="day" id="1-10">
                    <pos type="NN"/>
                    <lemma type="day"/>
                    <dep head="1-5" type="prep"/>
                </token>
                <token content="and" id="1-11"/>
                <token content="realized" id="1-12">
                    <pos type="VBD"/>
                    <lemma type="realize"/>
                    <dep head="1-5" type="conj"/>
                </token>
                <token content="that" id="1-13">
                    <pos type="IN"/>
                    <lemma type="that"/>
                    <dep head="1-15" type="mark"/>
                </token>
                <token content="I" id="1-14">
                    <pos type="PRP"/>
                    <lemma type="I"/>
                    <dep head="1-15" type="nsubj"/>
                </token>
                <token content="had" id="1-15">
                    <pos type="VBD"/>
                    <lemma type="have"/>
                    <dep head="1-12" type="ccomp"/>
                </token>
                <token content="some" id="1-16">
                    <pos type="DT"/>
                    <lemma type="some"/>
                </token>
                <token content="free" id="1-17">
                    <pos type="JJ"/>
                    <lemma type="free"/>
                </token>
                <token content="times" id="1-18">
                    <pos type="NNS"/>
                    <lemma type="time"/>
                    <dep head="1-15" type="dobj"/>
                </token>
                <token content="on" id="1-19"/>
                <token content="my" id="1-20">
                    <pos type="PRP$"/>
                    <lemma type="my"/>
                </token>
                <token content="hands" id="1-21">
                    <pos type="NNS"/>
                    <lemma type="hand"/>
                </token>
                <token content="." id="1-22"/>
            </sentence>
            <sentence id="2">
                <token content="I" id="2-1">
                    <pos type="PRP"/>
                    <lemma type="I"/>
                    <dep head="2-2" type="nsubj"/>
                </token>
                <token content="decided" id="2-2">
                    <pos type="VBD"/>
                    <lemma type="decide"/>
                </token>
                <token content="to" id="2-3">
                    <pos type="TO"/>
                    <lemma type="to"/>
                    <dep head="2-4" type="aux"/>
                </token>
                <token content="do" id="2-4">
                    <pos type="VB"/>
                    <lemma type="do"/>
                    <dep head="2-2" type="xcomp"/>
                </token>
                <token content="a" id="2-5">
                    <pos type="DT"/>
                    <lemma type="a"/>
                </token>
                <token content="little" id="2-6">
                    <pos type="JJ"/>
                    <lemma type="little"/>
                </token>
                <token content="baking" id="2-7">
                    <pos type="NN"/>
                    <lemma type="baking"/>
                    <dep head="2-4" type="dobj"/>
                </token>
                <token content="to" id="2-8">
                    <pos type="TO"/>
                    <lemma type="to"/>
                    <dep head="2-9" type="aux"/>
                </token>
                <token content="enjoy" id="2-9">
                    <pos type="VB"/>
                    <lemma type="enjoy"/>
                    <dep head="2-4" type="vmod"/>
                </token>
                <token content="my" id="2-10">
                    <pos type="PRP$"/>
                    <lemma type="my"/>
                </token>
                <token content="day" id="2-11">
                    <pos type="NN"/>
                    <lemma type="day"/>
                    <dep head="2-9" type="tmod"/>
                </token>
                <token content="and" id="2-12"/>
                <token content="relax" id="2-13">
                    <pos type="VB"/>
                    <lemma type="relax"/>
                    <dep head="2-9" type="conj"/>
                </token>
                <token content="." id="2-14"/>
            </sentence>
            <sentence id="3">
                <token content="I" id="3-1">
                    <pos type="PRP"/>
                    <lemma type="I"/>
                    <dep head="3-4" type="nsubj"/>
                </token>
                <token content="have" id="3-2">
                    <pos type="VBP"/>
                    <lemma type="have"/>
                    <dep head="3-4" type="aux"/>
                </token>
                <token content="always" id="3-3">
                    <pos type="RB"/>
                    <lemma type="always"/>
                    <dep head="3-4" type="advmod"/>
                </token>
                <token content="enjoyed" id="3-4">
                    <pos type="VBN"/>
                    <lemma type="enjoy"/>
                </token>
                <token content="baking" id="3-5">
                    <pos type="VBG"/>
                    <lemma type="bake"/>
                    <dep head="3-4" type="xcomp"/>
                </token>
                <token content="and" id="3-6"/>
                <token content="this" id="3-7">
                    <pos type="DT"/>
                    <lemma type="this"/>
                </token>
                <token content="would" id="3-8">
                    <pos type="MD"/>
                    <lemma type="would"/>
                </token>
                <token content="be" id="3-9">
                    <pos type="VB"/>
                    <lemma type="be"/>
                </token>
                <token content="the" id="3-10">
                    <pos type="DT"/>
                    <lemma type="the"/>
                </token>
                <token content="perfect" id="3-11">
                    <pos type="JJ"/>
                    <lemma type="perfect"/>
                </token>
                <token content="opportunity" id="3-12">
                    <pos type="NN"/>
                    <lemma type="opportunity"/>
                    <dep head="3-4" type="conj"/>
                </token>
                <token content="to" id="3-13">
                    <pos type="TO"/>
                    <lemma type="to"/>
                    <dep head="3-14" type="aux"/>
                </token>
                <token content="bake" id="3-14">
                    <pos type="VB"/>
                    <lemma type="bake"/>
                </token>
                <token content="something" id="3-15">
                    <pos type="NN"/>
                    <lemma type="something"/>
                    <dep head="3-14" type="dobj"/>
                </token>
                <token content="for" id="3-16"/>
                <token content="my" id="3-17">
                    <pos type="PRP$"/>
                    <lemma type="my"/>
                </token>
                <token content="grandmother" id="3-18">
                    <pos type="NN"/>
                    <lemma type="grandmother"/>
                    <dep head="3-14" type="prep"/>
                </token>
                <token content="," id="3-19"/>
                <token content="who" id="3-20">
                    <pos type="WP"/>
                    <lemma type="who"/>
                </token>
                <token content="'s" id="3-21">
                    <pos type="VBZ"/>
                    <lemma type="be"/>
                </token>
                <token content="birthday" id="3-22">
                    <pos type="NN"/>
                    <lemma type="birthday"/>
                </token>
                <token content="was" id="3-23">
                    <pos type="VBD"/>
                    <lemma type="be"/>
                </token>
                <token content="right" id="3-24">
                    <pos type="JJ"/>
                    <lemma type="right"/>
                </token>
                <token content="around" id="3-25"/>
                <token content="the" id="3-26">
                    <pos type="DT"/>
                    <lemma type="the"/>
                </token>
                <token content="corner" id="3-27">
                    <pos type="NN"/>
                    <lemma type="corner"/>
                </token>
                <token content="." id="3-28"/>
            </sentence>
            <sentence id="4">
                <token content="I" id="4-1">
                    <pos type="PRP"/>
                    <lemma type="I"/>
                    <dep head="4-2" type="nsubj"/>
                </token>
                <token content="got" id="4-2">
                    <pos type="VBD"/>
                    <lemma type="get"/>
                </token>
                <token content="out" id="4-3">
                    <pos type="RP"/>
                    <lemma type="out"/>
                    <dep head="4-2" type="prt"/>
                </token>
                <token content="the" id="4-4">
                    <pos type="DT"/>
                    <lemma type="the"/>
                </token>
                <token content="cake" id="4-5">
                    <pos type="NN"/>
                    <lemma type="cake"/>
                </token>
                <token content="mix" id="4-6">
                    <pos type="NN"/>
                    <lemma type="mix"/>
                    <dep head="4-2" type="dobj"/>
                </token>
                <token content="," id="4-7"/>
                <token content="the" id="4-8">
                    <pos type="DT"/>
                    <lemma type="the"/>
                </token>
                <token content="frosting" id="4-9">
                    <pos type="NN"/>
                    <lemma type="frosting"/>
                </token>
                <token content="and" id="4-10"/>
                <token content="the" id="4-11">
                    <pos type="DT"/>
                    <lemma type="the"/>
                </token>
                <token content="sprinkles" id="4-12">
                    <pos type="NN"/>
                    <lemma type="sprinkle"/>
                </token>
                <token content="and" id="4-13"/>
                <token content="started" id="4-14">
                    <pos type="VBD"/>
                    <lemma type="start"/>
                    <dep head="4-2" type="conj"/>
                </token>
                <token content="baking" id="4-15">
                    <pos type="VBG"/>
                    <lemma type="bake"/>
                    <dep head="4-14" type="xcomp"/>
                </token>
                <token content="the" id="4-16">
                    <pos type="DT"/>
                    <lemma type="the"/>
                </token>
                <token content="cake" id="4-17">
                    <pos type="NN"/>
                    <lemma type="cake"/>
                    <dep head="4-15" type="dobj"/>
                </token>
                <token content="." id="4-18"/>
            </sentence>
            <sentence id="5">
                <token content="I" id="5-1">
                    <pos type="PRP"/>
                    <lemma type="I"/>
                    <dep head="5-2" type="nsubj"/>
                </token>
                <token content="put" id="5-2">
                    <pos type="VBD"/>
                    <lemma type="put"/>
                </token>
                <token content="all" id="5-3">
                    <pos type="DT"/>
                    <lemma type="all"/>
                    <dep head="5-2" type="dobj"/>
                </token>
                <token content="of" id="5-4"/>
                <token content="the" id="5-5">
                    <pos type="DT"/>
                    <lemma type="the"/>
                </token>
                <token content="cake" id="5-6">
                    <pos type="NN"/>
                    <lemma type="cake"/>
                </token>
                <token content="mix" id="5-7">
                    <pos type="NN"/>
                    <lemma type="mix"/>
                </token>
                <token content="into" id="5-8"/>
                <token content="a" id="5-9">
                    <pos type="DT"/>
                    <lemma type="a"/>
                </token>
                <token content="big" id="5-10">
                    <pos type="JJ"/>
                    <lemma type="big"/>
                </token>
                <token content="bowl" id="5-11">
                    <pos type="NN"/>
                    <lemma type="bowl"/>
                    <dep head="5-2" type="prep"/>
                </token>
                <token content="and" id="5-12"/>
                <token content="began" id="5-13">
                    <pos type="VBD"/>
                    <lemma type="begin"/>
                    <dep head="5-2" type="conj"/>
                </token>
                <token content="to" id="5-14">
                    <pos type="TO"/>
                    <lemma type="to"/>
                    <dep head="5-15" type="aux"/>
                </token>
                <token content="stir" id="5-15">
                    <pos type="VB"/>
                    <lemma type="stir"/>
                    <dep head="5-13" type="xcomp"/>
                </token>
                <token content="it" id="5-16">
                    <pos type="PRP"/>
                    <lemma type="it"/>
                    <dep head="5-15" type="dobj"/>
                </token>
                <token content="." id="5-17"/>
            </sentence>
            <sentence id="6">
                <token content="I" id="6-1">
                    <pos type="PRP"/>
                    <lemma type="I"/>
                    <dep head="6-3" type="nsubj"/>
                </token>
                <token content="then" id="6-2">
                    <pos type="RB"/>
                    <lemma type="then"/>
                    <dep head="6-3" type="advmod"/>
                </token>
                <token content="put" id="6-3">
                    <pos type="VBD"/>
                    <lemma type="put"/>
                </token>
                <token content="the" id="6-4">
                    <pos type="DT"/>
                    <lemma type="the"/>
                </token>
                <token content="cake" id="6-5">
                    <pos type="NN"/>
                    <lemma type="cake"/>
                </token>
                <token content="mix" id="6-6">
                    <pos type="NN"/>
                    <lemma type="mix"/>
                    <dep head="6-3" type="dobj"/>
                </token>
                <token content="into" id="6-7"/>
                <token content="a" id="6-8">
                    <pos type="DT"/>
                    <lemma type="a"/>
                </token>
                <token content="pan" id="6-9">
                    <pos type="NN"/>
                    <lemma type="pan"/>
                    <dep head="6-3" type="prep"/>
                </token>
                <token content="for" id="6-10"/>
                <token content="cooking" id="6-11">
                    <pos type="NN"/>
                    <lemma type="cooking"/>
                </token>
                <token content="and" id="6-12"/>
                <token content="pre-heated" id="6-13">
                    <pos type="VBD"/>
                    <lemma type="pre-heat"/>
                    <dep head="6-3" type="conj"/>
                </token>
                <token content="my" id="6-14">
                    <pos type="PRP$"/>
                    <lemma type="my"/>
                </token>
                <token content="oven" id="6-15">
                    <pos type="NN"/>
                    <lemma type="oven"/>
                    <dep head="6-13" type="dobj"/>
                </token>
                <token content="." id="6-16"/>
            </sentence>
            <sentence id="7">
                <token content="After" id="7-1">
                    <pos type="IN"/>
                    <lemma type="after"/>
                    <dep head="7-5" type="mark"/>
                </token>
                <token content="my" id="7-2">
                    <pos type="PRP$"/>
                    <lemma type="my"/>
                </token>
                <token content="oven" id="7-3">
                    <pos type="NN"/>
                    <lemma type="oven"/>
                    <dep head="7-5" type="nsubjpass"/>
                </token>
                <token content="was" id="7-4">
                    <pos type="VBD"/>
                    <lemma type="be"/>
                    <dep head="7-5" type="auxpass"/>
                </token>
                <token content="done" id="7-5">
                    <pos type="VBN"/>
                    <lemma type="do"/>
                    <dep head="7-8" type="advcl"/>
                </token>
                <token content="pre-heating" id="7-6">
                    <pos type="JJ"/>
                    <lemma type="pre-heating"/>
                    <dep head="7-5" type="xcomp"/>
                </token>
                <token content="I" id="7-7">
                    <pos type="PRP"/>
                    <lemma type="I"/>
                    <dep head="7-8" type="nsubj"/>
                </token>
                <token content="placed" id="7-8">
                    <pos type="VBD"/>
                    <lemma type="place"/>
                </token>
                <token content="the" id="7-9">
                    <pos type="DT"/>
                    <lemma type="the"/>
                </token>
                <token content="pan" id="7-10">
                    <pos type="NN"/>
                    <lemma type="pan"/>
                    <dep head="7-8" type="dobj"/>
                </token>
                <token content="into" id="7-11"/>
                <token content="the" id="7-12">
                    <pos type="DT"/>
                    <lemma type="the"/>
                </token>
                <token content="oven" id="7-13">
                    <pos type="NN"/>
                    <lemma type="oven"/>
                    <dep head="7-8" type="prep"/>
                </token>
                <token content="." id="7-14"/>
            </sentence>
            <sentence id="8">
                <token content="I" id="8-1">
                    <pos type="PRP"/>
                    <lemma type="I"/>
                    <dep head="8-2" type="nsubj"/>
                </token>
                <token content="waited" id="8-2">
                    <pos type="VBD"/>
                    <lemma type="wait"/>
                </token>
                <token content="for" id="8-3">
                    <pos type="IN"/>
                    <lemma type="for"/>
                    <dep head="8-6" type="mark"/>
                </token>
                <token content="it" id="8-4">
                    <pos type="PRP"/>
                    <lemma type="it"/>
                    <dep head="8-6" type="nsubj"/>
                </token>
                <token content="to" id="8-5">
                    <pos type="TO"/>
                    <lemma type="to"/>
                    <dep head="8-6" type="aux"/>
                </token>
                <token content="finish" id="8-6">
                    <pos type="VB"/>
                    <lemma type="finish"/>
                    <dep head="8-2" type="advcl"/>
                </token>
                <token content="before" id="8-7"/>
                <token content="taking" id="8-8">
                    <pos type="VBG"/>
                    <lemma type="take"/>
                    <dep head="8-6" type="prepc"/>
                </token>
                <token content="out" id="8-9">
                    <pos type="RP"/>
                    <lemma type="out"/>
                    <dep head="8-8" type="prt"/>
                </token>
                <token content="the" id="8-10">
                    <pos type="DT"/>
                    <lemma type="the"/>
                </token>
                <token content="freshly" id="8-11">
                    <pos type="RB"/>
                    <lemma type="freshly"/>
                </token>
                <token content="baked" id="8-12">
                    <pos type="JJ"/>
                    <lemma type="baked"/>
                </token>
                <token content="cake" id="8-13">
                    <pos type="NN"/>
                    <lemma type="cake"/>
                    <dep head="8-8" type="dobj"/>
                </token>
                <token content="." id="8-14"/>
            </sentence>
            <sentence id="9">
                <token content="I" id="9-1">
                    <pos type="PRP"/>
                    <lemma type="I"/>
                    <dep head="9-3" type="nsubj"/>
                </token>
                <token content="then" id="9-2">
                    <pos type="RB"/>
                    <lemma type="then"/>
                    <dep head="9-3" type="advmod"/>
                </token>
                <token content="took" id="9-3">
                    <pos type="VBD"/>
                    <lemma type="take"/>
                </token>
                <token content="the" id="9-4">
                    <pos type="DT"/>
                    <lemma type="the"/>
                </token>
                <token content="frosting" id="9-5">
                    <pos type="NN"/>
                    <lemma type="frosting"/>
                    <dep head="9-3" type="dobj"/>
                </token>
                <token content="and" id="9-6"/>
                <token content="brushed" id="9-7">
                    <pos type="VBD"/>
                    <lemma type="brush"/>
                    <dep head="9-3" type="conj"/>
                </token>
                <token content="it" id="9-8">
                    <pos type="PRP"/>
                    <lemma type="it"/>
                    <dep head="9-7" type="dobj"/>
                </token>
                <token content="against" id="9-9"/>
                <token content="the" id="9-10">
                    <pos type="DT"/>
                    <lemma type="the"/>
                </token>
                <token content="outside" id="9-11">
                    <pos type="NN"/>
                    <lemma type="outside"/>
                    <dep head="9-7" type="prep"/>
                </token>
                <token content="of" id="9-12"/>
                <token content="the" id="9-13">
                    <pos type="DT"/>
                    <lemma type="the"/>
                </token>
                <token content="cake" id="9-14">
                    <pos type="NN"/>
                    <lemma type="cake"/>
                </token>
                <token content="." id="9-15"/>
            </sentence>
            <sentence id="10">
                <token content="Following" id="10-1">
                    <pos type="VBG"/>
                    <lemma type="follow"/>
                    <dep head="10-13" type="csubj"/>
                </token>
                <token content="that" id="10-2">
                    <pos type="IN"/>
                    <lemma type="that"/>
                    <dep head="10-4" type="mark"/>
                </token>
                <token content="I" id="10-3">
                    <pos type="PRP"/>
                    <lemma type="I"/>
                    <dep head="10-4" type="nsubj"/>
                </token>
                <token content="tossed" id="10-4">
                    <pos type="VBD"/>
                    <lemma type="toss"/>
                    <dep head="10-1" type="ccomp"/>
                </token>
                <token content="some" id="10-5">
                    <pos type="DT"/>
                    <lemma type="some"/>
                    <dep head="10-6" type="nsubj"/>
                </token>
                <token content="sprinkles" id="10-6">
                    <pos type="VBZ"/>
                    <lemma type="sprinkle"/>
                    <dep head="10-4" type="ccomp"/>
                </token>
                <token content="on" id="10-7"/>
                <token content="the" id="10-8">
                    <pos type="DT"/>
                    <lemma type="the"/>
                </token>
                <token content="top" id="10-9">
                    <pos type="NN"/>
                    <lemma type="top"/>
                    <dep head="10-6" type="prep"/>
                </token>
                <token content="to" id="10-10">
                    <pos type="TO"/>
                    <lemma type="to"/>
                    <dep head="10-11" type="aux"/>
                </token>
                <token content="make" id="10-11">
                    <pos type="VB"/>
                    <lemma type="make"/>
                </token>
                <token content="it" id="10-12">
                    <pos type="PRP"/>
                    <lemma type="it"/>
                    <dep head="10-11" type="dobj"/>
                </token>
                <token content="look" id="10-13">
                    <pos type="VBP"/>
                    <lemma type="look"/>
                </token>
                <token content="nice" id="10-14">
                    <pos type="JJ"/>
                    <lemma type="nice"/>
                    <dep head="10-13" type="acomp"/>
                </token>
                <token content="." id="10-15"/>
            </sentence>
            <sentence id="11">
                <token content="I" id="11-1">
                    <pos type="PRP"/>
                    <lemma type="I"/>
                    <dep head="11-3" type="nsubj"/>
                </token>
                <token content="then" id="11-2">
                    <pos type="RB"/>
                    <lemma type="then"/>
                    <dep head="11-3" type="advmod"/>
                </token>
                <token content="put" id="11-3">
                    <pos type="VBD"/>
                    <lemma type="put"/>
                </token>
                <token content="it" id="11-4">
                    <pos type="PRP"/>
                    <lemma type="it"/>
                    <dep head="11-3" type="dobj"/>
                </token>
                <token content="in" id="11-5"/>
                <token content="the" id="11-6">
                    <pos type="DT"/>
                    <lemma type="the"/>
                </token>
                <token content="fridge" id="11-7">
                    <pos type="NN"/>
                    <lemma type="fridge"/>
                    <dep head="11-3" type="prep"/>
                </token>
                <token content="to" id="11-8">
                    <pos type="TO"/>
                    <lemma type="to"/>
                    <dep head="11-9" type="aux"/>
                </token>
                <token content="save" id="11-9">
                    <pos type="VB"/>
                    <lemma type="save"/>
                    <dep head="11-3" type="vmod"/>
                </token>
                <token content="for" id="11-10"/>
                <token content="my" id="11-11">
                    <pos type="PRP$"/>
                    <lemma type="my"/>
                </token>
                <token content="grandmother" id="11-12">
                    <pos type="NN"/>
                    <lemma type="grandmother"/>
                    <dep head="11-9" type="prep"/>
                </token>
                <token content="." id="11-13"/>
            </sentence>
        </sentences>
    </text>
    <annotations>
        <participants>
            <label from="1-2" id="0" name="NPart" text="Saturday" type="participant"/>
            <label from="1-4" id="1" name="ScrPart_cook" text="I" type="participant"/>
            <label from="1-10" id="2" name="NPart" text="day" type="participant"/>
            <label from="1-14" id="3" name="ScrPart_cook" text="I" type="participant"/>
            <label from="1-18" id="4" name="No_label" text="times" type="participant"/>
            <label from="1-20" id="5" name="ScrPart_cook" text="my" type="participant"/>
            <label from="1-21" id="6" name="No_label" text="hands" type="participant"/>
            <label from="2-1" id="7" name="ScrPart_cook" text="I" type="participant"/>
            <label from="2-10" id="8" name="ScrPart_cook" text="my" type="participant"/>
            <label from="2-11" id="9" name="NPart" text="day" type="participant"/>
            <label from="3-1" id="10" name="ScrPart_cook" text="I" type="participant"/>
            <label from="3-12" id="11" name="NPart" text="opportunity" type="participant"/>
            <label from="3-15" id="12" name="No_label" text="something" type="participant"/>
            <label from="3-17" id="13" name="ScrPart_cook" text="my" type="participant"/>
            <label from="3-18" id="14" name="ScrPart_beneficiary" text="grandmother" type="participant"/>
            <label from="3-20" id="15" name="ScrPart_beneficiary" text="who" type="participant"/>
            <label from="3-22" id="16" name="NPart" text="birthday" type="participant"/>
            <label from="3-27" id="17" name="NPart" text="corner" type="participant"/>
            <label from="4-1" id="18" name="ScrPart_cook" text="I" type="participant"/>
            <label from="4-5" id="19" name="ScrPart_ingredients" text="cake mix" to="4-6" type="participant"/>
            <label from="4-6" id="20" name="ScrPart_ingredients" text="mix" type="participant"/>
            <label from="4-9" id="21" name="ScrPart_decoration" text="frosting" type="participant"/>
            <label from="4-12" id="22" name="ScrPart_decoration" text="sprinkles" type="participant"/>
            <label from="4-17" id="23" name="ScrPart_cake" text="cake" type="participant"/>
            <label from="5-1" id="24" name="ScrPart_cook" text="I" type="participant"/>
            <label from="5-6" id="25" name="ScrPart_ingredients" text="cake mix" to="5-7" type="participant"/>
            <label from="5-7" id="26" name="ScrPart_ingredients" text="mix" type="participant"/>
            <label from="5-11" id="27" name="ScrPart_utensil" text="bowl" type="participant"/>
            <label from="5-16" id="28" name="ScrPart_ingredients" text="it" type="participant"/>
            <label from="6-1" id="29" name="ScrPart_cook" text="I" type="participant"/>
            <label from="6-5" id="30" name="ScrPart_ingredients" text="cake mix" to="6-6" type="participant"/>
            <label from="6-6" id="31" name="ScrPart_ingredients" text="mix" type="participant"/>
            <label from="6-9" id="32" name="ScrPart_cake_tin" text="pan" type="participant"/>
            <label from="6-14" id="33" name="ScrPart_cook" text="my" type="participant"/>
            <label from="6-15" id="34" name="ScrPart_oven" text="oven" type="participant"/>
            <label from="7-2" id="35" name="ScrPart_cook" text="my" type="participant"/>
            <label from="7-3" id="36" name="ScrPart_oven" text="oven" type="participant"/>
            <label from="7-7" id="37" name="ScrPart_cook" text="I" type="participant"/>
            <label from="7-10" id="38" name="ScrPart_cake_tin" text="pan" type="participant"/>
            <label from="7-13" id="39" name="ScrPart_oven" text="oven" type="participant"/>
            <label from="8-1" id="40" name="ScrPart_cook" text="I" type="participant"/>
            <label from="8-4" id="41" name="ScrPart_cake" text="it" type="participant"/>
            <label from="8-13" id="42" name="ScrPart_cake" text="cake" type="participant"/>
            <label from="9-1" id="43" name="ScrPart_cook" text="I" type="participant"/>
            <label from="9-5" id="44" name="ScrPart_decoration" text="frosting" type="participant"/>
            <label from="9-8" id="45" name="ScrPart_decoration" text="it" type="participant"/>
            <label from="9-11" id="46" name="NPart" text="outside" type="participant"/>
            <label from="9-14" id="47" name="ScrPart_cake" text="cake" type="participant"/>
            <label from="10-3" id="48" name="ScrPart_cook" text="I" type="participant"/>
            <label from="10-6" id="49" name="ScrPart_decoration" text="sprinkles" type="participant"/>
            <label from="10-9" id="50" name="NPart" text="top" type="participant"/>
            <label from="10-12" id="51" name="ScrPart_cake" text="it" type="participant"/>
            <label from="11-1" id="52" name="ScrPart_cook" text="I" type="participant"/>
            <label from="11-4" id="53" name="ScrPart_cake" text="it" type="participant"/>
            <label from="11-7" id="54" name="ScrPart_other" text="fridge" type="participant"/>
            <label from="11-11" id="55" name="ScrPart_cook" text="my" type="participant"/>
            <label from="11-12" id="56" name="ScrPart_beneficiary" text="grandmother" type="participant"/>
        </participants>
        <events>
            <label from="1-5" id="57" name="UnrelEv" text="woke up" to="1-6" type="event"/>
            <label from="1-5" id="58" name="UnrelEv" text="woke" type="event"/>
            <label from="1-12" id="59" name="UnrelEv" text="realized" type="event"/>
            <label from="1-15" id="60" name="UnrelEv" text="had" type="event"/>
            <label from="2-2" id="61" name="UnrelEv" text="decided" type="event"/>
            <label from="2-4" id="62" name="Evoking" text="do a little baking" to="2-7" type="event"/>
            <label from="2-9" id="63" name="UnrelEv" text="enjoy" type="event"/>
            <label from="2-13" id="64" name="UnrelEv" text="relax" type="event"/>
            <label from="3-4" id="65" name="UnrelEv" text="enjoyed" type="event"/>
            <label from="3-5" id="66" name="RelNScrEv" text="baking" type="event"/>
            <label from="3-9" id="67" name="UnrelEv" text="be" type="event"/>
            <label from="3-14" id="68" name="RelNScrEv" text="bake" type="event"/>
            <label from="3-23" id="69" name="UnrelEv" text="was" type="event"/>
            <label from="4-2" id="70" name="ScrEv_get_ingredients" text="got out" to="4-3" type="event"/>
            <label from="4-2" id="71" name="ScrEv_get_ingredients" text="got" type="event"/>
            <label from="4-14" id="72" name="UnrelEv" text="started" type="event"/>
            <label from="4-15" id="73" name="Evoking" text="baking the cake" to="4-17" type="event"/>
            <label from="5-2" id="74" name="ScrEv_prepare_ingredients" text="put" type="event"/>
            <label from="5-13" id="75" name="UnrelEv" text="began" type="event"/>
            <label from="5-15" id="76" name="ScrEv_make_dough" text="stir" type="event"/>
            <label from="6-3" id="77" name="ScrEv_pour_dough" text="put" type="event"/>
            <label from="6-11" id="78" name="UnrelEv" text="cooking" type="event"/>
            <label from="6-13" id="79" name="ScrEv_preheat" text="pre-heated" type="event"/>
            <label from="7-5" id="80" name="UnrelEv" text="done" type="event"/>
            <label from="7-6" id="81" name="ScrEv_preheat" text="pre-heating" type="event"/>
            <label from="7-8" id="82" name="UnrelEv" text="placed" type="event"/>
            <label from="8-2" id="83" name="ScrEv_wait" text="waited" type="event"/>
            <label from="8-6" id="84" name="RelNScrEv" text="finish" type="event"/>
            <label from="8-8" id="85" name="ScrEv_take_out_oven" text="taking out" to="8-9" type="event"/>
            <label from="8-8" id="86" name="ScrEv_take_out_oven" text="taking" type="event"/>
            <label from="8-12" id="87" name="RelNScrEv" text="baked" type="event"/>
            <label from="9-3" id="88" name="ScrEv_get_ingredients" text="took" type="event"/>
            <label from="9-7" id="89" name="ScrEv_add_ingredients" text="brushed" type="event"/>
            <label from="10-4" id="90" name="ScrEv_decorate" text="tossed" type="event"/>
            <label from="10-11" id="91" name="UnrelEv" text="make" type="event"/>
            <label from="10-13" id="92" name="UnrelEv" text="look" type="event"/>
            <label from="11-3" id="93" name="ScrEv_other" text="put" type="event"/>
            <label from="11-9" id="94" name="RelNScrEv" text="save" type="event"/>
        </events>
        <chains>
            <chain elements="1 3 5 7 8 10 18 24 29 33 35 37 40 43 48 52 55"/>
            <chain elements="14 15 56"/>
            <chain elements="20 26 28 31"/>
            <chain elements="34 36 39"/>
            <chain elements="32 38"/>
            <chain elements="23 41 42 47 51 53"/>
            <chain elements="21 44 45"/>
            <chain elements="22 49"/>
        </chains>
    </annotations>
</story>
