<?xml version="1.0" encoding="UTF-8" standalone="no"?>
<!DOCTYPE story SYSTEM "../InScript.dtd">
<story id="001" scenario="cake">
    <text>
        <content>'' Today I baked a pound cake for . 
I opened my cookbook to the page with the cake recipe . 
I looked at the list of ingredients for the cake , and put them on the counter . 
I followed the recipe which told me to preheat the oven to 400 degrees . 
I needed eggs , butter , vanilla , salt , baking soda , flour , and sugar . 
I took out a large bowl , a medium bowl , measuring cups , and measuring spoons . 
In the large bowl , I put a stick of butter . 
I measured a cup of sugar into the same bowl . 
I used my electric mixer to beat the butter and sugar until they were creamy and fluffy . 
Then I added eggs and a teaspoon of vanilla and mixed them in . 
In the medium bowl , I measured flour , along with some salt and baking soda . 
I stirred the dry ingredients together . 
Next I poured the dry mixture into the wet mixture and stirred until everything was blended . 
I poured the cake batter into a loaf pan . 
Once the oven was preheated , I put the cake in . 
I baked it for 55 minutes . 
I put a toothpick in the center and took it out . 
The toothpick came out dry , so I took the cake out and put it on a rack to cool . 
I turned off the oven . 
Later I got to enjoy a slice of delicious pound cake , along with berries and cream . </content>
        <sentences>
            <sentence id="1">
                <token content="''" id="1-1"/>
                <token content="Today" id="1-2">
                    <pos type="NNP"/>
                    <lemma type="Today"/>
                </token>
                <token content="I" id="1-3">
                    <pos type="NNP"/>
                    <lemma type="I"/>
                    <dep head="1-4" type="nsubj"/>
                </token>
                <token content="baked" id="1-4">
                    <pos type="VBD"/>
                    <lemma type="bake"/>
                </token>
                <token content="a" id="1-5">
                    <pos type="DT"/>
                    <lemma type="a"/>
                </token>
                <token content="pound" id="1-6">
                    <pos type="NN"/>
                    <lemma type="pound"/>
                </token>
                <token content="cake" id="1-7">
                    <pos type="NN"/>
                    <lemma type="cake"/>
                    <dep head="1-4" type="dobj"/>
                </token>
                <token content="for" id="1-8">
                    <pos type="IN"/>
                    <lemma type="for"/>
                    <dep head="1-4" type="prep"/>
                </token>
                <token content="." id="1-9"/>
            </sentence>
            <sentence id="2">
                <token content="I" id="2-1">
                    <pos type="PRP"/>
                    <lemma type="I"/>
                    <dep head="2-2" type="nsubj"/>
                </token>
                <token content="opened" id="2-2">
                    <pos type="VBD"/>
                    <lemma type="open"/>
                </token>
                <token content="my" id="2-3">
                    <pos type="PRP$"/>
                    <lemma type="my"/>
                </token>
                <token content="cookbook" id="2-4">
                    <pos type="NN"/>
                    <lemma type="cookbook"/>
                    <dep head="2-2" type="dobj"/>
                </token>
                <token content="to" id="2-5"/>
                <token content="the" id="2-6">
                    <pos type="DT"/>
                    <lemma type="the"/>
                </token>
                <token content="page" id="2-7">
                    <pos type="NN"/>
                    <lemma type="page"/>
                    <dep head="2-2" type="prep"/>
                </token>
                <token content="with" id="2-8"/>
                <token content="the" id="2-9">
                    <pos type="DT"/>
                    <lemma type="the"/>
                </token>
                <token content="cake" id="2-10">
                    <pos type="NN"/>
                    <lemma type="cake"/>
                </token>
                <token content="recipe" id="2-11">
                    <pos type="NN"/>
                    <lemma type="recipe"/>
                    <dep head="2-2" type="prep"/>
                </token>
                <token content="." id="2-12"/>
            </sentence>
            <sentence id="3">
                <token content="I" id="3-1">
                    <pos type="PRP"/>
                    <lemma type="I"/>
                    <dep head="3-2" type="nsubj"/>
                </token>
                <token content="looked" id="3-2">
                    <pos type="VBD"/>
                    <lemma type="look"/>
                </token>
                <token content="at" id="3-3"/>
                <token content="the" id="3-4">
                    <pos type="DT"/>
                    <lemma type="the"/>
                </token>
                <token content="list" id="3-5">
                    <pos type="NN"/>
                    <lemma type="list"/>
                    <dep head="3-2" type="prep"/>
                </token>
                <token content="of" id="3-6"/>
                <token content="ingredients" id="3-7">
                    <pos type="NNS"/>
                    <lemma type="ingredient"/>
                </token>
                <token content="for" id="3-8"/>
                <token content="the" id="3-9">
                    <pos type="DT"/>
                    <lemma type="the"/>
                </token>
                <token content="cake" id="3-10">
                    <pos type="NN"/>
                    <lemma type="cake"/>
                    <dep head="3-2" type="prep"/>
                </token>
                <token content="," id="3-11"/>
                <token content="and" id="3-12"/>
                <token content="put" id="3-13">
                    <pos type="VBD"/>
                    <lemma type="put"/>
                    <dep head="3-2" type="conj"/>
                </token>
                <token content="them" id="3-14">
                    <pos type="PRP"/>
                    <lemma type="they"/>
                    <dep head="3-13" type="dobj"/>
                </token>
                <token content="on" id="3-15"/>
                <token content="the" id="3-16">
                    <pos type="DT"/>
                    <lemma type="the"/>
                </token>
                <token content="counter" id="3-17">
                    <pos type="NN"/>
                    <lemma type="counter"/>
                    <dep head="3-13" type="prep"/>
                </token>
                <token content="." id="3-18"/>
            </sentence>
            <sentence id="4">
                <token content="I" id="4-1">
                    <pos type="PRP"/>
                    <lemma type="I"/>
                    <dep head="4-2" type="nsubj"/>
                </token>
                <token content="followed" id="4-2">
                    <pos type="VBD"/>
                    <lemma type="follow"/>
                </token>
                <token content="the" id="4-3">
                    <pos type="DT"/>
                    <lemma type="the"/>
                </token>
                <token content="recipe" id="4-4">
                    <pos type="NN"/>
                    <lemma type="recipe"/>
                    <dep head="4-2" type="dobj"/>
                </token>
                <token content="which" id="4-5">
                    <pos type="WDT"/>
                    <lemma type="which"/>
                    <dep head="4-6" type="nsubj"/>
                </token>
                <token content="told" id="4-6">
                    <pos type="VBD"/>
                    <lemma type="tell"/>
                </token>
                <token content="me" id="4-7">
                    <pos type="PRP"/>
                    <lemma type="I"/>
                    <dep head="4-6" type="dobj"/>
                </token>
                <token content="to" id="4-8">
                    <pos type="TO"/>
                    <lemma type="to"/>
                    <dep head="4-9" type="aux"/>
                </token>
                <token content="preheat" id="4-9">
                    <pos type="VB"/>
                    <lemma type="preheat"/>
                    <dep head="4-6" type="xcomp"/>
                </token>
                <token content="the" id="4-10">
                    <pos type="DT"/>
                    <lemma type="the"/>
                </token>
                <token content="oven" id="4-11">
                    <pos type="NN"/>
                    <lemma type="oven"/>
                    <dep head="4-9" type="dobj"/>
                </token>
                <token content="to" id="4-12"/>
                <token content="400" id="4-13">
                    <pos type="CD"/>
                    <lemma type="400"/>
                </token>
                <token content="degrees" id="4-14">
                    <pos type="NNS"/>
                    <lemma type="degree"/>
                    <dep head="4-9" type="prep"/>
                </token>
                <token content="." id="4-15"/>
            </sentence>
            <sentence id="5">
                <token content="I" id="5-1">
                    <pos type="PRP"/>
                    <lemma type="I"/>
                    <dep head="5-2" type="nsubj"/>
                </token>
                <token content="needed" id="5-2">
                    <pos type="VBD"/>
                    <lemma type="need"/>
                </token>
                <token content="eggs" id="5-3">
                    <pos type="NNS"/>
                    <lemma type="egg"/>
                    <dep head="5-2" type="dobj"/>
                </token>
                <token content="," id="5-4"/>
                <token content="butter" id="5-5">
                    <pos type="NN"/>
                    <lemma type="butter"/>
                </token>
                <token content="," id="5-6"/>
                <token content="vanilla" id="5-7">
                    <pos type="NN"/>
                    <lemma type="vanilla"/>
                </token>
                <token content="," id="5-8"/>
                <token content="salt" id="5-9">
                    <pos type="NN"/>
                    <lemma type="salt"/>
                </token>
                <token content="," id="5-10"/>
                <token content="baking" id="5-11">
                    <pos type="JJ"/>
                    <lemma type="baking"/>
                </token>
                <token content="soda" id="5-12">
                    <pos type="NN"/>
                    <lemma type="soda"/>
                </token>
                <token content="," id="5-13"/>
                <token content="flour" id="5-14">
                    <pos type="NN"/>
                    <lemma type="flour"/>
                </token>
                <token content="," id="5-15"/>
                <token content="and" id="5-16"/>
                <token content="sugar" id="5-17">
                    <pos type="NN"/>
                    <lemma type="sugar"/>
                </token>
                <token content="." id="5-18"/>
            </sentence>
            <sentence id="6">
                <token content="I" id="6-1">
                    <pos type="PRP"/>
                    <lemma type="I"/>
                    <dep head="6-2" type="nsubj"/>
                </token>
                <token content="took" id="6-2">
                    <pos type="VBD"/>
                    <lemma type="take"/>
                </token>
                <token content="out" id="6-3">
                    <pos type="RP"/>
                    <lemma type="out"/>
                    <dep head="6-2" type="prt"/>
                </token>
                <token content="a" id="6-4">
                    <pos type="DT"/>
                    <lemma type="a"/>
                </token>
                <token content="large" id="6-5">
                    <pos type="JJ"/>
                    <lemma type="large"/>
                </token>
                <token content="bowl" id="6-6">
                    <pos type="NN"/>
                    <lemma type="bowl"/>
                    <dep head="6-2" type="dobj"/>
                </token>
                <token content="," id="6-7"/>
                <token content="a" id="6-8">
                    <pos type="DT"/>
                    <lemma type="a"/>
                </token>
                <token content="medium" id="6-9">
                    <pos type="JJ"/>
                    <lemma type="medium"/>
                </token>
                <token content="bowl" id="6-10">
                    <pos type="NN"/>
                    <lemma type="bowl"/>
                </token>
                <token content="," id="6-11"/>
                <token content="measuring" id="6-12">
                    <pos type="NN"/>
                    <lemma type="measuring"/>
                </token>
                <token content="cups" id="6-13">
                    <pos type="NNS"/>
                    <lemma type="cup"/>
                </token>
                <token content="," id="6-14"/>
                <token content="and" id="6-15"/>
                <token content="measuring" id="6-16">
                    <pos type="NN"/>
                    <lemma type="measuring"/>
                </token>
                <token content="spoons" id="6-17">
                    <pos type="NNS"/>
                    <lemma type="spoon"/>
                </token>
                <token content="." id="6-18"/>
            </sentence>
            <sentence id="7">
                <token content="In" id="7-1"/>
                <token content="the" id="7-2">
                    <pos type="DT"/>
                    <lemma type="the"/>
                </token>
                <token content="large" id="7-3">
                    <pos type="JJ"/>
                    <lemma type="large"/>
                </token>
                <token content="bowl" id="7-4">
                    <pos type="NN"/>
                    <lemma type="bowl"/>
                    <dep head="7-7" type="prep"/>
                </token>
                <token content="," id="7-5"/>
                <token content="I" id="7-6">
                    <pos type="PRP"/>
                    <lemma type="I"/>
                    <dep head="7-7" type="nsubj"/>
                </token>
                <token content="put" id="7-7">
                    <pos type="VBD"/>
                    <lemma type="put"/>
                </token>
                <token content="a" id="7-8">
                    <pos type="DT"/>
                    <lemma type="a"/>
                </token>
                <token content="stick" id="7-9">
                    <pos type="NN"/>
                    <lemma type="stick"/>
                    <dep head="7-7" type="dobj"/>
                </token>
                <token content="of" id="7-10"/>
                <token content="butter" id="7-11">
                    <pos type="NN"/>
                    <lemma type="butter"/>
                </token>
                <token content="." id="7-12"/>
            </sentence>
            <sentence id="8">
                <token content="I" id="8-1">
                    <pos type="PRP"/>
                    <lemma type="I"/>
                    <dep head="8-2" type="nsubj"/>
                </token>
                <token content="measured" id="8-2">
                    <pos type="VBD"/>
                    <lemma type="measure"/>
                </token>
                <token content="a" id="8-3">
                    <pos type="DT"/>
                    <lemma type="a"/>
                </token>
                <token content="cup" id="8-4">
                    <pos type="NN"/>
                    <lemma type="cup"/>
                    <dep head="8-2" type="dobj"/>
                </token>
                <token content="of" id="8-5"/>
                <token content="sugar" id="8-6">
                    <pos type="NN"/>
                    <lemma type="sugar"/>
                </token>
                <token content="into" id="8-7"/>
                <token content="the" id="8-8">
                    <pos type="DT"/>
                    <lemma type="the"/>
                </token>
                <token content="same" id="8-9">
                    <pos type="JJ"/>
                    <lemma type="same"/>
                </token>
                <token content="bowl" id="8-10">
                    <pos type="NN"/>
                    <lemma type="bowl"/>
                    <dep head="8-2" type="prep"/>
                </token>
                <token content="." id="8-11"/>
            </sentence>
            <sentence id="9">
                <token content="I" id="9-1">
                    <pos type="PRP"/>
                    <lemma type="I"/>
                    <dep head="9-2" type="nsubj"/>
                </token>
                <token content="used" id="9-2">
                    <pos type="VBD"/>
                    <lemma type="use"/>
                </token>
                <token content="my" id="9-3">
                    <pos type="PRP$"/>
                    <lemma type="my"/>
                </token>
                <token content="electric" id="9-4">
                    <pos type="JJ"/>
                    <lemma type="electric"/>
                </token>
                <token content="mixer" id="9-5">
                    <pos type="NN"/>
                    <lemma type="mixer"/>
                    <dep head="9-2" type="dobj"/>
                </token>
                <token content="to" id="9-6">
                    <pos type="TO"/>
                    <lemma type="to"/>
                    <dep head="9-7" type="aux"/>
                </token>
                <token content="beat" id="9-7">
                    <pos type="VB"/>
                    <lemma type="beat"/>
                    <dep head="9-2" type="vmod"/>
                </token>
                <token content="the" id="9-8">
                    <pos type="DT"/>
                    <lemma type="the"/>
                </token>
                <token content="butter" id="9-9">
                    <pos type="NN"/>
                    <lemma type="butter"/>
                    <dep head="9-7" type="dobj"/>
                </token>
                <token content="and" id="9-10"/>
                <token content="sugar" id="9-11">
                    <pos type="NN"/>
                    <lemma type="sugar"/>
                </token>
                <token content="until" id="9-12">
                    <pos type="IN"/>
                    <lemma type="until"/>
                </token>
                <token content="they" id="9-13">
                    <pos type="PRP"/>
                    <lemma type="they"/>
                </token>
                <token content="were" id="9-14">
                    <pos type="VBD"/>
                    <lemma type="be"/>
                </token>
                <token content="creamy" id="9-15">
                    <pos type="JJ"/>
                    <lemma type="creamy"/>
                    <dep head="9-7" type="advcl"/>
                </token>
                <token content="and" id="9-16"/>
                <token content="fluffy" id="9-17">
                    <pos type="JJ"/>
                    <lemma type="fluffy"/>
                </token>
                <token content="." id="9-18"/>
            </sentence>
            <sentence id="10">
                <token content="Then" id="10-1">
                    <pos type="RB"/>
                    <lemma type="then"/>
                    <dep head="10-3" type="advmod"/>
                </token>
                <token content="I" id="10-2">
                    <pos type="PRP"/>
                    <lemma type="I"/>
                    <dep head="10-3" type="nsubj"/>
                </token>
                <token content="added" id="10-3">
                    <pos type="VBD"/>
                    <lemma type="add"/>
                </token>
                <token content="eggs" id="10-4">
                    <pos type="NNS"/>
                    <lemma type="egg"/>
                    <dep head="10-3" type="dobj"/>
                </token>
                <token content="and" id="10-5"/>
                <token content="a" id="10-6">
                    <pos type="DT"/>
                    <lemma type="a"/>
                </token>
                <token content="teaspoon" id="10-7">
                    <pos type="NN"/>
                    <lemma type="teaspoon"/>
                </token>
                <token content="of" id="10-8"/>
                <token content="vanilla" id="10-9">
                    <pos type="NN"/>
                    <lemma type="vanilla"/>
                </token>
                <token content="and" id="10-10"/>
                <token content="mixed" id="10-11">
                    <pos type="VBN"/>
                    <lemma type="mix"/>
                </token>
                <token content="them" id="10-12">
                    <pos type="PRP"/>
                    <lemma type="they"/>
                </token>
                <token content="in" id="10-13">
                    <pos type="IN"/>
                    <lemma type="in"/>
                </token>
                <token content="." id="10-14"/>
            </sentence>
            <sentence id="11">
                <token content="In" id="11-1"/>
                <token content="the" id="11-2">
                    <pos type="DT"/>
                    <lemma type="the"/>
                </token>
                <token content="medium" id="11-3">
                    <pos type="NN"/>
                    <lemma type="medium"/>
                </token>
                <token content="bowl" id="11-4">
                    <pos type="NN"/>
                    <lemma type="bowl"/>
                    <dep head="11-7" type="prep"/>
                </token>
                <token content="," id="11-5"/>
                <token content="I" id="11-6">
                    <pos type="PRP"/>
                    <lemma type="I"/>
                    <dep head="11-7" type="nsubj"/>
                </token>
                <token content="measured" id="11-7">
                    <pos type="VBD"/>
                    <lemma type="measure"/>
                </token>
                <token content="flour" id="11-8">
                    <pos type="NN"/>
                    <lemma type="flour"/>
                    <dep head="11-7" type="dobj"/>
                </token>
                <token content="," id="11-9"/>
                <token content="along" id="11-10"/>
                <token content="with" id="11-11"/>
                <token content="some" id="11-12">
                    <pos type="DT"/>
                    <lemma type="some"/>
                </token>
                <token content="salt" id="11-13">
                    <pos type="NN"/>
                    <lemma type="salt"/>
                    <dep head="11-7" type="prep"/>
                </token>
                <token content="and" id="11-14"/>
                <token content="baking" id="11-15">
                    <pos type="VBG"/>
                    <lemma type="bake"/>
                </token>
                <token content="soda" id="11-16">
                    <pos type="NN"/>
                    <lemma type="soda"/>
                </token>
                <token content="." id="11-17"/>
            </sentence>
            <sentence id="12">
                <token content="I" id="12-1">
                    <pos type="PRP"/>
                    <lemma type="I"/>
                    <dep head="12-2" type="nsubj"/>
                </token>
                <token content="stirred" id="12-2">
                    <pos type="VBD"/>
                    <lemma type="stir"/>
                </token>
                <token content="the" id="12-3">
                    <pos type="DT"/>
                    <lemma type="the"/>
                </token>
                <token content="dry" id="12-4">
                    <pos type="JJ"/>
                    <lemma type="dry"/>
                </token>
                <token content="ingredients" id="12-5">
                    <pos type="NNS"/>
                    <lemma type="ingredient"/>
                    <dep head="12-2" type="dobj"/>
                </token>
                <token content="together" id="12-6">
                    <pos type="RB"/>
                    <lemma type="together"/>
                    <dep head="12-2" type="advmod"/>
                </token>
                <token content="." id="12-7"/>
            </sentence>
            <sentence id="13">
                <token content="Next" id="13-1">
                    <pos type="RB"/>
                    <lemma type="next"/>
                    <dep head="13-3" type="advmod"/>
                </token>
                <token content="I" id="13-2">
                    <pos type="PRP"/>
                    <lemma type="I"/>
                    <dep head="13-3" type="nsubj"/>
                </token>
                <token content="poured" id="13-3">
                    <pos type="VBD"/>
                    <lemma type="pour"/>
                </token>
                <token content="the" id="13-4">
                    <pos type="DT"/>
                    <lemma type="the"/>
                </token>
                <token content="dry" id="13-5">
                    <pos type="JJ"/>
                    <lemma type="dry"/>
                </token>
                <token content="mixture" id="13-6">
                    <pos type="NN"/>
                    <lemma type="mixture"/>
                    <dep head="13-3" type="dobj"/>
                </token>
                <token content="into" id="13-7"/>
                <token content="the" id="13-8">
                    <pos type="DT"/>
                    <lemma type="the"/>
                </token>
                <token content="wet" id="13-9">
                    <pos type="JJ"/>
                    <lemma type="wet"/>
                </token>
                <token content="mixture" id="13-10">
                    <pos type="NN"/>
                    <lemma type="mixture"/>
                    <dep head="13-3" type="prep"/>
                </token>
                <token content="and" id="13-11"/>
                <token content="stirred" id="13-12">
                    <pos type="VBD"/>
                    <lemma type="stir"/>
                    <dep head="13-3" type="conj"/>
                </token>
                <token content="until" id="13-13">
                    <pos type="IN"/>
                    <lemma type="until"/>
                </token>
                <token content="everything" id="13-14">
                    <pos type="NN"/>
                    <lemma type="everything"/>
                </token>
                <token content="was" id="13-15">
                    <pos type="VBD"/>
                    <lemma type="be"/>
                </token>
                <token content="blended" id="13-16">
                    <pos type="JJ"/>
                    <lemma type="blended"/>
                    <dep head="13-12" type="advcl"/>
                </token>
                <token content="." id="13-17"/>
            </sentence>
            <sentence id="14">
                <token content="I" id="14-1">
                    <pos type="PRP"/>
                    <lemma type="I"/>
                    <dep head="14-2" type="nsubj"/>
                </token>
                <token content="poured" id="14-2">
                    <pos type="VBD"/>
                    <lemma type="pour"/>
                </token>
                <token content="the" id="14-3">
                    <pos type="DT"/>
                    <lemma type="the"/>
                </token>
                <token content="cake" id="14-4">
                    <pos type="NN"/>
                    <lemma type="cake"/>
                </token>
                <token content="batter" id="14-5">
                    <pos type="NN"/>
                    <lemma type="batter"/>
                    <dep head="14-2" type="dobj"/>
                </token>
                <token content="into" id="14-6"/>
                <token content="a" id="14-7">
                    <pos type="DT"/>
                    <lemma type="a"/>
                </token>
                <token content="loaf" id="14-8">
                    <pos type="NN"/>
                    <lemma type="loaf"/>
                </token>
                <token content="pan" id="14-9">
                    <pos type="NN"/>
                    <lemma type="pan"/>
                    <dep head="14-2" type="prep"/>
                </token>
                <token content="." id="14-10"/>
            </sentence>
            <sentence id="15">
                <token content="Once" id="15-1">
                    <pos type="IN"/>
                    <lemma type="once"/>
                    <dep head="15-5" type="mark"/>
                </token>
                <token content="the" id="15-2">
                    <pos type="DT"/>
                    <lemma type="the"/>
                </token>
                <token content="oven" id="15-3">
                    <pos type="NN"/>
                    <lemma type="oven"/>
                    <dep head="15-5" type="nsubjpass"/>
                </token>
                <token content="was" id="15-4">
                    <pos type="VBD"/>
                    <lemma type="be"/>
                    <dep head="15-5" type="auxpass"/>
                </token>
                <token content="preheated" id="15-5">
                    <pos type="VBN"/>
                    <lemma type="preheat"/>
                    <dep head="15-8" type="advcl"/>
                </token>
                <token content="," id="15-6"/>
                <token content="I" id="15-7">
                    <pos type="PRP"/>
                    <lemma type="I"/>
                    <dep head="15-8" type="nsubj"/>
                </token>
                <token content="put" id="15-8">
                    <pos type="VBD"/>
                    <lemma type="put"/>
                </token>
                <token content="the" id="15-9">
                    <pos type="DT"/>
                    <lemma type="the"/>
                </token>
                <token content="cake" id="15-10">
                    <pos type="NN"/>
                    <lemma type="cake"/>
                    <dep head="15-8" type="dobj"/>
                </token>
                <token content="in" id="15-11">
                    <pos type="IN"/>
                    <lemma type="in"/>
                    <dep head="15-8" type="prep"/>
                </token>
                <token content="." id="15-12"/>
            </sentence>
            <sentence id="16">
                <token content="I" id="16-1">
                    <pos type="PRP"/>
                    <lemma type="I"/>
                    <dep head="16-2" type="nsubj"/>
                </token>
                <token content="baked" id="16-2">
                    <pos type="VBD"/>
                    <lemma type="bake"/>
                </token>
                <token content="it" id="16-3">
                    <pos type="PRP"/>
                    <lemma type="it"/>
                    <dep head="16-2" type="dobj"/>
                </token>
                <token content="for" id="16-4"/>
                <token content="55" id="16-5">
                    <pos type="CD"/>
                    <lemma type="55"/>
                </token>
                <token content="minutes" id="16-6">
                    <pos type="NNS"/>
                    <lemma type="minute"/>
                    <dep head="16-2" type="prep"/>
                </token>
                <token content="." id="16-7"/>
            </sentence>
            <sentence id="17">
                <token content="I" id="17-1">
                    <pos type="PRP"/>
                    <lemma type="I"/>
                    <dep head="17-2" type="nsubj"/>
                </token>
                <token content="put" id="17-2">
                    <pos type="VBD"/>
                    <lemma type="put"/>
                </token>
                <token content="a" id="17-3">
                    <pos type="DT"/>
                    <lemma type="a"/>
                </token>
                <token content="toothpick" id="17-4">
                    <pos type="NN"/>
                    <lemma type="toothpick"/>
                    <dep head="17-2" type="dobj"/>
                </token>
                <token content="in" id="17-5"/>
                <token content="the" id="17-6">
                    <pos type="DT"/>
                    <lemma type="the"/>
                </token>
                <token content="center" id="17-7">
                    <pos type="NN"/>
                    <lemma type="center"/>
                    <dep head="17-2" type="prep"/>
                </token>
                <token content="and" id="17-8"/>
                <token content="took" id="17-9">
                    <pos type="VBD"/>
                    <lemma type="take"/>
                    <dep head="17-2" type="conj"/>
                </token>
                <token content="it" id="17-10">
                    <pos type="PRP"/>
                    <lemma type="it"/>
                    <dep head="17-9" type="dobj"/>
                </token>
                <token content="out" id="17-11">
                    <pos type="RP"/>
                    <lemma type="out"/>
                    <dep head="17-9" type="prt"/>
                </token>
                <token content="." id="17-12"/>
            </sentence>
            <sentence id="18">
                <token content="The" id="18-1">
                    <pos type="DT"/>
                    <lemma type="the"/>
                </token>
                <token content="toothpick" id="18-2">
                    <pos type="NN"/>
                    <lemma type="toothpick"/>
                    <dep head="18-3" type="nsubj"/>
                </token>
                <token content="came" id="18-3">
                    <pos type="VBD"/>
                    <lemma type="come"/>
                </token>
                <token content="out" id="18-4">
                    <pos type="RP"/>
                    <lemma type="out"/>
                    <dep head="18-3" type="prt"/>
                </token>
                <token content="dry" id="18-5">
                    <pos type="JJ"/>
                    <lemma type="dry"/>
                    <dep head="18-3" type="acomp"/>
                </token>
                <token content="," id="18-6"/>
                <token content="so" id="18-7">
                    <pos type="IN"/>
                    <lemma type="so"/>
                    <dep head="18-9" type="mark"/>
                </token>
                <token content="I" id="18-8">
                    <pos type="PRP"/>
                    <lemma type="I"/>
                    <dep head="18-9" type="nsubj"/>
                </token>
                <token content="took" id="18-9">
                    <pos type="VBD"/>
                    <lemma type="take"/>
                    <dep head="18-3" type="advcl"/>
                </token>
                <token content="the" id="18-10">
                    <pos type="DT"/>
                    <lemma type="the"/>
                </token>
                <token content="cake" id="18-11">
                    <pos type="NN"/>
                    <lemma type="cake"/>
                    <dep head="18-9" type="dobj"/>
                </token>
                <token content="out" id="18-12">
                    <pos type="RP"/>
                    <lemma type="out"/>
                    <dep head="18-9" type="prt"/>
                </token>
                <token content="and" id="18-13"/>
                <token content="put" id="18-14">
                    <pos type="VBD"/>
                    <lemma type="put"/>
                    <dep head="18-9" type="conj"/>
                </token>
                <token content="it" id="18-15">
                    <pos type="PRP"/>
                    <lemma type="it"/>
                    <dep head="18-14" type="dobj"/>
                </token>
                <token content="on" id="18-16"/>
                <token content="a" id="18-17">
                    <pos type="DT"/>
                    <lemma type="a"/>
                </token>
                <token content="rack" id="18-18">
                    <pos type="NN"/>
                    <lemma type="rack"/>
                    <dep head="18-14" type="prep"/>
                </token>
                <token content="to" id="18-19">
                    <pos type="TO"/>
                    <lemma type="to"/>
                    <dep head="18-20" type="aux"/>
                </token>
                <token content="cool" id="18-20">
                    <pos type="VB"/>
                    <lemma type="cool"/>
                </token>
                <token content="." id="18-21"/>
            </sentence>
            <sentence id="19">
                <token content="I" id="19-1">
                    <pos type="PRP"/>
                    <lemma type="I"/>
                    <dep head="19-2" type="nsubj"/>
                </token>
                <token content="turned" id="19-2">
                    <pos type="VBD"/>
                    <lemma type="turn"/>
                </token>
                <token content="off" id="19-3">
                    <pos type="RP"/>
                    <lemma type="off"/>
                    <dep head="19-2" type="prt"/>
                </token>
                <token content="the" id="19-4">
                    <pos type="DT"/>
                    <lemma type="the"/>
                </token>
                <token content="oven" id="19-5">
                    <pos type="NN"/>
                    <lemma type="oven"/>
                    <dep head="19-2" type="dobj"/>
                </token>
                <token content="." id="19-6"/>
            </sentence>
            <sentence id="20">
                <token content="Later" id="20-1">
                    <pos type="RB"/>
                    <lemma type="later"/>
                    <dep head="20-3" type="advmod"/>
                </token>
                <token content="I" id="20-2">
                    <pos type="PRP"/>
                    <lemma type="I"/>
                    <dep head="20-3" type="nsubj"/>
                </token>
                <token content="got" id="20-3">
                    <pos type="VBD"/>
                    <lemma type="get"/>
                </token>
                <token content="to" id="20-4">
                    <pos type="TO"/>
                    <lemma type="to"/>
                    <dep head="20-5" type="aux"/>
                </token>
                <token content="enjoy" id="20-5">
                    <pos type="VB"/>
                    <lemma type="enjoy"/>
                    <dep head="20-3" type="xcomp"/>
                </token>
                <token content="a" id="20-6">
                    <pos type="DT"/>
                    <lemma type="a"/>
                </token>
                <token content="slice" id="20-7">
                    <pos type="NN"/>
                    <lemma type="slice"/>
                    <dep head="20-5" type="dobj"/>
                </token>
                <token content="of" id="20-8"/>
                <token content="delicious" id="20-9">
                    <pos type="JJ"/>
                    <lemma type="delicious"/>
                </token>
                <token content="pound" id="20-10">
                    <pos type="NN"/>
                    <lemma type="pound"/>
                </token>
                <token content="cake" id="20-11">
                    <pos type="NN"/>
                    <lemma type="cake"/>
                </token>
                <token content="," id="20-12"/>
                <token content="along" id="20-13"/>
                <token content="with" id="20-14"/>
                <token content="berries" id="20-15">
                    <pos type="NNS"/>
                    <lemma type="berry"/>
                </token>
                <token content="and" id="20-16"/>
                <token content="cream" id="20-17">
                    <pos type="NN"/>
                    <lemma type="cream"/>
                </token>
                <token content="." id="20-18"/>
            </sentence>
        </sentences>
    </text>
    <annotations>
        <participants>
            <label from="1-3" id="0" name="ScrPart_cook" text="I" type="participant"/>
            <label from="1-6" id="1" name="ScrPart_cake" text="pound cake" to="1-7" type="participant"/>
            <label from="1-7" id="2" name="ScrPart_cake" text="cake" type="participant"/>
            <label from="2-1" id="3" name="ScrPart_cook" text="I" type="participant"/>
            <label from="2-3" id="4" name="ScrPart_cook" text="my" type="participant"/>
            <label from="2-4" id="5" name="ScrPart_recipe_source" text="cookbook" type="participant"/>
            <label from="2-7" id="6" name="NPart" text="page" type="participant"/>
            <label from="2-10" id="7" name="ScrPart_baking_instructions" text="cake recipe" to="2-11" type="participant"/>
            <label from="2-10" id="8" name="ScrPart_cake" text="cake" type="participant"/>
            <label from="2-11" id="9" name="ScrPart_baking_instructions" text="recipe" type="participant"/>
            <label from="3-1" id="10" name="ScrPart_cook" text="I" type="participant"/>
            <label from="3-5" id="11" name="ScrPart_baking_instructions" text="list" type="participant"/>
            <label from="3-7" id="12" name="ScrPart_ingredients" text="ingredients" type="participant"/>
            <label from="3-10" id="13" name="ScrPart_cake" text="cake" type="participant"/>
            <label from="3-14" id="14" name="ScrPart_ingredients" text="them" type="participant"/>
            <label from="3-17" id="15" name="ScrPart_kitchen/location" text="counter" type="participant"/>
            <label from="4-1" id="16" name="ScrPart_cook" text="I" type="participant"/>
            <label from="4-4" id="17" name="ScrPart_baking_instructions" text="recipe" type="participant"/>
            <label from="4-5" id="18" name="ScrPart_baking_instructions" text="which" type="participant"/>
            <label from="4-7" id="19" name="ScrPart_cook" text="me" type="participant"/>
            <label from="4-11" id="20" name="ScrPart_oven" text="oven" type="participant"/>
            <label from="4-13" id="21" name="ScrPart_temperature" text="400 degrees" to="4-14" type="participant"/>
            <label from="5-1" id="22" name="ScrPart_cook" text="I" type="participant"/>
            <label from="5-3" id="23" name="ScrPart_ingredients" text="eggs" type="participant"/>
            <label from="5-5" id="24" name="ScrPart_ingredients" text="butter" type="participant"/>
            <label from="5-7" id="25" name="ScrPart_ingredients" text="vanilla" type="participant"/>
            <label from="5-9" id="26" name="ScrPart_ingredients" text="salt" type="participant"/>
            <label from="5-11" id="27" name="ScrPart_ingredients" text="baking soda" to="5-12" type="participant"/>
            <label from="5-14" id="28" name="ScrPart_ingredients" text="flour" type="participant"/>
            <label from="5-17" id="29" name="ScrPart_ingredients" text="sugar" type="participant"/>
            <label from="6-1" id="30" name="ScrPart_cook" text="I" type="participant"/>
            <label from="6-6" id="31" name="ScrPart_utensil" text="bowl" type="participant"/>
            <label from="6-10" id="32" name="ScrPart_utensil" text="bowl" type="participant"/>
            <label from="6-13" id="33" name="ScrPart_utensil" text="cups" type="participant"/>
            <label from="6-17" id="34" name="ScrPart_utensil" text="spoons" type="participant"/>
            <label from="7-4" id="35" name="ScrPart_utensil" text="bowl" type="participant"/>
            <label from="7-6" id="36" name="ScrPart_cook" text="I" type="participant"/>
            <label from="7-9" id="37" name="Head_of_Partitive" text="stick" type="participant"/>
            <label from="7-11" id="38" name="ScrPart_ingredients" text="butter" type="participant"/>
            <label from="8-1" id="39" name="ScrPart_cook" text="I" type="participant"/>
            <label from="8-4" id="40" name="ScrPart_utensil" text="cup" type="participant"/>
            <label from="8-6" id="41" name="ScrPart_ingredients" text="sugar" type="participant"/>
            <label from="8-10" id="42" name="ScrPart_utensil" text="bowl" type="participant"/>
            <label from="9-1" id="43" name="ScrPart_cook" text="I" type="participant"/>
            <label from="9-3" id="44" name="ScrPart_cook" text="my" type="participant"/>
            <label from="9-5" id="45" name="ScrPart_utensil" text="mixer" type="participant"/>
            <label from="9-9" id="46" name="ScrPart_ingredients" text="butter" type="participant"/>
            <label from="9-11" id="47" name="ScrPart_ingredients" text="sugar" type="participant"/>
            <label from="9-13" id="48" name="ScrPart_ingredients" text="they" type="participant"/>
            <label from="10-2" id="49" name="ScrPart_cook" text="I" type="participant"/>
            <label from="10-4" id="50" name="ScrPart_ingredients" text="eggs" type="participant"/>
            <label from="10-7" id="51" name="ScrPart_utensil" text="teaspoon" type="participant"/>
            <label from="10-9" id="52" name="ScrPart_ingredients" text="vanilla" type="participant"/>
            <label from="10-12" id="53" name="ScrPart_ingredients" text="them" type="participant"/>
            <label from="11-4" id="54" name="ScrPart_utensil" text="bowl" type="participant"/>
            <label from="11-6" id="55" name="ScrPart_cook" text="I" type="participant"/>
            <label from="11-8" id="56" name="ScrPart_ingredients" text="flour" type="participant"/>
            <label from="11-13" id="57" name="ScrPart_ingredients" text="salt" type="participant"/>
            <label from="11-15" id="58" name="ScrPart_ingredients" text="baking soda" to="11-16" type="participant"/>
            <label from="12-1" id="59" name="ScrPart_cook" text="I" type="participant"/>
            <label from="12-5" id="60" name="ScrPart_ingredients" text="ingredients" type="participant"/>
            <label from="13-2" id="61" name="ScrPart_cook" text="I" type="participant"/>
            <label from="13-6" id="62" name="ScrPart_ingredients" text="mixture" type="participant"/>
            <label from="13-10" id="63" name="ScrPart_ingredients" text="mixture" type="participant"/>
            <label from="13-14" id="64" name="ScrPart_dough" text="everything" type="participant"/>
            <label from="14-1" id="65" name="ScrPart_cook" text="I" type="participant"/>
            <label from="14-4" id="66" name="ScrPart_dough" text="cake batter" to="14-5" type="participant"/>
            <label from="14-5" id="67" name="ScrPart_dough" text="batter" type="participant"/>
            <label from="14-8" id="68" name="ScrPart_cake_tin" text="loaf pan" to="14-9" type="participant"/>
            <label from="14-9" id="69" name="ScrPart_cake_tin" text="pan" type="participant"/>
            <label from="15-3" id="70" name="ScrPart_oven" text="oven" type="participant"/>
            <label from="15-7" id="71" name="ScrPart_cook" text="I" type="participant"/>
            <label from="15-10" id="72" name="ScrPart_cake" text="cake" type="participant"/>
            <label from="16-1" id="73" name="ScrPart_cook" text="I" type="participant"/>
            <label from="16-3" id="74" name="ScrPart_cake" text="it" type="participant"/>
            <label from="16-5" id="75" name="ScrPart_time" text="55 minutes" to="16-6" type="participant"/>
            <label from="17-1" id="76" name="ScrPart_cook" text="I" type="participant"/>
            <label from="17-4" id="77" name="ScrPart_utensil" text="toothpick" type="participant"/>
            <label from="17-7" id="78" name="NPart" text="center" type="participant"/>
            <label from="17-10" id="79" name="ScrPart_utensil" text="it" type="participant"/>
            <label from="18-2" id="80" name="ScrPart_utensil" text="toothpick" type="participant"/>
            <label from="18-8" id="81" name="ScrPart_cook" text="I" type="participant"/>
            <label from="18-11" id="82" name="ScrPart_cake" text="cake" type="participant"/>
            <label from="18-15" id="83" name="ScrPart_cake" text="it" type="participant"/>
            <label from="18-18" id="84" name="ScrPart_utensil" text="rack" type="participant"/>
            <label from="19-1" id="85" name="ScrPart_cook" text="I" type="participant"/>
            <label from="19-5" id="86" name="ScrPart_oven" text="oven" type="participant"/>
            <label from="20-2" id="87" name="ScrPart_cook" text="I" type="participant"/>
            <label from="20-7" id="88" name="Head_of_Partitive" text="slice" type="participant"/>
            <label from="20-10" id="89" name="ScrPart_cake" text="pound cake" to="20-11" type="participant"/>
            <label from="20-11" id="90" name="ScrPart_cake" text="cake" type="participant"/>
            <label from="20-15" id="91" name="ScrPart_decoration" text="berries" type="participant"/>
            <label from="20-17" id="92" name="ScrPart_decoration" text="cream" type="participant"/>
        </participants>
        <events>
            <label from="1-4" id="93" name="Evoking" text="baked a pound cake" to="1-7" type="event"/>
            <label from="2-2" id="94" name="ScrEv_choose_recipe" text="opened" type="event"/>
            <label from="3-2" id="95" name="RelNScrEv" text="looked at" to="3-3" type="event"/>
            <label from="3-13" id="96" name="ScrEv_get_ingredients" text="put" type="event"/>
            <label from="4-2" id="97" name="Unclear" text="followed" type="event"/>
            <label from="4-6" id="98" name="UnrelEv" text="told" type="event"/>
            <label from="4-9" id="99" name="ScrEv_preheat" text="preheat" type="event"/>
            <label from="5-2" id="100" name="Unclear" text="needed" type="event"/>
            <label from="6-2" id="101" name="ScrEv_get_utensils" text="took out" to="6-3" type="event"/>
            <label from="7-7" id="102" name="ScrEv_add_ingredients" text="put" type="event"/>
            <label from="8-2" id="103" name="ScrEv_add_ingredients" text="measured" type="event"/>
            <label from="9-2" id="104" name="ScrEv_prepare_ingredients" text="used" type="event"/>
            <label from="9-7" id="105" name="ScrEv_prepare_ingredients" text="beat" type="event"/>
            <label from="9-14" id="106" name="UnrelEv" text="were" type="event"/>
            <label from="10-3" id="107" name="ScrEv_add_ingredients" text="added" type="event"/>
            <label from="10-11" id="108" name="ScrEv_prepare_ingredients" text="mixed" type="event"/>
            <label from="11-7" id="109" name="ScrEv_add_ingredients" text="measured" type="event"/>
            <label from="12-2" id="110" name="ScrEv_prepare_ingredients" text="stirred" type="event"/>
            <label from="13-3" id="111" name="ScrEv_prepare_ingredients" text="poured" type="event"/>
            <label from="13-12" id="112" name="ScrEv_make_dough" text="stirred" type="event"/>
            <label from="13-16" id="113" name="ScrEv_make_dough" text="blended" type="event"/>
            <label from="14-2" id="114" name="ScrEv_pour_dough" text="poured" type="event"/>
            <label from="15-5" id="115" name="ScrEv_preheat" text="preheated" type="event"/>
            <label from="15-8" id="116" name="ScrEv_put_cake_oven" text="put" type="event"/>
            <label from="16-2" id="117" name="ScrEv_wait" text="baked" type="event"/>
            <label from="17-2" id="118" name="ScrEv_check" text="put" type="event"/>
            <label from="17-9" id="119" name="ScrEv_check" text="took" type="event"/>
            <label from="18-3" id="120" name="RelNScrEv" text="came out" to="18-4" type="event"/>
            <label from="18-9" id="121" name="ScrEv_take_out_oven" text="took" type="event"/>
            <label from="18-14" id="122" name="RelNScrEv" text="put" type="event"/>
            <label from="18-20" id="123" name="ScrEv_cool_down" text="cool" type="event"/>
            <label from="19-2" id="124" name="ScrEv_turn_off_oven" text="turned off" to="19-3" type="event"/>
            <label from="20-3" id="125" name="UnrelEv" text="got" type="event"/>
            <label from="20-5" id="126" name="ScrEv_eat" text="enjoy" type="event"/>
        </events>
        <chains>
            <chain elements="3 0 4 10 16 19 22 30 36 39 43 44 49 55 59 61 65 71 73 76 81 85 87"/>
            <chain elements="7 2 13 72 74 82 83 90"/>
            <chain elements="17 9 18"/>
            <chain elements="14 12"/>
            <chain elements="70 20 86"/>
            <chain elements="50 23" name="coref1"/>
            <chain elements="38 24"/>
            <chain elements="52 25" name="coref2"/>
            <chain elements="57 26" name="coref2"/>
            <chain elements="58 27" name="coref3"/>
            <chain elements="56 28" name="coref1"/>
            <chain elements="41 29"/>
            <chain elements="35 31 42"/>
            <chain elements="54 32"/>
            <chain elements="40 33"/>
            <chain elements="51 34"/>
            <chain elements="46 38" name="coref1"/>
            <chain elements="47 41" name="coref2"/>
            <chain elements="48 46 47" name="coref3_group_butter_sugar"/>
            <chain elements="63 48" name="coref3_butter_sugar"/>
            <chain elements="53 50 52" name="coref3_group_eggs_vanilla"/>
            <chain elements="60 56 57 58 62" name="coref4_group_flour_salt_baking_soda"/>
            <chain elements="67 64"/>
            <chain elements="79 77 80"/>
        </chains>
    </annotations>
</story>
