<?xml version="1.0" encoding="UTF-8" standalone="no"?>
<!DOCTYPE story SYSTEM "../InScript.dtd">
<story id="046" scenario="cake">
    <text>
        <content>In the early evening , my friend has a birthday party that he has invited me too . 
He knows that I am a good baker , and has asked me to bake a cake for him . 
I obliged , being very excited to make something for my friend . 
I went out to the gorcery store to pick up a few last ingredients that I would need , and after arriving home , set out all my tools necessary to complete the task . 
There was a good chance that some people would n't like the cake , but usually it 's a great hit whenever I bake something . 
After reviewing the recipe and getting the cake in the oven at the correct temperature , I decided taking a quick break would be a good idea . 
I heated leftovers from the night before , and had that for lunch while waiting for my now baked cakes to cool . 
After that , building the cake was so simple ! 
It turned out to my standards , I loved it ! </content>
        <sentences>
            <sentence id="1">
                <token content="In" id="1-1"/>
                <token content="the" id="1-2">
                    <pos type="DT"/>
                    <lemma type="the"/>
                </token>
                <token content="early" id="1-3">
                    <pos type="JJ"/>
                    <lemma type="early"/>
                </token>
                <token content="evening" id="1-4">
                    <pos type="NN"/>
                    <lemma type="evening"/>
                    <dep head="1-8" type="prep"/>
                </token>
                <token content="," id="1-5"/>
                <token content="my" id="1-6">
                    <pos type="PRP$"/>
                    <lemma type="my"/>
                </token>
                <token content="friend" id="1-7">
                    <pos type="NN"/>
                    <lemma type="friend"/>
                    <dep head="1-8" type="nsubj"/>
                </token>
                <token content="has" id="1-8">
                    <pos type="VBZ"/>
                    <lemma type="have"/>
                </token>
                <token content="a" id="1-9">
                    <pos type="DT"/>
                    <lemma type="a"/>
                </token>
                <token content="birthday" id="1-10">
                    <pos type="NN"/>
                    <lemma type="birthday"/>
                </token>
                <token content="party" id="1-11">
                    <pos type="NN"/>
                    <lemma type="party"/>
                    <dep head="1-8" type="dobj"/>
                </token>
                <token content="that" id="1-12">
                    <pos type="IN"/>
                    <lemma type="that"/>
                    <dep head="1-15" type="mark"/>
                </token>
                <token content="he" id="1-13">
                    <pos type="PRP"/>
                    <lemma type="he"/>
                    <dep head="1-15" type="nsubj"/>
                </token>
                <token content="has" id="1-14">
                    <pos type="VBZ"/>
                    <lemma type="have"/>
                    <dep head="1-15" type="aux"/>
                </token>
                <token content="invited" id="1-15">
                    <pos type="VBN"/>
                    <lemma type="invite"/>
                </token>
                <token content="me" id="1-16">
                    <pos type="PRP"/>
                    <lemma type="I"/>
                    <dep head="1-15" type="dep"/>
                </token>
                <token content="too" id="1-17">
                    <pos type="RB"/>
                    <lemma type="too"/>
                </token>
                <token content="." id="1-18"/>
            </sentence>
            <sentence id="2">
                <token content="He" id="2-1">
                    <pos type="PRP"/>
                    <lemma type="he"/>
                    <dep head="2-2" type="nsubj"/>
                </token>
                <token content="knows" id="2-2">
                    <pos type="VBZ"/>
                    <lemma type="know"/>
                </token>
                <token content="that" id="2-3">
                    <pos type="IN"/>
                    <lemma type="that"/>
                </token>
                <token content="I" id="2-4">
                    <pos type="PRP"/>
                    <lemma type="I"/>
                </token>
                <token content="am" id="2-5">
                    <pos type="VBP"/>
                    <lemma type="be"/>
                </token>
                <token content="a" id="2-6">
                    <pos type="DT"/>
                    <lemma type="a"/>
                </token>
                <token content="good" id="2-7">
                    <pos type="JJ"/>
                    <lemma type="good"/>
                </token>
                <token content="baker" id="2-8">
                    <pos type="NN"/>
                    <lemma type="baker"/>
                    <dep head="2-2" type="ccomp"/>
                </token>
                <token content="," id="2-9"/>
                <token content="and" id="2-10"/>
                <token content="has" id="2-11">
                    <pos type="VBZ"/>
                    <lemma type="have"/>
                    <dep head="2-12" type="aux"/>
                </token>
                <token content="asked" id="2-12">
                    <pos type="VBN"/>
                    <lemma type="ask"/>
                    <dep head="2-2" type="conj"/>
                </token>
                <token content="me" id="2-13">
                    <pos type="PRP"/>
                    <lemma type="I"/>
                    <dep head="2-12" type="dobj"/>
                </token>
                <token content="to" id="2-14">
                    <pos type="TO"/>
                    <lemma type="to"/>
                    <dep head="2-15" type="aux"/>
                </token>
                <token content="bake" id="2-15">
                    <pos type="VB"/>
                    <lemma type="bake"/>
                    <dep head="2-12" type="xcomp"/>
                </token>
                <token content="a" id="2-16">
                    <pos type="DT"/>
                    <lemma type="a"/>
                </token>
                <token content="cake" id="2-17">
                    <pos type="NN"/>
                    <lemma type="cake"/>
                    <dep head="2-15" type="dobj"/>
                </token>
                <token content="for" id="2-18"/>
                <token content="him" id="2-19">
                    <pos type="PRP"/>
                    <lemma type="he"/>
                </token>
                <token content="." id="2-20"/>
            </sentence>
            <sentence id="3">
                <token content="I" id="3-1">
                    <pos type="PRP"/>
                    <lemma type="I"/>
                    <dep head="3-2" type="nsubj"/>
                </token>
                <token content="obliged" id="3-2">
                    <pos type="VBN"/>
                    <lemma type="oblige"/>
                </token>
                <token content="," id="3-3"/>
                <token content="being" id="3-4">
                    <pos type="VBG"/>
                    <lemma type="be"/>
                </token>
                <token content="very" id="3-5">
                    <pos type="RB"/>
                    <lemma type="very"/>
                </token>
                <token content="excited" id="3-6">
                    <pos type="JJ"/>
                    <lemma type="excited"/>
                    <dep head="3-2" type="xcomp"/>
                </token>
                <token content="to" id="3-7">
                    <pos type="TO"/>
                    <lemma type="to"/>
                    <dep head="3-8" type="aux"/>
                </token>
                <token content="make" id="3-8">
                    <pos type="VB"/>
                    <lemma type="make"/>
                </token>
                <token content="something" id="3-9">
                    <pos type="NN"/>
                    <lemma type="something"/>
                    <dep head="3-8" type="dobj"/>
                </token>
                <token content="for" id="3-10"/>
                <token content="my" id="3-11">
                    <pos type="PRP$"/>
                    <lemma type="my"/>
                </token>
                <token content="friend" id="3-12">
                    <pos type="NN"/>
                    <lemma type="friend"/>
                    <dep head="3-8" type="prep"/>
                </token>
                <token content="." id="3-13"/>
            </sentence>
            <sentence id="4">
                <token content="I" id="4-1">
                    <pos type="PRP"/>
                    <lemma type="I"/>
                    <dep head="4-2" type="nsubj"/>
                </token>
                <token content="went" id="4-2">
                    <pos type="VBD"/>
                    <lemma type="go"/>
                    <dep head="4-2" type="conj"/>
                </token>
                <token content="out" id="4-3">
                    <pos type="RP"/>
                    <lemma type="out"/>
                    <dep head="4-2" type="prt"/>
                </token>
                <token content="to" id="4-4"/>
                <token content="the" id="4-5">
                    <pos type="DT"/>
                    <lemma type="the"/>
                </token>
                <token content="gorcery" id="4-6">
                    <pos type="JJ"/>
                    <lemma type="gorcery"/>
                </token>
                <token content="store" id="4-7">
                    <pos type="NN"/>
                    <lemma type="store"/>
                    <dep head="4-2" type="prep"/>
                </token>
                <token content="to" id="4-8">
                    <pos type="TO"/>
                    <lemma type="to"/>
                    <dep head="4-9" type="aux"/>
                </token>
                <token content="pick" id="4-9">
                    <pos type="VB"/>
                    <lemma type="pick"/>
                </token>
                <token content="up" id="4-10">
                    <pos type="RP"/>
                    <lemma type="up"/>
                    <dep head="4-9" type="prt"/>
                </token>
                <token content="a" id="4-11">
                    <pos type="DT"/>
                    <lemma type="a"/>
                </token>
                <token content="few" id="4-12">
                    <pos type="JJ"/>
                    <lemma type="few"/>
                </token>
                <token content="last" id="4-13">
                    <pos type="JJ"/>
                    <lemma type="last"/>
                </token>
                <token content="ingredients" id="4-14">
                    <pos type="NNS"/>
                    <lemma type="ingredient"/>
                    <dep head="4-9" type="dobj"/>
                </token>
                <token content="that" id="4-15">
                    <pos type="IN"/>
                    <lemma type="that"/>
                    <dep head="4-18" type="mark"/>
                </token>
                <token content="I" id="4-16">
                    <pos type="PRP"/>
                    <lemma type="I"/>
                    <dep head="4-18" type="nsubj"/>
                </token>
                <token content="would" id="4-17">
                    <pos type="MD"/>
                    <lemma type="would"/>
                    <dep head="4-18" type="aux"/>
                </token>
                <token content="need" id="4-18">
                    <pos type="VB"/>
                    <lemma type="need"/>
                    <dep head="4-9" type="ccomp"/>
                </token>
                <token content="," id="4-19"/>
                <token content="and" id="4-20"/>
                <token content="after" id="4-21"/>
                <token content="arriving" id="4-22">
                    <pos type="VBG"/>
                    <lemma type="arrive"/>
                    <dep head="4-2" type="prepc"/>
                </token>
                <token content="home" id="4-23">
                    <pos type="NN"/>
                    <lemma type="home"/>
                </token>
                <token content="," id="4-24"/>
                <token content="set" id="4-25">
                    <pos type="VBN"/>
                    <lemma type="set"/>
                </token>
                <token content="out" id="4-26">
                    <pos type="RP"/>
                    <lemma type="out"/>
                    <dep head="4-25" type="prt"/>
                </token>
                <token content="all" id="4-27">
                    <pos type="PDT"/>
                    <lemma type="all"/>
                </token>
                <token content="my" id="4-28">
                    <pos type="PRP$"/>
                    <lemma type="my"/>
                </token>
                <token content="tools" id="4-29">
                    <pos type="NNS"/>
                    <lemma type="tool"/>
                    <dep head="4-25" type="dobj"/>
                </token>
                <token content="necessary" id="4-30">
                    <pos type="JJ"/>
                    <lemma type="necessary"/>
                    <dep head="4-22" type="xcomp"/>
                </token>
                <token content="to" id="4-31">
                    <pos type="TO"/>
                    <lemma type="to"/>
                    <dep head="4-32" type="aux"/>
                </token>
                <token content="complete" id="4-32">
                    <pos type="VB"/>
                    <lemma type="complete"/>
                </token>
                <token content="the" id="4-33">
                    <pos type="DT"/>
                    <lemma type="the"/>
                </token>
                <token content="task" id="4-34">
                    <pos type="NN"/>
                    <lemma type="task"/>
                    <dep head="4-32" type="dobj"/>
                </token>
                <token content="." id="4-35"/>
            </sentence>
            <sentence id="5">
                <token content="There" id="5-1">
                    <pos type="EX"/>
                    <lemma type="there"/>
                    <dep head="5-2" type="expl"/>
                </token>
                <token content="was" id="5-2">
                    <pos type="VBD"/>
                    <lemma type="be"/>
                </token>
                <token content="a" id="5-3">
                    <pos type="DT"/>
                    <lemma type="a"/>
                </token>
                <token content="good" id="5-4">
                    <pos type="JJ"/>
                    <lemma type="good"/>
                </token>
                <token content="chance" id="5-5">
                    <pos type="NN"/>
                    <lemma type="chance"/>
                    <dep head="5-2" type="nsubj"/>
                </token>
                <token content="that" id="5-6">
                    <pos type="IN"/>
                    <lemma type="that"/>
                    <dep head="5-11" type="mark"/>
                </token>
                <token content="some" id="5-7">
                    <pos type="DT"/>
                    <lemma type="some"/>
                </token>
                <token content="people" id="5-8">
                    <pos type="NNS"/>
                    <lemma type="people"/>
                    <dep head="5-11" type="nsubj"/>
                </token>
                <token content="would" id="5-9">
                    <pos type="MD"/>
                    <lemma type="would"/>
                    <dep head="5-11" type="aux"/>
                </token>
                <token content="n't" id="5-10">
                    <pos type="RB"/>
                    <lemma type="not"/>
                    <dep head="5-11" type="neg"/>
                </token>
                <token content="like" id="5-11">
                    <pos type="VB"/>
                    <lemma type="like"/>
                    <dep head="5-2" type="ccomp"/>
                </token>
                <token content="the" id="5-12">
                    <pos type="DT"/>
                    <lemma type="the"/>
                </token>
                <token content="cake" id="5-13">
                    <pos type="NN"/>
                    <lemma type="cake"/>
                    <dep head="5-11" type="dobj"/>
                </token>
                <token content="," id="5-14"/>
                <token content="but" id="5-15"/>
                <token content="usually" id="5-16">
                    <pos type="RB"/>
                    <lemma type="usually"/>
                </token>
                <token content="it" id="5-17">
                    <pos type="PRP"/>
                    <lemma type="it"/>
                </token>
                <token content="'s" id="5-18">
                    <pos type="VBZ"/>
                    <lemma type="be"/>
                </token>
                <token content="a" id="5-19">
                    <pos type="DT"/>
                    <lemma type="a"/>
                </token>
                <token content="great" id="5-20">
                    <pos type="JJ"/>
                    <lemma type="great"/>
                </token>
                <token content="hit" id="5-21">
                    <pos type="NN"/>
                    <lemma type="hit"/>
                    <dep head="5-2" type="conj"/>
                </token>
                <token content="whenever" id="5-22">
                    <pos type="WRB"/>
                    <lemma type="whenever"/>
                    <dep head="5-24" type="advmod"/>
                </token>
                <token content="I" id="5-23">
                    <pos type="PRP"/>
                    <lemma type="I"/>
                    <dep head="5-24" type="nsubj"/>
                </token>
                <token content="bake" id="5-24">
                    <pos type="VBP"/>
                    <lemma type="bake"/>
                </token>
                <token content="something" id="5-25">
                    <pos type="NN"/>
                    <lemma type="something"/>
                    <dep head="5-24" type="dobj"/>
                </token>
                <token content="." id="5-26"/>
            </sentence>
            <sentence id="6">
                <token content="After" id="6-1"/>
                <token content="reviewing" id="6-2">
                    <pos type="VBG"/>
                    <lemma type="review"/>
                    <dep head="6-18" type="prepc"/>
                </token>
                <token content="the" id="6-3">
                    <pos type="DT"/>
                    <lemma type="the"/>
                </token>
                <token content="recipe" id="6-4">
                    <pos type="NN"/>
                    <lemma type="recipe"/>
                    <dep head="6-2" type="dobj"/>
                </token>
                <token content="and" id="6-5"/>
                <token content="getting" id="6-6">
                    <pos type="VBG"/>
                    <lemma type="get"/>
                    <dep head="6-2" type="conj"/>
                </token>
                <token content="the" id="6-7">
                    <pos type="DT"/>
                    <lemma type="the"/>
                </token>
                <token content="cake" id="6-8">
                    <pos type="NN"/>
                    <lemma type="cake"/>
                    <dep head="6-6" type="dobj"/>
                </token>
                <token content="in" id="6-9"/>
                <token content="the" id="6-10">
                    <pos type="DT"/>
                    <lemma type="the"/>
                </token>
                <token content="oven" id="6-11">
                    <pos type="NN"/>
                    <lemma type="oven"/>
                </token>
                <token content="at" id="6-12"/>
                <token content="the" id="6-13">
                    <pos type="DT"/>
                    <lemma type="the"/>
                </token>
                <token content="correct" id="6-14">
                    <pos type="JJ"/>
                    <lemma type="correct"/>
                </token>
                <token content="temperature" id="6-15">
                    <pos type="NN"/>
                    <lemma type="temperature"/>
                </token>
                <token content="," id="6-16"/>
                <token content="I" id="6-17">
                    <pos type="PRP"/>
                    <lemma type="I"/>
                    <dep head="6-18" type="nsubj"/>
                </token>
                <token content="decided" id="6-18">
                    <pos type="VBD"/>
                    <lemma type="decide"/>
                </token>
                <token content="taking" id="6-19">
                    <pos type="VBG"/>
                    <lemma type="take"/>
                </token>
                <token content="a" id="6-20">
                    <pos type="DT"/>
                    <lemma type="a"/>
                </token>
                <token content="quick" id="6-21">
                    <pos type="JJ"/>
                    <lemma type="quick"/>
                </token>
                <token content="break" id="6-22">
                    <pos type="NN"/>
                    <lemma type="break"/>
                    <dep head="6-19" type="dobj"/>
                </token>
                <token content="would" id="6-23">
                    <pos type="MD"/>
                    <lemma type="would"/>
                </token>
                <token content="be" id="6-24">
                    <pos type="VB"/>
                    <lemma type="be"/>
                </token>
                <token content="a" id="6-25">
                    <pos type="DT"/>
                    <lemma type="a"/>
                </token>
                <token content="good" id="6-26">
                    <pos type="JJ"/>
                    <lemma type="good"/>
                </token>
                <token content="idea" id="6-27">
                    <pos type="NN"/>
                    <lemma type="idea"/>
                    <dep head="6-18" type="ccomp"/>
                </token>
                <token content="." id="6-28"/>
            </sentence>
            <sentence id="7">
                <token content="I" id="7-1">
                    <pos type="PRP"/>
                    <lemma type="I"/>
                    <dep head="7-2" type="nsubj"/>
                </token>
                <token content="heated" id="7-2">
                    <pos type="VBD"/>
                    <lemma type="heat"/>
                </token>
                <token content="leftovers" id="7-3">
                    <pos type="NNS"/>
                    <lemma type="leftovers"/>
                    <dep head="7-2" type="dobj"/>
                </token>
                <token content="from" id="7-4"/>
                <token content="the" id="7-5">
                    <pos type="DT"/>
                    <lemma type="the"/>
                </token>
                <token content="night" id="7-6">
                    <pos type="NN"/>
                    <lemma type="night"/>
                    <dep head="7-2" type="prep"/>
                </token>
                <token content="before" id="7-7">
                    <pos type="RB"/>
                    <lemma type="before"/>
                </token>
                <token content="," id="7-8"/>
                <token content="and" id="7-9"/>
                <token content="had" id="7-10">
                    <pos type="VBD"/>
                    <lemma type="have"/>
                    <dep head="7-2" type="conj"/>
                </token>
                <token content="that" id="7-11">
                    <pos type="DT"/>
                    <lemma type="that"/>
                    <dep head="7-10" type="dobj"/>
                </token>
                <token content="for" id="7-12"/>
                <token content="lunch" id="7-13">
                    <pos type="NN"/>
                    <lemma type="lunch"/>
                    <dep head="7-10" type="prep"/>
                </token>
                <token content="while" id="7-14">
                    <pos type="IN"/>
                    <lemma type="while"/>
                    <dep head="7-15" type="mark"/>
                </token>
                <token content="waiting" id="7-15">
                    <pos type="VBG"/>
                    <lemma type="wait"/>
                    <dep head="7-10" type="advcl"/>
                </token>
                <token content="for" id="7-16"/>
                <token content="my" id="7-17">
                    <pos type="PRP$"/>
                    <lemma type="my"/>
                </token>
                <token content="now" id="7-18">
                    <pos type="JJ"/>
                    <lemma type="now"/>
                </token>
                <token content="baked" id="7-19">
                    <pos type="JJ"/>
                    <lemma type="baked"/>
                </token>
                <token content="cakes" id="7-20">
                    <pos type="NNS"/>
                    <lemma type="cake"/>
                    <dep head="7-15" type="prep"/>
                </token>
                <token content="to" id="7-21">
                    <pos type="TO"/>
                    <lemma type="to"/>
                    <dep head="7-22" type="aux"/>
                </token>
                <token content="cool" id="7-22">
                    <pos type="VB"/>
                    <lemma type="cool"/>
                    <dep head="7-15" type="xcomp"/>
                </token>
                <token content="." id="7-23"/>
            </sentence>
            <sentence id="8">
                <token content="After" id="8-1"/>
                <token content="that" id="8-2">
                    <pos type="DT"/>
                    <lemma type="that"/>
                </token>
                <token content="," id="8-3"/>
                <token content="building" id="8-4">
                    <pos type="VBG"/>
                    <lemma type="build"/>
                </token>
                <token content="the" id="8-5">
                    <pos type="DT"/>
                    <lemma type="the"/>
                </token>
                <token content="cake" id="8-6">
                    <pos type="NN"/>
                    <lemma type="cake"/>
                    <dep head="8-4" type="dobj"/>
                </token>
                <token content="was" id="8-7">
                    <pos type="VBD"/>
                    <lemma type="be"/>
                </token>
                <token content="so" id="8-8">
                    <pos type="RB"/>
                    <lemma type="so"/>
                </token>
                <token content="simple" id="8-9">
                    <pos type="JJ"/>
                    <lemma type="simple"/>
                </token>
                <token content="!" id="8-10"/>
            </sentence>
            <sentence id="9">
                <token content="It" id="9-1">
                    <pos type="PRP"/>
                    <lemma type="it"/>
                    <dep head="9-2" type="nsubj"/>
                </token>
                <token content="turned" id="9-2">
                    <pos type="VBD"/>
                    <lemma type="turn"/>
                    <dep head="9-9" type="ccomp"/>
                </token>
                <token content="out" id="9-3">
                    <pos type="RP"/>
                    <lemma type="out"/>
                    <dep head="9-2" type="prt"/>
                </token>
                <token content="to" id="9-4"/>
                <token content="my" id="9-5">
                    <pos type="PRP$"/>
                    <lemma type="my"/>
                </token>
                <token content="standards" id="9-6">
                    <pos type="NNS"/>
                    <lemma type="standard"/>
                    <dep head="9-2" type="prep"/>
                </token>
                <token content="," id="9-7"/>
                <token content="I" id="9-8">
                    <pos type="PRP"/>
                    <lemma type="I"/>
                    <dep head="9-9" type="nsubj"/>
                </token>
                <token content="loved" id="9-9">
                    <pos type="VBD"/>
                    <lemma type="love"/>
                </token>
                <token content="it" id="9-10">
                    <pos type="PRP"/>
                    <lemma type="it"/>
                    <dep head="9-9" type="dobj"/>
                </token>
                <token content="!" id="9-11"/>
            </sentence>
        </sentences>
    </text>
    <annotations>
        <participants>
            <label from="1-4" id="0" name="NPart" text="evening" type="participant"/>
            <label from="1-6" id="1" name="ScrPart_cook" text="my" type="participant"/>
            <label from="1-7" id="2" name="ScrPart_beneficiary" text="friend" type="participant"/>
            <label from="1-10" id="3" name="NPart" text="birthday party" to="1-11" type="participant"/>
            <label from="1-13" id="4" name="ScrPart_beneficiary" text="he" type="participant"/>
            <label from="1-16" id="5" name="ScrPart_cook" text="me" type="participant"/>
            <label from="2-1" id="6" name="ScrPart_beneficiary" text="He" type="participant"/>
            <label from="2-4" id="7" name="ScrPart_cook" text="I" type="participant"/>
            <label from="2-8" id="8" name="ScrPart_cook" text="baker" type="participant"/>
            <label from="2-13" id="9" name="ScrPart_cook" text="me" type="participant"/>
            <label from="2-17" id="10" name="ScrPart_cake" text="cake" type="participant"/>
            <label from="2-19" id="11" name="ScrPart_beneficiary" text="him" type="participant"/>
            <label from="3-1" id="12" name="ScrPart_cook" text="I" type="participant"/>
            <label from="3-9" id="13" name="No_label" text="something" type="participant"/>
            <label from="3-11" id="14" name="ScrPart_cook" text="my" type="participant"/>
            <label from="3-12" id="15" name="ScrPart_beneficiary" text="friend" type="participant"/>
            <label from="4-1" id="16" name="ScrPart_cook" text="I" type="participant"/>
            <label from="4-6" id="17" name="ScrPart_store" text="gorcery store" to="4-7" type="participant"/>
            <label from="4-7" id="18" name="ScrPart_store" text="store" type="participant"/>
            <label from="4-14" id="19" name="ScrPart_ingredients" text="ingredients" type="participant"/>
            <label from="4-16" id="20" name="ScrPart_cook" text="I" type="participant"/>
            <label from="4-23" id="21" name="ScrPart_kitchen/location" text="home" type="participant"/>
            <label from="4-28" id="22" name="ScrPart_cook" text="my" type="participant"/>
            <label from="4-29" id="23" name="ScrPart_utensil" text="tools" type="participant"/>
            <label from="4-34" id="24" name="NPart" text="task" type="participant"/>
            <label from="5-5" id="25" name="NPart" text="chance" type="participant"/>
            <label from="5-8" id="26" name="ScrPart_beneficiary" text="people" type="participant"/>
            <label from="5-13" id="27" name="ScrPart_cake" text="cake" type="participant"/>
            <label from="5-17" id="28" name="No_label" text="it" type="participant"/>
            <label from="5-21" id="29" name="No_label" text="hit" type="participant"/>
            <label from="5-23" id="30" name="ScrPart_cook" text="I" type="participant"/>
            <label from="5-25" id="31" name="No_label" text="something" type="participant"/>
            <label from="6-4" id="32" name="ScrPart_baking_instructions" text="recipe" type="participant"/>
            <label from="6-8" id="33" name="ScrPart_cake" text="cake" type="participant"/>
            <label from="6-11" id="34" name="ScrPart_oven" text="oven" type="participant"/>
            <label from="6-15" id="35" name="ScrPart_temperature" text="temperature" type="participant"/>
            <label from="6-17" id="36" name="ScrPart_cook" text="I" type="participant"/>
            <label from="6-22" id="37" name="SuppVComp" text="break" type="participant"/>
            <label from="6-27" id="38" name="NPart" text="idea" type="participant"/>
            <label from="7-1" id="39" name="ScrPart_cook" text="I" type="participant"/>
            <label from="7-3" id="40" name="NPart" text="leftovers" type="participant"/>
            <label from="7-6" id="41" name="NPart" text="night" type="participant"/>
            <label from="7-13" id="42" name="NPart" text="lunch" type="participant"/>
            <label from="7-17" id="43" name="ScrPart_cook" text="my" type="participant"/>
            <label from="7-20" id="44" name="ScrPart_cake" text="cakes" type="participant"/>
            <label from="8-6" id="45" name="ScrPart_cake" text="cake" type="participant"/>
            <label from="9-1" id="46" name="ScrPart_cake" text="It" type="participant"/>
            <label from="9-5" id="47" name="ScrPart_cook" text="my" type="participant"/>
            <label from="9-6" id="48" name="NPart" text="standards" type="participant"/>
            <label from="9-8" id="49" name="ScrPart_cook" text="I" type="participant"/>
            <label from="9-10" id="50" name="ScrPart_cake" text="it" type="participant"/>
        </participants>
        <events>
            <label from="1-8" id="51" name="UnrelEv" text="has" type="event"/>
            <label from="1-15" id="52" name="UnrelEv" text="invited" type="event"/>
            <label from="2-2" id="53" name="UnrelEv" text="knows" type="event"/>
            <label from="2-5" id="54" name="UnrelEv" text="am" type="event"/>
            <label from="2-12" id="55" name="UnrelEv" text="asked" type="event"/>
            <label from="2-15" id="56" name="Evoking" text="bake a cake" to="2-17" type="event"/>
            <label from="3-2" id="57" name="UnrelEv" text="obliged" type="event"/>
            <label from="3-4" id="58" name="UnrelEv" text="being" type="event"/>
            <label from="3-8" id="59" name="UnrelEv" text="make" type="event"/>
            <label from="4-2" id="60" name="ScrEv_get_ingredients" text="went out" to="4-3" type="event"/>
            <label from="4-9" id="61" name="ScrEv_get_ingredients" text="pick up" to="4-10" type="event"/>
            <label from="4-18" id="62" name="UnrelEv" text="need" type="event"/>
            <label from="4-22" id="63" name="RelNScrEv" text="arriving" type="event"/>
            <label from="4-25" id="64" name="ScrEv_get_utensils" text="set out" to="4-26" type="event"/>
            <label from="4-32" id="65" name="UnrelEv" text="complete" type="event"/>
            <label from="5-2" id="66" name="UnrelEv" text="was" type="event"/>
            <label from="5-11" id="67" name="UnrelEv" text="like" type="event"/>
            <label from="5-18" id="68" name="UnrelEv" text="'s" type="event"/>
            <label from="5-24" id="69" name="Evoking" text="bake something" to="5-25" type="event"/>
            <label from="6-2" id="70" name="RelNScrEv" text="reviewing" type="event"/>
            <label from="6-6" id="71" name="ScrEv_put_cake_oven" text="getting" type="event"/>
            <label from="6-18" id="72" name="UnrelEv" text="decided" type="event"/>
            <label from="6-19" id="73" name="UnrelEv" text="taking" type="event"/>
            <label from="6-24" id="74" name="UnrelEv" text="be" type="event"/>
            <label from="7-2" id="75" name="UnrelEv" text="heated" type="event"/>
            <label from="7-10" id="76" name="UnrelEv" text="had" type="event"/>
            <label from="7-15" id="77" name="ScrEv_wait" text="waiting" type="event"/>
            <label from="7-19" id="78" name="ScrEv_wait" text="baked" type="event"/>
            <label from="7-22" id="79" name="ScrEv_cool_down" text="cool" type="event"/>
            <label from="8-4" id="80" name="ScrEv_decorate" text="building" type="event"/>
            <label from="8-7" id="81" name="UnrelEv" text="was" type="event"/>
            <label from="9-2" id="82" name="UnrelEv" text="turned out" to="9-3" type="event"/>
            <label from="9-9" id="83" name="UnrelEv" text="loved" type="event"/>
        </events>
        <chains>
            <chain elements="2 4 6 11 15"/>
            <chain elements="1 5 7 8 9 12 14 16 20 22 30 36 39 43 47 49"/>
            <chain elements="10 27 33 44 45 46 50"/>
        </chains>
    </annotations>
</story>
