<?xml version="1.0" encoding="UTF-8" standalone="no"?>
<!DOCTYPE story SYSTEM "../InScript.dtd">
<story id="003" scenario="cake">
    <text>
        <content>I wanted to make a chocolate cake for my niece 's birthday , so I looked through my kitchen cupboards to make sure I had all the ingredients . 
Luckily , my kitchen was well-stocked with baking goods . 
I gathered up the butter , eggs , sugar , flour , vanilla extract and cocoa . 
I also had a mixing bowl with a built-in electric whisk . 
I tossed in two sticks of butter and 2 cups of sugar and blended them together before adding the vanilla , flour and cocoa . 
Then I pulled a cake pan out of a drawer and greased it up with Crisco to make sure the cake would not stick . 
I used a spatula to spread the cake batter evenly into the dish and then , just to make the cake even tastier , I grabbed two cups of chocolate pudding out of my fridge and swirled the pudding into the cake mix . 
It makes for a very moist and tasty treat ! 
I placed the cake inside the oven and cooked it at 350 degrees for 45 minute . 
Hopefully my niece will enjoy her homemade confection on her birthday . </content>
        <sentences>
            <sentence id="1">
                <token content="I" id="1-1">
                    <pos type="PRP"/>
                    <lemma type="I"/>
                    <dep head="1-2" type="nsubj"/>
                </token>
                <token content="wanted" id="1-2">
                    <pos type="VBD"/>
                    <lemma type="want"/>
                </token>
                <token content="to" id="1-3">
                    <pos type="TO"/>
                    <lemma type="to"/>
                    <dep head="1-4" type="aux"/>
                </token>
                <token content="make" id="1-4">
                    <pos type="VB"/>
                    <lemma type="make"/>
                    <dep head="1-2" type="xcomp"/>
                </token>
                <token content="a" id="1-5">
                    <pos type="DT"/>
                    <lemma type="a"/>
                </token>
                <token content="chocolate" id="1-6">
                    <pos type="NN"/>
                    <lemma type="chocolate"/>
                </token>
                <token content="cake" id="1-7">
                    <pos type="NN"/>
                    <lemma type="cake"/>
                    <dep head="1-4" type="dobj"/>
                </token>
                <token content="for" id="1-8"/>
                <token content="my" id="1-9">
                    <pos type="PRP$"/>
                    <lemma type="my"/>
                </token>
                <token content="niece" id="1-10">
                    <pos type="NN"/>
                    <lemma type="niece"/>
                </token>
                <token content="'s" id="1-11"/>
                <token content="birthday" id="1-12">
                    <pos type="NN"/>
                    <lemma type="birthday"/>
                </token>
                <token content="," id="1-13"/>
                <token content="so" id="1-14">
                    <pos type="IN"/>
                    <lemma type="so"/>
                    <dep head="1-2" type="dep"/>
                </token>
                <token content="I" id="1-15">
                    <pos type="PRP"/>
                    <lemma type="I"/>
                    <dep head="1-16" type="nsubj"/>
                </token>
                <token content="looked" id="1-16">
                    <pos type="VBD"/>
                    <lemma type="look"/>
                    <dep head="1-2" type="parataxis"/>
                </token>
                <token content="through" id="1-17"/>
                <token content="my" id="1-18">
                    <pos type="PRP$"/>
                    <lemma type="my"/>
                </token>
                <token content="kitchen" id="1-19">
                    <pos type="NN"/>
                    <lemma type="kitchen"/>
                </token>
                <token content="cupboards" id="1-20">
                    <pos type="NNS"/>
                    <lemma type="cupboard"/>
                    <dep head="1-16" type="prep"/>
                </token>
                <token content="to" id="1-21">
                    <pos type="TO"/>
                    <lemma type="to"/>
                    <dep head="1-22" type="aux"/>
                </token>
                <token content="make" id="1-22">
                    <pos type="VB"/>
                    <lemma type="make"/>
                    <dep head="1-16" type="xcomp"/>
                </token>
                <token content="sure" id="1-23">
                    <pos type="JJ"/>
                    <lemma type="sure"/>
                    <dep head="1-22" type="acomp"/>
                </token>
                <token content="I" id="1-24">
                    <pos type="PRP"/>
                    <lemma type="I"/>
                    <dep head="1-25" type="nsubj"/>
                </token>
                <token content="had" id="1-25">
                    <pos type="VBD"/>
                    <lemma type="have"/>
                </token>
                <token content="all" id="1-26">
                    <pos type="PDT"/>
                    <lemma type="all"/>
                </token>
                <token content="the" id="1-27">
                    <pos type="DT"/>
                    <lemma type="the"/>
                </token>
                <token content="ingredients" id="1-28">
                    <pos type="NNS"/>
                    <lemma type="ingredient"/>
                    <dep head="1-25" type="dobj"/>
                </token>
                <token content="." id="1-29"/>
            </sentence>
            <sentence id="2">
                <token content="Luckily" id="2-1">
                    <pos type="RB"/>
                    <lemma type="luckily"/>
                    <dep head="2-6" type="advmod"/>
                </token>
                <token content="," id="2-2"/>
                <token content="my" id="2-3">
                    <pos type="PRP$"/>
                    <lemma type="my"/>
                </token>
                <token content="kitchen" id="2-4">
                    <pos type="NN"/>
                    <lemma type="kitchen"/>
                    <dep head="2-6" type="nsubjpass"/>
                </token>
                <token content="was" id="2-5">
                    <pos type="VBD"/>
                    <lemma type="be"/>
                    <dep head="2-6" type="auxpass"/>
                </token>
                <token content="well-stocked" id="2-6">
                    <pos type="VBN"/>
                    <lemma type="well-stock"/>
                </token>
                <token content="with" id="2-7"/>
                <token content="baking" id="2-8">
                    <pos type="VBG"/>
                    <lemma type="bake"/>
                </token>
                <token content="goods" id="2-9">
                    <pos type="NNS"/>
                    <lemma type="goods"/>
                    <dep head="2-6" type="prep"/>
                </token>
                <token content="." id="2-10"/>
            </sentence>
            <sentence id="3">
                <token content="I" id="3-1">
                    <pos type="PRP"/>
                    <lemma type="I"/>
                    <dep head="3-2" type="nsubj"/>
                </token>
                <token content="gathered" id="3-2">
                    <pos type="VBD"/>
                    <lemma type="gather"/>
                </token>
                <token content="up" id="3-3">
                    <pos type="RP"/>
                    <lemma type="up"/>
                    <dep head="3-2" type="prt"/>
                </token>
                <token content="the" id="3-4">
                    <pos type="DT"/>
                    <lemma type="the"/>
                </token>
                <token content="butter" id="3-5">
                    <pos type="NN"/>
                    <lemma type="butter"/>
                    <dep head="3-2" type="dobj"/>
                </token>
                <token content="," id="3-6"/>
                <token content="eggs" id="3-7">
                    <pos type="NNS"/>
                    <lemma type="egg"/>
                </token>
                <token content="," id="3-8"/>
                <token content="sugar" id="3-9">
                    <pos type="NN"/>
                    <lemma type="sugar"/>
                </token>
                <token content="," id="3-10"/>
                <token content="flour" id="3-11">
                    <pos type="NN"/>
                    <lemma type="flour"/>
                </token>
                <token content="," id="3-12"/>
                <token content="vanilla" id="3-13">
                    <pos type="NN"/>
                    <lemma type="vanilla"/>
                </token>
                <token content="extract" id="3-14">
                    <pos type="NNS"/>
                    <lemma type="extract"/>
                </token>
                <token content="and" id="3-15"/>
                <token content="cocoa" id="3-16">
                    <pos type="NN"/>
                    <lemma type="cocoa"/>
                </token>
                <token content="." id="3-17"/>
            </sentence>
            <sentence id="4">
                <token content="I" id="4-1">
                    <pos type="PRP"/>
                    <lemma type="I"/>
                    <dep head="4-3" type="nsubj"/>
                </token>
                <token content="also" id="4-2">
                    <pos type="RB"/>
                    <lemma type="also"/>
                    <dep head="4-3" type="advmod"/>
                </token>
                <token content="had" id="4-3">
                    <pos type="VBD"/>
                    <lemma type="have"/>
                </token>
                <token content="a" id="4-4">
                    <pos type="DT"/>
                    <lemma type="a"/>
                </token>
                <token content="mixing" id="4-5">
                    <pos type="JJ"/>
                    <lemma type="mixing"/>
                </token>
                <token content="bowl" id="4-6">
                    <pos type="NN"/>
                    <lemma type="bowl"/>
                    <dep head="4-3" type="dobj"/>
                </token>
                <token content="with" id="4-7"/>
                <token content="a" id="4-8">
                    <pos type="DT"/>
                    <lemma type="a"/>
                </token>
                <token content="built-in" id="4-9">
                    <pos type="JJ"/>
                    <lemma type="built-in"/>
                </token>
                <token content="electric" id="4-10">
                    <pos type="JJ"/>
                    <lemma type="electric"/>
                </token>
                <token content="whisk" id="4-11">
                    <pos type="NN"/>
                    <lemma type="whisk"/>
                </token>
                <token content="." id="4-12"/>
            </sentence>
            <sentence id="5">
                <token content="I" id="5-1">
                    <pos type="PRP"/>
                    <lemma type="I"/>
                    <dep head="5-2" type="nsubj"/>
                </token>
                <token content="tossed" id="5-2">
                    <pos type="VBD"/>
                    <lemma type="toss"/>
                </token>
                <token content="in" id="5-3"/>
                <token content="two" id="5-4">
                    <pos type="CD"/>
                    <lemma type="two"/>
                </token>
                <token content="sticks" id="5-5">
                    <pos type="NNS"/>
                    <lemma type="stick"/>
                    <dep head="5-2" type="prep"/>
                </token>
                <token content="of" id="5-6"/>
                <token content="butter" id="5-7">
                    <pos type="NN"/>
                    <lemma type="butter"/>
                </token>
                <token content="and" id="5-8"/>
                <token content="2" id="5-9">
                    <pos type="CD"/>
                    <lemma type="2"/>
                </token>
                <token content="cups" id="5-10">
                    <pos type="NNS"/>
                    <lemma type="cup"/>
                </token>
                <token content="of" id="5-11"/>
                <token content="sugar" id="5-12">
                    <pos type="NN"/>
                    <lemma type="sugar"/>
                </token>
                <token content="and" id="5-13"/>
                <token content="blended" id="5-14">
                    <pos type="VBD"/>
                    <lemma type="blend"/>
                    <dep head="5-2" type="conj"/>
                </token>
                <token content="them" id="5-15">
                    <pos type="PRP"/>
                    <lemma type="they"/>
                    <dep head="5-14" type="dobj"/>
                </token>
                <token content="together" id="5-16">
                    <pos type="RB"/>
                    <lemma type="together"/>
                    <dep head="5-14" type="advmod"/>
                </token>
                <token content="before" id="5-17"/>
                <token content="adding" id="5-18">
                    <pos type="VBG"/>
                    <lemma type="add"/>
                    <dep head="5-14" type="prepc"/>
                </token>
                <token content="the" id="5-19">
                    <pos type="DT"/>
                    <lemma type="the"/>
                </token>
                <token content="vanilla" id="5-20">
                    <pos type="NN"/>
                    <lemma type="vanilla"/>
                    <dep head="5-18" type="dobj"/>
                </token>
                <token content="," id="5-21"/>
                <token content="flour" id="5-22">
                    <pos type="NN"/>
                    <lemma type="flour"/>
                </token>
                <token content="and" id="5-23"/>
                <token content="cocoa" id="5-24">
                    <pos type="NN"/>
                    <lemma type="cocoa"/>
                </token>
                <token content="." id="5-25"/>
            </sentence>
            <sentence id="6">
                <token content="Then" id="6-1">
                    <pos type="RB"/>
                    <lemma type="then"/>
                    <dep head="6-3" type="advmod"/>
                </token>
                <token content="I" id="6-2">
                    <pos type="PRP"/>
                    <lemma type="I"/>
                    <dep head="6-3" type="nsubj"/>
                </token>
                <token content="pulled" id="6-3">
                    <pos type="VBD"/>
                    <lemma type="pull"/>
                </token>
                <token content="a" id="6-4">
                    <pos type="DT"/>
                    <lemma type="a"/>
                </token>
                <token content="cake" id="6-5">
                    <pos type="NN"/>
                    <lemma type="cake"/>
                    <dep head="6-6" type="nsubj"/>
                </token>
                <token content="pan" id="6-6">
                    <pos type="VB"/>
                    <lemma type="pan"/>
                    <dep head="6-3" type="ccomp"/>
                </token>
                <token content="out" id="6-7"/>
                <token content="of" id="6-8"/>
                <token content="a" id="6-9">
                    <pos type="DT"/>
                    <lemma type="a"/>
                </token>
                <token content="drawer" id="6-10">
                    <pos type="NN"/>
                    <lemma type="drawer"/>
                    <dep head="6-6" type="prep"/>
                </token>
                <token content="and" id="6-11"/>
                <token content="greased" id="6-12">
                    <pos type="VBD"/>
                    <lemma type="grease"/>
                    <dep head="6-3" type="conj"/>
                </token>
                <token content="it" id="6-13">
                    <pos type="PRP"/>
                    <lemma type="it"/>
                    <dep head="6-12" type="dobj"/>
                </token>
                <token content="up" id="6-14">
                    <pos type="RP"/>
                    <lemma type="up"/>
                    <dep head="6-12" type="prt"/>
                </token>
                <token content="with" id="6-15"/>
                <token content="Crisco" id="6-16">
                    <pos type="NNP"/>
                    <lemma type="Crisco"/>
                    <dep head="6-12" type="prep"/>
                </token>
                <token content="to" id="6-17">
                    <pos type="TO"/>
                    <lemma type="to"/>
                    <dep head="6-18" type="aux"/>
                </token>
                <token content="make" id="6-18">
                    <pos type="VB"/>
                    <lemma type="make"/>
                    <dep head="6-12" type="vmod"/>
                </token>
                <token content="sure" id="6-19">
                    <pos type="JJ"/>
                    <lemma type="sure"/>
                    <dep head="6-18" type="acomp"/>
                </token>
                <token content="the" id="6-20">
                    <pos type="DT"/>
                    <lemma type="the"/>
                </token>
                <token content="cake" id="6-21">
                    <pos type="NN"/>
                    <lemma type="cake"/>
                    <dep head="6-24" type="nsubj"/>
                </token>
                <token content="would" id="6-22">
                    <pos type="MD"/>
                    <lemma type="would"/>
                    <dep head="6-24" type="aux"/>
                </token>
                <token content="not" id="6-23">
                    <pos type="RB"/>
                    <lemma type="not"/>
                    <dep head="6-24" type="neg"/>
                </token>
                <token content="stick" id="6-24">
                    <pos type="VB"/>
                    <lemma type="stick"/>
                </token>
                <token content="." id="6-25"/>
            </sentence>
            <sentence id="7">
                <token content="I" id="7-1">
                    <pos type="PRP"/>
                    <lemma type="I"/>
                    <dep head="7-2" type="nsubj"/>
                </token>
                <token content="used" id="7-2">
                    <pos type="VBD"/>
                    <lemma type="use"/>
                    <dep head="7-26" type="ccomp"/>
                </token>
                <token content="a" id="7-3">
                    <pos type="DT"/>
                    <lemma type="a"/>
                </token>
                <token content="spatula" id="7-4">
                    <pos type="NN"/>
                    <lemma type="spatula"/>
                    <dep head="7-2" type="dobj"/>
                </token>
                <token content="to" id="7-5">
                    <pos type="TO"/>
                    <lemma type="to"/>
                    <dep head="7-6" type="aux"/>
                </token>
                <token content="spread" id="7-6">
                    <pos type="VB"/>
                    <lemma type="spread"/>
                </token>
                <token content="the" id="7-7">
                    <pos type="DT"/>
                    <lemma type="the"/>
                </token>
                <token content="cake" id="7-8">
                    <pos type="NN"/>
                    <lemma type="cake"/>
                </token>
                <token content="batter" id="7-9">
                    <pos type="NN"/>
                    <lemma type="batter"/>
                    <dep head="7-6" type="dobj"/>
                </token>
                <token content="evenly" id="7-10">
                    <pos type="RB"/>
                    <lemma type="evenly"/>
                    <dep head="7-6" type="advmod"/>
                </token>
                <token content="into" id="7-11"/>
                <token content="the" id="7-12">
                    <pos type="DT"/>
                    <lemma type="the"/>
                </token>
                <token content="dish" id="7-13">
                    <pos type="NN"/>
                    <lemma type="dish"/>
                </token>
                <token content="and" id="7-14"/>
                <token content="then" id="7-15">
                    <pos type="RB"/>
                    <lemma type="then"/>
                </token>
                <token content="," id="7-16"/>
                <token content="just" id="7-17">
                    <pos type="RB"/>
                    <lemma type="just"/>
                </token>
                <token content="to" id="7-18">
                    <pos type="TO"/>
                    <lemma type="to"/>
                    <dep head="7-19" type="aux"/>
                </token>
                <token content="make" id="7-19">
                    <pos type="VB"/>
                    <lemma type="make"/>
                    <dep head="7-6" type="vmod"/>
                </token>
                <token content="the" id="7-20">
                    <pos type="DT"/>
                    <lemma type="the"/>
                </token>
                <token content="cake" id="7-21">
                    <pos type="NN"/>
                    <lemma type="cake"/>
                    <dep head="7-19" type="dobj"/>
                </token>
                <token content="even" id="7-22">
                    <pos type="RB"/>
                    <lemma type="even"/>
                </token>
                <token content="tastier" id="7-23">
                    <pos type="JJR"/>
                    <lemma type="tastier"/>
                </token>
                <token content="," id="7-24"/>
                <token content="I" id="7-25">
                    <pos type="PRP"/>
                    <lemma type="I"/>
                    <dep head="7-26" type="nsubj"/>
                </token>
                <token content="grabbed" id="7-26">
                    <pos type="VBD"/>
                    <lemma type="grab"/>
                </token>
                <token content="two" id="7-27">
                    <pos type="CD"/>
                    <lemma type="two"/>
                </token>
                <token content="cups" id="7-28">
                    <pos type="NNS"/>
                    <lemma type="cup"/>
                    <dep head="7-26" type="dobj"/>
                </token>
                <token content="of" id="7-29"/>
                <token content="chocolate" id="7-30">
                    <pos type="NN"/>
                    <lemma type="chocolate"/>
                </token>
                <token content="pudding" id="7-31">
                    <pos type="NN"/>
                    <lemma type="pudding"/>
                </token>
                <token content="out" id="7-32"/>
                <token content="of" id="7-33"/>
                <token content="my" id="7-34">
                    <pos type="PRP$"/>
                    <lemma type="my"/>
                </token>
                <token content="fridge" id="7-35">
                    <pos type="NN"/>
                    <lemma type="fridge"/>
                </token>
                <token content="and" id="7-36"/>
                <token content="swirled" id="7-37">
                    <pos type="VBD"/>
                    <lemma type="swirl"/>
                    <dep head="7-26" type="conj"/>
                </token>
                <token content="the" id="7-38">
                    <pos type="DT"/>
                    <lemma type="the"/>
                </token>
                <token content="pudding" id="7-39">
                    <pos type="NN"/>
                    <lemma type="pudding"/>
                    <dep head="7-37" type="dobj"/>
                </token>
                <token content="into" id="7-40"/>
                <token content="the" id="7-41">
                    <pos type="DT"/>
                    <lemma type="the"/>
                </token>
                <token content="cake" id="7-42">
                    <pos type="NN"/>
                    <lemma type="cake"/>
                </token>
                <token content="mix" id="7-43">
                    <pos type="NN"/>
                    <lemma type="mix"/>
                    <dep head="7-37" type="prep"/>
                </token>
                <token content="." id="7-44"/>
            </sentence>
            <sentence id="8">
                <token content="It" id="8-1">
                    <pos type="PRP"/>
                    <lemma type="it"/>
                    <dep head="8-2" type="nsubj"/>
                </token>
                <token content="makes" id="8-2">
                    <pos type="VBZ"/>
                    <lemma type="make"/>
                </token>
                <token content="for" id="8-3"/>
                <token content="a" id="8-4">
                    <pos type="DT"/>
                    <lemma type="a"/>
                </token>
                <token content="very" id="8-5">
                    <pos type="RB"/>
                    <lemma type="very"/>
                </token>
                <token content="moist" id="8-6">
                    <pos type="JJ"/>
                    <lemma type="moist"/>
                </token>
                <token content="and" id="8-7"/>
                <token content="tasty" id="8-8">
                    <pos type="JJ"/>
                    <lemma type="tasty"/>
                </token>
                <token content="treat" id="8-9">
                    <pos type="NN"/>
                    <lemma type="treat"/>
                    <dep head="8-2" type="prep"/>
                </token>
                <token content="!" id="8-10"/>
            </sentence>
            <sentence id="9">
                <token content="I" id="9-1">
                    <pos type="PRP"/>
                    <lemma type="I"/>
                    <dep head="9-2" type="nsubj"/>
                </token>
                <token content="placed" id="9-2">
                    <pos type="VBD"/>
                    <lemma type="place"/>
                </token>
                <token content="the" id="9-3">
                    <pos type="DT"/>
                    <lemma type="the"/>
                </token>
                <token content="cake" id="9-4">
                    <pos type="NN"/>
                    <lemma type="cake"/>
                    <dep head="9-2" type="dobj"/>
                </token>
                <token content="inside" id="9-5"/>
                <token content="the" id="9-6">
                    <pos type="DT"/>
                    <lemma type="the"/>
                </token>
                <token content="oven" id="9-7">
                    <pos type="NN"/>
                    <lemma type="oven"/>
                    <dep head="9-2" type="prep"/>
                </token>
                <token content="and" id="9-8"/>
                <token content="cooked" id="9-9">
                    <pos type="VBD"/>
                    <lemma type="cook"/>
                    <dep head="9-2" type="conj"/>
                </token>
                <token content="it" id="9-10">
                    <pos type="PRP"/>
                    <lemma type="it"/>
                    <dep head="9-9" type="dobj"/>
                </token>
                <token content="at" id="9-11"/>
                <token content="350" id="9-12">
                    <pos type="CD"/>
                    <lemma type="350"/>
                </token>
                <token content="degrees" id="9-13">
                    <pos type="NNS"/>
                    <lemma type="degree"/>
                    <dep head="9-9" type="prep"/>
                </token>
                <token content="for" id="9-14"/>
                <token content="45" id="9-15">
                    <pos type="CD"/>
                    <lemma type="45"/>
                </token>
                <token content="minute" id="9-16">
                    <pos type="NN"/>
                    <lemma type="minute"/>
                </token>
                <token content="." id="9-17"/>
            </sentence>
            <sentence id="10">
                <token content="Hopefully" id="10-1">
                    <pos type="RB"/>
                    <lemma type="hopefully"/>
                    <dep head="10-5" type="advmod"/>
                </token>
                <token content="my" id="10-2">
                    <pos type="PRP$"/>
                    <lemma type="my"/>
                </token>
                <token content="niece" id="10-3">
                    <pos type="NN"/>
                    <lemma type="niece"/>
                    <dep head="10-5" type="nsubj"/>
                </token>
                <token content="will" id="10-4">
                    <pos type="MD"/>
                    <lemma type="will"/>
                    <dep head="10-5" type="aux"/>
                </token>
                <token content="enjoy" id="10-5">
                    <pos type="VB"/>
                    <lemma type="enjoy"/>
                </token>
                <token content="her" id="10-6">
                    <pos type="PRP$"/>
                    <lemma type="she"/>
                </token>
                <token content="homemade" id="10-7">
                    <pos type="JJ"/>
                    <lemma type="homemade"/>
                </token>
                <token content="confection" id="10-8">
                    <pos type="NN"/>
                    <lemma type="confection"/>
                    <dep head="10-5" type="dobj"/>
                </token>
                <token content="on" id="10-9"/>
                <token content="her" id="10-10">
                    <pos type="PRP$"/>
                    <lemma type="she"/>
                </token>
                <token content="birthday" id="10-11">
                    <pos type="NN"/>
                    <lemma type="birthday"/>
                    <dep head="10-5" type="prep"/>
                </token>
                <token content="." id="10-12"/>
            </sentence>
        </sentences>
    </text>
    <annotations>
        <participants>
            <label from="1-1" id="0" name="ScrPart_cook" text="I" type="participant"/>
            <label from="1-6" id="1" name="ScrPart_cake" text="chocolate cake" to="1-7" type="participant"/>
            <label from="1-7" id="2" name="ScrPart_cake" text="cake" type="participant"/>
            <label from="1-9" id="3" name="ScrPart_cook" text="my" type="participant"/>
            <label from="1-10" id="4" name="ScrPart_beneficiary" text="niece" type="participant"/>
            <label from="1-12" id="5" name="NPart" text="birthday" type="participant"/>
            <label from="1-15" id="6" name="ScrPart_cook" text="I" type="participant"/>
            <label from="1-18" id="7" name="ScrPart_cook" text="my" type="participant"/>
            <label from="1-19" id="8" name="ScrPart_cabinet" text="kitchen cupboards" to="1-20" type="participant"/>
            <label from="1-20" id="9" name="ScrPart_cabinet" text="cupboards" type="participant"/>
            <label from="1-24" id="10" name="ScrPart_cook" text="I" type="participant"/>
            <label from="1-28" id="11" name="ScrPart_ingredients" text="ingredients" type="participant"/>
            <label from="2-3" id="12" name="ScrPart_cook" text="my" type="participant"/>
            <label from="2-4" id="13" name="ScrPart_kitchen/location" text="kitchen" type="participant"/>
            <label from="2-8" id="14" name="ScrPart_ingredients" text="baking goods" to="2-9" type="participant"/>
            <label from="3-1" id="15" name="ScrPart_cook" text="I" type="participant"/>
            <label from="3-5" id="16" name="ScrPart_ingredients" text="butter" type="participant"/>
            <label from="3-7" id="17" name="ScrPart_ingredients" text="eggs" type="participant"/>
            <label from="3-9" id="18" name="ScrPart_ingredients" text="sugar" type="participant"/>
            <label from="3-11" id="19" name="ScrPart_ingredients" text="flour" type="participant"/>
            <label from="3-13" id="20" name="ScrPart_ingredients" text="vanilla extract" to="3-14" type="participant"/>
            <label from="3-16" id="21" name="ScrPart_ingredients" text="cocoa" type="participant"/>
            <label from="4-1" id="22" name="ScrPart_cook" text="I" type="participant"/>
            <label from="4-5" id="23" name="ScrPart_utensil" text="mixing bowl" to="4-6" type="participant"/>
            <label from="4-6" id="24" name="ScrPart_utensil" text="bowl" type="participant"/>
            <label from="4-11" id="25" name="ScrPart_utensil" text="whisk" type="participant"/>
            <label from="5-1" id="26" name="ScrPart_cook" text="I" type="participant"/>
            <label from="5-5" id="27" name="Head_of_Partitive" text="sticks" type="participant"/>
            <label from="5-7" id="28" name="ScrPart_ingredients" text="butter" type="participant"/>
            <label from="5-10" id="29" name="Head_of_Partitive" text="cups" type="participant"/>
            <label from="5-12" id="30" name="ScrPart_ingredients" text="sugar" type="participant"/>
            <label from="5-15" id="31" name="ScrPart_ingredients" text="them" type="participant"/>
            <label from="5-20" id="32" name="ScrPart_ingredients" text="vanilla" type="participant"/>
            <label from="5-22" id="33" name="ScrPart_ingredients" text="flour" type="participant"/>
            <label from="5-24" id="34" name="ScrPart_ingredients" text="cocoa" type="participant"/>
            <label from="6-2" id="35" name="ScrPart_cook" text="I" type="participant"/>
            <label from="6-5" id="36" name="ScrPart_cake_tin" text="cake pan" to="6-6" type="participant"/>
            <label from="6-6" id="37" name="ScrPart_cake_tin" text="pan" type="participant"/>
            <label from="6-10" id="38" name="ScrPart_cabinet" text="drawer" type="participant"/>
            <label from="6-13" id="39" name="ScrPart_cake_tin" text="it" type="participant"/>
            <label from="6-16" id="40" name="ScrPart_ingredients" text="Crisco" type="participant"/>
            <label from="6-21" id="41" name="ScrPart_cake" text="cake" type="participant"/>
            <label from="7-1" id="42" name="ScrPart_cook" text="I" type="participant"/>
            <label from="7-4" id="43" name="ScrPart_utensil" text="spatula" type="participant"/>
            <label from="7-8" id="44" name="ScrPart_dough" text="cake batter" to="7-9" type="participant"/>
            <label from="7-13" id="45" name="ScrPart_cake_tin" text="dish" type="participant"/>
            <label from="7-21" id="46" name="ScrPart_cake" text="cake" type="participant"/>
            <label from="7-25" id="47" name="ScrPart_cook" text="I" type="participant"/>
            <label from="7-28" id="48" name="ScrPart_utensil" text="cups" type="participant"/>
            <label from="7-30" id="49" name="ScrPart_ingredients" text="chocolate pudding" to="7-31" type="participant"/>
            <label from="7-31" id="50" name="ScrPart_ingredients" text="pudding" type="participant"/>
            <label from="7-34" id="51" name="ScrPart_cook" text="my" type="participant"/>
            <label from="7-35" id="52" name="ScrPart_kitchen/location" text="fridge" type="participant"/>
            <label from="7-39" id="53" name="ScrPart_ingredients" text="pudding" type="participant"/>
            <label from="7-42" id="54" name="ScrPart_dough" text="cake mix" to="7-43" type="participant"/>
            <label from="8-1" id="55" name="No_label" text="It" type="participant"/>
            <label from="8-9" id="56" name="NPart" text="treat" type="participant"/>
            <label from="9-1" id="57" name="ScrPart_cook" text="I" type="participant"/>
            <label from="9-4" id="58" name="ScrPart_cake" text="cake" type="participant"/>
            <label from="9-7" id="59" name="ScrPart_oven" text="oven" type="participant"/>
            <label from="9-10" id="60" name="ScrPart_cake" text="it" type="participant"/>
            <label from="9-12" id="61" name="ScrPart_temperature" text="350 degrees" to="9-13" type="participant"/>
            <label from="9-15" id="62" name="ScrPart_time" text="45 minute" to="9-16" type="participant"/>
            <label from="10-2" id="63" name="ScrPart_cook" text="my" type="participant"/>
            <label from="10-3" id="64" name="ScrPart_beneficiary" text="niece" type="participant"/>
            <label from="10-6" id="65" name="ScrPart_beneficiary" text="her" type="participant"/>
            <label from="10-8" id="66" name="ScrPart_cake" text="confection" type="participant"/>
            <label from="10-10" id="67" name="ScrPart_beneficiary" text="her" type="participant"/>
            <label from="10-11" id="68" name="NPart" text="birthday" type="participant"/>
        </participants>
        <events>
            <label from="1-2" id="69" name="UnrelEv" text="wanted" type="event"/>
            <label from="1-4" id="70" name="Evoking" text="make a chocolate cake" to="1-7" type="event"/>
            <label from="1-16" id="71" name="ScrEv_choose_recipe" text="looked through" to="1-17" type="event"/>
            <label from="1-22" id="72" name="RelNScrEv" text="make" type="event"/>
            <label from="1-25" id="73" name="RelNScrEv" text="had" type="event"/>
            <label from="2-5" id="74" name="UnrelEv" text="was" type="event"/>
            <label from="2-6" id="75" name="RelNScrEv" text="well-stocked" type="event"/>
            <label from="3-2" id="76" name="ScrEv_get_ingredients" text="gathered up" to="3-3" type="event"/>
            <label from="4-3" id="77" name="RelNScrEv" text="had" type="event"/>
            <label from="5-2" id="78" name="ScrEv_add_ingredients" text="tossed in" to="5-3" type="event"/>
            <label from="5-14" id="79" name="ScrEv_prepare_ingredients" text="blended" type="event"/>
            <label from="5-18" id="80" name="ScrEv_add_ingredients" text="adding" type="event"/>
            <label from="6-3" id="81" name="ScrEv_get_utensils" text="pulled" type="event"/>
            <label from="6-12" id="82" name="ScrEv_grease_cake_tin" text="greased" type="event"/>
            <label from="6-18" id="83" name="UnrelEv" text="make" type="event"/>
            <label from="6-24" id="84" name="RelNScrEv" text="stick" type="event"/>
            <label from="7-2" id="85" name="RelNScrEv" text="used" type="event"/>
            <label from="7-6" id="86" name="ScrEv_pour_dough" text="spread" type="event"/>
            <label from="7-19" id="87" name="UnrelEv" text="make" type="event"/>
            <label from="7-26" id="88" name="ScrEv_get_ingredients" text="grabbed" type="event"/>
            <label from="7-37" id="89" name="ScrEv_add_ingredients" text="swirled" type="event"/>
            <label from="8-2" id="90" name="UnrelEv" text="makes" type="event"/>
            <label from="9-2" id="91" name="ScrEv_put_cake_oven" text="placed" type="event"/>
            <label from="9-9" id="92" name="ScrEv_wait" text="cooked" type="event"/>
            <label from="10-5" id="93" name="RelNScrEv" text="enjoy" type="event"/>
        </events>
        <chains>
            <chain elements="3 0 6 7 10 12 15 22 26 35 42 47 51 57 63"/>
            <chain elements="41 2 46 58 60 66"/>
            <chain elements="64 4 65 67"/>
            <chain elements="38 9" name="coref3_group_butter_sugar"/>
            <chain elements="14 11"/>
            <chain elements="28 16"/>
            <chain elements="30 18" name="coref2"/>
            <chain elements="33 19"/>
            <chain elements="32 20"/>
            <chain elements="34 21"/>
            <chain elements="31 28 30" name="coref3_group_butter_sugar"/>
            <chain elements="39 37 45"/>
            <chain elements="54 44"/>
            <chain elements="53 50"/>
        </chains>
    </annotations>
</story>
