<?xml version="1.0" encoding="UTF-8" standalone="no"?>
<!DOCTYPE story SYSTEM "../InScript.dtd">
<story id="031" scenario="cake">
    <text>
        <content>My friend and his wife have a dessert business and baking cakes is their specialty . 
Often , they 'll call me up to help them out in the shop for a few extra dollars if I have the time . 
I am always up to doing it ! 
It is messy , but it is fun , and I can lick the spoon ! 
Anyway , they were baking a few cakes the other day , and I came over just in time to help them with their last order . 
I put on my apron as we got out the flour , eggs , sugar , butter , and cake mix . 
We poured the cake mix , sugar , and flour in a bowl while we melted the butter and mixed it in with the eggs and some added water . 
Then , we mixed everything together with a beater . 
I swear , that is always the best part of baking a cake ! 
I licked the little beater things clean while my friend 's wife greased the pans . 
We then pour the cake batter into the pans and put it into the oven which had already been preheated to 350 degrees . 
We left them in the oven for 25 minutes and once they were done , we got them out and put them on a window sill to cool . 
Ah , the smell was wonderful ! </content>
        <sentences>
            <sentence id="1">
                <token content="My" id="1-1">
                    <pos type="PRP$"/>
                    <lemma type="my"/>
                </token>
                <token content="friend" id="1-2">
                    <pos type="NN"/>
                    <lemma type="friend"/>
                    <dep head="1-6" type="nsubj"/>
                </token>
                <token content="and" id="1-3"/>
                <token content="his" id="1-4">
                    <pos type="PRP$"/>
                    <lemma type="he"/>
                </token>
                <token content="wife" id="1-5">
                    <pos type="NN"/>
                    <lemma type="wife"/>
                </token>
                <token content="have" id="1-6">
                    <pos type="VBP"/>
                    <lemma type="have"/>
                </token>
                <token content="a" id="1-7">
                    <pos type="DT"/>
                    <lemma type="a"/>
                </token>
                <token content="dessert" id="1-8">
                    <pos type="NN"/>
                    <lemma type="dessert"/>
                </token>
                <token content="business" id="1-9">
                    <pos type="NN"/>
                    <lemma type="business"/>
                    <dep head="1-6" type="dobj"/>
                </token>
                <token content="and" id="1-10"/>
                <token content="baking" id="1-11">
                    <pos type="VBG"/>
                    <lemma type="bake"/>
                </token>
                <token content="cakes" id="1-12">
                    <pos type="NNS"/>
                    <lemma type="cake"/>
                </token>
                <token content="is" id="1-13">
                    <pos type="VBZ"/>
                    <lemma type="be"/>
                </token>
                <token content="their" id="1-14">
                    <pos type="PRP$"/>
                    <lemma type="they"/>
                </token>
                <token content="specialty" id="1-15">
                    <pos type="NN"/>
                    <lemma type="specialty"/>
                    <dep head="1-6" type="conj"/>
                </token>
                <token content="." id="1-16"/>
            </sentence>
            <sentence id="2">
                <token content="Often" id="2-1">
                    <pos type="RB"/>
                    <lemma type="often"/>
                    <dep head="2-5" type="advmod"/>
                </token>
                <token content="," id="2-2"/>
                <token content="they" id="2-3">
                    <pos type="PRP"/>
                    <lemma type="they"/>
                    <dep head="2-5" type="nsubj"/>
                </token>
                <token content="'ll" id="2-4">
                    <pos type="MD"/>
                    <lemma type="'ll"/>
                    <dep head="2-5" type="aux"/>
                </token>
                <token content="call" id="2-5">
                    <pos type="VB"/>
                    <lemma type="call"/>
                </token>
                <token content="me" id="2-6">
                    <pos type="PRP"/>
                    <lemma type="I"/>
                    <dep head="2-5" type="dobj"/>
                </token>
                <token content="up" id="2-7">
                    <pos type="RP"/>
                    <lemma type="up"/>
                    <dep head="2-5" type="prt"/>
                </token>
                <token content="to" id="2-8">
                    <pos type="TO"/>
                    <lemma type="to"/>
                    <dep head="2-9" type="aux"/>
                </token>
                <token content="help" id="2-9">
                    <pos type="VB"/>
                    <lemma type="help"/>
                    <dep head="2-5" type="vmod"/>
                </token>
                <token content="them" id="2-10">
                    <pos type="PRP"/>
                    <lemma type="they"/>
                    <dep head="2-9" type="dobj"/>
                </token>
                <token content="out" id="2-11">
                    <pos type="RP"/>
                    <lemma type="out"/>
                    <dep head="2-9" type="prt"/>
                </token>
                <token content="in" id="2-12"/>
                <token content="the" id="2-13">
                    <pos type="DT"/>
                    <lemma type="the"/>
                </token>
                <token content="shop" id="2-14">
                    <pos type="NN"/>
                    <lemma type="shop"/>
                    <dep head="2-9" type="prep"/>
                </token>
                <token content="for" id="2-15"/>
                <token content="a" id="2-16">
                    <pos type="DT"/>
                    <lemma type="a"/>
                </token>
                <token content="few" id="2-17">
                    <pos type="JJ"/>
                    <lemma type="few"/>
                </token>
                <token content="extra" id="2-18">
                    <pos type="JJ"/>
                    <lemma type="extra"/>
                </token>
                <token content="dollars" id="2-19">
                    <pos type="NNS"/>
                    <lemma type="dollar"/>
                </token>
                <token content="if" id="2-20">
                    <pos type="IN"/>
                    <lemma type="if"/>
                    <dep head="2-22" type="mark"/>
                </token>
                <token content="I" id="2-21">
                    <pos type="PRP"/>
                    <lemma type="I"/>
                    <dep head="2-22" type="nsubj"/>
                </token>
                <token content="have" id="2-22">
                    <pos type="VBP"/>
                    <lemma type="have"/>
                    <dep head="2-9" type="advcl"/>
                </token>
                <token content="the" id="2-23">
                    <pos type="DT"/>
                    <lemma type="the"/>
                </token>
                <token content="time" id="2-24">
                    <pos type="NN"/>
                    <lemma type="time"/>
                    <dep head="2-22" type="dobj"/>
                </token>
                <token content="." id="2-25"/>
            </sentence>
            <sentence id="3">
                <token content="I" id="3-1">
                    <pos type="PRP"/>
                    <lemma type="I"/>
                    <dep head="3-2" type="nsubj"/>
                </token>
                <token content="am" id="3-2">
                    <pos type="VBP"/>
                    <lemma type="be"/>
                </token>
                <token content="always" id="3-3">
                    <pos type="RB"/>
                    <lemma type="always"/>
                </token>
                <token content="up" id="3-4">
                    <pos type="RB"/>
                    <lemma type="up"/>
                    <dep head="3-2" type="advmod"/>
                </token>
                <token content="to" id="3-5"/>
                <token content="doing" id="3-6">
                    <pos type="VBG"/>
                    <lemma type="do"/>
                </token>
                <token content="it" id="3-7">
                    <pos type="PRP"/>
                    <lemma type="it"/>
                    <dep head="3-6" type="dobj"/>
                </token>
                <token content="!" id="3-8"/>
            </sentence>
            <sentence id="4">
                <token content="It" id="4-1">
                    <pos type="PRP"/>
                    <lemma type="it"/>
                </token>
                <token content="is" id="4-2">
                    <pos type="VBZ"/>
                    <lemma type="be"/>
                </token>
                <token content="messy" id="4-3">
                    <pos type="JJ"/>
                    <lemma type="messy"/>
                </token>
                <token content="," id="4-4"/>
                <token content="but" id="4-5"/>
                <token content="it" id="4-6">
                    <pos type="PRP"/>
                    <lemma type="it"/>
                </token>
                <token content="is" id="4-7">
                    <pos type="VBZ"/>
                    <lemma type="be"/>
                </token>
                <token content="fun" id="4-8">
                    <pos type="NN"/>
                    <lemma type="fun"/>
                </token>
                <token content="," id="4-9"/>
                <token content="and" id="4-10"/>
                <token content="I" id="4-11">
                    <pos type="PRP"/>
                    <lemma type="I"/>
                    <dep head="4-13" type="nsubj"/>
                </token>
                <token content="can" id="4-12">
                    <pos type="MD"/>
                    <lemma type="can"/>
                    <dep head="4-13" type="aux"/>
                </token>
                <token content="lick" id="4-13">
                    <pos type="VB"/>
                    <lemma type="lick"/>
                </token>
                <token content="the" id="4-14">
                    <pos type="DT"/>
                    <lemma type="the"/>
                </token>
                <token content="spoon" id="4-15">
                    <pos type="NN"/>
                    <lemma type="spoon"/>
                    <dep head="4-13" type="dobj"/>
                </token>
                <token content="!" id="4-16"/>
            </sentence>
            <sentence id="5">
                <token content="Anyway" id="5-1">
                    <pos type="RB"/>
                    <lemma type="anyway"/>
                    <dep head="5-5" type="advmod"/>
                </token>
                <token content="," id="5-2"/>
                <token content="they" id="5-3">
                    <pos type="PRP"/>
                    <lemma type="they"/>
                    <dep head="5-5" type="nsubj"/>
                </token>
                <token content="were" id="5-4">
                    <pos type="VBD"/>
                    <lemma type="be"/>
                    <dep head="5-5" type="aux"/>
                </token>
                <token content="baking" id="5-5">
                    <pos type="VBG"/>
                    <lemma type="bake"/>
                </token>
                <token content="a" id="5-6">
                    <pos type="DT"/>
                    <lemma type="a"/>
                </token>
                <token content="few" id="5-7">
                    <pos type="JJ"/>
                    <lemma type="few"/>
                </token>
                <token content="cakes" id="5-8">
                    <pos type="NNS"/>
                    <lemma type="cake"/>
                    <dep head="5-5" type="dobj"/>
                </token>
                <token content="the" id="5-9">
                    <pos type="DT"/>
                    <lemma type="the"/>
                </token>
                <token content="other" id="5-10">
                    <pos type="JJ"/>
                    <lemma type="other"/>
                </token>
                <token content="day" id="5-11">
                    <pos type="NN"/>
                    <lemma type="day"/>
                    <dep head="5-5" type="tmod"/>
                </token>
                <token content="," id="5-12"/>
                <token content="and" id="5-13"/>
                <token content="I" id="5-14">
                    <pos type="PRP"/>
                    <lemma type="I"/>
                    <dep head="5-15" type="nsubj"/>
                </token>
                <token content="came" id="5-15">
                    <pos type="VBD"/>
                    <lemma type="come"/>
                    <dep head="5-5" type="conj"/>
                </token>
                <token content="over" id="5-16">
                    <pos type="RP"/>
                    <lemma type="over"/>
                    <dep head="5-15" type="prt"/>
                </token>
                <token content="just" id="5-17">
                    <pos type="RB"/>
                    <lemma type="just"/>
                    <dep head="5-15" type="advmod"/>
                </token>
                <token content="in" id="5-18"/>
                <token content="time" id="5-19">
                    <pos type="NN"/>
                    <lemma type="time"/>
                    <dep head="5-15" type="prep"/>
                </token>
                <token content="to" id="5-20">
                    <pos type="TO"/>
                    <lemma type="to"/>
                    <dep head="5-21" type="aux"/>
                </token>
                <token content="help" id="5-21">
                    <pos type="VB"/>
                    <lemma type="help"/>
                    <dep head="5-15" type="xcomp"/>
                </token>
                <token content="them" id="5-22">
                    <pos type="PRP"/>
                    <lemma type="they"/>
                    <dep head="5-21" type="dobj"/>
                </token>
                <token content="with" id="5-23"/>
                <token content="their" id="5-24">
                    <pos type="PRP$"/>
                    <lemma type="they"/>
                </token>
                <token content="last" id="5-25">
                    <pos type="JJ"/>
                    <lemma type="last"/>
                </token>
                <token content="order" id="5-26">
                    <pos type="NN"/>
                    <lemma type="order"/>
                    <dep head="5-21" type="prep"/>
                </token>
                <token content="." id="5-27"/>
            </sentence>
            <sentence id="6">
                <token content="I" id="6-1">
                    <pos type="PRP"/>
                    <lemma type="I"/>
                    <dep head="6-2" type="nsubj"/>
                </token>
                <token content="put" id="6-2">
                    <pos type="VBD"/>
                    <lemma type="put"/>
                </token>
                <token content="on" id="6-3"/>
                <token content="my" id="6-4">
                    <pos type="PRP$"/>
                    <lemma type="my"/>
                </token>
                <token content="apron" id="6-5">
                    <pos type="NN"/>
                    <lemma type="apron"/>
                    <dep head="6-2" type="prep"/>
                </token>
                <token content="as" id="6-6">
                    <pos type="IN"/>
                    <lemma type="as"/>
                    <dep head="6-8" type="mark"/>
                </token>
                <token content="we" id="6-7">
                    <pos type="PRP"/>
                    <lemma type="we"/>
                    <dep head="6-8" type="nsubj"/>
                </token>
                <token content="got" id="6-8">
                    <pos type="VBD"/>
                    <lemma type="get"/>
                    <dep head="6-2" type="advcl"/>
                </token>
                <token content="out" id="6-9"/>
                <token content="the" id="6-10">
                    <pos type="DT"/>
                    <lemma type="the"/>
                </token>
                <token content="flour" id="6-11">
                    <pos type="NN"/>
                    <lemma type="flour"/>
                </token>
                <token content="," id="6-12"/>
                <token content="eggs" id="6-13">
                    <pos type="NNS"/>
                    <lemma type="egg"/>
                </token>
                <token content="," id="6-14"/>
                <token content="sugar" id="6-15">
                    <pos type="NN"/>
                    <lemma type="sugar"/>
                </token>
                <token content="," id="6-16"/>
                <token content="butter" id="6-17">
                    <pos type="NN"/>
                    <lemma type="butter"/>
                    <dep head="6-8" type="prep"/>
                </token>
                <token content="," id="6-18"/>
                <token content="and" id="6-19"/>
                <token content="cake" id="6-20">
                    <pos type="NN"/>
                    <lemma type="cake"/>
                </token>
                <token content="mix" id="6-21">
                    <pos type="NN"/>
                    <lemma type="mix"/>
                </token>
                <token content="." id="6-22"/>
            </sentence>
            <sentence id="7">
                <token content="We" id="7-1">
                    <pos type="PRP"/>
                    <lemma type="we"/>
                    <dep head="7-2" type="nsubj"/>
                </token>
                <token content="poured" id="7-2">
                    <pos type="VBD"/>
                    <lemma type="pour"/>
                </token>
                <token content="the" id="7-3">
                    <pos type="DT"/>
                    <lemma type="the"/>
                </token>
                <token content="cake" id="7-4">
                    <pos type="NN"/>
                    <lemma type="cake"/>
                </token>
                <token content="mix" id="7-5">
                    <pos type="NN"/>
                    <lemma type="mix"/>
                    <dep head="7-2" type="dobj"/>
                </token>
                <token content="," id="7-6"/>
                <token content="sugar" id="7-7">
                    <pos type="NN"/>
                    <lemma type="sugar"/>
                </token>
                <token content="," id="7-8"/>
                <token content="and" id="7-9"/>
                <token content="flour" id="7-10">
                    <pos type="NN"/>
                    <lemma type="flour"/>
                </token>
                <token content="in" id="7-11"/>
                <token content="a" id="7-12">
                    <pos type="DT"/>
                    <lemma type="a"/>
                </token>
                <token content="bowl" id="7-13">
                    <pos type="NN"/>
                    <lemma type="bowl"/>
                </token>
                <token content="while" id="7-14">
                    <pos type="IN"/>
                    <lemma type="while"/>
                    <dep head="7-16" type="mark"/>
                </token>
                <token content="we" id="7-15">
                    <pos type="PRP"/>
                    <lemma type="we"/>
                    <dep head="7-16" type="nsubj"/>
                </token>
                <token content="melted" id="7-16">
                    <pos type="VBD"/>
                    <lemma type="melt"/>
                    <dep head="7-2" type="advcl"/>
                </token>
                <token content="the" id="7-17">
                    <pos type="DT"/>
                    <lemma type="the"/>
                </token>
                <token content="butter" id="7-18">
                    <pos type="NN"/>
                    <lemma type="butter"/>
                    <dep head="7-16" type="dobj"/>
                </token>
                <token content="and" id="7-19"/>
                <token content="mixed" id="7-20">
                    <pos type="VBN"/>
                    <lemma type="mix"/>
                    <dep head="7-16" type="conj"/>
                </token>
                <token content="it" id="7-21">
                    <pos type="PRP"/>
                    <lemma type="it"/>
                    <dep head="7-20" type="dobj"/>
                </token>
                <token content="in" id="7-22">
                    <pos type="IN"/>
                    <lemma type="in"/>
                    <dep head="7-20" type="dep"/>
                </token>
                <token content="with" id="7-23"/>
                <token content="the" id="7-24">
                    <pos type="DT"/>
                    <lemma type="the"/>
                </token>
                <token content="eggs" id="7-25">
                    <pos type="NNS"/>
                    <lemma type="egg"/>
                    <dep head="7-20" type="prep"/>
                </token>
                <token content="and" id="7-26"/>
                <token content="some" id="7-27">
                    <pos type="DT"/>
                    <lemma type="some"/>
                </token>
                <token content="added" id="7-28">
                    <pos type="VBN"/>
                    <lemma type="add"/>
                </token>
                <token content="water" id="7-29">
                    <pos type="NN"/>
                    <lemma type="water"/>
                </token>
                <token content="." id="7-30"/>
            </sentence>
            <sentence id="8">
                <token content="Then" id="8-1">
                    <pos type="RB"/>
                    <lemma type="then"/>
                    <dep head="8-4" type="advmod"/>
                </token>
                <token content="," id="8-2"/>
                <token content="we" id="8-3">
                    <pos type="PRP"/>
                    <lemma type="we"/>
                    <dep head="8-4" type="nsubj"/>
                </token>
                <token content="mixed" id="8-4">
                    <pos type="VBN"/>
                    <lemma type="mix"/>
                </token>
                <token content="everything" id="8-5">
                    <pos type="NN"/>
                    <lemma type="everything"/>
                    <dep head="8-4" type="dobj"/>
                </token>
                <token content="together" id="8-6"/>
                <token content="with" id="8-7"/>
                <token content="a" id="8-8">
                    <pos type="DT"/>
                    <lemma type="a"/>
                </token>
                <token content="beater" id="8-9">
                    <pos type="NN"/>
                    <lemma type="beater"/>
                    <dep head="8-4" type="prep"/>
                </token>
                <token content="." id="8-10"/>
            </sentence>
            <sentence id="9">
                <token content="I" id="9-1">
                    <pos type="PRP"/>
                    <lemma type="I"/>
                    <dep head="9-2" type="nsubj"/>
                </token>
                <token content="swear" id="9-2">
                    <pos type="VBP"/>
                    <lemma type="swear"/>
                </token>
                <token content="," id="9-3"/>
                <token content="that" id="9-4">
                    <pos type="DT"/>
                    <lemma type="that"/>
                </token>
                <token content="is" id="9-5">
                    <pos type="VBZ"/>
                    <lemma type="be"/>
                </token>
                <token content="always" id="9-6">
                    <pos type="RB"/>
                    <lemma type="always"/>
                </token>
                <token content="the" id="9-7">
                    <pos type="DT"/>
                    <lemma type="the"/>
                </token>
                <token content="best" id="9-8">
                    <pos type="JJS"/>
                    <lemma type="best"/>
                </token>
                <token content="part" id="9-9">
                    <pos type="NN"/>
                    <lemma type="part"/>
                </token>
                <token content="of" id="9-10"/>
                <token content="baking" id="9-11">
                    <pos type="VBG"/>
                    <lemma type="bake"/>
                </token>
                <token content="a" id="9-12">
                    <pos type="DT"/>
                    <lemma type="a"/>
                </token>
                <token content="cake" id="9-13">
                    <pos type="NN"/>
                    <lemma type="cake"/>
                    <dep head="9-11" type="dobj"/>
                </token>
                <token content="!" id="9-14"/>
            </sentence>
            <sentence id="10">
                <token content="I" id="10-1">
                    <pos type="PRP"/>
                    <lemma type="I"/>
                    <dep head="10-2" type="nsubj"/>
                </token>
                <token content="licked" id="10-2">
                    <pos type="VBD"/>
                    <lemma type="lick"/>
                </token>
                <token content="the" id="10-3">
                    <pos type="DT"/>
                    <lemma type="the"/>
                </token>
                <token content="little" id="10-4">
                    <pos type="JJ"/>
                    <lemma type="little"/>
                </token>
                <token content="beater" id="10-5">
                    <pos type="NN"/>
                    <lemma type="beater"/>
                </token>
                <token content="things" id="10-6">
                    <pos type="NNS"/>
                    <lemma type="thing"/>
                    <dep head="10-13" type="nsubj"/>
                </token>
                <token content="clean" id="10-7">
                    <pos type="JJ"/>
                    <lemma type="clean"/>
                    <dep head="10-13" type="dep"/>
                </token>
                <token content="while" id="10-8">
                    <pos type="IN"/>
                    <lemma type="while"/>
                    <dep head="10-13" type="mark"/>
                </token>
                <token content="my" id="10-9">
                    <pos type="PRP$"/>
                    <lemma type="my"/>
                </token>
                <token content="friend" id="10-10">
                    <pos type="NN"/>
                    <lemma type="friend"/>
                </token>
                <token content="'s" id="10-11"/>
                <token content="wife" id="10-12">
                    <pos type="NN"/>
                    <lemma type="wife"/>
                    <dep head="10-13" type="nsubj"/>
                </token>
                <token content="greased" id="10-13">
                    <pos type="VBD"/>
                    <lemma type="grease"/>
                    <dep head="10-2" type="xcomp"/>
                </token>
                <token content="the" id="10-14">
                    <pos type="DT"/>
                    <lemma type="the"/>
                </token>
                <token content="pans" id="10-15">
                    <pos type="NNS"/>
                    <lemma type="pan"/>
                    <dep head="10-13" type="dobj"/>
                </token>
                <token content="." id="10-16"/>
            </sentence>
            <sentence id="11">
                <token content="We" id="11-1">
                    <pos type="PRP"/>
                    <lemma type="we"/>
                    <dep head="11-3" type="nsubj"/>
                </token>
                <token content="then" id="11-2">
                    <pos type="RB"/>
                    <lemma type="then"/>
                    <dep head="11-3" type="advmod"/>
                </token>
                <token content="pour" id="11-3">
                    <pos type="VBP"/>
                    <lemma type="pour"/>
                </token>
                <token content="the" id="11-4">
                    <pos type="DT"/>
                    <lemma type="the"/>
                </token>
                <token content="cake" id="11-5">
                    <pos type="NN"/>
                    <lemma type="cake"/>
                </token>
                <token content="batter" id="11-6">
                    <pos type="NN"/>
                    <lemma type="batter"/>
                    <dep head="11-3" type="dobj"/>
                </token>
                <token content="into" id="11-7"/>
                <token content="the" id="11-8">
                    <pos type="DT"/>
                    <lemma type="the"/>
                </token>
                <token content="pans" id="11-9">
                    <pos type="NNS"/>
                    <lemma type="pan"/>
                    <dep head="11-3" type="prep"/>
                </token>
                <token content="and" id="11-10"/>
                <token content="put" id="11-11">
                    <pos type="VBD"/>
                    <lemma type="put"/>
                    <dep head="11-3" type="conj"/>
                </token>
                <token content="it" id="11-12">
                    <pos type="PRP"/>
                    <lemma type="it"/>
                    <dep head="11-11" type="dobj"/>
                </token>
                <token content="into" id="11-13"/>
                <token content="the" id="11-14">
                    <pos type="DT"/>
                    <lemma type="the"/>
                </token>
                <token content="oven" id="11-15">
                    <pos type="NN"/>
                    <lemma type="oven"/>
                    <dep head="11-11" type="prep"/>
                </token>
                <token content="which" id="11-16">
                    <pos type="WDT"/>
                    <lemma type="which"/>
                    <dep head="11-20" type="nsubjpass"/>
                </token>
                <token content="had" id="11-17">
                    <pos type="VBD"/>
                    <lemma type="have"/>
                    <dep head="11-20" type="aux"/>
                </token>
                <token content="already" id="11-18">
                    <pos type="RB"/>
                    <lemma type="already"/>
                    <dep head="11-20" type="advmod"/>
                </token>
                <token content="been" id="11-19">
                    <pos type="VBN"/>
                    <lemma type="be"/>
                    <dep head="11-20" type="auxpass"/>
                </token>
                <token content="preheated" id="11-20">
                    <pos type="VBN"/>
                    <lemma type="preheat"/>
                </token>
                <token content="to" id="11-21"/>
                <token content="350" id="11-22">
                    <pos type="CD"/>
                    <lemma type="350"/>
                </token>
                <token content="degrees" id="11-23">
                    <pos type="NNS"/>
                    <lemma type="degree"/>
                    <dep head="11-20" type="prep"/>
                </token>
                <token content="." id="11-24"/>
            </sentence>
            <sentence id="12">
                <token content="We" id="12-1">
                    <pos type="PRP"/>
                    <lemma type="we"/>
                    <dep head="12-2" type="nsubj"/>
                </token>
                <token content="left" id="12-2">
                    <pos type="VBD"/>
                    <lemma type="leave"/>
                </token>
                <token content="them" id="12-3">
                    <pos type="PRP"/>
                    <lemma type="they"/>
                    <dep head="12-2" type="dobj"/>
                </token>
                <token content="in" id="12-4"/>
                <token content="the" id="12-5">
                    <pos type="DT"/>
                    <lemma type="the"/>
                </token>
                <token content="oven" id="12-6">
                    <pos type="NN"/>
                    <lemma type="oven"/>
                    <dep head="12-2" type="prep"/>
                </token>
                <token content="for" id="12-7"/>
                <token content="25" id="12-8">
                    <pos type="CD"/>
                    <lemma type="25"/>
                </token>
                <token content="minutes" id="12-9">
                    <pos type="NNS"/>
                    <lemma type="minute"/>
                    <dep head="12-2" type="prep"/>
                </token>
                <token content="and" id="12-10"/>
                <token content="once" id="12-11">
                    <pos type="IN"/>
                    <lemma type="once"/>
                    <dep head="12-14" type="mark"/>
                </token>
                <token content="they" id="12-12">
                    <pos type="PRP"/>
                    <lemma type="they"/>
                    <dep head="12-14" type="nsubjpass"/>
                </token>
                <token content="were" id="12-13">
                    <pos type="VBD"/>
                    <lemma type="be"/>
                    <dep head="12-14" type="auxpass"/>
                </token>
                <token content="done" id="12-14">
                    <pos type="VBN"/>
                    <lemma type="do"/>
                    <dep head="12-17" type="advcl"/>
                </token>
                <token content="," id="12-15"/>
                <token content="we" id="12-16">
                    <pos type="PRP"/>
                    <lemma type="we"/>
                    <dep head="12-17" type="nsubj"/>
                </token>
                <token content="got" id="12-17">
                    <pos type="VBD"/>
                    <lemma type="get"/>
                    <dep head="12-2" type="conj"/>
                </token>
                <token content="them" id="12-18">
                    <pos type="PRP"/>
                    <lemma type="they"/>
                    <dep head="12-17" type="dobj"/>
                </token>
                <token content="out" id="12-19">
                    <pos type="RP"/>
                    <lemma type="out"/>
                    <dep head="12-17" type="prt"/>
                </token>
                <token content="and" id="12-20"/>
                <token content="put" id="12-21">
                    <pos type="VBD"/>
                    <lemma type="put"/>
                    <dep head="12-17" type="conj"/>
                </token>
                <token content="them" id="12-22">
                    <pos type="PRP"/>
                    <lemma type="they"/>
                    <dep head="12-21" type="dobj"/>
                </token>
                <token content="on" id="12-23"/>
                <token content="a" id="12-24">
                    <pos type="DT"/>
                    <lemma type="a"/>
                </token>
                <token content="window" id="12-25">
                    <pos type="NN"/>
                    <lemma type="window"/>
                </token>
                <token content="sill" id="12-26">
                    <pos type="NN"/>
                    <lemma type="sill"/>
                    <dep head="12-21" type="prep"/>
                </token>
                <token content="to" id="12-27">
                    <pos type="TO"/>
                    <lemma type="to"/>
                    <dep head="12-28" type="aux"/>
                </token>
                <token content="cool" id="12-28">
                    <pos type="VB"/>
                    <lemma type="cool"/>
                    <dep head="12-21" type="vmod"/>
                </token>
                <token content="." id="12-29"/>
            </sentence>
            <sentence id="13">
                <token content="Ah" id="13-1">
                    <pos type="UH"/>
                    <lemma type="ah"/>
                </token>
                <token content="," id="13-2"/>
                <token content="the" id="13-3">
                    <pos type="DT"/>
                    <lemma type="the"/>
                </token>
                <token content="smell" id="13-4">
                    <pos type="NN"/>
                    <lemma type="smell"/>
                </token>
                <token content="was" id="13-5">
                    <pos type="VBD"/>
                    <lemma type="be"/>
                </token>
                <token content="wonderful" id="13-6">
                    <pos type="JJ"/>
                    <lemma type="wonderful"/>
                </token>
                <token content="!" id="13-7"/>
            </sentence>
        </sentences>
    </text>
    <annotations>
        <participants>
            <label from="1-1" id="0" name="ScrPart_cook" text="My friend and his wife" to="1-5" type="participant"/>
            <label from="1-1" id="1" name="ScrPart_cook" text="My" type="participant"/>
            <label from="1-2" id="2" name="ScrPart_cook" text="friend" type="participant"/>
            <label from="1-4" id="3" name="ScrPart_cook" text="his" type="participant"/>
            <label from="1-5" id="4" name="ScrPart_cook" text="wife" type="participant"/>
            <label from="1-8" id="5" name="NPart" text="dessert business" to="1-9" type="participant"/>
            <label from="1-9" id="6" name="NPart" text="business" type="participant"/>
            <label from="1-12" id="7" name="ScrPart_cake" text="cakes" type="participant"/>
            <label from="1-14" id="8" name="ScrPart_cook" text="their" type="participant"/>
            <label from="1-15" id="9" name="NPart" text="specialty" type="participant"/>
            <label from="2-3" id="10" name="ScrPart_cook" text="they" type="participant"/>
            <label from="2-6" id="11" name="ScrPart_cook" text="me" type="participant"/>
            <label from="2-10" id="12" name="ScrPart_cook" text="them" type="participant"/>
            <label from="2-14" id="13" name="NPart" text="shop" type="participant"/>
            <label from="2-19" id="14" name="NPart" text="dollars" type="participant"/>
            <label from="2-21" id="15" name="ScrPart_cook" text="I" type="participant"/>
            <label from="2-24" id="16" name="NPart" text="time" type="participant"/>
            <label from="3-1" id="17" name="ScrPart_cook" text="I" type="participant"/>
            <label from="3-7" id="18" name="No_label" text="it" type="participant"/>
            <label from="4-1" id="19" name="No_label" text="It" type="participant"/>
            <label from="4-6" id="20" name="No_label" text="it" type="participant"/>
            <label from="4-8" id="21" name="NPart" text="fun" type="participant"/>
            <label from="4-11" id="22" name="ScrPart_cook" text="I" type="participant"/>
            <label from="4-15" id="23" name="ScrPart_utensil" text="spoon" type="participant"/>
            <label from="5-3" id="24" name="ScrPart_cook" text="they" type="participant"/>
            <label from="5-8" id="25" name="ScrPart_cake" text="cakes" type="participant"/>
            <label from="5-11" id="26" name="NPart" text="day" type="participant"/>
            <label from="5-14" id="27" name="ScrPart_cook" text="I" type="participant"/>
            <label from="5-19" id="28" name="No_label" text="time" type="participant"/>
            <label from="5-22" id="29" name="ScrPart_cook" text="them" type="participant"/>
            <label from="5-24" id="30" name="ScrPart_cook" text="their" type="participant"/>
            <label from="5-26" id="31" name="NPart" text="order" type="participant"/>
            <label from="6-1" id="32" name="ScrPart_cook" text="I" type="participant"/>
            <label from="6-4" id="33" name="ScrPart_cook" text="my" type="participant"/>
            <label from="6-5" id="34" name="ScrPart_utensil" text="apron" type="participant"/>
            <label from="6-7" id="35" name="ScrPart_cook" text="we" type="participant"/>
            <label from="6-11" id="36" name="ScrPart_ingredients" text="flour" type="participant"/>
            <label from="6-13" id="37" name="ScrPart_ingredients" text="eggs" type="participant"/>
            <label from="6-15" id="38" name="ScrPart_ingredients" text="sugar" type="participant"/>
            <label from="6-17" id="39" name="ScrPart_ingredients" text="butter" type="participant"/>
            <label from="6-20" id="40" name="ScrPart_ingredients" text="cake mix" to="6-21" type="participant"/>
            <label from="6-21" id="41" name="ScrPart_ingredients" text="mix" type="participant"/>
            <label from="7-1" id="42" name="ScrPart_cook" text="We" type="participant"/>
            <label from="7-4" id="43" name="ScrPart_ingredients" text="cake mix" to="7-5" type="participant"/>
            <label from="7-5" id="44" name="ScrPart_ingredients" text="mix" type="participant"/>
            <label from="7-7" id="45" name="ScrPart_ingredients" text="sugar" type="participant"/>
            <label from="7-10" id="46" name="ScrPart_ingredients" text="flour" type="participant"/>
            <label from="7-13" id="47" name="ScrPart_utensil" text="bowl" type="participant"/>
            <label from="7-15" id="48" name="ScrPart_cook" text="we" type="participant"/>
            <label from="7-18" id="49" name="ScrPart_ingredients" text="butter" type="participant"/>
            <label from="7-21" id="50" name="ScrPart_ingredients" text="it" type="participant"/>
            <label from="7-25" id="51" name="ScrPart_ingredients" text="eggs" type="participant"/>
            <label from="7-29" id="52" name="ScrPart_ingredients" text="water" type="participant"/>
            <label from="8-3" id="53" name="ScrPart_cook" text="we" type="participant"/>
            <label from="8-5" id="54" name="ScrPart_ingredients" text="everything" type="participant"/>
            <label from="8-9" id="55" name="ScrPart_utensil" text="beater" type="participant"/>
            <label from="9-1" id="56" name="ScrPart_cook" text="I" type="participant"/>
            <label from="9-9" id="57" name="No_label" text="part" type="participant"/>
            <label from="9-13" id="58" name="ScrPart_cake" text="cake" type="participant"/>
            <label from="10-1" id="59" name="ScrPart_cook" text="I" type="participant"/>
            <label from="10-5" id="60" name="ScrPart_utensil" text="beater things" to="10-6" type="participant"/>
            <label from="10-6" id="61" name="ScrPart_utensil" text="things" type="participant"/>
            <label from="10-9" id="62" name="ScrPart_cook" text="my" type="participant"/>
            <label from="10-10" id="63" name="ScrPart_cook" text="friend" type="participant"/>
            <label from="10-12" id="64" name="ScrPart_cook" text="wife" type="participant"/>
            <label from="10-15" id="65" name="ScrPart_cake_tin" text="pans" type="participant"/>
            <label from="11-1" id="66" name="ScrPart_cook" text="We" type="participant"/>
            <label from="11-5" id="67" name="ScrPart_dough" text="cake batter" to="11-6" type="participant"/>
            <label from="11-9" id="68" name="ScrPart_cake_tin" text="pans" type="participant"/>
            <label from="11-12" id="69" name="ScrPart_dough" text="it" type="participant"/>
            <label from="11-15" id="70" name="ScrPart_oven" text="oven" type="participant"/>
            <label from="11-16" id="71" name="ScrPart_oven" text="which" type="participant"/>
            <label from="11-22" id="72" name="ScrPart_temperature" text="350 degrees" to="11-23" type="participant"/>
            <label from="12-1" id="73" name="ScrPart_cook" text="We" type="participant"/>
            <label from="12-3" id="74" name="ScrPart_cake" text="them" type="participant"/>
            <label from="12-6" id="75" name="ScrPart_oven" text="oven" type="participant"/>
            <label from="12-8" id="76" name="ScrPart_time" text="25 minutes" to="12-9" type="participant"/>
            <label from="12-12" id="77" name="ScrPart_cake" text="they" type="participant"/>
            <label from="12-16" id="78" name="ScrPart_cook" text="we" type="participant"/>
            <label from="12-18" id="79" name="ScrPart_cake" text="them" type="participant"/>
            <label from="12-22" id="80" name="ScrPart_cake" text="them" type="participant"/>
            <label from="12-25" id="81" name="ScrPart_kitchen/location" text="window sill" to="12-26" type="participant"/>
            <label from="12-26" id="82" name="ScrPart_kitchen/location" text="sill" type="participant"/>
            <label from="13-4" id="83" name="NPart" text="smell" type="participant"/>
        </participants>
        <events>
            <label from="1-6" id="84" name="UnrelEv" text="have" type="event"/>
            <label from="1-11" id="85" name="Evoking" text="baking cakes" to="1-12" type="event"/>
            <label from="1-13" id="86" name="UnrelEv" text="is" type="event"/>
            <label from="2-5" id="87" name="UnrelEv" text="call" type="event"/>
            <label from="2-9" id="88" name="UnrelEv" text="help" type="event"/>
            <label from="2-22" id="89" name="UnrelEv" text="have" type="event"/>
            <label from="3-2" id="90" name="UnrelEv" text="am" type="event"/>
            <label from="3-6" id="91" name="UnrelEv" text="doing" type="event"/>
            <label from="4-2" id="92" name="UnrelEv" text="is" type="event"/>
            <label from="4-7" id="93" name="UnrelEv" text="is" type="event"/>
            <label from="4-13" id="94" name="RelNScrEv" text="lick" type="event"/>
            <label from="5-5" id="95" name="Evoking" text="baking a few cakes" to="5-8" type="event"/>
            <label from="5-15" id="96" name="UnrelEv" text="came over" to="5-16" type="event"/>
            <label from="5-21" id="97" name="UnrelEv" text="help" type="event"/>
            <label from="6-2" id="98" name="RelNScrEv" text="put on" to="6-3" type="event"/>
            <label from="6-8" id="99" name="ScrEv_get_ingredients" text="got out" to="6-9" type="event"/>
            <label from="7-2" id="100" name="ScrEv_add_ingredients" text="poured" type="event"/>
            <label from="7-16" id="101" name="ScrEv_prepare_ingredients" text="melted" type="event"/>
            <label from="7-20" id="102" name="ScrEv_add_ingredients" text="mixed" type="event"/>
            <label from="7-28" id="103" name="ScrEv_add_ingredients" text="added" type="event"/>
            <label from="8-4" id="104" name="ScrEv_make_dough" text="mixed" type="event"/>
            <label from="9-2" id="105" name="UnrelEv" text="swear" type="event"/>
            <label from="9-5" id="106" name="UnrelEv" text="is" type="event"/>
            <label from="9-11" id="107" name="Evoking" text="baking a cake" to="9-13" type="event"/>
            <label from="10-2" id="108" name="RelNScrEv" text="licked" type="event"/>
            <label from="10-13" id="109" name="ScrEv_grease_cake_tin" text="greased" type="event"/>
            <label from="11-3" id="110" name="ScrEv_pour_dough" text="pour" type="event"/>
            <label from="11-11" id="111" name="ScrEv_put_cake_oven" text="put" type="event"/>
            <label from="11-20" id="112" name="ScrEv_preheat" text="preheated" type="event"/>
            <label from="12-2" id="113" name="ScrEv_wait" text="left" type="event"/>
            <label from="12-14" id="114" name="ScrEv_wait" text="done" type="event"/>
            <label from="12-17" id="115" name="ScrEv_take_out_oven" text="got" type="event"/>
            <label from="12-21" id="116" name="ScrEv_cool_down" text="put" type="event"/>
            <label from="12-28" id="117" name="ScrEv_cool_down" text="cool" type="event"/>
            <label from="13-5" id="118" name="UnrelEv" text="was" type="event"/>
        </events>
        <chains>
            <chain elements="11 0 8 2 63 3 4 64 10 12 15 24 17 22 27 29 32 30 33 56 59 62"/>
            <chain elements="25 7 58 74 77 79 80"/>
            <chain elements="35 30 33" name="coref_group_I_friend_wife"/>
            <chain elements="42 35 48 53 66 73 78"/>
            <chain elements="46 36"/>
            <chain elements="51 37"/>
            <chain elements="45 38"/>
            <chain elements="49 39 50"/>
            <chain elements="44 41"/>
            <chain elements="68 65"/>
            <chain elements="69 67"/>
            <chain elements="71 70 75"/>
        </chains>
    </annotations>
</story>
