<?xml version="1.0" encoding="UTF-8" standalone="no"?>
<!DOCTYPE story SYSTEM "../InScript.dtd">
<story id="037" scenario="cake">
    <text>
        <content>I love to make cheesecake for my family . 
We have a family recipe that I follow when I cook . 
First I purchase the ingredients at the store and make certain I have everything I need . 
Then I make a crust from scratch in a cake pan , using crumbled cookies , nuts , brown sugar and vanilla flavor . 
I turn on the oven to pre-heat , as my oven is very slow to heat up . 
I use my electric mixer to whip the pats of cream cheese , making sure they are light and fluffy . 
Then I add in eggs , sugar , lemon juice and lemon zest until it is thoroughly combined into a thick liquid . 
I pour the mixture into the prepared cake pan and put it into the preheated oven for about 45 minutes . 
When the cake is slightly brown on top , I remove it from the oven and place it in the refrigerator to cool . 
This usually takes about two hours . 
Then it is ready to serve . </content>
        <sentences>
            <sentence id="1">
                <token content="I" id="1-1">
                    <pos type="PRP"/>
                    <lemma type="I"/>
                    <dep head="1-2" type="nsubj"/>
                </token>
                <token content="love" id="1-2">
                    <pos type="VBP"/>
                    <lemma type="love"/>
                </token>
                <token content="to" id="1-3">
                    <pos type="TO"/>
                    <lemma type="to"/>
                    <dep head="1-4" type="aux"/>
                </token>
                <token content="make" id="1-4">
                    <pos type="VB"/>
                    <lemma type="make"/>
                    <dep head="1-2" type="xcomp"/>
                </token>
                <token content="cheesecake" id="1-5">
                    <pos type="NN"/>
                    <lemma type="cheesecake"/>
                    <dep head="1-4" type="dobj"/>
                </token>
                <token content="for" id="1-6"/>
                <token content="my" id="1-7">
                    <pos type="PRP$"/>
                    <lemma type="my"/>
                </token>
                <token content="family" id="1-8">
                    <pos type="NN"/>
                    <lemma type="family"/>
                    <dep head="1-4" type="prep"/>
                </token>
                <token content="." id="1-9"/>
            </sentence>
            <sentence id="2">
                <token content="We" id="2-1">
                    <pos type="PRP"/>
                    <lemma type="we"/>
                    <dep head="2-2" type="nsubj"/>
                </token>
                <token content="have" id="2-2">
                    <pos type="VBP"/>
                    <lemma type="have"/>
                </token>
                <token content="a" id="2-3">
                    <pos type="DT"/>
                    <lemma type="a"/>
                </token>
                <token content="family" id="2-4">
                    <pos type="NN"/>
                    <lemma type="family"/>
                </token>
                <token content="recipe" id="2-5">
                    <pos type="NN"/>
                    <lemma type="recipe"/>
                    <dep head="2-2" type="dobj"/>
                </token>
                <token content="that" id="2-6">
                    <pos type="IN"/>
                    <lemma type="that"/>
                    <dep head="2-8" type="mark"/>
                </token>
                <token content="I" id="2-7">
                    <pos type="PRP"/>
                    <lemma type="I"/>
                    <dep head="2-8" type="nsubj"/>
                </token>
                <token content="follow" id="2-8">
                    <pos type="VBP"/>
                    <lemma type="follow"/>
                </token>
                <token content="when" id="2-9">
                    <pos type="WRB"/>
                    <lemma type="when"/>
                    <dep head="2-11" type="advmod"/>
                </token>
                <token content="I" id="2-10">
                    <pos type="PRP"/>
                    <lemma type="I"/>
                    <dep head="2-11" type="nsubj"/>
                </token>
                <token content="cook" id="2-11">
                    <pos type="VB"/>
                    <lemma type="cook"/>
                    <dep head="2-8" type="advcl"/>
                </token>
                <token content="." id="2-12"/>
            </sentence>
            <sentence id="3">
                <token content="First" id="3-1">
                    <pos type="NNP"/>
                    <lemma type="First"/>
                    <dep head="3-13" type="nsubj"/>
                </token>
                <token content="I" id="3-2">
                    <pos type="PRP"/>
                    <lemma type="I"/>
                    <dep head="3-3" type="nsubj"/>
                </token>
                <token content="purchase" id="3-3">
                    <pos type="VB"/>
                    <lemma type="purchase"/>
                </token>
                <token content="the" id="3-4">
                    <pos type="DT"/>
                    <lemma type="the"/>
                </token>
                <token content="ingredients" id="3-5">
                    <pos type="NNS"/>
                    <lemma type="ingredient"/>
                    <dep head="3-3" type="dobj"/>
                </token>
                <token content="at" id="3-6"/>
                <token content="the" id="3-7">
                    <pos type="DT"/>
                    <lemma type="the"/>
                </token>
                <token content="store" id="3-8">
                    <pos type="NN"/>
                    <lemma type="store"/>
                    <dep head="3-3" type="prep"/>
                </token>
                <token content="and" id="3-9"/>
                <token content="make" id="3-10">
                    <pos type="VB"/>
                    <lemma type="make"/>
                    <dep head="3-3" type="conj"/>
                </token>
                <token content="certain" id="3-11">
                    <pos type="JJ"/>
                    <lemma type="certain"/>
                    <dep head="3-10" type="prt"/>
                </token>
                <token content="I" id="3-12">
                    <pos type="PRP"/>
                    <lemma type="I"/>
                    <dep head="3-10" type="dobj"/>
                </token>
                <token content="have" id="3-13">
                    <pos type="VBP"/>
                    <lemma type="have"/>
                </token>
                <token content="everything" id="3-14">
                    <pos type="NN"/>
                    <lemma type="everything"/>
                    <dep head="3-13" type="dobj"/>
                </token>
                <token content="I" id="3-15">
                    <pos type="PRP"/>
                    <lemma type="I"/>
                    <dep head="3-16" type="nsubj"/>
                </token>
                <token content="need" id="3-16">
                    <pos type="VBP"/>
                    <lemma type="need"/>
                </token>
                <token content="." id="3-17"/>
            </sentence>
            <sentence id="4">
                <token content="Then" id="4-1">
                    <pos type="RB"/>
                    <lemma type="then"/>
                    <dep head="4-3" type="advmod"/>
                </token>
                <token content="I" id="4-2">
                    <pos type="PRP"/>
                    <lemma type="I"/>
                    <dep head="4-3" type="nsubj"/>
                </token>
                <token content="make" id="4-3">
                    <pos type="VBP"/>
                    <lemma type="make"/>
                </token>
                <token content="a" id="4-4">
                    <pos type="DT"/>
                    <lemma type="a"/>
                </token>
                <token content="crust" id="4-5">
                    <pos type="NN"/>
                    <lemma type="crust"/>
                    <dep head="4-3" type="dobj"/>
                </token>
                <token content="from" id="4-6"/>
                <token content="scratch" id="4-7">
                    <pos type="NN"/>
                    <lemma type="scratch"/>
                    <dep head="4-3" type="prep"/>
                </token>
                <token content="in" id="4-8"/>
                <token content="a" id="4-9">
                    <pos type="DT"/>
                    <lemma type="a"/>
                </token>
                <token content="cake" id="4-10">
                    <pos type="NN"/>
                    <lemma type="cake"/>
                </token>
                <token content="pan" id="4-11">
                    <pos type="NN"/>
                    <lemma type="pan"/>
                </token>
                <token content="," id="4-12"/>
                <token content="using" id="4-13">
                    <pos type="VBG"/>
                    <lemma type="use"/>
                    <dep head="4-3" type="vmod"/>
                </token>
                <token content="crumbled" id="4-14">
                    <pos type="JJ"/>
                    <lemma type="crumbled"/>
                </token>
                <token content="cookies" id="4-15">
                    <pos type="NNS"/>
                    <lemma type="cookie"/>
                    <dep head="4-13" type="dobj"/>
                </token>
                <token content="," id="4-16"/>
                <token content="nuts" id="4-17">
                    <pos type="NNS"/>
                    <lemma type="nut"/>
                </token>
                <token content="," id="4-18"/>
                <token content="brown" id="4-19">
                    <pos type="JJ"/>
                    <lemma type="brown"/>
                </token>
                <token content="sugar" id="4-20">
                    <pos type="NN"/>
                    <lemma type="sugar"/>
                </token>
                <token content="and" id="4-21"/>
                <token content="vanilla" id="4-22">
                    <pos type="NN"/>
                    <lemma type="vanilla"/>
                </token>
                <token content="flavor" id="4-23">
                    <pos type="NN"/>
                    <lemma type="flavor"/>
                </token>
                <token content="." id="4-24"/>
            </sentence>
            <sentence id="5">
                <token content="I" id="5-1">
                    <pos type="PRP"/>
                    <lemma type="I"/>
                    <dep head="5-2" type="nsubj"/>
                </token>
                <token content="turn" id="5-2">
                    <pos type="VBP"/>
                    <lemma type="turn"/>
                </token>
                <token content="on" id="5-3"/>
                <token content="the" id="5-4">
                    <pos type="DT"/>
                    <lemma type="the"/>
                </token>
                <token content="oven" id="5-5">
                    <pos type="NN"/>
                    <lemma type="oven"/>
                    <dep head="5-2" type="prep"/>
                </token>
                <token content="to" id="5-6"/>
                <token content="pre-heat" id="5-7">
                    <pos type="NN"/>
                    <lemma type="pre-heat"/>
                </token>
                <token content="," id="5-8"/>
                <token content="as" id="5-9">
                    <pos type="IN"/>
                    <lemma type="as"/>
                </token>
                <token content="my" id="5-10">
                    <pos type="PRP$"/>
                    <lemma type="my"/>
                </token>
                <token content="oven" id="5-11">
                    <pos type="NN"/>
                    <lemma type="oven"/>
                </token>
                <token content="is" id="5-12">
                    <pos type="VBZ"/>
                    <lemma type="be"/>
                </token>
                <token content="very" id="5-13">
                    <pos type="RB"/>
                    <lemma type="very"/>
                </token>
                <token content="slow" id="5-14">
                    <pos type="JJ"/>
                    <lemma type="slow"/>
                    <dep head="5-2" type="advcl"/>
                </token>
                <token content="to" id="5-15">
                    <pos type="TO"/>
                    <lemma type="to"/>
                    <dep head="5-16" type="aux"/>
                </token>
                <token content="heat" id="5-16">
                    <pos type="VB"/>
                    <lemma type="heat"/>
                </token>
                <token content="up" id="5-17">
                    <pos type="RP"/>
                    <lemma type="up"/>
                    <dep head="5-16" type="prt"/>
                </token>
                <token content="." id="5-18"/>
            </sentence>
            <sentence id="6">
                <token content="I" id="6-1">
                    <pos type="PRP"/>
                    <lemma type="I"/>
                    <dep head="6-2" type="nsubj"/>
                </token>
                <token content="use" id="6-2">
                    <pos type="VBP"/>
                    <lemma type="use"/>
                </token>
                <token content="my" id="6-3">
                    <pos type="PRP$"/>
                    <lemma type="my"/>
                </token>
                <token content="electric" id="6-4">
                    <pos type="JJ"/>
                    <lemma type="electric"/>
                </token>
                <token content="mixer" id="6-5">
                    <pos type="NN"/>
                    <lemma type="mixer"/>
                    <dep head="6-2" type="dobj"/>
                </token>
                <token content="to" id="6-6">
                    <pos type="TO"/>
                    <lemma type="to"/>
                    <dep head="6-7" type="aux"/>
                </token>
                <token content="whip" id="6-7">
                    <pos type="VB"/>
                    <lemma type="whip"/>
                    <dep head="6-2" type="vmod"/>
                </token>
                <token content="the" id="6-8">
                    <pos type="DT"/>
                    <lemma type="the"/>
                </token>
                <token content="pats" id="6-9">
                    <pos type="NNS"/>
                    <lemma type="pat"/>
                    <dep head="6-7" type="dobj"/>
                </token>
                <token content="of" id="6-10"/>
                <token content="cream" id="6-11">
                    <pos type="NN"/>
                    <lemma type="cream"/>
                </token>
                <token content="cheese" id="6-12">
                    <pos type="NN"/>
                    <lemma type="cheese"/>
                </token>
                <token content="," id="6-13"/>
                <token content="making" id="6-14">
                    <pos type="VBG"/>
                    <lemma type="make"/>
                    <dep head="6-7" type="vmod"/>
                </token>
                <token content="sure" id="6-15">
                    <pos type="JJ"/>
                    <lemma type="sure"/>
                    <dep head="6-14" type="acomp"/>
                </token>
                <token content="they" id="6-16">
                    <pos type="PRP"/>
                    <lemma type="they"/>
                </token>
                <token content="are" id="6-17">
                    <pos type="VBP"/>
                    <lemma type="be"/>
                </token>
                <token content="light" id="6-18">
                    <pos type="JJ"/>
                    <lemma type="light"/>
                </token>
                <token content="and" id="6-19"/>
                <token content="fluffy" id="6-20">
                    <pos type="JJ"/>
                    <lemma type="fluffy"/>
                </token>
                <token content="." id="6-21"/>
            </sentence>
            <sentence id="7">
                <token content="Then" id="7-1">
                    <pos type="RB"/>
                    <lemma type="then"/>
                    <dep head="7-3" type="advmod"/>
                </token>
                <token content="I" id="7-2">
                    <pos type="PRP"/>
                    <lemma type="I"/>
                    <dep head="7-3" type="nsubj"/>
                </token>
                <token content="add" id="7-3">
                    <pos type="VBP"/>
                    <lemma type="add"/>
                </token>
                <token content="in" id="7-4"/>
                <token content="eggs" id="7-5">
                    <pos type="NNS"/>
                    <lemma type="egg"/>
                    <dep head="7-3" type="prep"/>
                </token>
                <token content="," id="7-6"/>
                <token content="sugar" id="7-7">
                    <pos type="NN"/>
                    <lemma type="sugar"/>
                </token>
                <token content="," id="7-8"/>
                <token content="lemon" id="7-9">
                    <pos type="JJ"/>
                    <lemma type="lemon"/>
                </token>
                <token content="juice" id="7-10">
                    <pos type="NN"/>
                    <lemma type="juice"/>
                </token>
                <token content="and" id="7-11"/>
                <token content="lemon" id="7-12">
                    <pos type="JJ"/>
                    <lemma type="lemon"/>
                </token>
                <token content="zest" id="7-13">
                    <pos type="NN"/>
                    <lemma type="zest"/>
                </token>
                <token content="until" id="7-14">
                    <pos type="IN"/>
                    <lemma type="until"/>
                    <dep head="7-18" type="mark"/>
                </token>
                <token content="it" id="7-15">
                    <pos type="PRP"/>
                    <lemma type="it"/>
                    <dep head="7-18" type="nsubjpass"/>
                </token>
                <token content="is" id="7-16">
                    <pos type="VBZ"/>
                    <lemma type="be"/>
                    <dep head="7-18" type="auxpass"/>
                </token>
                <token content="thoroughly" id="7-17">
                    <pos type="RB"/>
                    <lemma type="thoroughly"/>
                    <dep head="7-18" type="advmod"/>
                </token>
                <token content="combined" id="7-18">
                    <pos type="VBN"/>
                    <lemma type="combine"/>
                    <dep head="7-3" type="advcl"/>
                </token>
                <token content="into" id="7-19"/>
                <token content="a" id="7-20">
                    <pos type="DT"/>
                    <lemma type="a"/>
                </token>
                <token content="thick" id="7-21">
                    <pos type="JJ"/>
                    <lemma type="thick"/>
                </token>
                <token content="liquid" id="7-22">
                    <pos type="NN"/>
                    <lemma type="liquid"/>
                    <dep head="7-18" type="prep"/>
                </token>
                <token content="." id="7-23"/>
            </sentence>
            <sentence id="8">
                <token content="I" id="8-1">
                    <pos type="PRP"/>
                    <lemma type="I"/>
                    <dep head="8-2" type="nsubj"/>
                </token>
                <token content="pour" id="8-2">
                    <pos type="VBP"/>
                    <lemma type="pour"/>
                </token>
                <token content="the" id="8-3">
                    <pos type="DT"/>
                    <lemma type="the"/>
                </token>
                <token content="mixture" id="8-4">
                    <pos type="NN"/>
                    <lemma type="mixture"/>
                    <dep head="8-9" type="nsubj"/>
                </token>
                <token content="into" id="8-5"/>
                <token content="the" id="8-6">
                    <pos type="DT"/>
                    <lemma type="the"/>
                </token>
                <token content="prepared" id="8-7">
                    <pos type="JJ"/>
                    <lemma type="prepared"/>
                </token>
                <token content="cake" id="8-8">
                    <pos type="NN"/>
                    <lemma type="cake"/>
                </token>
                <token content="pan" id="8-9">
                    <pos type="VB"/>
                    <lemma type="pan"/>
                    <dep head="8-2" type="ccomp"/>
                </token>
                <token content="and" id="8-10"/>
                <token content="put" id="8-11">
                    <pos type="VB"/>
                    <lemma type="put"/>
                    <dep head="8-9" type="conj"/>
                </token>
                <token content="it" id="8-12">
                    <pos type="PRP"/>
                    <lemma type="it"/>
                    <dep head="8-9" type="dobj"/>
                </token>
                <token content="into" id="8-13"/>
                <token content="the" id="8-14">
                    <pos type="DT"/>
                    <lemma type="the"/>
                </token>
                <token content="preheated" id="8-15">
                    <pos type="JJ"/>
                    <lemma type="preheated"/>
                </token>
                <token content="oven" id="8-16">
                    <pos type="NN"/>
                    <lemma type="oven"/>
                    <dep head="8-9" type="prep"/>
                </token>
                <token content="for" id="8-17"/>
                <token content="about" id="8-18">
                    <pos type="RB"/>
                    <lemma type="about"/>
                </token>
                <token content="45" id="8-19">
                    <pos type="CD"/>
                    <lemma type="45"/>
                </token>
                <token content="minutes" id="8-20">
                    <pos type="NNS"/>
                    <lemma type="minute"/>
                </token>
                <token content="." id="8-21"/>
            </sentence>
            <sentence id="9">
                <token content="When" id="9-1">
                    <pos type="WRB"/>
                    <lemma type="when"/>
                </token>
                <token content="the" id="9-2">
                    <pos type="DT"/>
                    <lemma type="the"/>
                </token>
                <token content="cake" id="9-3">
                    <pos type="NN"/>
                    <lemma type="cake"/>
                </token>
                <token content="is" id="9-4">
                    <pos type="VBZ"/>
                    <lemma type="be"/>
                </token>
                <token content="slightly" id="9-5">
                    <pos type="RB"/>
                    <lemma type="slightly"/>
                </token>
                <token content="brown" id="9-6">
                    <pos type="JJ"/>
                    <lemma type="brown"/>
                    <dep head="9-11" type="advcl"/>
                </token>
                <token content="on" id="9-7"/>
                <token content="top" id="9-8">
                    <pos type="NN"/>
                    <lemma type="top"/>
                </token>
                <token content="," id="9-9"/>
                <token content="I" id="9-10">
                    <pos type="PRP"/>
                    <lemma type="I"/>
                    <dep head="9-11" type="nsubj"/>
                </token>
                <token content="remove" id="9-11">
                    <pos type="VB"/>
                    <lemma type="remove"/>
                </token>
                <token content="it" id="9-12">
                    <pos type="PRP"/>
                    <lemma type="it"/>
                    <dep head="9-11" type="dobj"/>
                </token>
                <token content="from" id="9-13"/>
                <token content="the" id="9-14">
                    <pos type="DT"/>
                    <lemma type="the"/>
                </token>
                <token content="oven" id="9-15">
                    <pos type="NN"/>
                    <lemma type="oven"/>
                    <dep head="9-11" type="prep"/>
                </token>
                <token content="and" id="9-16"/>
                <token content="place" id="9-17">
                    <pos type="VB"/>
                    <lemma type="place"/>
                    <dep head="9-11" type="conj"/>
                </token>
                <token content="it" id="9-18">
                    <pos type="PRP"/>
                    <lemma type="it"/>
                    <dep head="9-17" type="dobj"/>
                </token>
                <token content="in" id="9-19"/>
                <token content="the" id="9-20">
                    <pos type="DT"/>
                    <lemma type="the"/>
                </token>
                <token content="refrigerator" id="9-21">
                    <pos type="NN"/>
                    <lemma type="refrigerator"/>
                    <dep head="9-17" type="prep"/>
                </token>
                <token content="to" id="9-22">
                    <pos type="TO"/>
                    <lemma type="to"/>
                    <dep head="9-23" type="aux"/>
                </token>
                <token content="cool" id="9-23">
                    <pos type="VB"/>
                    <lemma type="cool"/>
                </token>
                <token content="." id="9-24"/>
            </sentence>
            <sentence id="10">
                <token content="This" id="10-1">
                    <pos type="DT"/>
                    <lemma type="this"/>
                    <dep head="10-3" type="nsubj"/>
                </token>
                <token content="usually" id="10-2">
                    <pos type="RB"/>
                    <lemma type="usually"/>
                    <dep head="10-3" type="advmod"/>
                </token>
                <token content="takes" id="10-3">
                    <pos type="VBZ"/>
                    <lemma type="take"/>
                </token>
                <token content="about" id="10-4"/>
                <token content="two" id="10-5">
                    <pos type="CD"/>
                    <lemma type="two"/>
                </token>
                <token content="hours" id="10-6">
                    <pos type="NNS"/>
                    <lemma type="hour"/>
                    <dep head="10-3" type="prep"/>
                </token>
                <token content="." id="10-7"/>
            </sentence>
            <sentence id="11">
                <token content="Then" id="11-1">
                    <pos type="RB"/>
                    <lemma type="then"/>
                </token>
                <token content="it" id="11-2">
                    <pos type="PRP"/>
                    <lemma type="it"/>
                </token>
                <token content="is" id="11-3">
                    <pos type="VBZ"/>
                    <lemma type="be"/>
                </token>
                <token content="ready" id="11-4">
                    <pos type="JJ"/>
                    <lemma type="ready"/>
                </token>
                <token content="to" id="11-5">
                    <pos type="TO"/>
                    <lemma type="to"/>
                    <dep head="11-6" type="aux"/>
                </token>
                <token content="serve" id="11-6">
                    <pos type="VB"/>
                    <lemma type="serve"/>
                </token>
                <token content="." id="11-7"/>
            </sentence>
        </sentences>
    </text>
    <annotations>
        <participants>
            <label from="1-1" id="0" name="ScrPart_cook" text="I" type="participant"/>
            <label from="1-5" id="1" name="ScrPart_cake" text="cheesecake" type="participant"/>
            <label from="1-7" id="2" name="ScrPart_cook" text="my" type="participant"/>
            <label from="1-8" id="3" name="ScrPart_beneficiary" text="family" type="participant"/>
            <label from="2-1" id="4" name="Unclear" text="We" type="participant"/>
            <label from="2-4" id="5" name="ScrPart_baking_instructions" text="family recipe" to="2-5" type="participant"/>
            <label from="2-5" id="6" name="ScrPart_baking_instructions" text="recipe" type="participant"/>
            <label from="2-7" id="7" name="ScrPart_cook" text="I" type="participant"/>
            <label from="2-10" id="8" name="ScrPart_cook" text="I" type="participant"/>
            <label from="3-2" id="9" name="ScrPart_cook" text="I" type="participant"/>
            <label from="3-5" id="10" name="ScrPart_ingredients" text="ingredients" type="participant"/>
            <label from="3-8" id="11" name="ScrPart_store" text="store" type="participant"/>
            <label from="3-12" id="12" name="ScrPart_cook" text="I" type="participant"/>
            <label from="3-14" id="13" name="No_label" text="everything" type="participant"/>
            <label from="3-15" id="14" name="ScrPart_cook" text="I" type="participant"/>
            <label from="4-2" id="15" name="ScrPart_cook" text="I" type="participant"/>
            <label from="4-5" id="16" name="NPart" text="crust" type="participant"/>
            <label from="4-7" id="17" name="No_label" text="scratch" type="participant"/>
            <label from="4-10" id="18" name="ScrPart_cake_tin" text="cake pan" to="4-11" type="participant"/>
            <label from="4-11" id="19" name="ScrPart_cake_tin" text="pan" type="participant"/>
            <label from="4-15" id="20" name="ScrPart_ingredients" text="cookies" type="participant"/>
            <label from="4-17" id="21" name="ScrPart_ingredients" text="nuts" type="participant"/>
            <label from="4-20" id="22" name="ScrPart_ingredients" text="sugar" type="participant"/>
            <label from="4-22" id="23" name="ScrPart_ingredients" text="vanilla flavor" to="4-23" type="participant"/>
            <label from="4-23" id="24" name="ScrPart_ingredients" text="flavor" type="participant"/>
            <label from="5-1" id="25" name="ScrPart_cook" text="I" type="participant"/>
            <label from="5-5" id="26" name="ScrPart_oven" text="oven" type="participant"/>
            <label from="5-10" id="27" name="ScrPart_cook" text="my" type="participant"/>
            <label from="5-11" id="28" name="ScrPart_oven" text="oven" type="participant"/>
            <label from="6-1" id="29" name="ScrPart_cook" text="I" type="participant"/>
            <label from="6-3" id="30" name="ScrPart_cook" text="my" type="participant"/>
            <label from="6-5" id="31" name="ScrPart_utensil" text="mixer" type="participant"/>
            <label from="6-9" id="32" name="NPart" text="pats" type="participant"/>
            <label from="6-11" id="33" name="ScrPart_ingredients" text="cream cheese" to="6-12" type="participant"/>
            <label from="6-12" id="34" name="ScrPart_ingredients" text="cheese" type="participant"/>
            <label from="6-16" id="35" name="NPart" text="they" type="participant"/>
            <label from="7-2" id="36" name="ScrPart_cook" text="I" type="participant"/>
            <label from="7-5" id="37" name="ScrPart_ingredients" text="eggs" type="participant"/>
            <label from="7-7" id="38" name="ScrPart_ingredients" text="sugar" type="participant"/>
            <label from="7-9" id="39" name="ScrPart_ingredients" text="lemon juice" to="7-10" type="participant"/>
            <label from="7-10" id="40" name="ScrPart_ingredients" text="juice" type="participant"/>
            <label from="7-12" id="41" name="ScrPart_ingredients" text="lemon zest" to="7-13" type="participant"/>
            <label from="7-13" id="42" name="ScrPart_ingredients" text="zest" type="participant"/>
            <label from="7-15" id="43" name="ScrPart_dough" text="it" type="participant"/>
            <label from="7-22" id="44" name="ScrPart_dough" text="liquid" type="participant"/>
            <label from="8-1" id="45" name="ScrPart_cook" text="I" type="participant"/>
            <label from="8-4" id="46" name="ScrPart_dough" text="mixture" type="participant"/>
            <label from="8-8" id="47" name="ScrPart_cake_tin" text="cake pan" to="8-9" type="participant"/>
            <label from="8-9" id="48" name="ScrPart_cake_tin" text="pan" type="participant"/>
            <label from="8-12" id="49" name="ScrPart_cake_tin" text="it" type="participant"/>
            <label from="8-16" id="50" name="ScrPart_oven" text="oven" type="participant"/>
            <label from="8-20" id="51" name="ScrPart_time" text="minutes" type="participant"/>
            <label from="9-3" id="52" name="ScrPart_cake" text="cake" type="participant"/>
            <label from="9-10" id="53" name="ScrPart_cook" text="I" type="participant"/>
            <label from="9-12" id="54" name="ScrPart_cake" text="it" type="participant"/>
            <label from="9-15" id="55" name="ScrPart_oven" text="oven" type="participant"/>
            <label from="9-18" id="56" name="ScrPart_cake" text="it" type="participant"/>
            <label from="9-21" id="57" name="NPart" text="refrigerator" type="participant"/>
            <label from="10-6" id="58" name="ScrPart_time" text="hours" type="participant"/>
            <label from="11-2" id="59" name="ScrPart_cake" text="it" type="participant"/>
        </participants>
        <events>
            <label from="1-2" id="60" name="UnrelEv" text="love" type="event"/>
            <label from="1-4" id="61" name="Evoking" text="make cheesecake" to="1-5" type="event"/>
            <label from="2-2" id="62" name="UnrelEv" text="have" type="event"/>
            <label from="2-8" id="63" name="UnrelEv" text="follow" type="event"/>
            <label from="2-11" id="64" name="Evoking" text="cook" type="event"/>
            <label from="3-3" id="65" name="ScrEv_get_ingredients" text="purchase" type="event"/>
            <label from="3-10" id="66" name="RelNScrEv" text="make certain" to="3-11" type="event"/>
            <label from="3-16" id="67" name="UnrelEv" text="need" type="event"/>
            <label from="4-3" id="68" name="UnrelEv" text="make" type="event"/>
            <label from="4-13" id="69" name="UnrelEv" text="using" type="event"/>
            <label from="5-2" id="70" name="ScrEv_preheat" text="turn on" to="5-3" type="event"/>
            <label from="5-7" id="71" name="ScrEv_preheat" text="pre-heat" type="event"/>
            <label from="5-16" id="72" name="ScrEv_preheat" text="heat up" to="5-17" type="event"/>
            <label from="6-2" id="73" name="UnrelEv" text="use" type="event"/>
            <label from="6-7" id="74" name="ScrEv_prepare_ingredients" text="whip" type="event"/>
            <label from="6-14" id="75" name="UnrelEv" text="making sure" to="6-15" type="event"/>
            <label from="7-3" id="76" name="ScrEv_add_ingredients" text="add" type="event"/>
            <label from="7-18" id="77" name="ScrEv_prepare_ingredients" text="combined" type="event"/>
            <label from="8-2" id="78" name="ScrEv_pour_dough" text="pour" type="event"/>
            <label from="8-7" id="79" name="ScrEv_grease_cake_tin" text="prepared" type="event"/>
            <label from="8-11" id="80" name="ScrEv_put_cake_oven" text="put" type="event"/>
            <label from="8-15" id="81" name="ScrEv_preheat" text="preheated" type="event"/>
            <label from="9-4" id="82" name="UnrelEv" text="is" type="event"/>
            <label from="9-11" id="83" name="ScrEv_take_out_oven" text="remove" type="event"/>
            <label from="9-17" id="84" name="RelNScrEv" text="place" type="event"/>
            <label from="9-23" id="85" name="ScrEv_cool_down" text="cool" type="event"/>
            <label from="10-3" id="86" name="ScrEv_wait" text="takes" type="event"/>
            <label from="11-3" id="87" name="UnrelEv" text="is" type="event"/>
            <label from="11-6" id="88" name="ScrEv_eat" text="serve" type="event"/>
        </events>
        <chains>
            <chain elements="0 2 7 8 9 12 14 15 25 27 29 30 36 45 53"/>
            <chain elements="4 2 3" name="group_I_family"/>
            <chain elements="26 28 50 55"/>
            <chain elements="43 44 46"/>
            <chain elements="19 48 49"/>
            <chain elements="1 52 54 56 59"/>
        </chains>
    </annotations>
</story>
