<scripts><script id="1" source="1"><item slot="1" original="Call to a friend to confirm the location and time" ></item>
<item slot="2" original="Inform family members about the death and time and place of funeral" ></item>
<item slot="3" original="Get into the car" ></item>
<item slot="4" original="Drive to the place of funeral" ></item>
<item slot="5" original="Meet the relatives of the person died" ></item>
<item slot="6" original="Attend the funeral activities" ></item>
<item slot="7" original="Leave the place when completed" ></item>
</script><script id="2" source="1"><item slot="1" original="Get some flowers" ></item>
<item slot="2" original="Put on some appropriate clothes" ></item>
<item slot="3" original="Get in the car" ></item>
<item slot="4" original="Drive to the funeral" ></item>
<item slot="5" original="Greet loved ones" ></item>
<item slot="6" original="Go through the service" ></item>
<item slot="7" original="Stand around and talk afterwards" ></item>
</script><script id="3" source="1"><item slot="1" original="Getting dressed properly" ></item>
<item slot="2" original="Purchasing a flower or suitable gift" ></item>
<item slot="3" original="Driving (going) to the funeral" ></item>
<item slot="4" original="Attend the event" ></item>
<item slot="5" original="Leaving the event" ></item>
</script><script id="4" source="1"><item slot="1" original="Determine time and location of funeral" ></item>
<item slot="2" original="Go to funeral location" ></item>
<item slot="3" original="Sign guest book, if available" ></item>
<item slot="4" original="If the family is available before the funeral, offer condolences" ></item>
<item slot="5" original="Find a seat" ></item>
<item slot="6" original="Listen" ></item>
<item slot="7" original="If condolences were not offered to family before, offer now" ></item>
<item slot="8" original="Leave" ></item>
</script><script id="5" source="1"><item slot="1" original="Dress in nice black outfit" ></item>
<item slot="2" original="Go to funeral home" ></item>
<item slot="3" original="View body and give condolences to family" ></item>
<item slot="4" original="Go to funeral service" ></item>
<item slot="5" original="After service, follow funeral procession to cemetery " ></item>
<item slot="6" original="Watch burial of body" ></item>
<item slot="7" original="Lay flowers " ></item>
<item slot="8" original="Leave service " ></item>
</script><script id="6" source="1"><item slot="1" original="Go to funeral home" ></item>
<item slot="2" original="Give condolences" ></item>
<item slot="3" original="Find a seat" ></item>
<item slot="4" original="Listen to funeral service" ></item>
<item slot="5" original="Get in car" ></item>
<item slot="6" original="Follow procession to cemetery " ></item>
<item slot="7" original="Watch burial" ></item>
<item slot="8" original="Go home" ></item>
</script><script id="7" source="1"><item slot="1" original="dress in a somber outfit for the funeral" ></item>
<item slot="2" original="drive to the church" ></item>
<item slot="3" original="attend ceremony" ></item>
<item slot="4" original="give condolences to family of departed" ></item>
<item slot="5" original="drive to cemetery" ></item>
<item slot="6" original="attend grave side ceremony" ></item>
<item slot="7" original="throw dirt on coffin" ></item>
<item slot="8" original="give condolences to family" ></item>
<item slot="9" original="drive home" ></item>
<item slot="10" original="change clothes " ></item>
</script><script id="8" source="1"><item slot="1" original="Get dressed in all black" ></item>
<item slot="2" original="Put Kleenix in purse" ></item>
<item slot="3" original="Drive to the funeral" ></item>
<item slot="4" original="Pay respects to others" ></item>
<item slot="5" original="Listen to the eulogy" ></item>
<item slot="6" original="Cry" ></item>
<item slot="7" original="Talk about memories " ></item>
<item slot="8" original="Drive home" ></item>
</script></scripts>