<?xml version="1.0" encoding="UTF-8" standalone="no"?>
<!DOCTYPE story SYSTEM "../InScript.dtd">
<story id="019" scenario="flight">
    <text>
        <content>When I was a kid , my dad was a licensed pilot and he had a small plane . 
It seated 4 . 
He lived in a small town about 2 hours by car north of the larger town when we kids lived with our mom . 
We would go visit my dad every other weekend . 
My grandfather was a pilot too and had a small plane . 
His was smaller , though , and only seated 2 people . 
It was fun to fly in because I got to sit in front and see out the front and watch him work the controls . 
When we flew with my dad , my stepmother sat in the front seat and all three of us kids sat in the back seat . 
We were small , so we all fit . 
There was n't much room for luggage , but my dad would load the luggage behind the back seat . 
Then he would do the preflight checks . 
Some of these were outside the plane , but most of them were done from the inside . 
He would radio the tower and ask for permission to take off . 
This was always very exciting . 
The takeoff was a little scary because in a plane that small you could really feel the wind and the forces of the take off . 
The flight itself was fairly boring because you could n't really see anything from the back . 
Sadly , I had bad motion sickness , and my main memory of the landings is throwing up down the back of my dad 's neck . </content>
        <sentences>
            <sentence id="1">
                <token content="When" id="1-1">
                    <pos type="WRB"/>
                    <lemma type="when"/>
                </token>
                <token content="I" id="1-2">
                    <pos type="PRP"/>
                    <lemma type="I"/>
                </token>
                <token content="was" id="1-3">
                    <pos type="VBD"/>
                    <lemma type="be"/>
                </token>
                <token content="a" id="1-4">
                    <pos type="DT"/>
                    <lemma type="a"/>
                </token>
                <token content="kid" id="1-5">
                    <pos type="NN"/>
                    <lemma type="kid"/>
                </token>
                <token content="," id="1-6"/>
                <token content="my" id="1-7">
                    <pos type="PRP$"/>
                    <lemma type="my"/>
                </token>
                <token content="dad" id="1-8">
                    <pos type="NN"/>
                    <lemma type="dad"/>
                </token>
                <token content="was" id="1-9">
                    <pos type="VBD"/>
                    <lemma type="be"/>
                </token>
                <token content="a" id="1-10">
                    <pos type="DT"/>
                    <lemma type="a"/>
                </token>
                <token content="licensed" id="1-11">
                    <pos type="JJ"/>
                    <lemma type="licensed"/>
                </token>
                <token content="pilot" id="1-12">
                    <pos type="NN"/>
                    <lemma type="pilot"/>
                </token>
                <token content="and" id="1-13"/>
                <token content="he" id="1-14">
                    <pos type="PRP"/>
                    <lemma type="he"/>
                    <dep head="1-15" type="nsubj"/>
                </token>
                <token content="had" id="1-15">
                    <pos type="VBD"/>
                    <lemma type="have"/>
                </token>
                <token content="a" id="1-16">
                    <pos type="DT"/>
                    <lemma type="a"/>
                </token>
                <token content="small" id="1-17">
                    <pos type="JJ"/>
                    <lemma type="small"/>
                </token>
                <token content="plane" id="1-18">
                    <pos type="NN"/>
                    <lemma type="plane"/>
                    <dep head="1-15" type="dobj"/>
                </token>
                <token content="." id="1-19"/>
            </sentence>
            <sentence id="2">
                <token content="It" id="2-1">
                    <pos type="PRP"/>
                    <lemma type="it"/>
                    <dep head="2-2" type="nsubj"/>
                </token>
                <token content="seated" id="2-2">
                    <pos type="VBN"/>
                    <lemma type="seat"/>
                </token>
                <token content="4" id="2-3">
                    <pos type="CD"/>
                    <lemma type="4"/>
                    <dep head="2-2" type="dobj"/>
                </token>
                <token content="." id="2-4"/>
            </sentence>
            <sentence id="3">
                <token content="He" id="3-1">
                    <pos type="PRP"/>
                    <lemma type="he"/>
                    <dep head="3-2" type="nsubj"/>
                </token>
                <token content="lived" id="3-2">
                    <pos type="VBD"/>
                    <lemma type="live"/>
                </token>
                <token content="in" id="3-3"/>
                <token content="a" id="3-4">
                    <pos type="DT"/>
                    <lemma type="a"/>
                </token>
                <token content="small" id="3-5">
                    <pos type="JJ"/>
                    <lemma type="small"/>
                </token>
                <token content="town" id="3-6">
                    <pos type="NN"/>
                    <lemma type="town"/>
                    <dep head="3-2" type="prep"/>
                </token>
                <token content="about" id="3-7">
                    <pos type="RB"/>
                    <lemma type="about"/>
                </token>
                <token content="2" id="3-8">
                    <pos type="CD"/>
                    <lemma type="2"/>
                </token>
                <token content="hours" id="3-9">
                    <pos type="NNS"/>
                    <lemma type="hour"/>
                    <dep head="3-2" type="npadvmod"/>
                </token>
                <token content="by" id="3-10"/>
                <token content="car" id="3-11">
                    <pos type="NN"/>
                    <lemma type="car"/>
                </token>
                <token content="north" id="3-12">
                    <pos type="NN"/>
                    <lemma type="north"/>
                    <dep head="3-2" type="prep"/>
                </token>
                <token content="of" id="3-13"/>
                <token content="the" id="3-14">
                    <pos type="DT"/>
                    <lemma type="the"/>
                </token>
                <token content="larger" id="3-15">
                    <pos type="JJR"/>
                    <lemma type="larger"/>
                </token>
                <token content="town" id="3-16">
                    <pos type="NN"/>
                    <lemma type="town"/>
                </token>
                <token content="when" id="3-17">
                    <pos type="WRB"/>
                    <lemma type="when"/>
                    <dep head="3-20" type="advmod"/>
                </token>
                <token content="we" id="3-18">
                    <pos type="PRP"/>
                    <lemma type="we"/>
                </token>
                <token content="kids" id="3-19">
                    <pos type="NNS"/>
                    <lemma type="kid"/>
                    <dep head="3-20" type="nsubj"/>
                </token>
                <token content="lived" id="3-20">
                    <pos type="VBD"/>
                    <lemma type="live"/>
                </token>
                <token content="with" id="3-21"/>
                <token content="our" id="3-22">
                    <pos type="PRP$"/>
                    <lemma type="we"/>
                </token>
                <token content="mom" id="3-23">
                    <pos type="NN"/>
                    <lemma type="mom"/>
                    <dep head="3-20" type="prep"/>
                </token>
                <token content="." id="3-24"/>
            </sentence>
            <sentence id="4">
                <token content="We" id="4-1">
                    <pos type="PRP"/>
                    <lemma type="we"/>
                    <dep head="4-3" type="nsubj"/>
                </token>
                <token content="would" id="4-2">
                    <pos type="MD"/>
                    <lemma type="would"/>
                    <dep head="4-3" type="aux"/>
                </token>
                <token content="go" id="4-3">
                    <pos type="VB"/>
                    <lemma type="go"/>
                </token>
                <token content="visit" id="4-4">
                    <pos type="VB"/>
                    <lemma type="visit"/>
                    <dep head="4-3" type="xcomp"/>
                </token>
                <token content="my" id="4-5">
                    <pos type="PRP$"/>
                    <lemma type="my"/>
                </token>
                <token content="dad" id="4-6">
                    <pos type="NN"/>
                    <lemma type="dad"/>
                    <dep head="4-4" type="dep"/>
                </token>
                <token content="every" id="4-7">
                    <pos type="DT"/>
                    <lemma type="every"/>
                </token>
                <token content="other" id="4-8">
                    <pos type="JJ"/>
                    <lemma type="other"/>
                </token>
                <token content="weekend" id="4-9">
                    <pos type="NN"/>
                    <lemma type="weekend"/>
                    <dep head="4-4" type="dobj"/>
                </token>
                <token content="." id="4-10"/>
            </sentence>
            <sentence id="5">
                <token content="My" id="5-1">
                    <pos type="PRP$"/>
                    <lemma type="my"/>
                </token>
                <token content="grandfather" id="5-2">
                    <pos type="NN"/>
                    <lemma type="grandfather"/>
                    <dep head="5-3" type="nsubj"/>
                </token>
                <token content="was" id="5-3">
                    <pos type="VBD"/>
                    <lemma type="be"/>
                </token>
                <token content="a" id="5-4">
                    <pos type="DT"/>
                    <lemma type="a"/>
                </token>
                <token content="pilot" id="5-5">
                    <pos type="NN"/>
                    <lemma type="pilot"/>
                </token>
                <token content="too" id="5-6">
                    <pos type="RB"/>
                    <lemma type="too"/>
                    <dep head="5-3" type="advmod"/>
                </token>
                <token content="and" id="5-7"/>
                <token content="had" id="5-8">
                    <pos type="VBD"/>
                    <lemma type="have"/>
                    <dep head="5-3" type="conj"/>
                </token>
                <token content="a" id="5-9">
                    <pos type="DT"/>
                    <lemma type="a"/>
                </token>
                <token content="small" id="5-10">
                    <pos type="JJ"/>
                    <lemma type="small"/>
                </token>
                <token content="plane" id="5-11">
                    <pos type="NN"/>
                    <lemma type="plane"/>
                    <dep head="5-8" type="dobj"/>
                </token>
                <token content="." id="5-12"/>
            </sentence>
            <sentence id="6">
                <token content="His" id="6-1">
                    <pos type="PRP$"/>
                    <lemma type="he"/>
                </token>
                <token content="was" id="6-2">
                    <pos type="VBD"/>
                    <lemma type="be"/>
                </token>
                <token content="smaller" id="6-3">
                    <pos type="JJR"/>
                    <lemma type="smaller"/>
                </token>
                <token content="," id="6-4"/>
                <token content="though" id="6-5">
                    <pos type="RB"/>
                    <lemma type="though"/>
                </token>
                <token content="," id="6-6"/>
                <token content="and" id="6-7"/>
                <token content="only" id="6-8">
                    <pos type="RB"/>
                    <lemma type="only"/>
                    <dep head="6-9" type="advmod"/>
                </token>
                <token content="seated" id="6-9">
                    <pos type="VBN"/>
                    <lemma type="seat"/>
                </token>
                <token content="2" id="6-10">
                    <pos type="CD"/>
                    <lemma type="2"/>
                </token>
                <token content="people" id="6-11">
                    <pos type="NNS"/>
                    <lemma type="people"/>
                    <dep head="6-9" type="dobj"/>
                </token>
                <token content="." id="6-12"/>
            </sentence>
            <sentence id="7">
                <token content="It" id="7-1">
                    <pos type="PRP"/>
                    <lemma type="it"/>
                </token>
                <token content="was" id="7-2">
                    <pos type="VBD"/>
                    <lemma type="be"/>
                </token>
                <token content="fun" id="7-3">
                    <pos type="NN"/>
                    <lemma type="fun"/>
                </token>
                <token content="to" id="7-4">
                    <pos type="TO"/>
                    <lemma type="to"/>
                    <dep head="7-5" type="aux"/>
                </token>
                <token content="fly" id="7-5">
                    <pos type="VB"/>
                    <lemma type="fly"/>
                </token>
                <token content="in" id="7-6">
                    <pos type="RP"/>
                    <lemma type="in"/>
                    <dep head="7-5" type="prt"/>
                </token>
                <token content="because" id="7-7">
                    <pos type="IN"/>
                    <lemma type="because"/>
                    <dep head="7-9" type="mark"/>
                </token>
                <token content="I" id="7-8">
                    <pos type="PRP"/>
                    <lemma type="I"/>
                    <dep head="7-9" type="nsubj"/>
                </token>
                <token content="got" id="7-9">
                    <pos type="VBD"/>
                    <lemma type="get"/>
                    <dep head="7-5" type="advcl"/>
                </token>
                <token content="to" id="7-10">
                    <pos type="TO"/>
                    <lemma type="to"/>
                    <dep head="7-11" type="aux"/>
                </token>
                <token content="sit" id="7-11">
                    <pos type="VB"/>
                    <lemma type="sit"/>
                    <dep head="7-9" type="xcomp"/>
                </token>
                <token content="in" id="7-12"/>
                <token content="front" id="7-13">
                    <pos type="NN"/>
                    <lemma type="front"/>
                    <dep head="7-11" type="prep"/>
                </token>
                <token content="and" id="7-14"/>
                <token content="see" id="7-15">
                    <pos type="VB"/>
                    <lemma type="see"/>
                    <dep head="7-11" type="conj"/>
                </token>
                <token content="out" id="7-16">
                    <pos type="RP"/>
                    <lemma type="out"/>
                    <dep head="7-15" type="prt"/>
                </token>
                <token content="the" id="7-17">
                    <pos type="DT"/>
                    <lemma type="the"/>
                </token>
                <token content="front" id="7-18">
                    <pos type="NN"/>
                    <lemma type="front"/>
                    <dep head="7-15" type="dobj"/>
                </token>
                <token content="and" id="7-19"/>
                <token content="watch" id="7-20">
                    <pos type="VB"/>
                    <lemma type="watch"/>
                    <dep head="7-15" type="conj"/>
                </token>
                <token content="him" id="7-21">
                    <pos type="PRP"/>
                    <lemma type="he"/>
                    <dep head="7-22" type="nsubj"/>
                </token>
                <token content="work" id="7-22">
                    <pos type="VB"/>
                    <lemma type="work"/>
                    <dep head="7-20" type="ccomp"/>
                </token>
                <token content="the" id="7-23">
                    <pos type="DT"/>
                    <lemma type="the"/>
                </token>
                <token content="controls" id="7-24">
                    <pos type="NNS"/>
                    <lemma type="control"/>
                    <dep head="7-22" type="dobj"/>
                </token>
                <token content="." id="7-25"/>
            </sentence>
            <sentence id="8">
                <token content="When" id="8-1">
                    <pos type="WRB"/>
                    <lemma type="when"/>
                    <dep head="8-3" type="advmod"/>
                </token>
                <token content="we" id="8-2">
                    <pos type="PRP"/>
                    <lemma type="we"/>
                    <dep head="8-3" type="nsubj"/>
                </token>
                <token content="flew" id="8-3">
                    <pos type="VBD"/>
                    <lemma type="fly"/>
                    <dep head="8-10" type="advcl"/>
                </token>
                <token content="with" id="8-4"/>
                <token content="my" id="8-5">
                    <pos type="PRP$"/>
                    <lemma type="my"/>
                </token>
                <token content="dad" id="8-6">
                    <pos type="NN"/>
                    <lemma type="dad"/>
                    <dep head="8-3" type="prep"/>
                </token>
                <token content="," id="8-7"/>
                <token content="my" id="8-8">
                    <pos type="PRP$"/>
                    <lemma type="my"/>
                </token>
                <token content="stepmother" id="8-9">
                    <pos type="NN"/>
                    <lemma type="stepmother"/>
                    <dep head="8-10" type="nsubj"/>
                </token>
                <token content="sat" id="8-10">
                    <pos type="VBD"/>
                    <lemma type="sit"/>
                </token>
                <token content="in" id="8-11"/>
                <token content="the" id="8-12">
                    <pos type="DT"/>
                    <lemma type="the"/>
                </token>
                <token content="front" id="8-13">
                    <pos type="JJ"/>
                    <lemma type="front"/>
                </token>
                <token content="seat" id="8-14">
                    <pos type="NN"/>
                    <lemma type="seat"/>
                    <dep head="8-10" type="prep"/>
                </token>
                <token content="and" id="8-15"/>
                <token content="all" id="8-16">
                    <pos type="DT"/>
                    <lemma type="all"/>
                </token>
                <token content="three" id="8-17">
                    <pos type="CD"/>
                    <lemma type="three"/>
                </token>
                <token content="of" id="8-18"/>
                <token content="us" id="8-19">
                    <pos type="PRP"/>
                    <lemma type="we"/>
                </token>
                <token content="kids" id="8-20">
                    <pos type="NNS"/>
                    <lemma type="kid"/>
                </token>
                <token content="sat" id="8-21">
                    <pos type="VBN"/>
                    <lemma type="sit"/>
                </token>
                <token content="in" id="8-22"/>
                <token content="the" id="8-23">
                    <pos type="DT"/>
                    <lemma type="the"/>
                </token>
                <token content="back" id="8-24">
                    <pos type="JJ"/>
                    <lemma type="back"/>
                </token>
                <token content="seat" id="8-25">
                    <pos type="NN"/>
                    <lemma type="seat"/>
                    <dep head="8-21" type="prep"/>
                </token>
                <token content="." id="8-26"/>
            </sentence>
            <sentence id="9">
                <token content="We" id="9-1">
                    <pos type="PRP"/>
                    <lemma type="we"/>
                </token>
                <token content="were" id="9-2">
                    <pos type="VBD"/>
                    <lemma type="be"/>
                </token>
                <token content="small" id="9-3">
                    <pos type="JJ"/>
                    <lemma type="small"/>
                </token>
                <token content="," id="9-4"/>
                <token content="so" id="9-5">
                    <pos type="IN"/>
                    <lemma type="so"/>
                </token>
                <token content="we" id="9-6">
                    <pos type="PRP"/>
                    <lemma type="we"/>
                </token>
                <token content="all" id="9-7">
                    <pos type="RB"/>
                    <lemma type="all"/>
                </token>
                <token content="fit" id="9-8">
                    <pos type="JJ"/>
                    <lemma type="fit"/>
                </token>
                <token content="." id="9-9"/>
            </sentence>
            <sentence id="10">
                <token content="There" id="10-1">
                    <pos type="EX"/>
                    <lemma type="there"/>
                    <dep head="10-2" type="expl"/>
                </token>
                <token content="was" id="10-2">
                    <pos type="VBD"/>
                    <lemma type="be"/>
                </token>
                <token content="n't" id="10-3">
                    <pos type="RB"/>
                    <lemma type="not"/>
                    <dep head="10-2" type="neg"/>
                </token>
                <token content="much" id="10-4">
                    <pos type="JJ"/>
                    <lemma type="much"/>
                </token>
                <token content="room" id="10-5">
                    <pos type="NN"/>
                    <lemma type="room"/>
                    <dep head="10-2" type="nsubj"/>
                </token>
                <token content="for" id="10-6"/>
                <token content="luggage" id="10-7">
                    <pos type="NN"/>
                    <lemma type="luggage"/>
                </token>
                <token content="," id="10-8"/>
                <token content="but" id="10-9"/>
                <token content="my" id="10-10">
                    <pos type="PRP$"/>
                    <lemma type="my"/>
                </token>
                <token content="dad" id="10-11">
                    <pos type="NN"/>
                    <lemma type="dad"/>
                    <dep head="10-13" type="nsubj"/>
                </token>
                <token content="would" id="10-12">
                    <pos type="MD"/>
                    <lemma type="would"/>
                    <dep head="10-13" type="aux"/>
                </token>
                <token content="load" id="10-13">
                    <pos type="VB"/>
                    <lemma type="load"/>
                    <dep head="10-2" type="conj"/>
                </token>
                <token content="the" id="10-14">
                    <pos type="DT"/>
                    <lemma type="the"/>
                </token>
                <token content="luggage" id="10-15">
                    <pos type="NN"/>
                    <lemma type="luggage"/>
                    <dep head="10-13" type="dobj"/>
                </token>
                <token content="behind" id="10-16"/>
                <token content="the" id="10-17">
                    <pos type="DT"/>
                    <lemma type="the"/>
                </token>
                <token content="back" id="10-18">
                    <pos type="JJ"/>
                    <lemma type="back"/>
                </token>
                <token content="seat" id="10-19">
                    <pos type="NN"/>
                    <lemma type="seat"/>
                    <dep head="10-13" type="prep"/>
                </token>
                <token content="." id="10-20"/>
            </sentence>
            <sentence id="11">
                <token content="Then" id="11-1">
                    <pos type="RB"/>
                    <lemma type="then"/>
                    <dep head="11-4" type="advmod"/>
                </token>
                <token content="he" id="11-2">
                    <pos type="PRP"/>
                    <lemma type="he"/>
                    <dep head="11-4" type="nsubj"/>
                </token>
                <token content="would" id="11-3">
                    <pos type="MD"/>
                    <lemma type="would"/>
                    <dep head="11-4" type="aux"/>
                </token>
                <token content="do" id="11-4">
                    <pos type="VB"/>
                    <lemma type="do"/>
                </token>
                <token content="the" id="11-5">
                    <pos type="DT"/>
                    <lemma type="the"/>
                </token>
                <token content="preflight" id="11-6">
                    <pos type="JJ"/>
                    <lemma type="preflight"/>
                </token>
                <token content="checks" id="11-7">
                    <pos type="NNS"/>
                    <lemma type="check"/>
                    <dep head="11-4" type="dobj"/>
                </token>
                <token content="." id="11-8"/>
            </sentence>
            <sentence id="12">
                <token content="Some" id="12-1">
                    <pos type="DT"/>
                    <lemma type="some"/>
                    <dep head="12-4" type="nsubj"/>
                </token>
                <token content="of" id="12-2"/>
                <token content="these" id="12-3">
                    <pos type="DT"/>
                    <lemma type="these"/>
                </token>
                <token content="were" id="12-4">
                    <pos type="VBD"/>
                    <lemma type="be"/>
                </token>
                <token content="outside" id="12-5"/>
                <token content="the" id="12-6">
                    <pos type="DT"/>
                    <lemma type="the"/>
                </token>
                <token content="plane" id="12-7">
                    <pos type="NN"/>
                    <lemma type="plane"/>
                    <dep head="12-4" type="prep"/>
                </token>
                <token content="," id="12-8"/>
                <token content="but" id="12-9"/>
                <token content="most" id="12-10">
                    <pos type="JJS"/>
                    <lemma type="most"/>
                    <dep head="12-14" type="nsubjpass"/>
                </token>
                <token content="of" id="12-11"/>
                <token content="them" id="12-12">
                    <pos type="PRP"/>
                    <lemma type="they"/>
                </token>
                <token content="were" id="12-13">
                    <pos type="VBD"/>
                    <lemma type="be"/>
                    <dep head="12-14" type="auxpass"/>
                </token>
                <token content="done" id="12-14">
                    <pos type="VBN"/>
                    <lemma type="do"/>
                    <dep head="12-4" type="conj"/>
                </token>
                <token content="from" id="12-15"/>
                <token content="the" id="12-16">
                    <pos type="DT"/>
                    <lemma type="the"/>
                </token>
                <token content="inside" id="12-17">
                    <pos type="NN"/>
                    <lemma type="inside"/>
                    <dep head="12-14" type="prep"/>
                </token>
                <token content="." id="12-18"/>
            </sentence>
            <sentence id="13">
                <token content="He" id="13-1">
                    <pos type="PRP"/>
                    <lemma type="he"/>
                    <dep head="13-3" type="nsubj"/>
                </token>
                <token content="would" id="13-2">
                    <pos type="MD"/>
                    <lemma type="would"/>
                    <dep head="13-3" type="aux"/>
                </token>
                <token content="radio" id="13-3">
                    <pos type="VB"/>
                    <lemma type="radio"/>
                </token>
                <token content="the" id="13-4">
                    <pos type="DT"/>
                    <lemma type="the"/>
                </token>
                <token content="tower" id="13-5">
                    <pos type="NN"/>
                    <lemma type="tower"/>
                    <dep head="13-3" type="dobj"/>
                </token>
                <token content="and" id="13-6"/>
                <token content="ask" id="13-7">
                    <pos type="VB"/>
                    <lemma type="ask"/>
                    <dep head="13-3" type="conj"/>
                </token>
                <token content="for" id="13-8"/>
                <token content="permission" id="13-9">
                    <pos type="NN"/>
                    <lemma type="permission"/>
                    <dep head="13-7" type="prep"/>
                </token>
                <token content="to" id="13-10">
                    <pos type="TO"/>
                    <lemma type="to"/>
                    <dep head="13-11" type="aux"/>
                </token>
                <token content="take" id="13-11">
                    <pos type="VB"/>
                    <lemma type="take"/>
                    <dep head="13-7" type="xcomp"/>
                </token>
                <token content="off" id="13-12">
                    <pos type="RP"/>
                    <lemma type="off"/>
                    <dep head="13-11" type="prt"/>
                </token>
                <token content="." id="13-13"/>
            </sentence>
            <sentence id="14">
                <token content="This" id="14-1">
                    <pos type="DT"/>
                    <lemma type="this"/>
                </token>
                <token content="was" id="14-2">
                    <pos type="VBD"/>
                    <lemma type="be"/>
                </token>
                <token content="always" id="14-3">
                    <pos type="RB"/>
                    <lemma type="always"/>
                </token>
                <token content="very" id="14-4">
                    <pos type="RB"/>
                    <lemma type="very"/>
                </token>
                <token content="exciting" id="14-5">
                    <pos type="JJ"/>
                    <lemma type="exciting"/>
                </token>
                <token content="." id="14-6"/>
            </sentence>
            <sentence id="15">
                <token content="The" id="15-1">
                    <pos type="DT"/>
                    <lemma type="the"/>
                </token>
                <token content="takeoff" id="15-2">
                    <pos type="NN"/>
                    <lemma type="takeoff"/>
                </token>
                <token content="was" id="15-3">
                    <pos type="VBD"/>
                    <lemma type="be"/>
                </token>
                <token content="a" id="15-4">
                    <pos type="DT"/>
                    <lemma type="a"/>
                </token>
                <token content="little" id="15-5">
                    <pos type="RB"/>
                    <lemma type="little"/>
                </token>
                <token content="scary" id="15-6">
                    <pos type="JJ"/>
                    <lemma type="scary"/>
                </token>
                <token content="because" id="15-7">
                    <pos type="RB"/>
                    <lemma type="because"/>
                </token>
                <token content="in" id="15-8"/>
                <token content="a" id="15-9">
                    <pos type="DT"/>
                    <lemma type="a"/>
                </token>
                <token content="plane" id="15-10">
                    <pos type="NN"/>
                    <lemma type="plane"/>
                </token>
                <token content="that" id="15-11">
                    <pos type="IN"/>
                    <lemma type="that"/>
                    <dep head="15-16" type="mark"/>
                </token>
                <token content="small" id="15-12">
                    <pos type="JJ"/>
                    <lemma type="small"/>
                </token>
                <token content="you" id="15-13">
                    <pos type="NN"/>
                    <lemma type="you"/>
                    <dep head="15-16" type="nsubj"/>
                </token>
                <token content="could" id="15-14">
                    <pos type="MD"/>
                    <lemma type="could"/>
                    <dep head="15-16" type="aux"/>
                </token>
                <token content="really" id="15-15">
                    <pos type="RB"/>
                    <lemma type="really"/>
                    <dep head="15-16" type="advmod"/>
                </token>
                <token content="feel" id="15-16">
                    <pos type="VB"/>
                    <lemma type="feel"/>
                </token>
                <token content="the" id="15-17">
                    <pos type="DT"/>
                    <lemma type="the"/>
                </token>
                <token content="wind" id="15-18">
                    <pos type="NN"/>
                    <lemma type="wind"/>
                    <dep head="15-16" type="dobj"/>
                </token>
                <token content="and" id="15-19"/>
                <token content="the" id="15-20">
                    <pos type="DT"/>
                    <lemma type="the"/>
                </token>
                <token content="forces" id="15-21">
                    <pos type="NNS"/>
                    <lemma type="force"/>
                </token>
                <token content="of" id="15-22"/>
                <token content="the" id="15-23">
                    <pos type="DT"/>
                    <lemma type="the"/>
                </token>
                <token content="take" id="15-24">
                    <pos type="NN"/>
                    <lemma type="take"/>
                </token>
                <token content="off" id="15-25">
                    <pos type="RP"/>
                    <lemma type="off"/>
                    <dep head="15-16" type="prt"/>
                </token>
                <token content="." id="15-26"/>
            </sentence>
            <sentence id="16">
                <token content="The" id="16-1">
                    <pos type="DT"/>
                    <lemma type="the"/>
                </token>
                <token content="flight" id="16-2">
                    <pos type="NN"/>
                    <lemma type="flight"/>
                </token>
                <token content="itself" id="16-3">
                    <pos type="PRP"/>
                    <lemma type="itself"/>
                </token>
                <token content="was" id="16-4">
                    <pos type="VBD"/>
                    <lemma type="be"/>
                </token>
                <token content="fairly" id="16-5">
                    <pos type="RB"/>
                    <lemma type="fairly"/>
                </token>
                <token content="boring" id="16-6">
                    <pos type="JJ"/>
                    <lemma type="boring"/>
                </token>
                <token content="because" id="16-7">
                    <pos type="IN"/>
                    <lemma type="because"/>
                    <dep head="16-12" type="mark"/>
                </token>
                <token content="you" id="16-8">
                    <pos type="PRP"/>
                    <lemma type="you"/>
                    <dep head="16-12" type="nsubj"/>
                </token>
                <token content="could" id="16-9">
                    <pos type="MD"/>
                    <lemma type="could"/>
                    <dep head="16-12" type="aux"/>
                </token>
                <token content="n't" id="16-10">
                    <pos type="RB"/>
                    <lemma type="not"/>
                    <dep head="16-12" type="neg"/>
                </token>
                <token content="really" id="16-11">
                    <pos type="RB"/>
                    <lemma type="really"/>
                    <dep head="16-12" type="advmod"/>
                </token>
                <token content="see" id="16-12">
                    <pos type="VB"/>
                    <lemma type="see"/>
                </token>
                <token content="anything" id="16-13">
                    <pos type="NN"/>
                    <lemma type="anything"/>
                    <dep head="16-12" type="dobj"/>
                </token>
                <token content="from" id="16-14"/>
                <token content="the" id="16-15">
                    <pos type="DT"/>
                    <lemma type="the"/>
                </token>
                <token content="back" id="16-16">
                    <pos type="NN"/>
                    <lemma type="back"/>
                    <dep head="16-12" type="prep"/>
                </token>
                <token content="." id="16-17"/>
            </sentence>
            <sentence id="17">
                <token content="Sadly" id="17-1">
                    <pos type="RB"/>
                    <lemma type="sadly"/>
                    <dep head="17-4" type="advmod"/>
                </token>
                <token content="," id="17-2"/>
                <token content="I" id="17-3">
                    <pos type="PRP"/>
                    <lemma type="I"/>
                    <dep head="17-4" type="nsubj"/>
                </token>
                <token content="had" id="17-4">
                    <pos type="VBD"/>
                    <lemma type="have"/>
                </token>
                <token content="bad" id="17-5">
                    <pos type="JJ"/>
                    <lemma type="bad"/>
                </token>
                <token content="motion" id="17-6">
                    <pos type="NN"/>
                    <lemma type="motion"/>
                </token>
                <token content="sickness" id="17-7">
                    <pos type="NN"/>
                    <lemma type="sickness"/>
                    <dep head="17-4" type="dobj"/>
                </token>
                <token content="," id="17-8"/>
                <token content="and" id="17-9"/>
                <token content="my" id="17-10">
                    <pos type="PRP$"/>
                    <lemma type="my"/>
                </token>
                <token content="main" id="17-11">
                    <pos type="JJ"/>
                    <lemma type="main"/>
                </token>
                <token content="memory" id="17-12">
                    <pos type="NN"/>
                    <lemma type="memory"/>
                    <dep head="17-17" type="nsubj"/>
                </token>
                <token content="of" id="17-13"/>
                <token content="the" id="17-14">
                    <pos type="DT"/>
                    <lemma type="the"/>
                </token>
                <token content="landings" id="17-15">
                    <pos type="NNS"/>
                    <lemma type="landing"/>
                </token>
                <token content="is" id="17-16">
                    <pos type="VBZ"/>
                    <lemma type="be"/>
                    <dep head="17-17" type="aux"/>
                </token>
                <token content="throwing" id="17-17">
                    <pos type="VBG"/>
                    <lemma type="throw"/>
                    <dep head="17-4" type="conj"/>
                </token>
                <token content="up" id="17-18">
                    <pos type="RP"/>
                    <lemma type="up"/>
                    <dep head="17-17" type="prt"/>
                </token>
                <token content="down" id="17-19"/>
                <token content="the" id="17-20">
                    <pos type="DT"/>
                    <lemma type="the"/>
                </token>
                <token content="back" id="17-21">
                    <pos type="NN"/>
                    <lemma type="back"/>
                    <dep head="17-17" type="prep"/>
                </token>
                <token content="of" id="17-22"/>
                <token content="my" id="17-23">
                    <pos type="PRP$"/>
                    <lemma type="my"/>
                </token>
                <token content="dad" id="17-24">
                    <pos type="NN"/>
                    <lemma type="dad"/>
                </token>
                <token content="'s" id="17-25"/>
                <token content="neck" id="17-26">
                    <pos type="NN"/>
                    <lemma type="neck"/>
                </token>
                <token content="." id="17-27"/>
            </sentence>
        </sentences>
    </text>
    <annotations>
        <participants>
            <label from="1-2" id="0" name="ScrPart_passenger" text="I" type="participant"/>
            <label from="1-5" id="1" name="ScrPart_passenger" text="kid" type="participant"/>
            <label from="1-7" id="2" name="ScrPart_passenger" text="my" type="participant"/>
            <label from="1-8" id="3" name="ScrPart_staff" text="dad" type="participant"/>
            <label from="1-12" id="4" name="ScrPart_staff" text="pilot" type="participant"/>
            <label from="1-14" id="5" name="ScrPart_staff" text="he" type="participant"/>
            <label from="1-18" id="6" name="ScrPart_plane" text="plane" type="participant"/>
            <label from="2-1" id="7" name="ScrPart_plane" text="It" type="participant"/>
            <label from="3-1" id="8" name="ScrPart_passenger" text="He" type="participant"/>
            <label from="3-6" id="9" name="NPart" text="town" type="participant"/>
            <label from="3-9" id="10" name="ScrPart_time/date" text="hours" type="participant"/>
            <label from="3-11" id="11" name="NPart" text="car" type="participant"/>
            <label from="3-12" id="12" name="NPart" text="north" type="participant"/>
            <label from="3-16" id="13" name="NPart" text="town" type="participant"/>
            <label from="3-18" id="14" name="ScrPart_passenger" text="we" type="participant"/>
            <label from="3-19" id="15" name="ScrPart_passenger" text="kids" type="participant"/>
            <label from="3-22" id="16" name="ScrPart_passenger" text="our" type="participant"/>
            <label from="3-23" id="17" name="NPart" text="mom" type="participant"/>
            <label from="4-1" id="18" name="ScrPart_passenger" text="We" type="participant"/>
            <label from="4-5" id="19" name="ScrPart_passenger" text="my" type="participant"/>
            <label from="4-6" id="20" name="ScrPart_staff" text="dad" type="participant"/>
            <label from="4-9" id="21" name="NPart" text="weekend" type="participant"/>
            <label from="5-1" id="22" name="ScrPart_passenger" text="My" type="participant"/>
            <label from="5-2" id="23" name="ScrPart_staff" text="grandfather" type="participant"/>
            <label from="5-5" id="24" name="ScrPart_staff" text="pilot" type="participant"/>
            <label from="5-11" id="25" name="ScrPart_plane" text="plane" type="participant"/>
            <label from="6-1" id="26" name="ScrPart_plane" text="His" type="participant"/>
            <label from="6-11" id="27" name="ScrPart_passenger" text="people" type="participant"/>
            <label from="7-1" id="28" name="ScrPart_plane" text="It" type="participant"/>
            <label from="7-3" id="29" name="No_label" text="fun" type="participant"/>
            <label from="7-8" id="30" name="ScrPart_passenger" text="I" type="participant"/>
            <label from="7-13" id="31" name="ScrPart_location_airplane_indoor" text="front" type="participant"/>
            <label from="7-18" id="32" name="ScrPart_location_airplane_indoor" text="front" type="participant"/>
            <label from="7-21" id="33" name="ScrPart_staff" text="him" type="participant"/>
            <label from="7-24" id="34" name="ScrPart_other" text="controls" type="participant"/>
            <label from="8-2" id="35" name="ScrPart_passenger" text="we" type="participant"/>
            <label from="8-5" id="36" name="ScrPart_passenger" text="my" type="participant"/>
            <label from="8-6" id="37" name="ScrPart_staff" text="dad" type="participant"/>
            <label from="8-8" id="38" name="ScrPart_passenger" text="my" type="participant"/>
            <label from="8-9" id="39" name="ScrPart_passenger" text="stepmother" type="participant"/>
            <label from="8-13" id="40" name="ScrPart_seat" text="front seat" to="8-14" type="participant"/>
            <label from="8-14" id="41" name="ScrPart_seat" text="seat" type="participant"/>
            <label from="8-19" id="42" name="ScrPart_passenger" text="us" type="participant"/>
            <label from="8-20" id="43" name="NPart" text="kids" type="participant"/>
            <label from="8-24" id="44" name="ScrPart_seat" text="back seat" to="8-25" type="participant"/>
            <label from="8-25" id="45" name="ScrPart_seat" text="seat" type="participant"/>
            <label from="9-1" id="46" name="ScrPart_passenger" text="We" type="participant"/>
            <label from="9-6" id="47" name="ScrPart_passenger" text="we" type="participant"/>
            <label from="10-1" id="48" name="ScrPart_plane" text="There" type="participant"/>
            <label from="10-5" id="49" name="NPart" text="room" type="participant"/>
            <label from="10-7" id="50" name="ScrPart_carry_on_luggage" text="luggage" type="participant"/>
            <label from="10-10" id="51" name="ScrPart_passenger" text="my" type="participant"/>
            <label from="10-11" id="52" name="ScrPart_staff" text="dad" type="participant"/>
            <label from="10-15" id="53" name="ScrPart_carry_on_luggage" text="luggage" type="participant"/>
            <label from="10-18" id="54" name="ScrPart_seat" text="back seat" to="10-19" type="participant"/>
            <label from="10-19" id="55" name="ScrPart_seat" text="seat" type="participant"/>
            <label from="11-2" id="56" name="ScrPart_staff" text="he" type="participant"/>
            <label from="11-6" id="57" name="ScrPart_other" text="preflight checks" to="11-7" type="participant"/>
            <label from="11-7" id="58" name="ScrPart_other" text="checks" type="participant"/>
            <label from="12-3" id="59" name="ScrPart_other" text="these" type="participant"/>
            <label from="12-7" id="60" name="ScrPart_plane" text="plane" type="participant"/>
            <label from="12-12" id="61" name="ScrPart_other" text="them" type="participant"/>
            <label from="12-17" id="62" name="NPart" text="inside" type="participant"/>
            <label from="13-1" id="63" name="ScrPart_staff" text="He" type="participant"/>
            <label from="13-5" id="64" name="ScrPart_other" text="tower" type="participant"/>
            <label from="13-9" id="65" name="ScrPart_other" text="permission" type="participant"/>
            <label from="15-10" id="66" name="ScrPart_plane" text="plane" type="participant"/>
            <label from="15-13" id="67" name="ScrPart_passenger" text="you" type="participant"/>
            <label from="15-18" id="68" name="ScrPart_other" text="wind" type="participant"/>
            <label from="15-21" id="69" name="ScrPart_other" text="forces" type="participant"/>
            <label from="16-2" id="70" name="ScrPart_flight" text="flight" type="participant"/>
            <label from="16-3" id="71" name="No_label" text="itself" type="participant"/>
            <label from="16-8" id="72" name="ScrPart_passenger" text="you" type="participant"/>
            <label from="16-13" id="73" name="No_label" text="anything" type="participant"/>
            <label from="16-16" id="74" name="ScrPart_location_airplane_indoor" text="back" type="participant"/>
            <label from="17-3" id="75" name="ScrPart_passenger" text="I" type="participant"/>
            <label from="17-6" id="76" name="ScrPart_other" text="motion sickness" to="17-7" type="participant"/>
            <label from="17-7" id="77" name="ScrPart_other" text="sickness" type="participant"/>
            <label from="17-10" id="78" name="ScrPart_passenger" text="my" type="participant"/>
            <label from="17-12" id="79" name="NPart" text="memory" type="participant"/>
            <label from="17-21" id="80" name="NPart" text="back" type="participant"/>
            <label from="17-23" id="81" name="ScrPart_passenger" text="my" type="participant"/>
            <label from="17-24" id="82" name="ScrPart_staff" text="dad" type="participant"/>
            <label from="17-26" id="83" name="NPart" text="neck" type="participant"/>
        </participants>
        <events>
            <label from="1-3" id="84" name="UnrelEv" text="was" type="event"/>
            <label from="1-9" id="85" name="UnrelEv" text="was" type="event"/>
            <label from="1-11" id="86" name="RelNScrEv" text="licensed" type="event"/>
            <label from="1-15" id="87" name="Evoking" text="had a small plane" to="1-18" type="event"/>
            <label from="2-2" id="88" name="RelNScrEv" text="seated" type="event"/>
            <label from="3-2" id="89" name="UnrelEv" text="lived" type="event"/>
            <label from="3-20" id="90" name="UnrelEv" text="lived" type="event"/>
            <label from="4-3" id="91" name="UnrelEv" text="go" type="event"/>
            <label from="4-4" id="92" name="UnrelEv" text="visit" type="event"/>
            <label from="5-3" id="93" name="RelNScrEv" text="was" type="event"/>
            <label from="5-8" id="94" name="RelNScrEv" text="had" type="event"/>
            <label from="6-2" id="95" name="UnrelEv" text="was" type="event"/>
            <label from="6-9" id="96" name="RelNScrEv" text="seated" type="event"/>
            <label from="7-2" id="97" name="UnrelEv" text="was" type="event"/>
            <label from="7-5" id="98" name="RelNScrEv" text="fly" type="event"/>
            <label from="7-9" id="99" name="UnrelEv" text="got" type="event"/>
            <label from="7-11" id="100" name="ScrEv_take_seat" text="sit" type="event"/>
            <label from="7-15" id="101" name="UnrelEv" text="see" type="event"/>
            <label from="7-20" id="102" name="ScrEv_spend_time_flight" text="watch" type="event"/>
            <label from="7-22" id="103" name="RelNScrEv" text="work" type="event"/>
            <label from="8-3" id="104" name="RelNScrEv" text="flew" type="event"/>
            <label from="8-10" id="105" name="ScrEv_take_seat" text="sat" type="event"/>
            <label from="8-21" id="106" name="ScrEv_take_seat" text="sat" type="event"/>
            <label from="9-2" id="107" name="UnrelEv" text="were" type="event"/>
            <label from="9-8" id="108" name="RelNScrEv" text="fit" type="event"/>
            <label from="10-2" id="109" name="UnrelEv" text="was" type="event"/>
            <label from="10-13" id="110" name="RelNScrEv" text="load" type="event"/>
            <label from="11-4" id="111" name="ScrEv_take_off_preparations" text="do" type="event"/>
            <label from="12-4" id="112" name="UnrelEv" text="were" type="event"/>
            <label from="12-14" id="113" name="UnrelEv" text="done" type="event"/>
            <label from="13-3" id="114" name="ScrEv_other" text="radio" type="event"/>
            <label from="13-7" id="115" name="RelNScrEv" text="ask" type="event"/>
            <label from="13-11" id="116" name="ScrEv_take_off" text="take off" to="13-12" type="event"/>
            <label from="13-11" id="117" name="ScrEv_take_off" text="take" type="event"/>
            <label from="14-2" id="118" name="UnrelEv" text="was" type="event"/>
            <label from="14-5" id="119" name="UnrelEv" text="exciting" type="event"/>
            <label from="15-2" id="120" name="ScrEv_take_off" text="takeoff" type="event"/>
            <label from="15-3" id="121" name="UnrelEv" text="was" type="event"/>
            <label from="15-16" id="122" name="UnrelEv" text="feel" type="event"/>
            <label from="15-24" id="123" name="ScrEv_take_off" text="take off" to="15-25" type="event"/>
            <label from="15-24" id="124" name="ScrEv_take_off" text="take" type="event"/>
            <label from="16-4" id="125" name="UnrelEv" text="was" type="event"/>
            <label from="16-12" id="126" name="UnrelEv" text="see" type="event"/>
            <label from="17-4" id="127" name="UnrelEv" text="had" type="event"/>
            <label from="17-15" id="128" name="ScrEv_landing" text="landings" type="event"/>
            <label from="17-17" id="129" name="RelNScrEv" text="throwing up" to="17-18" type="event"/>
            <label from="17-17" id="130" name="RelNScrEv" text="throwing" type="event"/>
        </events>
        <chains>
            <chain elements="0 1 2 30 36 38 67 72 75 78 81"/>
            <chain elements="3 4 5 8 20 37 52 56 63 82"/>
            <chain elements="6 7 25 26 28 48 60 66"/>
            <chain elements="14 15 16 18 35 42 46 47"/>
            <chain elements="23 24 33"/>
            <chain elements="31 32"/>
            <chain elements="45 55"/>
            <chain elements="58 59 61"/>
        </chains>
    </annotations>
</story>
