<?xml version="1.0" encoding="UTF-8" standalone="no"?>
<!DOCTYPE story SYSTEM "../InScript.dtd">
<story id="096" scenario="flight">
    <text>
        <content>Back in December of last year , I flew to Omaha , Nebraska to visit family for a week during Christmas . 
After packing what I needed , I took the bus to the airport where I had to get my ticket , go through security , get my suitcase checked , and find my way to the terminal to wait until the called for people to board my flight . 
When I got on the airplane , I put my luggage in the overhead and took my seat that was fortunately near the window . 
Once everyone was on the plane , the flight attendant announced that we were ready for take off and instructed all of us to fasten our seat belts , turn off our electronics , and read the safety manual . 
Then the pilot told us that he was about to take off and we then were finally flying in the sky . 
During my flight I sat next to an older woman and her dog that she was allowed to keep on her lap . 
We talked throughout the flight while snacking on the peanuts and soda that were given to us . 
When we finally landed about three or four hours later , we all exited the plane in a single file line while grabbing our belongings and once I was off of the plane , I went to go find my aunt who was suppose to pick me up . 
I had enjoyed my flight experience . </content>
        <sentences>
            <sentence id="1">
                <token content="Back" id="1-1">
                    <pos type="RB"/>
                    <lemma type="back"/>
                    <dep head="1-9" type="advmod"/>
                </token>
                <token content="in" id="1-2"/>
                <token content="December" id="1-3">
                    <pos type="NNP"/>
                    <lemma type="December"/>
                </token>
                <token content="of" id="1-4"/>
                <token content="last" id="1-5">
                    <pos type="JJ"/>
                    <lemma type="last"/>
                </token>
                <token content="year" id="1-6">
                    <pos type="NN"/>
                    <lemma type="year"/>
                </token>
                <token content="," id="1-7"/>
                <token content="I" id="1-8">
                    <pos type="PRP"/>
                    <lemma type="I"/>
                    <dep head="1-9" type="nsubj"/>
                </token>
                <token content="flew" id="1-9">
                    <pos type="VBD"/>
                    <lemma type="fly"/>
                </token>
                <token content="to" id="1-10"/>
                <token content="Omaha" id="1-11">
                    <pos type="NNP"/>
                    <lemma type="Omaha"/>
                </token>
                <token content="," id="1-12"/>
                <token content="Nebraska" id="1-13">
                    <pos type="NNP"/>
                    <lemma type="Nebraska"/>
                    <dep head="1-9" type="prep"/>
                </token>
                <token content="to" id="1-14">
                    <pos type="TO"/>
                    <lemma type="to"/>
                    <dep head="1-15" type="aux"/>
                </token>
                <token content="visit" id="1-15">
                    <pos type="VB"/>
                    <lemma type="visit"/>
                    <dep head="1-9" type="xcomp"/>
                </token>
                <token content="family" id="1-16">
                    <pos type="NN"/>
                    <lemma type="family"/>
                    <dep head="1-15" type="dobj"/>
                </token>
                <token content="for" id="1-17"/>
                <token content="a" id="1-18">
                    <pos type="DT"/>
                    <lemma type="a"/>
                </token>
                <token content="week" id="1-19">
                    <pos type="NN"/>
                    <lemma type="week"/>
                </token>
                <token content="during" id="1-20"/>
                <token content="Christmas" id="1-21">
                    <pos type="NNP"/>
                    <lemma type="Christmas"/>
                    <dep head="1-15" type="prep"/>
                </token>
                <token content="." id="1-22"/>
            </sentence>
            <sentence id="2">
                <token content="After" id="2-1"/>
                <token content="packing" id="2-2">
                    <pos type="VBG"/>
                    <lemma type="pack"/>
                    <dep head="2-8" type="prepc"/>
                </token>
                <token content="what" id="2-3">
                    <pos type="WP"/>
                    <lemma type="what"/>
                    <dep head="2-5" type="dobj"/>
                </token>
                <token content="I" id="2-4">
                    <pos type="PRP"/>
                    <lemma type="I"/>
                    <dep head="2-5" type="nsubj"/>
                </token>
                <token content="needed" id="2-5">
                    <pos type="VBD"/>
                    <lemma type="need"/>
                    <dep head="2-2" type="ccomp"/>
                </token>
                <token content="," id="2-6"/>
                <token content="I" id="2-7">
                    <pos type="PRP"/>
                    <lemma type="I"/>
                    <dep head="2-8" type="nsubj"/>
                </token>
                <token content="took" id="2-8">
                    <pos type="VBD"/>
                    <lemma type="take"/>
                </token>
                <token content="the" id="2-9">
                    <pos type="DT"/>
                    <lemma type="the"/>
                </token>
                <token content="bus" id="2-10">
                    <pos type="NN"/>
                    <lemma type="bus"/>
                    <dep head="2-8" type="dobj"/>
                </token>
                <token content="to" id="2-11"/>
                <token content="the" id="2-12">
                    <pos type="DT"/>
                    <lemma type="the"/>
                </token>
                <token content="airport" id="2-13">
                    <pos type="NN"/>
                    <lemma type="airport"/>
                    <dep head="2-8" type="prep"/>
                </token>
                <token content="where" id="2-14">
                    <pos type="WRB"/>
                    <lemma type="where"/>
                    <dep head="2-16" type="advmod"/>
                </token>
                <token content="I" id="2-15">
                    <pos type="PRP"/>
                    <lemma type="I"/>
                    <dep head="2-16" type="nsubj"/>
                </token>
                <token content="had" id="2-16">
                    <pos type="VBD"/>
                    <lemma type="have"/>
                    <dep head="2-8" type="advcl"/>
                </token>
                <token content="to" id="2-17">
                    <pos type="TO"/>
                    <lemma type="to"/>
                    <dep head="2-18" type="aux"/>
                </token>
                <token content="get" id="2-18">
                    <pos type="VB"/>
                    <lemma type="get"/>
                    <dep head="2-16" type="xcomp"/>
                </token>
                <token content="my" id="2-19">
                    <pos type="PRP$"/>
                    <lemma type="my"/>
                </token>
                <token content="ticket" id="2-20">
                    <pos type="NN"/>
                    <lemma type="ticket"/>
                    <dep head="2-18" type="dobj"/>
                </token>
                <token content="," id="2-21"/>
                <token content="go" id="2-22">
                    <pos type="VB"/>
                    <lemma type="go"/>
                    <dep head="2-18" type="conj"/>
                </token>
                <token content="through" id="2-23"/>
                <token content="security" id="2-24">
                    <pos type="NN"/>
                    <lemma type="security"/>
                    <dep head="2-22" type="prep"/>
                </token>
                <token content="," id="2-25"/>
                <token content="get" id="2-26">
                    <pos type="VB"/>
                    <lemma type="get"/>
                    <dep head="2-18" type="conj"/>
                </token>
                <token content="my" id="2-27">
                    <pos type="PRP$"/>
                    <lemma type="my"/>
                </token>
                <token content="suitcase" id="2-28">
                    <pos type="NN"/>
                    <lemma type="suitcase"/>
                    <dep head="2-26" type="dobj"/>
                </token>
                <token content="checked" id="2-29">
                    <pos type="VBN"/>
                    <lemma type="check"/>
                </token>
                <token content="," id="2-30"/>
                <token content="and" id="2-31"/>
                <token content="find" id="2-32">
                    <pos type="VB"/>
                    <lemma type="find"/>
                    <dep head="2-18" type="conj"/>
                </token>
                <token content="my" id="2-33">
                    <pos type="PRP$"/>
                    <lemma type="my"/>
                </token>
                <token content="way" id="2-34">
                    <pos type="NN"/>
                    <lemma type="way"/>
                    <dep head="2-32" type="dobj"/>
                </token>
                <token content="to" id="2-35"/>
                <token content="the" id="2-36">
                    <pos type="DT"/>
                    <lemma type="the"/>
                </token>
                <token content="terminal" id="2-37">
                    <pos type="NN"/>
                    <lemma type="terminal"/>
                    <dep head="2-32" type="prep"/>
                </token>
                <token content="to" id="2-38">
                    <pos type="TO"/>
                    <lemma type="to"/>
                    <dep head="2-39" type="aux"/>
                </token>
                <token content="wait" id="2-39">
                    <pos type="VB"/>
                    <lemma type="wait"/>
                    <dep head="2-16" type="xcomp"/>
                </token>
                <token content="until" id="2-40">
                    <pos type="IN"/>
                    <lemma type="until"/>
                    <dep head="2-42" type="mark"/>
                </token>
                <token content="the" id="2-41">
                    <pos type="DT"/>
                    <lemma type="the"/>
                    <dep head="2-42" type="nsubj"/>
                </token>
                <token content="called" id="2-42">
                    <pos type="VBD"/>
                    <lemma type="call"/>
                    <dep head="2-39" type="advcl"/>
                </token>
                <token content="for" id="2-43"/>
                <token content="people" id="2-44">
                    <pos type="NNS"/>
                    <lemma type="people"/>
                    <dep head="2-42" type="prep"/>
                </token>
                <token content="to" id="2-45">
                    <pos type="TO"/>
                    <lemma type="to"/>
                    <dep head="2-46" type="aux"/>
                </token>
                <token content="board" id="2-46">
                    <pos type="VB"/>
                    <lemma type="board"/>
                    <dep head="2-42" type="xcomp"/>
                </token>
                <token content="my" id="2-47">
                    <pos type="PRP$"/>
                    <lemma type="my"/>
                </token>
                <token content="flight" id="2-48">
                    <pos type="NN"/>
                    <lemma type="flight"/>
                    <dep head="2-46" type="dobj"/>
                </token>
                <token content="." id="2-49"/>
            </sentence>
            <sentence id="3">
                <token content="When" id="3-1">
                    <pos type="WRB"/>
                    <lemma type="when"/>
                    <dep head="3-3" type="advmod"/>
                </token>
                <token content="I" id="3-2">
                    <pos type="PRP"/>
                    <lemma type="I"/>
                    <dep head="3-3" type="nsubj"/>
                </token>
                <token content="got" id="3-3">
                    <pos type="VBD"/>
                    <lemma type="get"/>
                    <dep head="3-9" type="advcl"/>
                </token>
                <token content="on" id="3-4"/>
                <token content="the" id="3-5">
                    <pos type="DT"/>
                    <lemma type="the"/>
                </token>
                <token content="airplane" id="3-6">
                    <pos type="NN"/>
                    <lemma type="airplane"/>
                    <dep head="3-3" type="prep"/>
                </token>
                <token content="," id="3-7"/>
                <token content="I" id="3-8">
                    <pos type="PRP"/>
                    <lemma type="I"/>
                    <dep head="3-9" type="nsubj"/>
                </token>
                <token content="put" id="3-9">
                    <pos type="VBD"/>
                    <lemma type="put"/>
                </token>
                <token content="my" id="3-10">
                    <pos type="PRP$"/>
                    <lemma type="my"/>
                </token>
                <token content="luggage" id="3-11">
                    <pos type="NN"/>
                    <lemma type="luggage"/>
                    <dep head="3-9" type="dobj"/>
                </token>
                <token content="in" id="3-12"/>
                <token content="the" id="3-13">
                    <pos type="DT"/>
                    <lemma type="the"/>
                </token>
                <token content="overhead" id="3-14">
                    <pos type="NN"/>
                    <lemma type="overhead"/>
                    <dep head="3-9" type="prep"/>
                </token>
                <token content="and" id="3-15"/>
                <token content="took" id="3-16">
                    <pos type="VBD"/>
                    <lemma type="take"/>
                    <dep head="3-9" type="conj"/>
                </token>
                <token content="my" id="3-17">
                    <pos type="PRP$"/>
                    <lemma type="my"/>
                </token>
                <token content="seat" id="3-18">
                    <pos type="NN"/>
                    <lemma type="seat"/>
                    <dep head="3-16" type="dobj"/>
                </token>
                <token content="that" id="3-19">
                    <pos type="WDT"/>
                    <lemma type="that"/>
                    <dep head="3-20" type="nsubj"/>
                </token>
                <token content="was" id="3-20">
                    <pos type="VBD"/>
                    <lemma type="be"/>
                </token>
                <token content="fortunately" id="3-21">
                    <pos type="RB"/>
                    <lemma type="fortunately"/>
                    <dep head="3-20" type="advmod"/>
                </token>
                <token content="near" id="3-22"/>
                <token content="the" id="3-23">
                    <pos type="DT"/>
                    <lemma type="the"/>
                </token>
                <token content="window" id="3-24">
                    <pos type="NN"/>
                    <lemma type="window"/>
                    <dep head="3-20" type="prep"/>
                </token>
                <token content="." id="3-25"/>
            </sentence>
            <sentence id="4">
                <token content="Once" id="4-1">
                    <pos type="IN"/>
                    <lemma type="once"/>
                    <dep head="4-3" type="mark"/>
                </token>
                <token content="everyone" id="4-2">
                    <pos type="NN"/>
                    <lemma type="everyone"/>
                    <dep head="4-3" type="nsubj"/>
                </token>
                <token content="was" id="4-3">
                    <pos type="VBD"/>
                    <lemma type="be"/>
                    <dep head="4-11" type="advcl"/>
                </token>
                <token content="on" id="4-4"/>
                <token content="the" id="4-5">
                    <pos type="DT"/>
                    <lemma type="the"/>
                </token>
                <token content="plane" id="4-6">
                    <pos type="NN"/>
                    <lemma type="plane"/>
                    <dep head="4-3" type="prep"/>
                </token>
                <token content="," id="4-7"/>
                <token content="the" id="4-8">
                    <pos type="DT"/>
                    <lemma type="the"/>
                </token>
                <token content="flight" id="4-9">
                    <pos type="NN"/>
                    <lemma type="flight"/>
                </token>
                <token content="attendant" id="4-10">
                    <pos type="NN"/>
                    <lemma type="attendant"/>
                    <dep head="4-11" type="nsubj"/>
                </token>
                <token content="announced" id="4-11">
                    <pos type="VBD"/>
                    <lemma type="announce"/>
                </token>
                <token content="that" id="4-12">
                    <pos type="IN"/>
                    <lemma type="that"/>
                </token>
                <token content="we" id="4-13">
                    <pos type="PRP"/>
                    <lemma type="we"/>
                </token>
                <token content="were" id="4-14">
                    <pos type="VBD"/>
                    <lemma type="be"/>
                </token>
                <token content="ready" id="4-15">
                    <pos type="JJ"/>
                    <lemma type="ready"/>
                    <dep head="4-11" type="ccomp"/>
                </token>
                <token content="for" id="4-16"/>
                <token content="take" id="4-17">
                    <pos type="VB"/>
                    <lemma type="take"/>
                </token>
                <token content="off" id="4-18">
                    <pos type="RP"/>
                    <lemma type="off"/>
                    <dep head="4-17" type="prt"/>
                </token>
                <token content="and" id="4-19"/>
                <token content="instructed" id="4-20">
                    <pos type="VBD"/>
                    <lemma type="instruct"/>
                    <dep head="4-11" type="conj"/>
                </token>
                <token content="all" id="4-21">
                    <pos type="DT"/>
                    <lemma type="all"/>
                    <dep head="4-20" type="dobj"/>
                </token>
                <token content="of" id="4-22"/>
                <token content="us" id="4-23">
                    <pos type="PRP"/>
                    <lemma type="we"/>
                </token>
                <token content="to" id="4-24">
                    <pos type="TO"/>
                    <lemma type="to"/>
                    <dep head="4-25" type="aux"/>
                </token>
                <token content="fasten" id="4-25">
                    <pos type="VB"/>
                    <lemma type="fasten"/>
                    <dep head="4-20" type="vmod"/>
                </token>
                <token content="our" id="4-26">
                    <pos type="PRP$"/>
                    <lemma type="we"/>
                </token>
                <token content="seat" id="4-27">
                    <pos type="NN"/>
                    <lemma type="seat"/>
                </token>
                <token content="belts" id="4-28">
                    <pos type="NNS"/>
                    <lemma type="belt"/>
                    <dep head="4-25" type="dobj"/>
                </token>
                <token content="," id="4-29"/>
                <token content="turn" id="4-30">
                    <pos type="VB"/>
                    <lemma type="turn"/>
                    <dep head="4-25" type="conj"/>
                </token>
                <token content="off" id="4-31">
                    <pos type="RP"/>
                    <lemma type="off"/>
                    <dep head="4-30" type="prt"/>
                </token>
                <token content="our" id="4-32">
                    <pos type="PRP$"/>
                    <lemma type="we"/>
                </token>
                <token content="electronics" id="4-33">
                    <pos type="NNS"/>
                    <lemma type="electronics"/>
                    <dep head="4-30" type="dobj"/>
                </token>
                <token content="," id="4-34"/>
                <token content="and" id="4-35"/>
                <token content="read" id="4-36">
                    <pos type="VB"/>
                    <lemma type="read"/>
                    <dep head="4-25" type="conj"/>
                </token>
                <token content="the" id="4-37">
                    <pos type="DT"/>
                    <lemma type="the"/>
                </token>
                <token content="safety" id="4-38">
                    <pos type="NN"/>
                    <lemma type="safety"/>
                </token>
                <token content="manual" id="4-39">
                    <pos type="NN"/>
                    <lemma type="manual"/>
                    <dep head="4-36" type="dobj"/>
                </token>
                <token content="." id="4-40"/>
            </sentence>
            <sentence id="5">
                <token content="Then" id="5-1">
                    <pos type="RB"/>
                    <lemma type="then"/>
                    <dep head="5-4" type="advmod"/>
                </token>
                <token content="the" id="5-2">
                    <pos type="DT"/>
                    <lemma type="the"/>
                </token>
                <token content="pilot" id="5-3">
                    <pos type="NN"/>
                    <lemma type="pilot"/>
                    <dep head="5-4" type="nsubj"/>
                </token>
                <token content="told" id="5-4">
                    <pos type="VBD"/>
                    <lemma type="tell"/>
                </token>
                <token content="us" id="5-5">
                    <pos type="PRP"/>
                    <lemma type="we"/>
                    <dep head="5-4" type="dobj"/>
                </token>
                <token content="that" id="5-6">
                    <pos type="IN"/>
                    <lemma type="that"/>
                </token>
                <token content="he" id="5-7">
                    <pos type="PRP"/>
                    <lemma type="he"/>
                </token>
                <token content="was" id="5-8">
                    <pos type="VBD"/>
                    <lemma type="be"/>
                </token>
                <token content="about" id="5-9">
                    <pos type="IN"/>
                    <lemma type="about"/>
                    <dep head="5-4" type="ccomp"/>
                </token>
                <token content="to" id="5-10">
                    <pos type="TO"/>
                    <lemma type="to"/>
                    <dep head="5-11" type="aux"/>
                </token>
                <token content="take" id="5-11">
                    <pos type="VB"/>
                    <lemma type="take"/>
                </token>
                <token content="off" id="5-12">
                    <pos type="RP"/>
                    <lemma type="off"/>
                    <dep head="5-11" type="prt"/>
                </token>
                <token content="and" id="5-13"/>
                <token content="we" id="5-14">
                    <pos type="PRP"/>
                    <lemma type="we"/>
                    <dep head="5-18" type="nsubj"/>
                </token>
                <token content="then" id="5-15">
                    <pos type="RB"/>
                    <lemma type="then"/>
                    <dep head="5-18" type="advmod"/>
                </token>
                <token content="were" id="5-16">
                    <pos type="VBD"/>
                    <lemma type="be"/>
                    <dep head="5-18" type="aux"/>
                </token>
                <token content="finally" id="5-17">
                    <pos type="RB"/>
                    <lemma type="finally"/>
                    <dep head="5-18" type="advmod"/>
                </token>
                <token content="flying" id="5-18">
                    <pos type="VBG"/>
                    <lemma type="fly"/>
                </token>
                <token content="in" id="5-19"/>
                <token content="the" id="5-20">
                    <pos type="DT"/>
                    <lemma type="the"/>
                </token>
                <token content="sky" id="5-21">
                    <pos type="NN"/>
                    <lemma type="sky"/>
                    <dep head="5-18" type="prep"/>
                </token>
                <token content="." id="5-22"/>
            </sentence>
            <sentence id="6">
                <token content="During" id="6-1"/>
                <token content="my" id="6-2">
                    <pos type="PRP$"/>
                    <lemma type="my"/>
                </token>
                <token content="flight" id="6-3">
                    <pos type="NN"/>
                    <lemma type="flight"/>
                    <dep head="6-5" type="prep"/>
                </token>
                <token content="I" id="6-4">
                    <pos type="PRP"/>
                    <lemma type="I"/>
                    <dep head="6-5" type="nsubj"/>
                </token>
                <token content="sat" id="6-5">
                    <pos type="VBD"/>
                    <lemma type="sit"/>
                </token>
                <token content="next" id="6-6"/>
                <token content="to" id="6-7"/>
                <token content="an" id="6-8">
                    <pos type="DT"/>
                    <lemma type="a"/>
                </token>
                <token content="older" id="6-9">
                    <pos type="JJR"/>
                    <lemma type="older"/>
                </token>
                <token content="woman" id="6-10">
                    <pos type="NN"/>
                    <lemma type="woman"/>
                    <dep head="6-5" type="prep"/>
                </token>
                <token content="and" id="6-11"/>
                <token content="her" id="6-12">
                    <pos type="PRP$"/>
                    <lemma type="she"/>
                </token>
                <token content="dog" id="6-13">
                    <pos type="NN"/>
                    <lemma type="dog"/>
                </token>
                <token content="that" id="6-14">
                    <pos type="IN"/>
                    <lemma type="that"/>
                    <dep head="6-17" type="mark"/>
                </token>
                <token content="she" id="6-15">
                    <pos type="PRP"/>
                    <lemma type="she"/>
                    <dep head="6-17" type="nsubjpass"/>
                </token>
                <token content="was" id="6-16">
                    <pos type="VBD"/>
                    <lemma type="be"/>
                    <dep head="6-17" type="auxpass"/>
                </token>
                <token content="allowed" id="6-17">
                    <pos type="VBN"/>
                    <lemma type="allow"/>
                    <dep head="6-5" type="ccomp"/>
                </token>
                <token content="to" id="6-18">
                    <pos type="TO"/>
                    <lemma type="to"/>
                    <dep head="6-19" type="aux"/>
                </token>
                <token content="keep" id="6-19">
                    <pos type="VB"/>
                    <lemma type="keep"/>
                    <dep head="6-17" type="xcomp"/>
                </token>
                <token content="on" id="6-20"/>
                <token content="her" id="6-21">
                    <pos type="PRP$"/>
                    <lemma type="she"/>
                </token>
                <token content="lap" id="6-22">
                    <pos type="NN"/>
                    <lemma type="lap"/>
                    <dep head="6-19" type="prep"/>
                </token>
                <token content="." id="6-23"/>
            </sentence>
            <sentence id="7">
                <token content="We" id="7-1">
                    <pos type="PRP"/>
                    <lemma type="we"/>
                    <dep head="7-2" type="nsubj"/>
                </token>
                <token content="talked" id="7-2">
                    <pos type="VBD"/>
                    <lemma type="talk"/>
                </token>
                <token content="throughout" id="7-3"/>
                <token content="the" id="7-4">
                    <pos type="DT"/>
                    <lemma type="the"/>
                </token>
                <token content="flight" id="7-5">
                    <pos type="NN"/>
                    <lemma type="flight"/>
                    <dep head="7-2" type="prep"/>
                </token>
                <token content="while" id="7-6">
                    <pos type="IN"/>
                    <lemma type="while"/>
                    <dep head="7-7" type="mark"/>
                </token>
                <token content="snacking" id="7-7">
                    <pos type="VBG"/>
                    <lemma type="snack"/>
                    <dep head="7-2" type="advcl"/>
                </token>
                <token content="on" id="7-8"/>
                <token content="the" id="7-9">
                    <pos type="DT"/>
                    <lemma type="the"/>
                </token>
                <token content="peanuts" id="7-10">
                    <pos type="NNS"/>
                    <lemma type="peanut"/>
                    <dep head="7-7" type="prep"/>
                </token>
                <token content="and" id="7-11"/>
                <token content="soda" id="7-12">
                    <pos type="NN"/>
                    <lemma type="soda"/>
                </token>
                <token content="that" id="7-13">
                    <pos type="WDT"/>
                    <lemma type="that"/>
                    <dep head="7-15" type="nsubjpass"/>
                </token>
                <token content="were" id="7-14">
                    <pos type="VBD"/>
                    <lemma type="be"/>
                    <dep head="7-15" type="auxpass"/>
                </token>
                <token content="given" id="7-15">
                    <pos type="VBN"/>
                    <lemma type="give"/>
                </token>
                <token content="to" id="7-16"/>
                <token content="us" id="7-17">
                    <pos type="PRP"/>
                    <lemma type="we"/>
                    <dep head="7-15" type="prep"/>
                </token>
                <token content="." id="7-18"/>
            </sentence>
            <sentence id="8">
                <token content="When" id="8-1">
                    <pos type="WRB"/>
                    <lemma type="when"/>
                    <dep head="8-4" type="advmod"/>
                </token>
                <token content="we" id="8-2">
                    <pos type="PRP"/>
                    <lemma type="we"/>
                    <dep head="8-4" type="nsubj"/>
                </token>
                <token content="finally" id="8-3">
                    <pos type="RB"/>
                    <lemma type="finally"/>
                    <dep head="8-4" type="advmod"/>
                </token>
                <token content="landed" id="8-4">
                    <pos type="VBD"/>
                    <lemma type="land"/>
                    <dep head="8-36" type="advcl"/>
                </token>
                <token content="about" id="8-5">
                    <pos type="RB"/>
                    <lemma type="about"/>
                </token>
                <token content="three" id="8-6">
                    <pos type="CD"/>
                    <lemma type="three"/>
                    <dep head="8-4" type="dobj"/>
                </token>
                <token content="or" id="8-7"/>
                <token content="four" id="8-8">
                    <pos type="CD"/>
                    <lemma type="four"/>
                </token>
                <token content="hours" id="8-9">
                    <pos type="NNS"/>
                    <lemma type="hour"/>
                    <dep head="8-14" type="nsubj"/>
                </token>
                <token content="later" id="8-10">
                    <pos type="RB"/>
                    <lemma type="later"/>
                </token>
                <token content="," id="8-11"/>
                <token content="we" id="8-12">
                    <pos type="PRP"/>
                    <lemma type="we"/>
                    <dep head="8-14" type="nsubj"/>
                </token>
                <token content="all" id="8-13">
                    <pos type="DT"/>
                    <lemma type="all"/>
                    <dep head="8-14" type="advmod"/>
                </token>
                <token content="exited" id="8-14">
                    <pos type="VBD"/>
                    <lemma type="exit"/>
                    <dep head="8-4" type="conj"/>
                </token>
                <token content="the" id="8-15">
                    <pos type="DT"/>
                    <lemma type="the"/>
                </token>
                <token content="plane" id="8-16">
                    <pos type="NN"/>
                    <lemma type="plane"/>
                    <dep head="8-14" type="dobj"/>
                </token>
                <token content="in" id="8-17"/>
                <token content="a" id="8-18">
                    <pos type="DT"/>
                    <lemma type="a"/>
                </token>
                <token content="single" id="8-19">
                    <pos type="JJ"/>
                    <lemma type="single"/>
                </token>
                <token content="file" id="8-20">
                    <pos type="NN"/>
                    <lemma type="file"/>
                </token>
                <token content="line" id="8-21">
                    <pos type="NN"/>
                    <lemma type="line"/>
                    <dep head="8-14" type="prep"/>
                </token>
                <token content="while" id="8-22">
                    <pos type="IN"/>
                    <lemma type="while"/>
                    <dep head="8-23" type="mark"/>
                </token>
                <token content="grabbing" id="8-23">
                    <pos type="VBG"/>
                    <lemma type="grab"/>
                    <dep head="8-14" type="advcl"/>
                </token>
                <token content="our" id="8-24">
                    <pos type="PRP$"/>
                    <lemma type="we"/>
                </token>
                <token content="belongings" id="8-25">
                    <pos type="NNS"/>
                    <lemma type="belongings"/>
                    <dep head="8-23" type="dobj"/>
                </token>
                <token content="and" id="8-26"/>
                <token content="once" id="8-27">
                    <pos type="IN"/>
                    <lemma type="once"/>
                    <dep head="8-29" type="mark"/>
                </token>
                <token content="I" id="8-28">
                    <pos type="PRP"/>
                    <lemma type="I"/>
                    <dep head="8-29" type="nsubj"/>
                </token>
                <token content="was" id="8-29">
                    <pos type="VBD"/>
                    <lemma type="be"/>
                    <dep head="8-23" type="conj"/>
                </token>
                <token content="off" id="8-30"/>
                <token content="of" id="8-31"/>
                <token content="the" id="8-32">
                    <pos type="DT"/>
                    <lemma type="the"/>
                </token>
                <token content="plane" id="8-33">
                    <pos type="NN"/>
                    <lemma type="plane"/>
                    <dep head="8-29" type="prep"/>
                </token>
                <token content="," id="8-34"/>
                <token content="I" id="8-35">
                    <pos type="PRP"/>
                    <lemma type="I"/>
                    <dep head="8-36" type="nsubj"/>
                </token>
                <token content="went" id="8-36">
                    <pos type="VBD"/>
                    <lemma type="go"/>
                </token>
                <token content="to" id="8-37">
                    <pos type="TO"/>
                    <lemma type="to"/>
                    <dep head="8-38" type="aux"/>
                </token>
                <token content="go" id="8-38">
                    <pos type="VB"/>
                    <lemma type="go"/>
                    <dep head="8-36" type="xcomp"/>
                </token>
                <token content="find" id="8-39">
                    <pos type="VB"/>
                    <lemma type="find"/>
                    <dep head="8-38" type="xcomp"/>
                </token>
                <token content="my" id="8-40">
                    <pos type="PRP$"/>
                    <lemma type="my"/>
                </token>
                <token content="aunt" id="8-41">
                    <pos type="NN"/>
                    <lemma type="aunt"/>
                    <dep head="8-39" type="dobj"/>
                </token>
                <token content="who" id="8-42">
                    <pos type="WP"/>
                    <lemma type="who"/>
                </token>
                <token content="was" id="8-43">
                    <pos type="VBD"/>
                    <lemma type="be"/>
                </token>
                <token content="suppose" id="8-44">
                    <pos type="JJ"/>
                    <lemma type="suppose"/>
                </token>
                <token content="to" id="8-45">
                    <pos type="TO"/>
                    <lemma type="to"/>
                    <dep head="8-46" type="aux"/>
                </token>
                <token content="pick" id="8-46">
                    <pos type="VB"/>
                    <lemma type="pick"/>
                </token>
                <token content="me" id="8-47">
                    <pos type="PRP"/>
                    <lemma type="I"/>
                    <dep head="8-46" type="dobj"/>
                </token>
                <token content="up" id="8-48">
                    <pos type="RP"/>
                    <lemma type="up"/>
                    <dep head="8-46" type="prt"/>
                </token>
                <token content="." id="8-49"/>
            </sentence>
            <sentence id="9">
                <token content="I" id="9-1">
                    <pos type="PRP"/>
                    <lemma type="I"/>
                    <dep head="9-3" type="nsubj"/>
                </token>
                <token content="had" id="9-2">
                    <pos type="VBD"/>
                    <lemma type="have"/>
                    <dep head="9-3" type="aux"/>
                </token>
                <token content="enjoyed" id="9-3">
                    <pos type="VBN"/>
                    <lemma type="enjoy"/>
                </token>
                <token content="my" id="9-4">
                    <pos type="PRP$"/>
                    <lemma type="my"/>
                </token>
                <token content="flight" id="9-5">
                    <pos type="NN"/>
                    <lemma type="flight"/>
                </token>
                <token content="experience" id="9-6">
                    <pos type="NN"/>
                    <lemma type="experience"/>
                    <dep head="9-3" type="dobj"/>
                </token>
                <token content="." id="9-7"/>
            </sentence>
        </sentences>
    </text>
    <annotations>
        <participants>
            <label from="1-3" id="0" name="NPart" text="December" type="participant"/>
            <label from="1-6" id="1" name="NPart" text="year" type="participant"/>
            <label from="1-8" id="2" name="ScrPart_passenger" text="I" type="participant"/>
            <label from="1-11" id="3" name="ScrPart_target_location" text="Omaha , Nebraska" to="1-13" type="participant"/>
            <label from="1-11" id="4" name="ScrPart_target_location" text="Omaha" type="participant"/>
            <label from="1-16" id="5" name="NPart" text="family" type="participant"/>
            <label from="1-19" id="6" name="NPart" text="week" type="participant"/>
            <label from="1-21" id="7" name="NPart" text="Christmas" type="participant"/>
            <label from="2-3" id="8" name="NPart" text="what" type="participant"/>
            <label from="2-4" id="9" name="ScrPart_passenger" text="I" type="participant"/>
            <label from="2-7" id="10" name="ScrPart_passenger" text="I" type="participant"/>
            <label from="2-10" id="11" name="NPart" text="bus" type="participant"/>
            <label from="2-13" id="12" name="ScrPart_airport" text="airport" type="participant"/>
            <label from="2-15" id="13" name="ScrPart_passenger" text="I" type="participant"/>
            <label from="2-19" id="14" name="ScrPart_passenger" text="my" type="participant"/>
            <label from="2-20" id="15" name="ScrPart_ticket" text="ticket" type="participant"/>
            <label from="2-24" id="16" name="ScrPart_security_check" text="security" type="participant"/>
            <label from="2-27" id="17" name="ScrPart_passenger" text="my" type="participant"/>
            <label from="2-28" id="18" name="ScrPart_check_in_luggage" text="suitcase" type="participant"/>
            <label from="2-33" id="19" name="ScrPart_passenger" text="my" type="participant"/>
            <label from="2-34" id="20" name="SuppVComp" text="way" type="participant"/>
            <label from="2-37" id="21" name="ScrPart_terminal/gate" text="terminal" type="participant"/>
            <label from="2-41" id="22" name="ScrPart_staff" text="the" type="participant"/>
            <label from="2-44" id="23" name="ScrPart_passenger" text="people" type="participant"/>
            <label from="2-47" id="24" name="ScrPart_passenger" text="my" type="participant"/>
            <label from="2-48" id="25" name="ScrPart_flight" text="flight" type="participant"/>
            <label from="3-2" id="26" name="ScrPart_passenger" text="I" type="participant"/>
            <label from="3-6" id="27" name="ScrPart_plane" text="airplane" type="participant"/>
            <label from="3-8" id="28" name="ScrPart_passenger" text="I" type="participant"/>
            <label from="3-10" id="29" name="ScrPart_passenger" text="my" type="participant"/>
            <label from="3-11" id="30" name="ScrPart_carry_on_luggage" text="luggage" type="participant"/>
            <label from="3-14" id="31" name="ScrPart_storage" text="overhead" type="participant"/>
            <label from="3-17" id="32" name="ScrPart_passenger" text="my" type="participant"/>
            <label from="3-18" id="33" name="ScrPart_seat" text="seat" type="participant"/>
            <label from="3-19" id="34" name="ScrPart_seat" text="that" type="participant"/>
            <label from="3-24" id="35" name="ScrPart_in-flight_entertainment" text="window" type="participant"/>
            <label from="4-2" id="36" name="ScrPart_passenger" text="everyone" type="participant"/>
            <label from="4-6" id="37" name="ScrPart_plane" text="plane" type="participant"/>
            <label from="4-9" id="38" name="ScrPart_staff" text="flight attendant" to="4-10" type="participant"/>
            <label from="4-10" id="39" name="ScrPart_staff" text="attendant" type="participant"/>
            <label from="4-13" id="40" name="ScrPart_plane" text="we" type="participant"/>
            <label from="4-23" id="41" name="ScrPart_passenger" text="us" type="participant"/>
            <label from="4-26" id="42" name="ScrPart_passenger" text="our" type="participant"/>
            <label from="4-27" id="43" name="ScrPart_seat_belt" text="seat belts" to="4-28" type="participant"/>
            <label from="4-28" id="44" name="ScrPart_seat_belt" text="belts" type="participant"/>
            <label from="4-32" id="45" name="ScrPart_passenger" text="our" type="participant"/>
            <label from="4-33" id="46" name="NPart" text="electronics" type="participant"/>
            <label from="4-38" id="47" name="ScrPart_safety_instructions" text="safety manual" to="4-39" type="participant"/>
            <label from="4-39" id="48" name="ScrPart_safety_instructions" text="manual" type="participant"/>
            <label from="5-3" id="49" name="ScrPart_staff" text="pilot" type="participant"/>
            <label from="5-5" id="50" name="ScrPart_passenger" text="us" type="participant"/>
            <label from="5-7" id="51" name="ScrPart_staff" text="he" type="participant"/>
            <label from="5-14" id="52" name="ScrPart_plane" text="we" type="participant"/>
            <label from="5-21" id="53" name="ScrPart_location_airplane" text="sky" type="participant"/>
            <label from="6-2" id="54" name="ScrPart_passenger" text="my" type="participant"/>
            <label from="6-3" id="55" name="ScrPart_flight" text="flight" type="participant"/>
            <label from="6-4" id="56" name="ScrPart_passenger" text="I" type="participant"/>
            <label from="6-10" id="57" name="ScrPart_passenger" text="woman" type="participant"/>
            <label from="6-12" id="58" name="ScrPart_passenger" text="her" type="participant"/>
            <label from="6-13" id="59" name="ScrPart_passenger" text="dog" type="participant"/>
            <label from="6-14" id="60" name="ScrPart_passenger" text="that" type="participant"/>
            <label from="6-15" id="61" name="ScrPart_passenger" text="she" type="participant"/>
            <label from="6-21" id="62" name="ScrPart_passenger" text="her" type="participant"/>
            <label from="6-22" id="63" name="NPart" text="lap" type="participant"/>
            <label from="7-1" id="64" name="ScrPart_passenger" text="We" type="participant"/>
            <label from="7-5" id="65" name="ScrPart_flight" text="flight" type="participant"/>
            <label from="7-10" id="66" name="ScrPart_in-flight_entertainment" text="peanuts" type="participant"/>
            <label from="7-12" id="67" name="ScrPart_in-flight_entertainment" text="soda" type="participant"/>
            <label from="7-13" id="68" name="ScrPart_in-flight_entertainment" text="that" type="participant"/>
            <label from="7-17" id="69" name="ScrPart_passenger" text="us" type="participant"/>
            <label from="8-2" id="70" name="ScrPart_plane" text="we" type="participant"/>
            <label from="8-6" id="71" name="ScrPart_time/date" text="three or four hours" to="8-9" type="participant"/>
            <label from="8-12" id="72" name="ScrPart_passenger" text="we" type="participant"/>
            <label from="8-16" id="73" name="ScrPart_plane" text="plane" type="participant"/>
            <label from="8-20" id="74" name="ScrPart_line" text="file line" to="8-21" type="participant"/>
            <label from="8-21" id="75" name="ScrPart_line" text="line" type="participant"/>
            <label from="8-24" id="76" name="ScrPart_passenger" text="our" type="participant"/>
            <label from="8-25" id="77" name="ScrPart_carry_on_luggage" text="belongings" type="participant"/>
            <label from="8-28" id="78" name="ScrPart_passenger" text="I" type="participant"/>
            <label from="8-33" id="79" name="ScrPart_plane" text="plane" type="participant"/>
            <label from="8-35" id="80" name="ScrPart_passenger" text="I" type="participant"/>
            <label from="8-40" id="81" name="ScrPart_passenger" text="my" type="participant"/>
            <label from="8-41" id="82" name="ScrPart_accomp_person" text="aunt" type="participant"/>
            <label from="8-42" id="83" name="ScrPart_accomp_person" text="who" type="participant"/>
            <label from="8-47" id="84" name="ScrPart_passenger" text="me" type="participant"/>
            <label from="9-1" id="85" name="ScrPart_passenger" text="I" type="participant"/>
            <label from="9-4" id="86" name="ScrPart_passenger" text="my" type="participant"/>
            <label from="9-5" id="87" name="NPart" text="flight experience" to="9-6" type="participant"/>
            <label from="9-6" id="88" name="NPart" text="experience" type="participant"/>
        </participants>
        <events>
            <label from="1-9" id="89" name="Evoking" text="flew to Omaha , Nebraska" to="1-13" type="event"/>
            <label from="1-15" id="90" name="UnrelEv" text="visit" type="event"/>
            <label from="2-2" id="91" name="ScrEv_pack_luggage" text="packing" type="event"/>
            <label from="2-5" id="92" name="UnrelEv" text="needed" type="event"/>
            <label from="2-8" id="93" name="ScrEv_get_airport" text="took" type="event"/>
            <label from="2-18" id="94" name="ScrEv_get_ticket" text="get" type="event"/>
            <label from="2-22" id="95" name="ScrEv_go_security_checks" text="go through" to="2-23" type="event"/>
            <label from="2-26" id="96" name="UnrelEv" text="get" type="event"/>
            <label from="2-29" id="97" name="ScrEv_check_luggage" text="checked" type="event"/>
            <label from="2-32" id="98" name="ScrEv_find_terminal" text="find" type="event"/>
            <label from="2-39" id="99" name="ScrEv_wait_boarding" text="wait" type="event"/>
            <label from="2-42" id="100" name="ScrEv_listen_call" text="called" type="event"/>
            <label from="2-46" id="101" name="ScrEv_board_plane" text="board" type="event"/>
            <label from="3-3" id="102" name="ScrEv_board_plane" text="got on" to="3-4" type="event"/>
            <label from="3-9" id="103" name="ScrEv_stow_away_luggage" text="put" type="event"/>
            <label from="3-16" id="104" name="ScrEv_take_seat" text="took" type="event"/>
            <label from="3-20" id="105" name="UnrelEv" text="was" type="event"/>
            <label from="4-3" id="106" name="ScrEv_board_plane" text="was on" to="4-4" type="event"/>
            <label from="4-11" id="107" name="ScrEv_listen_crew" text="announced" type="event"/>
            <label from="4-14" id="108" name="ScrEv_take_off_preparations" text="were" type="event"/>
            <label from="4-17" id="109" name="ScrEv_take_off" text="take off" to="4-18" type="event"/>
            <label from="4-20" id="110" name="ScrEv_listen_crew" text="instructed" type="event"/>
            <label from="4-25" id="111" name="ScrEv_buckle_seat_belt" text="fasten" type="event"/>
            <label from="4-30" id="112" name="ScrEv_take_off_preparations" text="turn off" to="4-31" type="event"/>
            <label from="4-36" id="113" name="ScrEv_take_off_preparations" text="read" type="event"/>
            <label from="5-4" id="114" name="ScrEv_listen_crew" text="told" type="event"/>
            <label from="5-8" id="115" name="UnrelEv" text="was" type="event"/>
            <label from="5-11" id="116" name="ScrEv_take_off" text="take off" to="5-12" type="event"/>
            <label from="5-18" id="117" name="ScrEv_take_off" text="flying" type="event"/>
            <label from="6-5" id="118" name="ScrEv_take_seat" text="sat" type="event"/>
            <label from="6-17" id="119" name="UnrelEv" text="allowed" type="event"/>
            <label from="6-19" id="120" name="UnrelEv" text="keep" type="event"/>
            <label from="7-2" id="121" name="ScrEv_spend_time_flight" text="talked" type="event"/>
            <label from="7-7" id="122" name="ScrEv_spend_time_flight" text="snacking" type="event"/>
            <label from="7-15" id="123" name="RelNScrEv" text="given" type="event"/>
            <label from="8-4" id="124" name="ScrEv_landing" text="landed" type="event"/>
            <label from="8-14" id="125" name="ScrEv_exit_plane" text="exited" type="event"/>
            <label from="8-23" id="126" name="ScrEv_retrieve_luggage" text="grabbing" type="event"/>
            <label from="8-29" id="127" name="ScrEv_exit_plane" text="was off" to="8-30" type="event"/>
            <label from="8-36" id="128" name="UnrelEv" text="went" type="event"/>
            <label from="8-38" id="129" name="UnrelEv" text="go" type="event"/>
            <label from="8-39" id="130" name="ScrEv_meet_people" text="find" type="event"/>
            <label from="8-44" id="131" name="UnrelEv" text="suppose" type="event"/>
            <label from="8-46" id="132" name="ScrEv_meet_people" text="pick" type="event"/>
            <label from="9-3" id="133" name="RelNScrEv" text="enjoyed" type="event"/>
        </events>
        <chains>
            <chain elements="9 2 10 13 14 17 19 24 26 28 29 32 54 56 78 80 81 84 85 86"/>
            <chain elements="23 19" name="coref_group_I_passenger"/>
            <chain elements="36 23 41 42 45 50"/>
            <chain elements="55 25 65"/>
            <chain elements="37 27 40 52 70 73 79"/>
            <chain elements="77 30"/>
            <chain elements="34 33"/>
            <chain elements="51 49"/>
            <chain elements="57 50" name="coref_one_of_passengers"/>
            <chain elements="64 56 62" name="coref3_group_I_woman"/>
            <chain elements="58 57 61 62"/>
            <chain elements="60 59"/>
            <chain elements="69 64 72 76"/>
            <chain elements="68 66 67" name="coref3_group_peanuts_soda"/>
            <chain elements="83 82"/>
        </chains>
    </annotations>
</story>
