<?xml version="1.0" encoding="UTF-8" standalone="no"?>
<!DOCTYPE story SYSTEM "../InScript.dtd">
<story id="008" scenario="flight">
    <text>
        <content>I flew from Amsterdam to New York City last week . 
I had purchased and reserved my ticket a week in advance . 
I left the hostel I was staying and arrived at Schiphol Airport at about 21:00 . 
After waiting about 2 hours for the flight check-in , I boarded the plane . 
I went to and found my seat , located on the left-hand side near the middle of the plane . 
I placed some of my hand luggage in an overhead compartment and sat down next to another passenger who was seated to my right . 
I watched the rest of remaining passengers who were heading to their seats . 
About 20 minutes later , once everyone was seated and were given basic safety instructions by the flight attendants , the pilot announced that the we were now going to take off for New York . 
The plane engines then started , and we were soon airborne with Amsterdam soon far below us . 
It was a evening flight , so I slept on and off for a little while , then began watching an in-flight movie . 
After about 3 hours , we were served a light dinner of a chicken entree , bread , and juice . 
The food was surprisingly tasty and I enjoyed it . 
After finishing my meal , I relaxed and occasionally looked out the window at the night sky , as well as occasionally chatting with the person sitting next to me . 
Finally , the pilot announced that we were approaching JFK airport . 
The plane touched down shortly afterwards , and we safely landed in New York . </content>
        <sentences>
            <sentence id="1">
                <token content="I" id="1-1">
                    <pos type="PRP"/>
                    <lemma type="I"/>
                    <dep head="1-2" type="nsubj"/>
                </token>
                <token content="flew" id="1-2">
                    <pos type="VBD"/>
                    <lemma type="fly"/>
                </token>
                <token content="from" id="1-3"/>
                <token content="Amsterdam" id="1-4">
                    <pos type="NNP"/>
                    <lemma type="Amsterdam"/>
                    <dep head="1-2" type="prep"/>
                </token>
                <token content="to" id="1-5"/>
                <token content="New" id="1-6">
                    <pos type="NNP"/>
                    <lemma type="New"/>
                </token>
                <token content="York" id="1-7">
                    <pos type="NNP"/>
                    <lemma type="York"/>
                </token>
                <token content="City" id="1-8">
                    <pos type="NNP"/>
                    <lemma type="City"/>
                    <dep head="1-2" type="prep"/>
                </token>
                <token content="last" id="1-9">
                    <pos type="JJ"/>
                    <lemma type="last"/>
                </token>
                <token content="week" id="1-10">
                    <pos type="NN"/>
                    <lemma type="week"/>
                    <dep head="1-2" type="tmod"/>
                </token>
                <token content="." id="1-11"/>
            </sentence>
            <sentence id="2">
                <token content="I" id="2-1">
                    <pos type="PRP"/>
                    <lemma type="I"/>
                    <dep head="2-3" type="nsubj"/>
                </token>
                <token content="had" id="2-2">
                    <pos type="VBD"/>
                    <lemma type="have"/>
                    <dep head="2-3" type="aux"/>
                </token>
                <token content="purchased" id="2-3">
                    <pos type="VBN"/>
                    <lemma type="purchase"/>
                </token>
                <token content="and" id="2-4"/>
                <token content="reserved" id="2-5">
                    <pos type="VBN"/>
                    <lemma type="reserve"/>
                    <dep head="2-3" type="conj"/>
                </token>
                <token content="my" id="2-6">
                    <pos type="PRP$"/>
                    <lemma type="my"/>
                </token>
                <token content="ticket" id="2-7">
                    <pos type="NN"/>
                    <lemma type="ticket"/>
                    <dep head="2-3" type="dobj"/>
                </token>
                <token content="a" id="2-8">
                    <pos type="DT"/>
                    <lemma type="a"/>
                </token>
                <token content="week" id="2-9">
                    <pos type="NN"/>
                    <lemma type="week"/>
                </token>
                <token content="in" id="2-10"/>
                <token content="advance" id="2-11">
                    <pos type="NN"/>
                    <lemma type="advance"/>
                    <dep head="2-3" type="prep"/>
                </token>
                <token content="." id="2-12"/>
            </sentence>
            <sentence id="3">
                <token content="I" id="3-1">
                    <pos type="PRP"/>
                    <lemma type="I"/>
                    <dep head="3-2" type="nsubj"/>
                </token>
                <token content="left" id="3-2">
                    <pos type="VBD"/>
                    <lemma type="leave"/>
                </token>
                <token content="the" id="3-3">
                    <pos type="DT"/>
                    <lemma type="the"/>
                </token>
                <token content="hostel" id="3-4">
                    <pos type="NN"/>
                    <lemma type="hostel"/>
                    <dep head="3-2" type="dobj"/>
                </token>
                <token content="I" id="3-5">
                    <pos type="PRP"/>
                    <lemma type="I"/>
                    <dep head="3-7" type="nsubj"/>
                </token>
                <token content="was" id="3-6">
                    <pos type="VBD"/>
                    <lemma type="be"/>
                    <dep head="3-7" type="aux"/>
                </token>
                <token content="staying" id="3-7">
                    <pos type="VBG"/>
                    <lemma type="stay"/>
                    <dep head="3-2" type="dep"/>
                </token>
                <token content="and" id="3-8"/>
                <token content="arrived" id="3-9">
                    <pos type="VBD"/>
                    <lemma type="arrive"/>
                    <dep head="3-2" type="conj"/>
                </token>
                <token content="at" id="3-10"/>
                <token content="Schiphol" id="3-11">
                    <pos type="NNP"/>
                    <lemma type="Schiphol"/>
                </token>
                <token content="Airport" id="3-12">
                    <pos type="NNP"/>
                    <lemma type="Airport"/>
                    <dep head="3-9" type="prep"/>
                </token>
                <token content="at" id="3-13"/>
                <token content="about" id="3-14">
                    <pos type="RB"/>
                    <lemma type="about"/>
                </token>
                <token content="21:00" id="3-15">
                    <pos type="CD"/>
                    <lemma type="21:00"/>
                    <dep head="3-9" type="prep"/>
                </token>
                <token content="." id="3-16"/>
            </sentence>
            <sentence id="4">
                <token content="After" id="4-1"/>
                <token content="waiting" id="4-2">
                    <pos type="VBG"/>
                    <lemma type="wait"/>
                    <dep head="4-12" type="prepc"/>
                </token>
                <token content="about" id="4-3">
                    <pos type="RB"/>
                    <lemma type="about"/>
                </token>
                <token content="2" id="4-4">
                    <pos type="CD"/>
                    <lemma type="2"/>
                </token>
                <token content="hours" id="4-5">
                    <pos type="NNS"/>
                    <lemma type="hour"/>
                    <dep head="4-2" type="dobj"/>
                </token>
                <token content="for" id="4-6"/>
                <token content="the" id="4-7">
                    <pos type="DT"/>
                    <lemma type="the"/>
                </token>
                <token content="flight" id="4-8">
                    <pos type="NN"/>
                    <lemma type="flight"/>
                </token>
                <token content="check-in" id="4-9">
                    <pos type="NN"/>
                    <lemma type="check-in"/>
                    <dep head="4-2" type="prep"/>
                </token>
                <token content="," id="4-10"/>
                <token content="I" id="4-11">
                    <pos type="PRP"/>
                    <lemma type="I"/>
                    <dep head="4-12" type="nsubj"/>
                </token>
                <token content="boarded" id="4-12">
                    <pos type="VBD"/>
                    <lemma type="board"/>
                </token>
                <token content="the" id="4-13">
                    <pos type="DT"/>
                    <lemma type="the"/>
                </token>
                <token content="plane" id="4-14">
                    <pos type="NN"/>
                    <lemma type="plane"/>
                    <dep head="4-12" type="dobj"/>
                </token>
                <token content="." id="4-15"/>
            </sentence>
            <sentence id="5">
                <token content="I" id="5-1">
                    <pos type="PRP"/>
                    <lemma type="I"/>
                    <dep head="5-2" type="nsubj"/>
                </token>
                <token content="went" id="5-2">
                    <pos type="VBD"/>
                    <lemma type="go"/>
                </token>
                <token content="to" id="5-3">
                    <pos type="TO"/>
                    <lemma type="to"/>
                    <dep head="5-2" type="xcomp"/>
                </token>
                <token content="and" id="5-4"/>
                <token content="found" id="5-5">
                    <pos type="VBD"/>
                    <lemma type="find"/>
                    <dep head="5-2" type="conj"/>
                </token>
                <token content="my" id="5-6">
                    <pos type="PRP$"/>
                    <lemma type="my"/>
                </token>
                <token content="seat" id="5-7">
                    <pos type="NN"/>
                    <lemma type="seat"/>
                    <dep head="5-5" type="dobj"/>
                </token>
                <token content="," id="5-8"/>
                <token content="located" id="5-9">
                    <pos type="VBN"/>
                    <lemma type="locate"/>
                </token>
                <token content="on" id="5-10"/>
                <token content="the" id="5-11">
                    <pos type="DT"/>
                    <lemma type="the"/>
                </token>
                <token content="left-hand" id="5-12">
                    <pos type="JJ"/>
                    <lemma type="left-hand"/>
                </token>
                <token content="side" id="5-13">
                    <pos type="NN"/>
                    <lemma type="side"/>
                    <dep head="5-9" type="prep"/>
                </token>
                <token content="near" id="5-14"/>
                <token content="the" id="5-15">
                    <pos type="DT"/>
                    <lemma type="the"/>
                </token>
                <token content="middle" id="5-16">
                    <pos type="NN"/>
                    <lemma type="middle"/>
                </token>
                <token content="of" id="5-17"/>
                <token content="the" id="5-18">
                    <pos type="DT"/>
                    <lemma type="the"/>
                </token>
                <token content="plane" id="5-19">
                    <pos type="NN"/>
                    <lemma type="plane"/>
                </token>
                <token content="." id="5-20"/>
            </sentence>
            <sentence id="6">
                <token content="I" id="6-1">
                    <pos type="PRP"/>
                    <lemma type="I"/>
                    <dep head="6-2" type="nsubj"/>
                </token>
                <token content="placed" id="6-2">
                    <pos type="VBD"/>
                    <lemma type="place"/>
                </token>
                <token content="some" id="6-3">
                    <pos type="DT"/>
                    <lemma type="some"/>
                    <dep head="6-2" type="dobj"/>
                </token>
                <token content="of" id="6-4"/>
                <token content="my" id="6-5">
                    <pos type="PRP$"/>
                    <lemma type="my"/>
                </token>
                <token content="hand" id="6-6">
                    <pos type="NN"/>
                    <lemma type="hand"/>
                </token>
                <token content="luggage" id="6-7">
                    <pos type="NN"/>
                    <lemma type="luggage"/>
                </token>
                <token content="in" id="6-8"/>
                <token content="an" id="6-9">
                    <pos type="DT"/>
                    <lemma type="a"/>
                </token>
                <token content="overhead" id="6-10">
                    <pos type="JJ"/>
                    <lemma type="overhead"/>
                </token>
                <token content="compartment" id="6-11">
                    <pos type="NN"/>
                    <lemma type="compartment"/>
                    <dep head="6-2" type="prep"/>
                </token>
                <token content="and" id="6-12"/>
                <token content="sat" id="6-13">
                    <pos type="VBD"/>
                    <lemma type="sit"/>
                    <dep head="6-2" type="conj"/>
                </token>
                <token content="down" id="6-14">
                    <pos type="RB"/>
                    <lemma type="down"/>
                    <dep head="6-13" type="advmod"/>
                </token>
                <token content="next" id="6-15"/>
                <token content="to" id="6-16"/>
                <token content="another" id="6-17">
                    <pos type="DT"/>
                    <lemma type="another"/>
                </token>
                <token content="passenger" id="6-18">
                    <pos type="NN"/>
                    <lemma type="passenger"/>
                    <dep head="6-13" type="prep"/>
                </token>
                <token content="who" id="6-19">
                    <pos type="WP"/>
                    <lemma type="who"/>
                    <dep head="6-21" type="nsubjpass"/>
                </token>
                <token content="was" id="6-20">
                    <pos type="VBD"/>
                    <lemma type="be"/>
                    <dep head="6-21" type="auxpass"/>
                </token>
                <token content="seated" id="6-21">
                    <pos type="VBN"/>
                    <lemma type="seat"/>
                </token>
                <token content="to" id="6-22"/>
                <token content="my" id="6-23">
                    <pos type="PRP$"/>
                    <lemma type="my"/>
                </token>
                <token content="right" id="6-24">
                    <pos type="NN"/>
                    <lemma type="right"/>
                    <dep head="6-21" type="prep"/>
                </token>
                <token content="." id="6-25"/>
            </sentence>
            <sentence id="7">
                <token content="I" id="7-1">
                    <pos type="PRP"/>
                    <lemma type="I"/>
                    <dep head="7-2" type="nsubj"/>
                </token>
                <token content="watched" id="7-2">
                    <pos type="VBD"/>
                    <lemma type="watch"/>
                </token>
                <token content="the" id="7-3">
                    <pos type="DT"/>
                    <lemma type="the"/>
                </token>
                <token content="rest" id="7-4">
                    <pos type="NN"/>
                    <lemma type="rest"/>
                    <dep head="7-2" type="dobj"/>
                </token>
                <token content="of" id="7-5"/>
                <token content="remaining" id="7-6">
                    <pos type="VBG"/>
                    <lemma type="remain"/>
                </token>
                <token content="passengers" id="7-7">
                    <pos type="NNS"/>
                    <lemma type="passenger"/>
                </token>
                <token content="who" id="7-8">
                    <pos type="WP"/>
                    <lemma type="who"/>
                    <dep head="7-10" type="nsubj"/>
                </token>
                <token content="were" id="7-9">
                    <pos type="VBD"/>
                    <lemma type="be"/>
                    <dep head="7-10" type="aux"/>
                </token>
                <token content="heading" id="7-10">
                    <pos type="VBG"/>
                    <lemma type="head"/>
                </token>
                <token content="to" id="7-11"/>
                <token content="their" id="7-12">
                    <pos type="PRP$"/>
                    <lemma type="they"/>
                </token>
                <token content="seats" id="7-13">
                    <pos type="NNS"/>
                    <lemma type="seat"/>
                    <dep head="7-10" type="prep"/>
                </token>
                <token content="." id="7-14"/>
            </sentence>
            <sentence id="8">
                <token content="About" id="8-1">
                    <pos type="RB"/>
                    <lemma type="about"/>
                </token>
                <token content="20" id="8-2">
                    <pos type="CD"/>
                    <lemma type="20"/>
                </token>
                <token content="minutes" id="8-3">
                    <pos type="NNS"/>
                    <lemma type="minute"/>
                </token>
                <token content="later" id="8-4">
                    <pos type="RB"/>
                    <lemma type="later"/>
                    <dep head="8-23" type="advmod"/>
                </token>
                <token content="," id="8-5"/>
                <token content="once" id="8-6">
                    <pos type="IN"/>
                    <lemma type="once"/>
                    <dep head="8-9" type="mark"/>
                </token>
                <token content="everyone" id="8-7">
                    <pos type="NN"/>
                    <lemma type="everyone"/>
                    <dep head="8-9" type="nsubjpass"/>
                </token>
                <token content="was" id="8-8">
                    <pos type="VBD"/>
                    <lemma type="be"/>
                    <dep head="8-9" type="auxpass"/>
                </token>
                <token content="seated" id="8-9">
                    <pos type="VBN"/>
                    <lemma type="seat"/>
                    <dep head="8-23" type="advcl"/>
                </token>
                <token content="and" id="8-10"/>
                <token content="were" id="8-11">
                    <pos type="VBD"/>
                    <lemma type="be"/>
                    <dep head="8-12" type="auxpass"/>
                </token>
                <token content="given" id="8-12">
                    <pos type="VBN"/>
                    <lemma type="give"/>
                    <dep head="8-9" type="conj"/>
                </token>
                <token content="basic" id="8-13">
                    <pos type="JJ"/>
                    <lemma type="basic"/>
                </token>
                <token content="safety" id="8-14">
                    <pos type="NN"/>
                    <lemma type="safety"/>
                </token>
                <token content="instructions" id="8-15">
                    <pos type="NNS"/>
                    <lemma type="instruction"/>
                    <dep head="8-12" type="dobj"/>
                </token>
                <token content="by" id="8-16"/>
                <token content="the" id="8-17">
                    <pos type="DT"/>
                    <lemma type="the"/>
                </token>
                <token content="flight" id="8-18">
                    <pos type="NN"/>
                    <lemma type="flight"/>
                </token>
                <token content="attendants" id="8-19">
                    <pos type="NNS"/>
                    <lemma type="attendant"/>
                    <dep head="8-12" type="agent"/>
                </token>
                <token content="," id="8-20"/>
                <token content="the" id="8-21">
                    <pos type="DT"/>
                    <lemma type="the"/>
                </token>
                <token content="pilot" id="8-22">
                    <pos type="NN"/>
                    <lemma type="pilot"/>
                    <dep head="8-23" type="nsubj"/>
                </token>
                <token content="announced" id="8-23">
                    <pos type="VBD"/>
                    <lemma type="announce"/>
                </token>
                <token content="that" id="8-24">
                    <pos type="IN"/>
                    <lemma type="that"/>
                    <dep head="8-29" type="mark"/>
                </token>
                <token content="the" id="8-25">
                    <pos type="DT"/>
                    <lemma type="the"/>
                </token>
                <token content="we" id="8-26">
                    <pos type="PRP"/>
                    <lemma type="we"/>
                    <dep head="8-29" type="nsubj"/>
                </token>
                <token content="were" id="8-27">
                    <pos type="VBD"/>
                    <lemma type="be"/>
                    <dep head="8-29" type="aux"/>
                </token>
                <token content="now" id="8-28">
                    <pos type="RB"/>
                    <lemma type="now"/>
                    <dep head="8-29" type="advmod"/>
                </token>
                <token content="going" id="8-29">
                    <pos type="VBG"/>
                    <lemma type="go"/>
                    <dep head="8-23" type="ccomp"/>
                </token>
                <token content="to" id="8-30">
                    <pos type="TO"/>
                    <lemma type="to"/>
                    <dep head="8-31" type="aux"/>
                </token>
                <token content="take" id="8-31">
                    <pos type="VB"/>
                    <lemma type="take"/>
                    <dep head="8-29" type="xcomp"/>
                </token>
                <token content="off" id="8-32">
                    <pos type="RP"/>
                    <lemma type="off"/>
                    <dep head="8-31" type="prt"/>
                </token>
                <token content="for" id="8-33"/>
                <token content="New" id="8-34">
                    <pos type="NNP"/>
                    <lemma type="New"/>
                </token>
                <token content="York" id="8-35">
                    <pos type="NNP"/>
                    <lemma type="York"/>
                    <dep head="8-31" type="prep"/>
                </token>
                <token content="." id="8-36"/>
            </sentence>
            <sentence id="9">
                <token content="The" id="9-1">
                    <pos type="DT"/>
                    <lemma type="the"/>
                </token>
                <token content="plane" id="9-2">
                    <pos type="NN"/>
                    <lemma type="plane"/>
                </token>
                <token content="engines" id="9-3">
                    <pos type="NNS"/>
                    <lemma type="engine"/>
                    <dep head="9-5" type="nsubj"/>
                </token>
                <token content="then" id="9-4">
                    <pos type="RB"/>
                    <lemma type="then"/>
                    <dep head="9-5" type="advmod"/>
                </token>
                <token content="started" id="9-5">
                    <pos type="VBD"/>
                    <lemma type="start"/>
                </token>
                <token content="," id="9-6"/>
                <token content="and" id="9-7"/>
                <token content="we" id="9-8">
                    <pos type="PRP"/>
                    <lemma type="we"/>
                </token>
                <token content="were" id="9-9">
                    <pos type="VBD"/>
                    <lemma type="be"/>
                </token>
                <token content="soon" id="9-10">
                    <pos type="RB"/>
                    <lemma type="soon"/>
                </token>
                <token content="airborne" id="9-11">
                    <pos type="JJ"/>
                    <lemma type="airborne"/>
                    <dep head="9-5" type="conj"/>
                </token>
                <token content="with" id="9-12"/>
                <token content="Amsterdam" id="9-13">
                    <pos type="NNP"/>
                    <lemma type="Amsterdam"/>
                </token>
                <token content="soon" id="9-14">
                    <pos type="RB"/>
                    <lemma type="soon"/>
                </token>
                <token content="far" id="9-15">
                    <pos type="RB"/>
                    <lemma type="far"/>
                </token>
                <token content="below" id="9-16"/>
                <token content="us" id="9-17">
                    <pos type="PRP"/>
                    <lemma type="we"/>
                </token>
                <token content="." id="9-18"/>
            </sentence>
            <sentence id="10">
                <token content="It" id="10-1">
                    <pos type="PRP"/>
                    <lemma type="it"/>
                </token>
                <token content="was" id="10-2">
                    <pos type="VBD"/>
                    <lemma type="be"/>
                </token>
                <token content="a" id="10-3">
                    <pos type="DT"/>
                    <lemma type="a"/>
                </token>
                <token content="evening" id="10-4">
                    <pos type="NN"/>
                    <lemma type="evening"/>
                </token>
                <token content="flight" id="10-5">
                    <pos type="NN"/>
                    <lemma type="flight"/>
                </token>
                <token content="," id="10-6"/>
                <token content="so" id="10-7">
                    <pos type="IN"/>
                    <lemma type="so"/>
                </token>
                <token content="I" id="10-8">
                    <pos type="PRP"/>
                    <lemma type="I"/>
                    <dep head="10-9" type="nsubj"/>
                </token>
                <token content="slept" id="10-9">
                    <pos type="VBD"/>
                    <lemma type="sleep"/>
                </token>
                <token content="on" id="10-10">
                    <pos type="RP"/>
                    <lemma type="on"/>
                    <dep head="10-9" type="prt"/>
                </token>
                <token content="and" id="10-11">
                    <pos type="CC"/>
                    <lemma type="and"/>
                </token>
                <token content="off" id="10-12">
                    <pos type="RP"/>
                    <lemma type="off"/>
                </token>
                <token content="for" id="10-13"/>
                <token content="a" id="10-14">
                    <pos type="DT"/>
                    <lemma type="a"/>
                </token>
                <token content="little" id="10-15">
                    <pos type="JJ"/>
                    <lemma type="little"/>
                </token>
                <token content="while" id="10-16">
                    <pos type="NN"/>
                    <lemma type="while"/>
                    <dep head="10-9" type="prep"/>
                </token>
                <token content="," id="10-17"/>
                <token content="then" id="10-18">
                    <pos type="RB"/>
                    <lemma type="then"/>
                    <dep head="10-19" type="advmod"/>
                </token>
                <token content="began" id="10-19">
                    <pos type="VBD"/>
                    <lemma type="begin"/>
                    <dep head="10-9" type="dep"/>
                </token>
                <token content="watching" id="10-20">
                    <pos type="VBG"/>
                    <lemma type="watch"/>
                    <dep head="10-19" type="xcomp"/>
                </token>
                <token content="an" id="10-21">
                    <pos type="DT"/>
                    <lemma type="a"/>
                </token>
                <token content="in-flight" id="10-22">
                    <pos type="JJ"/>
                    <lemma type="in-flight"/>
                </token>
                <token content="movie" id="10-23">
                    <pos type="NN"/>
                    <lemma type="movie"/>
                    <dep head="10-20" type="dobj"/>
                </token>
                <token content="." id="10-24"/>
            </sentence>
            <sentence id="11">
                <token content="After" id="11-1"/>
                <token content="about" id="11-2">
                    <pos type="RB"/>
                    <lemma type="about"/>
                </token>
                <token content="3" id="11-3">
                    <pos type="CD"/>
                    <lemma type="3"/>
                </token>
                <token content="hours" id="11-4">
                    <pos type="NNS"/>
                    <lemma type="hour"/>
                    <dep head="11-8" type="prep"/>
                </token>
                <token content="," id="11-5"/>
                <token content="we" id="11-6">
                    <pos type="PRP"/>
                    <lemma type="we"/>
                    <dep head="11-8" type="nsubjpass"/>
                </token>
                <token content="were" id="11-7">
                    <pos type="VBD"/>
                    <lemma type="be"/>
                    <dep head="11-8" type="auxpass"/>
                </token>
                <token content="served" id="11-8">
                    <pos type="VBN"/>
                    <lemma type="serve"/>
                </token>
                <token content="a" id="11-9">
                    <pos type="DT"/>
                    <lemma type="a"/>
                </token>
                <token content="light" id="11-10">
                    <pos type="JJ"/>
                    <lemma type="light"/>
                </token>
                <token content="dinner" id="11-11">
                    <pos type="NN"/>
                    <lemma type="dinner"/>
                    <dep head="11-8" type="dobj"/>
                </token>
                <token content="of" id="11-12"/>
                <token content="a" id="11-13">
                    <pos type="DT"/>
                    <lemma type="a"/>
                </token>
                <token content="chicken" id="11-14">
                    <pos type="NN"/>
                    <lemma type="chicken"/>
                </token>
                <token content="entree" id="11-15">
                    <pos type="NN"/>
                    <lemma type="entree"/>
                </token>
                <token content="," id="11-16"/>
                <token content="bread" id="11-17">
                    <pos type="NN"/>
                    <lemma type="bread"/>
                </token>
                <token content="," id="11-18"/>
                <token content="and" id="11-19"/>
                <token content="juice" id="11-20">
                    <pos type="NN"/>
                    <lemma type="juice"/>
                    <dep head="11-8" type="conj"/>
                </token>
                <token content="." id="11-21"/>
            </sentence>
            <sentence id="12">
                <token content="The" id="12-1">
                    <pos type="DT"/>
                    <lemma type="the"/>
                </token>
                <token content="food" id="12-2">
                    <pos type="NN"/>
                    <lemma type="food"/>
                </token>
                <token content="was" id="12-3">
                    <pos type="VBD"/>
                    <lemma type="be"/>
                </token>
                <token content="surprisingly" id="12-4">
                    <pos type="RB"/>
                    <lemma type="surprisingly"/>
                </token>
                <token content="tasty" id="12-5">
                    <pos type="JJ"/>
                    <lemma type="tasty"/>
                </token>
                <token content="and" id="12-6"/>
                <token content="I" id="12-7">
                    <pos type="PRP"/>
                    <lemma type="I"/>
                    <dep head="12-8" type="nsubj"/>
                </token>
                <token content="enjoyed" id="12-8">
                    <pos type="VBD"/>
                    <lemma type="enjoy"/>
                </token>
                <token content="it" id="12-9">
                    <pos type="PRP"/>
                    <lemma type="it"/>
                    <dep head="12-8" type="dobj"/>
                </token>
                <token content="." id="12-10"/>
            </sentence>
            <sentence id="13">
                <token content="After" id="13-1"/>
                <token content="finishing" id="13-2">
                    <pos type="VBG"/>
                    <lemma type="finish"/>
                    <dep head="13-7" type="prepc"/>
                </token>
                <token content="my" id="13-3">
                    <pos type="PRP$"/>
                    <lemma type="my"/>
                </token>
                <token content="meal" id="13-4">
                    <pos type="NN"/>
                    <lemma type="meal"/>
                    <dep head="13-2" type="dobj"/>
                </token>
                <token content="," id="13-5"/>
                <token content="I" id="13-6">
                    <pos type="PRP"/>
                    <lemma type="I"/>
                    <dep head="13-7" type="nsubj"/>
                </token>
                <token content="relaxed" id="13-7">
                    <pos type="VBD"/>
                    <lemma type="relax"/>
                </token>
                <token content="and" id="13-8"/>
                <token content="occasionally" id="13-9">
                    <pos type="RB"/>
                    <lemma type="occasionally"/>
                    <dep head="13-10" type="advmod"/>
                </token>
                <token content="looked" id="13-10">
                    <pos type="VBD"/>
                    <lemma type="look"/>
                    <dep head="13-7" type="conj"/>
                </token>
                <token content="out" id="13-11">
                    <pos type="RP"/>
                    <lemma type="out"/>
                    <dep head="13-10" type="prt"/>
                </token>
                <token content="the" id="13-12">
                    <pos type="DT"/>
                    <lemma type="the"/>
                </token>
                <token content="window" id="13-13">
                    <pos type="NN"/>
                    <lemma type="window"/>
                    <dep head="13-10" type="dobj"/>
                </token>
                <token content="at" id="13-14"/>
                <token content="the" id="13-15">
                    <pos type="DT"/>
                    <lemma type="the"/>
                </token>
                <token content="night" id="13-16">
                    <pos type="NN"/>
                    <lemma type="night"/>
                </token>
                <token content="sky" id="13-17">
                    <pos type="NN"/>
                    <lemma type="sky"/>
                    <dep head="13-10" type="prep"/>
                </token>
                <token content="," id="13-18"/>
                <token content="as" id="13-19"/>
                <token content="well" id="13-20"/>
                <token content="as" id="13-21"/>
                <token content="occasionally" id="13-22">
                    <pos type="RB"/>
                    <lemma type="occasionally"/>
                </token>
                <token content="chatting" id="13-23">
                    <pos type="NN"/>
                    <lemma type="chatting"/>
                </token>
                <token content="with" id="13-24"/>
                <token content="the" id="13-25">
                    <pos type="DT"/>
                    <lemma type="the"/>
                </token>
                <token content="person" id="13-26">
                    <pos type="NN"/>
                    <lemma type="person"/>
                    <dep head="13-10" type="prep"/>
                </token>
                <token content="sitting" id="13-27">
                    <pos type="VBG"/>
                    <lemma type="sit"/>
                </token>
                <token content="next" id="13-28"/>
                <token content="to" id="13-29"/>
                <token content="me" id="13-30">
                    <pos type="PRP"/>
                    <lemma type="I"/>
                    <dep head="13-27" type="prep"/>
                </token>
                <token content="." id="13-31"/>
            </sentence>
            <sentence id="14">
                <token content="Finally" id="14-1">
                    <pos type="RB"/>
                    <lemma type="finally"/>
                    <dep head="14-5" type="advmod"/>
                </token>
                <token content="," id="14-2"/>
                <token content="the" id="14-3">
                    <pos type="DT"/>
                    <lemma type="the"/>
                </token>
                <token content="pilot" id="14-4">
                    <pos type="NN"/>
                    <lemma type="pilot"/>
                    <dep head="14-5" type="nsubj"/>
                </token>
                <token content="announced" id="14-5">
                    <pos type="VBD"/>
                    <lemma type="announce"/>
                </token>
                <token content="that" id="14-6">
                    <pos type="IN"/>
                    <lemma type="that"/>
                    <dep head="14-9" type="mark"/>
                </token>
                <token content="we" id="14-7">
                    <pos type="PRP"/>
                    <lemma type="we"/>
                    <dep head="14-9" type="nsubj"/>
                </token>
                <token content="were" id="14-8">
                    <pos type="VBD"/>
                    <lemma type="be"/>
                    <dep head="14-9" type="aux"/>
                </token>
                <token content="approaching" id="14-9">
                    <pos type="VBG"/>
                    <lemma type="approach"/>
                    <dep head="14-5" type="ccomp"/>
                </token>
                <token content="JFK" id="14-10">
                    <pos type="NNP"/>
                    <lemma type="JFK"/>
                </token>
                <token content="airport" id="14-11">
                    <pos type="NN"/>
                    <lemma type="airport"/>
                    <dep head="14-9" type="dobj"/>
                </token>
                <token content="." id="14-12"/>
            </sentence>
            <sentence id="15">
                <token content="The" id="15-1">
                    <pos type="DT"/>
                    <lemma type="the"/>
                </token>
                <token content="plane" id="15-2">
                    <pos type="NN"/>
                    <lemma type="plane"/>
                    <dep head="15-3" type="nsubj"/>
                </token>
                <token content="touched" id="15-3">
                    <pos type="VBD"/>
                    <lemma type="touch"/>
                </token>
                <token content="down" id="15-4">
                    <pos type="RP"/>
                    <lemma type="down"/>
                    <dep head="15-3" type="prt"/>
                </token>
                <token content="shortly" id="15-5">
                    <pos type="RB"/>
                    <lemma type="shortly"/>
                    <dep head="15-3" type="advmod"/>
                </token>
                <token content="afterwards" id="15-6">
                    <pos type="RB"/>
                    <lemma type="afterwards"/>
                    <dep head="15-3" type="advmod"/>
                </token>
                <token content="," id="15-7"/>
                <token content="and" id="15-8"/>
                <token content="we" id="15-9">
                    <pos type="PRP"/>
                    <lemma type="we"/>
                    <dep head="15-11" type="nsubj"/>
                </token>
                <token content="safely" id="15-10">
                    <pos type="RB"/>
                    <lemma type="safely"/>
                    <dep head="15-11" type="advmod"/>
                </token>
                <token content="landed" id="15-11">
                    <pos type="VBD"/>
                    <lemma type="land"/>
                    <dep head="15-3" type="conj"/>
                </token>
                <token content="in" id="15-12"/>
                <token content="New" id="15-13">
                    <pos type="NNP"/>
                    <lemma type="New"/>
                </token>
                <token content="York" id="15-14">
                    <pos type="NNP"/>
                    <lemma type="York"/>
                    <dep head="15-11" type="prep"/>
                </token>
                <token content="." id="15-15"/>
            </sentence>
        </sentences>
    </text>
    <annotations>
        <participants>
            <label from="1-1" id="0" name="ScrPart_passenger" text="I" type="participant"/>
            <label from="1-4" id="1" name="NPart" text="Amsterdam" type="participant"/>
            <label from="1-6" id="2" name="ScrPart_target_location" text="New York City" to="1-8" type="participant"/>
            <label from="1-8" id="3" name="ScrPart_target_location" text="City" type="participant"/>
            <label from="1-10" id="4" name="ScrPart_time/date" text="week" type="participant"/>
            <label from="2-1" id="5" name="ScrPart_passenger" text="I" type="participant"/>
            <label from="2-6" id="6" name="ScrPart_passenger" text="my" type="participant"/>
            <label from="2-7" id="7" name="ScrPart_ticket" text="ticket" type="participant"/>
            <label from="2-9" id="8" name="ScrPart_time/date" text="week" type="participant"/>
            <label from="2-11" id="9" name="NPart" text="advance" type="participant"/>
            <label from="3-1" id="10" name="ScrPart_passenger" text="I" type="participant"/>
            <label from="3-4" id="11" name="NPart" text="hostel" type="participant"/>
            <label from="3-5" id="12" name="ScrPart_passenger" text="I" type="participant"/>
            <label from="3-11" id="13" name="ScrPart_airport" text="Schiphol Airport" to="3-12" type="participant"/>
            <label from="3-12" id="14" name="ScrPart_airport" text="Airport" type="participant"/>
            <label from="3-15" id="15" name="ScrPart_time/date" text="21:00" type="participant"/>
            <label from="4-5" id="16" name="ScrPart_time/date" text="hours" type="participant"/>
            <label from="4-8" id="17" name="ScrPart_flight" text="flight" type="participant"/>
            <label from="4-11" id="18" name="ScrPart_passenger" text="I" type="participant"/>
            <label from="4-14" id="19" name="ScrPart_plane" text="plane" type="participant"/>
            <label from="5-1" id="20" name="ScrPart_passenger" text="I" type="participant"/>
            <label from="5-6" id="21" name="ScrPart_passenger" text="my" type="participant"/>
            <label from="5-7" id="22" name="ScrPart_seat" text="seat" type="participant"/>
            <label from="5-13" id="23" name="NPart" text="side" type="participant"/>
            <label from="5-16" id="24" name="NPart" text="middle" type="participant"/>
            <label from="5-19" id="25" name="ScrPart_plane" text="plane" type="participant"/>
            <label from="6-1" id="26" name="ScrPart_passenger" text="I" type="participant"/>
            <label from="6-5" id="27" name="ScrPart_passenger" text="my" type="participant"/>
            <label from="6-6" id="28" name="ScrPart_carry_on_luggage" text="hand luggage" to="6-7" type="participant"/>
            <label from="6-7" id="29" name="ScrPart_carry_on_luggage" text="luggage" type="participant"/>
            <label from="6-10" id="30" name="ScrPart_storage" text="overhead compartment" to="6-11" type="participant"/>
            <label from="6-11" id="31" name="ScrPart_storage" text="compartment" type="participant"/>
            <label from="6-18" id="32" name="ScrPart_passenger" text="passenger" type="participant"/>
            <label from="6-23" id="33" name="ScrPart_passenger" text="my" type="participant"/>
            <label from="6-24" id="34" name="No_label" text="right" type="participant"/>
            <label from="7-1" id="35" name="ScrPart_passenger" text="I" type="participant"/>
            <label from="7-4" id="36" name="Head_of_Partitive" text="rest" type="participant"/>
            <label from="7-7" id="37" name="ScrPart_passenger" text="passengers" type="participant"/>
            <label from="7-12" id="38" name="ScrPart_passenger" text="their" type="participant"/>
            <label from="7-13" id="39" name="ScrPart_seat" text="seats" type="participant"/>
            <label from="8-3" id="40" name="ScrPart_time/date" text="minutes" type="participant"/>
            <label from="8-7" id="41" name="ScrPart_passenger" text="everyone" type="participant"/>
            <label from="8-14" id="42" name="ScrPart_safety_instructions" text="safety instructions" to="8-15" type="participant"/>
            <label from="8-15" id="43" name="ScrPart_safety_instructions" text="instructions" type="participant"/>
            <label from="8-18" id="44" name="ScrPart_staff" text="flight attendants" to="8-19" type="participant"/>
            <label from="8-19" id="45" name="ScrPart_staff" text="attendants" type="participant"/>
            <label from="8-22" id="46" name="ScrPart_staff" text="pilot" type="participant"/>
            <label from="8-26" id="47" name="ScrPart_plane" text="we" type="participant"/>
            <label from="8-34" id="48" name="ScrPart_target_location" text="New York" to="8-35" type="participant"/>
            <label from="9-2" id="49" name="ScrPart_other" text="plane engines" to="9-3" type="participant"/>
            <label from="9-3" id="50" name="ScrPart_other" text="engines" type="participant"/>
            <label from="9-8" id="51" name="ScrPart_plane" text="we" type="participant"/>
            <label from="9-13" id="52" name="NPart" text="Amsterdam" type="participant"/>
            <label from="9-17" id="53" name="ScrPart_plane" text="us" type="participant"/>
            <label from="10-1" id="54" name="No_label" text="It" type="participant"/>
            <label from="10-4" id="55" name="No_label" text="evening" type="participant"/>
            <label from="10-5" id="56" name="ScrPart_flight" text="flight" type="participant"/>
            <label from="10-8" id="57" name="ScrPart_passenger" text="I" type="participant"/>
            <label from="10-16" id="58" name="No_label" text="while" type="participant"/>
            <label from="10-22" id="59" name="ScrPart_in-flight_entertainment" text="in-flight movie" to="10-23" type="participant"/>
            <label from="10-23" id="60" name="ScrPart_in-flight_entertainment" text="movie" type="participant"/>
            <label from="11-4" id="61" name="ScrPart_time/date" text="hours" type="participant"/>
            <label from="11-6" id="62" name="ScrPart_plane" text="we" type="participant"/>
            <label from="11-11" id="63" name="ScrPart_other" text="dinner" type="participant"/>
            <label from="11-14" id="64" name="ScrPart_other" text="chicken entree , bread , and juice" to="11-20" type="participant"/>
            <label from="11-14" id="65" name="ScrPart_other" text="chicken entree" to="11-15" type="participant"/>
            <label from="11-15" id="66" name="ScrPart_other" text="entree" type="participant"/>
            <label from="11-17" id="67" name="ScrPart_other" text="bread" type="participant"/>
            <label from="11-20" id="68" name="ScrPart_other" text="juice" type="participant"/>
            <label from="12-2" id="69" name="ScrPart_other" text="food" type="participant"/>
            <label from="12-7" id="70" name="ScrPart_passenger" text="I" type="participant"/>
            <label from="12-9" id="71" name="ScrPart_other" text="it" type="participant"/>
            <label from="13-3" id="72" name="ScrPart_passenger" text="my" type="participant"/>
            <label from="13-4" id="73" name="ScrPart_other" text="meal" type="participant"/>
            <label from="13-6" id="74" name="ScrPart_passenger" text="I" type="participant"/>
            <label from="13-13" id="75" name="ScrPart_other" text="window" type="participant"/>
            <label from="13-16" id="76" name="NPart" text="night sky" to="13-17" type="participant"/>
            <label from="13-17" id="77" name="NPart" text="sky" type="participant"/>
            <label from="13-26" id="78" name="ScrPart_passenger" text="person" type="participant"/>
            <label from="13-30" id="79" name="ScrPart_passenger" text="me" type="participant"/>
            <label from="14-4" id="80" name="ScrPart_staff" text="pilot" type="participant"/>
            <label from="14-7" id="81" name="ScrPart_plane" text="we" type="participant"/>
            <label from="14-10" id="82" name="ScrPart_airport" text="JFK airport" to="14-11" type="participant"/>
            <label from="14-11" id="83" name="ScrPart_airport" text="airport" type="participant"/>
            <label from="15-2" id="84" name="ScrPart_plane" text="plane" type="participant"/>
            <label from="15-9" id="85" name="ScrPart_plane" text="we" type="participant"/>
            <label from="15-13" id="86" name="ScrPart_target_location" text="New York" to="15-14" type="participant"/>
        </participants>
        <events>
            <label from="1-2" id="87" name="Evoking" text="flew from Amsterdam to New York City" to="1-8" type="event"/>
            <label from="2-3" id="88" name="ScrEv_get_ticket" text="purchased" type="event"/>
            <label from="2-5" id="89" name="ScrEv_get_ticket" text="reserved" type="event"/>
            <label from="3-2" id="90" name="UnrelEv" text="left" type="event"/>
            <label from="3-7" id="91" name="UnrelEv" text="staying" type="event"/>
            <label from="3-9" id="92" name="ScrEv_get_airport" text="arrived" type="event"/>
            <label from="4-2" id="93" name="ScrEv_wait" text="waiting" type="event"/>
            <label from="4-9" id="94" name="ScrEv_check_in" text="check-in" type="event"/>
            <label from="4-12" id="95" name="ScrEv_board_plane" text="boarded" type="event"/>
            <label from="5-2" id="96" name="ScrEv_other" text="went" type="event"/>
            <label from="5-5" id="97" name="ScrEv_take_seat" text="found" type="event"/>
            <label from="5-9" id="98" name="UnrelEv" text="located" type="event"/>
            <label from="6-2" id="99" name="ScrEv_stow_away_luggage" text="placed" type="event"/>
            <label from="6-13" id="100" name="ScrEv_take_seat" text="sat" type="event"/>
            <label from="6-21" id="101" name="RelNScrEv" text="seated" type="event"/>
            <label from="7-2" id="102" name="UnrelEv" text="watched" type="event"/>
            <label from="7-10" id="103" name="UnrelEv" text="heading" type="event"/>
            <label from="8-9" id="104" name="RelNScrEv" text="seated" type="event"/>
            <label from="8-12" id="105" name="ScrEv_listen_crew" text="given" type="event"/>
            <label from="8-23" id="106" name="ScrEv_listen_crew" text="announced" type="event"/>
            <label from="8-31" id="107" name="RelNScrEv" text="take off" to="8-32" type="event"/>
            <label from="8-31" id="108" name="RelNScrEv" text="take" type="event"/>
            <label from="9-5" id="109" name="ScrEv_take_off" text="started" type="event"/>
            <label from="9-9" id="110" name="UnrelEv" text="were" type="event"/>
            <label from="10-2" id="111" name="UnrelEv" text="was" type="event"/>
            <label from="10-9" id="112" name="ScrEv_spend_time_flight" text="slept" type="event"/>
            <label from="10-19" id="113" name="UnrelEv" text="began" type="event"/>
            <label from="10-20" id="114" name="ScrEv_spend_time_flight" text="watching" type="event"/>
            <label from="11-8" id="115" name="ScrEv_spend_time_flight" text="served" type="event"/>
            <label from="12-3" id="116" name="UnrelEv" text="was" type="event"/>
            <label from="12-8" id="117" name="UnrelEv" text="enjoyed" type="event"/>
            <label from="13-2" id="118" name="UnrelEv" text="finishing" type="event"/>
            <label from="13-7" id="119" name="UnrelEv" text="relaxed" type="event"/>
            <label from="13-10" id="120" name="ScrEv_spend_time_flight" text="looked" type="event"/>
            <label from="13-23" id="121" name="ScrEv_spend_time_flight" text="chatting" type="event"/>
            <label from="14-5" id="122" name="ScrEv_listen_crew" text="announced" type="event"/>
            <label from="14-9" id="123" name="ScrEv_get_destination_airport" text="approaching" type="event"/>
            <label from="15-3" id="124" name="ScrEv_landing" text="touched" type="event"/>
            <label from="15-11" id="125" name="ScrEv_landing" text="landed" type="event"/>
        </events>
        <chains>
            <chain elements="0 5 6 10 12 18 20 21 26 27 33 35 57 70 74 79"/>
            <chain elements="19 25 47 51 53 62 81 84 85"/>
            <chain elements="37 38"/>
            <chain elements="3 48 86"/>
            <chain elements="63 64 66 67 68 69 71 73"/>
        </chains>
    </annotations>
</story>
