<?xml version="1.0" encoding="UTF-8" standalone="no"?>
<!DOCTYPE story SYSTEM "../InScript.dtd">
<story id="074" scenario="flight">
    <text>
        <content>My younger brother was turning twenty-one last month , and the family decided on a trip to Las Vegas . 
We packed our things , and had our grandmother drive us to the airport . 
We had already purchased tickets online , so we went straight to the gates to find the waiting area for out flight . 
The TSA conducted a minor inspection of out belongings , everything turned out just fine . 
We waited close to fifteen minutes before we were called up for boarding the plane . 
After finding our seats on the passenger jet , we were instructed by the flight attendants what we needed to do in case of emergency , and well as show us how to use out seat belts correctly . 
We were instructed to turn off out electrical devices during take off . 
Before we knew it , we were in the sky , thousands of feet above the earth 's surface . 
The flight did not have any issues with turbulence . </content>
        <sentences>
            <sentence id="1">
                <token content="My" id="1-1">
                    <pos type="PRP$"/>
                    <lemma type="my"/>
                </token>
                <token content="younger" id="1-2">
                    <pos type="JJ"/>
                    <lemma type="younger"/>
                </token>
                <token content="brother" id="1-3">
                    <pos type="NN"/>
                    <lemma type="brother"/>
                    <dep head="1-5" type="nsubj"/>
                </token>
                <token content="was" id="1-4">
                    <pos type="VBD"/>
                    <lemma type="be"/>
                    <dep head="1-5" type="aux"/>
                </token>
                <token content="turning" id="1-5">
                    <pos type="VBG"/>
                    <lemma type="turn"/>
                </token>
                <token content="twenty-one" id="1-6">
                    <pos type="JJ"/>
                    <lemma type="twenty-one"/>
                </token>
                <token content="last" id="1-7">
                    <pos type="JJ"/>
                    <lemma type="last"/>
                </token>
                <token content="month" id="1-8">
                    <pos type="NN"/>
                    <lemma type="month"/>
                    <dep head="1-5" type="tmod"/>
                </token>
                <token content="," id="1-9"/>
                <token content="and" id="1-10"/>
                <token content="the" id="1-11">
                    <pos type="DT"/>
                    <lemma type="the"/>
                </token>
                <token content="family" id="1-12">
                    <pos type="NN"/>
                    <lemma type="family"/>
                    <dep head="1-13" type="nsubj"/>
                </token>
                <token content="decided" id="1-13">
                    <pos type="VBD"/>
                    <lemma type="decide"/>
                    <dep head="1-5" type="conj"/>
                </token>
                <token content="on" id="1-14"/>
                <token content="a" id="1-15">
                    <pos type="DT"/>
                    <lemma type="a"/>
                </token>
                <token content="trip" id="1-16">
                    <pos type="NN"/>
                    <lemma type="trip"/>
                    <dep head="1-13" type="prep"/>
                </token>
                <token content="to" id="1-17"/>
                <token content="Las" id="1-18">
                    <pos type="NNP"/>
                    <lemma type="Las"/>
                </token>
                <token content="Vegas" id="1-19">
                    <pos type="NNP"/>
                    <lemma type="Vegas"/>
                    <dep head="1-13" type="prep"/>
                </token>
                <token content="." id="1-20"/>
            </sentence>
            <sentence id="2">
                <token content="We" id="2-1">
                    <pos type="PRP"/>
                    <lemma type="we"/>
                    <dep head="2-2" type="nsubj"/>
                </token>
                <token content="packed" id="2-2">
                    <pos type="VBD"/>
                    <lemma type="pack"/>
                </token>
                <token content="our" id="2-3">
                    <pos type="PRP$"/>
                    <lemma type="we"/>
                </token>
                <token content="things" id="2-4">
                    <pos type="NNS"/>
                    <lemma type="thing"/>
                    <dep head="2-2" type="dobj"/>
                </token>
                <token content="," id="2-5"/>
                <token content="and" id="2-6"/>
                <token content="had" id="2-7">
                    <pos type="VBD"/>
                    <lemma type="have"/>
                    <dep head="2-2" type="conj"/>
                </token>
                <token content="our" id="2-8">
                    <pos type="PRP$"/>
                    <lemma type="we"/>
                </token>
                <token content="grandmother" id="2-9">
                    <pos type="NN"/>
                    <lemma type="grandmother"/>
                    <dep head="2-10" type="nsubj"/>
                </token>
                <token content="drive" id="2-10">
                    <pos type="VB"/>
                    <lemma type="drive"/>
                    <dep head="2-7" type="ccomp"/>
                </token>
                <token content="us" id="2-11">
                    <pos type="PRP"/>
                    <lemma type="we"/>
                    <dep head="2-10" type="dobj"/>
                </token>
                <token content="to" id="2-12"/>
                <token content="the" id="2-13">
                    <pos type="DT"/>
                    <lemma type="the"/>
                </token>
                <token content="airport" id="2-14">
                    <pos type="NN"/>
                    <lemma type="airport"/>
                    <dep head="2-10" type="prep"/>
                </token>
                <token content="." id="2-15"/>
            </sentence>
            <sentence id="3">
                <token content="We" id="3-1">
                    <pos type="PRP"/>
                    <lemma type="we"/>
                    <dep head="3-4" type="nsubj"/>
                </token>
                <token content="had" id="3-2">
                    <pos type="VBD"/>
                    <lemma type="have"/>
                    <dep head="3-4" type="aux"/>
                </token>
                <token content="already" id="3-3">
                    <pos type="RB"/>
                    <lemma type="already"/>
                    <dep head="3-4" type="advmod"/>
                </token>
                <token content="purchased" id="3-4">
                    <pos type="VBN"/>
                    <lemma type="purchase"/>
                </token>
                <token content="tickets" id="3-5">
                    <pos type="NN"/>
                    <lemma type="ticket"/>
                    <dep head="3-4" type="prep"/>
                </token>
                <token content="online" id="3-6">
                    <pos type="NN"/>
                    <lemma type="online"/>
                </token>
                <token content="," id="3-7"/>
                <token content="so" id="3-8">
                    <pos type="IN"/>
                    <lemma type="so"/>
                    <dep head="3-4" type="dep"/>
                </token>
                <token content="we" id="3-9">
                    <pos type="PRP"/>
                    <lemma type="we"/>
                    <dep head="3-10" type="nsubj"/>
                </token>
                <token content="went" id="3-10">
                    <pos type="VBD"/>
                    <lemma type="go"/>
                    <dep head="3-4" type="parataxis"/>
                </token>
                <token content="straight" id="3-11">
                    <pos type="RB"/>
                    <lemma type="straight"/>
                    <dep head="3-10" type="advmod"/>
                </token>
                <token content="to" id="3-12"/>
                <token content="the" id="3-13">
                    <pos type="DT"/>
                    <lemma type="the"/>
                </token>
                <token content="gates" id="3-14">
                    <pos type="NNS"/>
                    <lemma type="gate"/>
                    <dep head="3-10" type="prep"/>
                </token>
                <token content="to" id="3-15">
                    <pos type="TO"/>
                    <lemma type="to"/>
                    <dep head="3-16" type="aux"/>
                </token>
                <token content="find" id="3-16">
                    <pos type="VB"/>
                    <lemma type="find"/>
                    <dep head="3-10" type="xcomp"/>
                </token>
                <token content="the" id="3-17">
                    <pos type="DT"/>
                    <lemma type="the"/>
                </token>
                <token content="waiting" id="3-18">
                    <pos type="VBG"/>
                    <lemma type="wait"/>
                </token>
                <token content="area" id="3-19">
                    <pos type="NN"/>
                    <lemma type="area"/>
                    <dep head="3-16" type="dobj"/>
                </token>
                <token content="for" id="3-20">
                    <pos type="IN"/>
                    <lemma type="for"/>
                    <dep head="3-16" type="prep"/>
                </token>
                <token content="out" id="3-21">
                    <pos type="IN"/>
                    <lemma type="out"/>
                </token>
                <token content="flight" id="3-22">
                    <pos type="NN"/>
                    <lemma type="flight"/>
                </token>
                <token content="." id="3-23"/>
            </sentence>
            <sentence id="4">
                <token content="The" id="4-1">
                    <pos type="DT"/>
                    <lemma type="the"/>
                </token>
                <token content="TSA" id="4-2">
                    <pos type="NNP"/>
                    <lemma type="TSA"/>
                    <dep head="4-3" type="nsubj"/>
                </token>
                <token content="conducted" id="4-3">
                    <pos type="VBD"/>
                    <lemma type="conduct"/>
                    <dep head="4-12" type="ccomp"/>
                </token>
                <token content="a" id="4-4">
                    <pos type="DT"/>
                    <lemma type="a"/>
                </token>
                <token content="minor" id="4-5">
                    <pos type="JJ"/>
                    <lemma type="minor"/>
                </token>
                <token content="inspection" id="4-6">
                    <pos type="NN"/>
                    <lemma type="inspection"/>
                    <dep head="4-3" type="dobj"/>
                </token>
                <token content="of" id="4-7"/>
                <token content="out" id="4-8">
                    <pos type="NN"/>
                    <lemma type="out"/>
                </token>
                <token content="belongings" id="4-9">
                    <pos type="NNS"/>
                    <lemma type="belongings"/>
                </token>
                <token content="," id="4-10"/>
                <token content="everything" id="4-11">
                    <pos type="NN"/>
                    <lemma type="everything"/>
                    <dep head="4-12" type="nsubj"/>
                </token>
                <token content="turned" id="4-12">
                    <pos type="VBD"/>
                    <lemma type="turn"/>
                </token>
                <token content="out" id="4-13">
                    <pos type="RP"/>
                    <lemma type="out"/>
                    <dep head="4-12" type="prt"/>
                </token>
                <token content="just" id="4-14">
                    <pos type="RB"/>
                    <lemma type="just"/>
                </token>
                <token content="fine" id="4-15">
                    <pos type="JJ"/>
                    <lemma type="fine"/>
                    <dep head="4-12" type="dep"/>
                </token>
                <token content="." id="4-16"/>
            </sentence>
            <sentence id="5">
                <token content="We" id="5-1">
                    <pos type="PRP"/>
                    <lemma type="we"/>
                    <dep head="5-2" type="nsubj"/>
                </token>
                <token content="waited" id="5-2">
                    <pos type="VBD"/>
                    <lemma type="wait"/>
                </token>
                <token content="close" id="5-3"/>
                <token content="to" id="5-4"/>
                <token content="fifteen" id="5-5">
                    <pos type="CD"/>
                    <lemma type="fifteen"/>
                </token>
                <token content="minutes" id="5-6">
                    <pos type="NNS"/>
                    <lemma type="minute"/>
                    <dep head="5-2" type="prep"/>
                </token>
                <token content="before" id="5-7">
                    <pos type="IN"/>
                    <lemma type="before"/>
                    <dep head="5-10" type="mark"/>
                </token>
                <token content="we" id="5-8">
                    <pos type="PRP"/>
                    <lemma type="we"/>
                    <dep head="5-10" type="nsubjpass"/>
                </token>
                <token content="were" id="5-9">
                    <pos type="VBD"/>
                    <lemma type="be"/>
                    <dep head="5-10" type="auxpass"/>
                </token>
                <token content="called" id="5-10">
                    <pos type="VBN"/>
                    <lemma type="call"/>
                    <dep head="5-2" type="advcl"/>
                </token>
                <token content="up" id="5-11">
                    <pos type="RP"/>
                    <lemma type="up"/>
                    <dep head="5-10" type="prt"/>
                </token>
                <token content="for" id="5-12"/>
                <token content="boarding" id="5-13">
                    <pos type="VBG"/>
                    <lemma type="board"/>
                    <dep head="5-10" type="prepc"/>
                </token>
                <token content="the" id="5-14">
                    <pos type="DT"/>
                    <lemma type="the"/>
                </token>
                <token content="plane" id="5-15">
                    <pos type="NN"/>
                    <lemma type="plane"/>
                    <dep head="5-13" type="dobj"/>
                </token>
                <token content="." id="5-16"/>
            </sentence>
            <sentence id="6">
                <token content="After" id="6-1"/>
                <token content="finding" id="6-2">
                    <pos type="VBG"/>
                    <lemma type="find"/>
                    <dep head="6-12" type="prepc"/>
                </token>
                <token content="our" id="6-3">
                    <pos type="PRP$"/>
                    <lemma type="we"/>
                </token>
                <token content="seats" id="6-4">
                    <pos type="NNS"/>
                    <lemma type="seat"/>
                    <dep head="6-2" type="dobj"/>
                </token>
                <token content="on" id="6-5"/>
                <token content="the" id="6-6">
                    <pos type="DT"/>
                    <lemma type="the"/>
                </token>
                <token content="passenger" id="6-7">
                    <pos type="NN"/>
                    <lemma type="passenger"/>
                </token>
                <token content="jet" id="6-8">
                    <pos type="NN"/>
                    <lemma type="jet"/>
                    <dep head="6-2" type="prep"/>
                </token>
                <token content="," id="6-9"/>
                <token content="we" id="6-10">
                    <pos type="PRP"/>
                    <lemma type="we"/>
                    <dep head="6-12" type="nsubjpass"/>
                </token>
                <token content="were" id="6-11">
                    <pos type="VBD"/>
                    <lemma type="be"/>
                    <dep head="6-12" type="auxpass"/>
                </token>
                <token content="instructed" id="6-12">
                    <pos type="VBN"/>
                    <lemma type="instruct"/>
                </token>
                <token content="by" id="6-13"/>
                <token content="the" id="6-14">
                    <pos type="DT"/>
                    <lemma type="the"/>
                </token>
                <token content="flight" id="6-15">
                    <pos type="NN"/>
                    <lemma type="flight"/>
                </token>
                <token content="attendants" id="6-16">
                    <pos type="NNS"/>
                    <lemma type="attendant"/>
                    <dep head="6-12" type="agent"/>
                </token>
                <token content="what" id="6-17">
                    <pos type="WP"/>
                    <lemma type="what"/>
                    <dep head="6-19" type="dobj"/>
                </token>
                <token content="we" id="6-18">
                    <pos type="PRP"/>
                    <lemma type="we"/>
                    <dep head="6-19" type="nsubj"/>
                </token>
                <token content="needed" id="6-19">
                    <pos type="VBD"/>
                    <lemma type="need"/>
                </token>
                <token content="to" id="6-20">
                    <pos type="TO"/>
                    <lemma type="to"/>
                    <dep head="6-21" type="aux"/>
                </token>
                <token content="do" id="6-21">
                    <pos type="VB"/>
                    <lemma type="do"/>
                    <dep head="6-19" type="xcomp"/>
                </token>
                <token content="in" id="6-22"/>
                <token content="case" id="6-23"/>
                <token content="of" id="6-24"/>
                <token content="emergency" id="6-25">
                    <pos type="NN"/>
                    <lemma type="emergency"/>
                    <dep head="6-21" type="prep"/>
                </token>
                <token content="," id="6-26"/>
                <token content="and" id="6-27"/>
                <token content="well" id="6-28">
                    <pos type="RB"/>
                    <lemma type="well"/>
                </token>
                <token content="as" id="6-29">
                    <pos type="RB"/>
                    <lemma type="as"/>
                    <dep head="6-21" type="advmod"/>
                </token>
                <token content="show" id="6-30">
                    <pos type="VB"/>
                    <lemma type="show"/>
                    <dep head="6-21" type="conj"/>
                </token>
                <token content="us" id="6-31">
                    <pos type="PRP"/>
                    <lemma type="we"/>
                    <dep head="6-30" type="dobj"/>
                </token>
                <token content="how" id="6-32">
                    <pos type="WRB"/>
                    <lemma type="how"/>
                    <dep head="6-34" type="advmod"/>
                </token>
                <token content="to" id="6-33">
                    <pos type="TO"/>
                    <lemma type="to"/>
                    <dep head="6-34" type="aux"/>
                </token>
                <token content="use" id="6-34">
                    <pos type="VB"/>
                    <lemma type="use"/>
                    <dep head="6-30" type="xcomp"/>
                </token>
                <token content="out" id="6-35">
                    <pos type="RP"/>
                    <lemma type="out"/>
                    <dep head="6-34" type="prt"/>
                </token>
                <token content="seat" id="6-36">
                    <pos type="NN"/>
                    <lemma type="seat"/>
                </token>
                <token content="belts" id="6-37">
                    <pos type="NNS"/>
                    <lemma type="belt"/>
                    <dep head="6-34" type="dobj"/>
                </token>
                <token content="correctly" id="6-38">
                    <pos type="RB"/>
                    <lemma type="correctly"/>
                    <dep head="6-34" type="advmod"/>
                </token>
                <token content="." id="6-39"/>
            </sentence>
            <sentence id="7">
                <token content="We" id="7-1">
                    <pos type="PRP"/>
                    <lemma type="we"/>
                    <dep head="7-3" type="nsubjpass"/>
                </token>
                <token content="were" id="7-2">
                    <pos type="VBD"/>
                    <lemma type="be"/>
                    <dep head="7-3" type="auxpass"/>
                </token>
                <token content="instructed" id="7-3">
                    <pos type="VBN"/>
                    <lemma type="instruct"/>
                </token>
                <token content="to" id="7-4">
                    <pos type="TO"/>
                    <lemma type="to"/>
                    <dep head="7-5" type="aux"/>
                </token>
                <token content="turn" id="7-5">
                    <pos type="VB"/>
                    <lemma type="turn"/>
                    <dep head="7-3" type="xcomp"/>
                </token>
                <token content="off" id="7-6">
                    <pos type="RP"/>
                    <lemma type="off"/>
                    <dep head="7-5" type="prt"/>
                </token>
                <token content="out" id="7-7"/>
                <token content="electrical" id="7-8">
                    <pos type="JJ"/>
                    <lemma type="electrical"/>
                </token>
                <token content="devices" id="7-9">
                    <pos type="NNS"/>
                    <lemma type="device"/>
                    <dep head="7-5" type="prep"/>
                </token>
                <token content="during" id="7-10"/>
                <token content="take" id="7-11">
                    <pos type="VB"/>
                    <lemma type="take"/>
                    <dep head="7-5" type="prepc"/>
                </token>
                <token content="off" id="7-12">
                    <pos type="RP"/>
                    <lemma type="off"/>
                    <dep head="7-11" type="prt"/>
                </token>
                <token content="." id="7-13"/>
            </sentence>
            <sentence id="8">
                <token content="Before" id="8-1">
                    <pos type="IN"/>
                    <lemma type="before"/>
                    <dep head="8-3" type="mark"/>
                </token>
                <token content="we" id="8-2">
                    <pos type="PRP"/>
                    <lemma type="we"/>
                    <dep head="8-3" type="nsubj"/>
                </token>
                <token content="knew" id="8-3">
                    <pos type="VBD"/>
                    <lemma type="know"/>
                    <dep head="8-7" type="advcl"/>
                </token>
                <token content="it" id="8-4">
                    <pos type="PRP"/>
                    <lemma type="it"/>
                    <dep head="8-3" type="dobj"/>
                </token>
                <token content="," id="8-5"/>
                <token content="we" id="8-6">
                    <pos type="PRP"/>
                    <lemma type="we"/>
                    <dep head="8-7" type="nsubj"/>
                </token>
                <token content="were" id="8-7">
                    <pos type="VBD"/>
                    <lemma type="be"/>
                </token>
                <token content="in" id="8-8"/>
                <token content="the" id="8-9">
                    <pos type="DT"/>
                    <lemma type="the"/>
                </token>
                <token content="sky" id="8-10">
                    <pos type="NN"/>
                    <lemma type="sky"/>
                    <dep head="8-7" type="prep"/>
                </token>
                <token content="," id="8-11"/>
                <token content="thousands" id="8-12">
                    <pos type="NNS"/>
                    <lemma type="thousand"/>
                </token>
                <token content="of" id="8-13"/>
                <token content="feet" id="8-14">
                    <pos type="NNS"/>
                    <lemma type="foot"/>
                </token>
                <token content="above" id="8-15"/>
                <token content="the" id="8-16">
                    <pos type="DT"/>
                    <lemma type="the"/>
                </token>
                <token content="earth" id="8-17">
                    <pos type="NN"/>
                    <lemma type="earth"/>
                </token>
                <token content="'s" id="8-18"/>
                <token content="surface" id="8-19">
                    <pos type="NN"/>
                    <lemma type="surface"/>
                </token>
                <token content="." id="8-20"/>
            </sentence>
            <sentence id="9">
                <token content="The" id="9-1">
                    <pos type="DT"/>
                    <lemma type="the"/>
                </token>
                <token content="flight" id="9-2">
                    <pos type="NN"/>
                    <lemma type="flight"/>
                    <dep head="9-5" type="nsubj"/>
                </token>
                <token content="did" id="9-3">
                    <pos type="VBD"/>
                    <lemma type="do"/>
                    <dep head="9-5" type="aux"/>
                </token>
                <token content="not" id="9-4">
                    <pos type="RB"/>
                    <lemma type="not"/>
                    <dep head="9-5" type="neg"/>
                </token>
                <token content="have" id="9-5">
                    <pos type="VB"/>
                    <lemma type="have"/>
                </token>
                <token content="any" id="9-6">
                    <pos type="DT"/>
                    <lemma type="any"/>
                </token>
                <token content="issues" id="9-7">
                    <pos type="NNS"/>
                    <lemma type="issue"/>
                    <dep head="9-5" type="dobj"/>
                </token>
                <token content="with" id="9-8"/>
                <token content="turbulence" id="9-9">
                    <pos type="NN"/>
                    <lemma type="turbulence"/>
                </token>
                <token content="." id="9-10"/>
            </sentence>
        </sentences>
    </text>
    <annotations>
        <participants>
            <label from="1-1" id="0" name="ScrPart_passenger" text="My" type="participant"/>
            <label from="1-3" id="1" name="ScrPart_passenger" text="brother" type="participant"/>
            <label from="1-8" id="2" name="NPart" text="month" type="participant"/>
            <label from="1-12" id="3" name="ScrPart_passenger" text="family" type="participant"/>
            <label from="1-16" id="4" name="NPart" text="trip" type="participant"/>
            <label from="1-18" id="5" name="ScrPart_target_location" text="Las Vegas" to="1-19" type="participant"/>
            <label from="2-1" id="6" name="ScrPart_passenger" text="We" type="participant"/>
            <label from="2-3" id="7" name="ScrPart_passenger" text="our" type="participant"/>
            <label from="2-4" id="8" name="ScrPart_carry_on_luggage" text="things" type="participant"/>
            <label from="2-8" id="9" name="ScrPart_passenger" text="our" type="participant"/>
            <label from="2-9" id="10" name="ScrPart_accomp_person" text="grandmother" type="participant"/>
            <label from="2-11" id="11" name="ScrPart_passenger" text="us" type="participant"/>
            <label from="2-14" id="12" name="ScrPart_airport" text="airport" type="participant"/>
            <label from="3-1" id="13" name="ScrPart_passenger" text="We" type="participant"/>
            <label from="3-5" id="14" name="ScrPart_airport" text="tickets" type="participant"/>
            <label from="3-9" id="15" name="ScrPart_passenger" text="we" type="participant"/>
            <label from="3-14" id="16" name="ScrPart_terminal/gate" text="gates" type="participant"/>
            <label from="3-18" id="17" name="ScrPart_terminal/gate" text="waiting area" to="3-19" type="participant"/>
            <label from="3-19" id="18" name="ScrPart_terminal/gate" text="area" type="participant"/>
            <label from="3-21" id="19" name="ScrPart_passenger" text="out" type="participant"/>
            <label from="3-22" id="20" name="ScrPart_flight" text="flight" type="participant"/>
            <label from="4-2" id="21" name="ScrPart_security_check" text="TSA" type="participant"/>
            <label from="4-6" id="22" name="ScrPart_security_check" text="inspection" type="participant"/>
            <label from="4-8" id="23" name="ScrPart_passenger" text="out" type="participant"/>
            <label from="4-9" id="24" name="ScrPart_personal_belongings" text="belongings" type="participant"/>
            <label from="4-11" id="25" name="No_label" text="everything" type="participant"/>
            <label from="5-1" id="26" name="ScrPart_passenger" text="We" type="participant"/>
            <label from="5-5" id="27" name="ScrPart_time/date" text="fifteen minutes" to="5-6" type="participant"/>
            <label from="5-8" id="28" name="ScrPart_passenger" text="we" type="participant"/>
            <label from="5-15" id="29" name="ScrPart_plane" text="plane" type="participant"/>
            <label from="6-3" id="30" name="ScrPart_passenger" text="our" type="participant"/>
            <label from="6-4" id="31" name="ScrPart_seat" text="seats" type="participant"/>
            <label from="6-7" id="32" name="ScrPart_plane" text="passenger jet" to="6-8" type="participant"/>
            <label from="6-8" id="33" name="ScrPart_plane" text="jet" type="participant"/>
            <label from="6-10" id="34" name="ScrPart_passenger" text="we" type="participant"/>
            <label from="6-15" id="35" name="ScrPart_staff" text="flight attendants" to="6-16" type="participant"/>
            <label from="6-16" id="36" name="ScrPart_staff" text="attendants" type="participant"/>
            <label from="6-18" id="37" name="ScrPart_passenger" text="we" type="participant"/>
            <label from="6-23" id="38" name="NPart" text="case" type="participant"/>
            <label from="6-25" id="39" name="ScrPart_safety_instructions" text="emergency" type="participant"/>
            <label from="6-31" id="40" name="ScrPart_passenger" text="us" type="participant"/>
            <label from="6-35" id="41" name="ScrPart_passenger" text="out" type="participant"/>
            <label from="6-36" id="42" name="ScrPart_seat_belt" text="seat belts" to="6-37" type="participant"/>
            <label from="6-37" id="43" name="ScrPart_seat_belt" text="belts" type="participant"/>
            <label from="7-1" id="44" name="ScrPart_passenger" text="We" type="participant"/>
            <label from="7-7" id="45" name="ScrPart_passenger" text="out" type="participant"/>
            <label from="7-8" id="46" name="ScrPart_personal_belongings" text="electrical devices" to="7-9" type="participant"/>
            <label from="7-9" id="47" name="ScrPart_personal_belongings" text="devices" type="participant"/>
            <label from="8-2" id="48" name="ScrPart_passenger" text="we" type="participant"/>
            <label from="8-4" id="49" name="No_label" text="it" type="participant"/>
            <label from="8-6" id="50" name="ScrPart_passenger" text="we" type="participant"/>
            <label from="8-10" id="51" name="ScrPart_location_airplane" text="sky" type="participant"/>
            <label from="8-12" id="52" name="Head_of_Partitive" text="thousands" type="participant"/>
            <label from="8-14" id="53" name="NPart" text="feet" type="participant"/>
            <label from="8-17" id="54" name="NPart" text="earth" type="participant"/>
            <label from="8-19" id="55" name="NPart" text="surface" type="participant"/>
            <label from="9-2" id="56" name="ScrPart_flight" text="flight" type="participant"/>
            <label from="9-7" id="57" name="NPart" text="issues" type="participant"/>
            <label from="9-9" id="58" name="ScrPart_other" text="turbulence" type="participant"/>
        </participants>
        <events>
            <label from="1-5" id="59" name="UnrelEv" text="turning" type="event"/>
            <label from="1-13" id="60" name="UnrelEv" text="decided on" to="1-14" type="event"/>
            <label from="2-2" id="61" name="ScrEv_pack_luggage" text="packed" type="event"/>
            <label from="2-7" id="62" name="UnrelEv" text="had" type="event"/>
            <label from="2-10" id="63" name="ScrEv_get_airport" text="drive" type="event"/>
            <label from="3-4" id="64" name="ScrEv_get_ticket" text="purchased" type="event"/>
            <label from="3-10" id="65" name="ScrEv_find_terminal" text="went" type="event"/>
            <label from="3-16" id="66" name="ScrEv_find_terminal" text="find" type="event"/>
            <label from="4-3" id="67" name="ScrEv_go_security_checks" text="conducted" type="event"/>
            <label from="4-12" id="68" name="UnrelEv" text="turned out" to="4-13" type="event"/>
            <label from="5-2" id="69" name="ScrEv_wait_boarding" text="waited" type="event"/>
            <label from="5-10" id="70" name="ScrEv_listen_call" text="called up" to="5-11" type="event"/>
            <label from="5-13" id="71" name="ScrEv_board_plane" text="boarding" type="event"/>
            <label from="6-2" id="72" name="ScrEv_take_seat" text="finding" type="event"/>
            <label from="6-12" id="73" name="ScrEv_listen_crew" text="instructed" type="event"/>
            <label from="6-21" id="74" name="UnrelEv" text="do" type="event"/>
            <label from="6-30" id="75" name="ScrEv_listen_crew" text="show" type="event"/>
            <label from="6-34" id="76" name="ScrEv_buckle_seat_belt" text="use" type="event"/>
            <label from="7-3" id="77" name="ScrEv_listen_crew" text="instructed" type="event"/>
            <label from="7-5" id="78" name="ScrEv_take_off_preparations" text="turn off" to="7-6" type="event"/>
            <label from="7-11" id="79" name="ScrEv_take_off" text="take off" to="7-12" type="event"/>
            <label from="8-3" id="80" name="UnrelEv" text="knew" type="event"/>
            <label from="8-7" id="81" name="ScrEv_take_off" text="were" type="event"/>
            <label from="9-5" id="82" name="RelNScrEv" text="have" type="event"/>
        </events>
        <chains>
            <chain elements="3 0 1" name="coref_group_I_brother_family"/>
            <chain elements="6 3 7 9 11 13 15 19 23 26 28 30 34 37 40 41 44 45 48 50"/>
            <chain elements="56 20"/>
            <chain elements="33 29"/>
        </chains>
    </annotations>
</story>
