<?xml version="1.0" encoding="UTF-8" standalone="no"?>
<!DOCTYPE story SYSTEM "../InScript.dtd">
<story id="098" scenario="flight">
    <text>
        <content>I wanted to take a trip to see my friends . 
Since they lived far away I decided to fly in an airplane to go see them . 
I went to an online website for the airline to book my flight . 
I chose a window seat so I could enjoy the scenery on the flight . 
After booking my flight I packed my suitcase with what I would need for my flight that left tomorrow . 
The very next day I woke up and got dressed . 
I wore loose fitting clothes that would be comfortable on the flights . 
I wore shoes that I could take off easily to get through security and a belt with no metal in it , again so I could get through security easier . 
I went to the airport with my suitcase and went to the ticket counter . 
I gave them my ID card and they printed my ticket for me . 
I gave them my suitcase and they tagged it for me and gave me a baggage claim ticket . 
I then went through security . 
After making it through secutity I went to my gate and waited until I was told it was time to board the plane . 
I got on the plane in my window seat . 
I listed to the stewardess as she showed me how to buckle my seatbelt and the planes safety features . 
Before I kew it we took off , and I was flying in a plane and enjoying the scenery below . </content>
        <sentences>
            <sentence id="1">
                <token content="I" id="1-1">
                    <pos type="PRP"/>
                    <lemma type="I"/>
                    <dep head="1-2" type="nsubj"/>
                </token>
                <token content="wanted" id="1-2">
                    <pos type="VBD"/>
                    <lemma type="want"/>
                </token>
                <token content="to" id="1-3">
                    <pos type="TO"/>
                    <lemma type="to"/>
                    <dep head="1-4" type="aux"/>
                </token>
                <token content="take" id="1-4">
                    <pos type="VB"/>
                    <lemma type="take"/>
                    <dep head="1-2" type="xcomp"/>
                </token>
                <token content="a" id="1-5">
                    <pos type="DT"/>
                    <lemma type="a"/>
                </token>
                <token content="trip" id="1-6">
                    <pos type="NN"/>
                    <lemma type="trip"/>
                    <dep head="1-4" type="dobj"/>
                </token>
                <token content="to" id="1-7">
                    <pos type="TO"/>
                    <lemma type="to"/>
                    <dep head="1-8" type="aux"/>
                </token>
                <token content="see" id="1-8">
                    <pos type="VB"/>
                    <lemma type="see"/>
                </token>
                <token content="my" id="1-9">
                    <pos type="PRP$"/>
                    <lemma type="my"/>
                </token>
                <token content="friends" id="1-10">
                    <pos type="NNS"/>
                    <lemma type="friend"/>
                    <dep head="1-8" type="dobj"/>
                </token>
                <token content="." id="1-11"/>
            </sentence>
            <sentence id="2">
                <token content="Since" id="2-1">
                    <pos type="IN"/>
                    <lemma type="since"/>
                    <dep head="2-3" type="mark"/>
                </token>
                <token content="they" id="2-2">
                    <pos type="PRP"/>
                    <lemma type="they"/>
                    <dep head="2-3" type="nsubj"/>
                </token>
                <token content="lived" id="2-3">
                    <pos type="VBD"/>
                    <lemma type="live"/>
                    <dep head="2-7" type="advcl"/>
                </token>
                <token content="far" id="2-4">
                    <pos type="RB"/>
                    <lemma type="far"/>
                </token>
                <token content="away" id="2-5">
                    <pos type="RB"/>
                    <lemma type="away"/>
                    <dep head="2-3" type="advmod"/>
                </token>
                <token content="I" id="2-6">
                    <pos type="PRP"/>
                    <lemma type="I"/>
                    <dep head="2-7" type="nsubj"/>
                </token>
                <token content="decided" id="2-7">
                    <pos type="VBD"/>
                    <lemma type="decide"/>
                </token>
                <token content="to" id="2-8">
                    <pos type="TO"/>
                    <lemma type="to"/>
                    <dep head="2-9" type="aux"/>
                </token>
                <token content="fly" id="2-9">
                    <pos type="VB"/>
                    <lemma type="fly"/>
                    <dep head="2-7" type="xcomp"/>
                </token>
                <token content="in" id="2-10"/>
                <token content="an" id="2-11">
                    <pos type="DT"/>
                    <lemma type="a"/>
                </token>
                <token content="airplane" id="2-12">
                    <pos type="NN"/>
                    <lemma type="airplane"/>
                    <dep head="2-9" type="prep"/>
                </token>
                <token content="to" id="2-13">
                    <pos type="TO"/>
                    <lemma type="to"/>
                    <dep head="2-14" type="aux"/>
                </token>
                <token content="go" id="2-14">
                    <pos type="VB"/>
                    <lemma type="go"/>
                </token>
                <token content="see" id="2-15">
                    <pos type="VB"/>
                    <lemma type="see"/>
                    <dep head="2-14" type="xcomp"/>
                </token>
                <token content="them" id="2-16">
                    <pos type="PRP"/>
                    <lemma type="they"/>
                    <dep head="2-15" type="dobj"/>
                </token>
                <token content="." id="2-17"/>
            </sentence>
            <sentence id="3">
                <token content="I" id="3-1">
                    <pos type="PRP"/>
                    <lemma type="I"/>
                    <dep head="3-2" type="nsubj"/>
                </token>
                <token content="went" id="3-2">
                    <pos type="VBD"/>
                    <lemma type="go"/>
                </token>
                <token content="to" id="3-3"/>
                <token content="an" id="3-4">
                    <pos type="DT"/>
                    <lemma type="a"/>
                </token>
                <token content="online" id="3-5">
                    <pos type="JJ"/>
                    <lemma type="online"/>
                </token>
                <token content="website" id="3-6">
                    <pos type="NN"/>
                    <lemma type="website"/>
                    <dep head="3-2" type="prep"/>
                </token>
                <token content="for" id="3-7"/>
                <token content="the" id="3-8">
                    <pos type="DT"/>
                    <lemma type="the"/>
                </token>
                <token content="airline" id="3-9">
                    <pos type="NN"/>
                    <lemma type="airline"/>
                </token>
                <token content="to" id="3-10"/>
                <token content="book" id="3-11">
                    <pos type="NN"/>
                    <lemma type="book"/>
                </token>
                <token content="my" id="3-12">
                    <pos type="PRP$"/>
                    <lemma type="my"/>
                </token>
                <token content="flight" id="3-13">
                    <pos type="NN"/>
                    <lemma type="flight"/>
                    <dep head="3-2" type="prep"/>
                </token>
                <token content="." id="3-14"/>
            </sentence>
            <sentence id="4">
                <token content="I" id="4-1">
                    <pos type="PRP"/>
                    <lemma type="I"/>
                    <dep head="4-2" type="nsubj"/>
                </token>
                <token content="chose" id="4-2">
                    <pos type="VBD"/>
                    <lemma type="choose"/>
                </token>
                <token content="a" id="4-3">
                    <pos type="DT"/>
                    <lemma type="a"/>
                </token>
                <token content="window" id="4-4">
                    <pos type="NN"/>
                    <lemma type="window"/>
                </token>
                <token content="seat" id="4-5">
                    <pos type="NN"/>
                    <lemma type="seat"/>
                    <dep head="4-2" type="dobj"/>
                </token>
                <token content="so" id="4-6">
                    <pos type="IN"/>
                    <lemma type="so"/>
                    <dep head="4-9" type="mark"/>
                </token>
                <token content="I" id="4-7">
                    <pos type="PRP"/>
                    <lemma type="I"/>
                    <dep head="4-9" type="nsubj"/>
                </token>
                <token content="could" id="4-8">
                    <pos type="MD"/>
                    <lemma type="could"/>
                    <dep head="4-9" type="aux"/>
                </token>
                <token content="enjoy" id="4-9">
                    <pos type="VB"/>
                    <lemma type="enjoy"/>
                    <dep head="4-2" type="advcl"/>
                </token>
                <token content="the" id="4-10">
                    <pos type="DT"/>
                    <lemma type="the"/>
                </token>
                <token content="scenery" id="4-11">
                    <pos type="NN"/>
                    <lemma type="scenery"/>
                    <dep head="4-9" type="dobj"/>
                </token>
                <token content="on" id="4-12"/>
                <token content="the" id="4-13">
                    <pos type="DT"/>
                    <lemma type="the"/>
                </token>
                <token content="flight" id="4-14">
                    <pos type="NN"/>
                    <lemma type="flight"/>
                    <dep head="4-9" type="prep"/>
                </token>
                <token content="." id="4-15"/>
            </sentence>
            <sentence id="5">
                <token content="After" id="5-1"/>
                <token content="booking" id="5-2">
                    <pos type="VBG"/>
                    <lemma type="book"/>
                    <dep head="5-6" type="prepc"/>
                </token>
                <token content="my" id="5-3">
                    <pos type="PRP$"/>
                    <lemma type="my"/>
                </token>
                <token content="flight" id="5-4">
                    <pos type="NN"/>
                    <lemma type="flight"/>
                    <dep head="5-2" type="dobj"/>
                </token>
                <token content="I" id="5-5">
                    <pos type="PRP"/>
                    <lemma type="I"/>
                    <dep head="5-6" type="nsubj"/>
                </token>
                <token content="packed" id="5-6">
                    <pos type="VBD"/>
                    <lemma type="pack"/>
                </token>
                <token content="my" id="5-7">
                    <pos type="PRP$"/>
                    <lemma type="my"/>
                </token>
                <token content="suitcase" id="5-8">
                    <pos type="NN"/>
                    <lemma type="suitcase"/>
                    <dep head="5-6" type="dobj"/>
                </token>
                <token content="with" id="5-9"/>
                <token content="what" id="5-10">
                    <pos type="WP"/>
                    <lemma type="what"/>
                    <dep head="5-13" type="dobj"/>
                </token>
                <token content="I" id="5-11">
                    <pos type="PRP"/>
                    <lemma type="I"/>
                    <dep head="5-13" type="nsubj"/>
                </token>
                <token content="would" id="5-12">
                    <pos type="MD"/>
                    <lemma type="would"/>
                    <dep head="5-13" type="aux"/>
                </token>
                <token content="need" id="5-13">
                    <pos type="VB"/>
                    <lemma type="need"/>
                    <dep head="5-6" type="prepc"/>
                </token>
                <token content="for" id="5-14"/>
                <token content="my" id="5-15">
                    <pos type="PRP$"/>
                    <lemma type="my"/>
                </token>
                <token content="flight" id="5-16">
                    <pos type="NN"/>
                    <lemma type="flight"/>
                    <dep head="5-13" type="prep"/>
                </token>
                <token content="that" id="5-17">
                    <pos type="WDT"/>
                    <lemma type="that"/>
                    <dep head="5-18" type="nsubj"/>
                </token>
                <token content="left" id="5-18">
                    <pos type="VBD"/>
                    <lemma type="leave"/>
                </token>
                <token content="tomorrow" id="5-19">
                    <pos type="NN"/>
                    <lemma type="tomorrow"/>
                    <dep head="5-18" type="tmod"/>
                </token>
                <token content="." id="5-20"/>
            </sentence>
            <sentence id="6">
                <token content="The" id="6-1">
                    <pos type="DT"/>
                    <lemma type="the"/>
                </token>
                <token content="very" id="6-2">
                    <pos type="RB"/>
                    <lemma type="very"/>
                </token>
                <token content="next" id="6-3">
                    <pos type="JJ"/>
                    <lemma type="next"/>
                </token>
                <token content="day" id="6-4">
                    <pos type="NN"/>
                    <lemma type="day"/>
                    <dep head="6-10" type="nsubj"/>
                </token>
                <token content="I" id="6-5">
                    <pos type="PRP"/>
                    <lemma type="I"/>
                    <dep head="6-6" type="nsubj"/>
                </token>
                <token content="woke" id="6-6">
                    <pos type="VBD"/>
                    <lemma type="wake"/>
                </token>
                <token content="up" id="6-7">
                    <pos type="RP"/>
                    <lemma type="up"/>
                    <dep head="6-6" type="prt"/>
                </token>
                <token content="and" id="6-8"/>
                <token content="got" id="6-9">
                    <pos type="VBD"/>
                    <lemma type="get"/>
                    <dep head="6-6" type="conj"/>
                </token>
                <token content="dressed" id="6-10">
                    <pos type="VBD"/>
                    <lemma type="dress"/>
                </token>
                <token content="." id="6-11"/>
            </sentence>
            <sentence id="7">
                <token content="I" id="7-1">
                    <pos type="PRP"/>
                    <lemma type="I"/>
                    <dep head="7-2" type="nsubj"/>
                </token>
                <token content="wore" id="7-2">
                    <pos type="VBD"/>
                    <lemma type="wear"/>
                </token>
                <token content="loose" id="7-3">
                    <pos type="JJ"/>
                    <lemma type="loose"/>
                </token>
                <token content="fitting" id="7-4">
                    <pos type="JJ"/>
                    <lemma type="fitting"/>
                </token>
                <token content="clothes" id="7-5">
                    <pos type="NNS"/>
                    <lemma type="clothes"/>
                    <dep head="7-2" type="dobj"/>
                </token>
                <token content="that" id="7-6">
                    <pos type="WDT"/>
                    <lemma type="that"/>
                </token>
                <token content="would" id="7-7">
                    <pos type="MD"/>
                    <lemma type="would"/>
                </token>
                <token content="be" id="7-8">
                    <pos type="VB"/>
                    <lemma type="be"/>
                </token>
                <token content="comfortable" id="7-9">
                    <pos type="JJ"/>
                    <lemma type="comfortable"/>
                </token>
                <token content="on" id="7-10"/>
                <token content="the" id="7-11">
                    <pos type="DT"/>
                    <lemma type="the"/>
                </token>
                <token content="flights" id="7-12">
                    <pos type="NNS"/>
                    <lemma type="flight"/>
                </token>
                <token content="." id="7-13"/>
            </sentence>
            <sentence id="8">
                <token content="I" id="8-1">
                    <pos type="PRP"/>
                    <lemma type="I"/>
                    <dep head="8-2" type="nsubj"/>
                </token>
                <token content="wore" id="8-2">
                    <pos type="VBD"/>
                    <lemma type="wear"/>
                </token>
                <token content="shoes" id="8-3">
                    <pos type="NNS"/>
                    <lemma type="shoe"/>
                    <dep head="8-2" type="dobj"/>
                </token>
                <token content="that" id="8-4">
                    <pos type="IN"/>
                    <lemma type="that"/>
                    <dep head="8-7" type="mark"/>
                </token>
                <token content="I" id="8-5">
                    <pos type="PRP"/>
                    <lemma type="I"/>
                    <dep head="8-7" type="nsubj"/>
                </token>
                <token content="could" id="8-6">
                    <pos type="MD"/>
                    <lemma type="could"/>
                    <dep head="8-7" type="aux"/>
                </token>
                <token content="take" id="8-7">
                    <pos type="VB"/>
                    <lemma type="take"/>
                    <dep head="8-2" type="ccomp"/>
                </token>
                <token content="off" id="8-8">
                    <pos type="RP"/>
                    <lemma type="off"/>
                    <dep head="8-7" type="prt"/>
                </token>
                <token content="easily" id="8-9">
                    <pos type="RB"/>
                    <lemma type="easily"/>
                    <dep head="8-11" type="advmod"/>
                </token>
                <token content="to" id="8-10">
                    <pos type="TO"/>
                    <lemma type="to"/>
                    <dep head="8-11" type="aux"/>
                </token>
                <token content="get" id="8-11">
                    <pos type="VB"/>
                    <lemma type="get"/>
                    <dep head="8-7" type="xcomp"/>
                </token>
                <token content="through" id="8-12"/>
                <token content="security" id="8-13">
                    <pos type="NN"/>
                    <lemma type="security"/>
                    <dep head="8-11" type="prep"/>
                </token>
                <token content="and" id="8-14"/>
                <token content="a" id="8-15">
                    <pos type="DT"/>
                    <lemma type="a"/>
                </token>
                <token content="belt" id="8-16">
                    <pos type="NN"/>
                    <lemma type="belt"/>
                </token>
                <token content="with" id="8-17"/>
                <token content="no" id="8-18">
                    <pos type="DT"/>
                    <lemma type="no"/>
                </token>
                <token content="metal" id="8-19">
                    <pos type="NN"/>
                    <lemma type="metal"/>
                    <dep head="8-11" type="prep"/>
                </token>
                <token content="in" id="8-20"/>
                <token content="it" id="8-21">
                    <pos type="PRP"/>
                    <lemma type="it"/>
                </token>
                <token content="," id="8-22"/>
                <token content="again" id="8-23">
                    <pos type="RB"/>
                    <lemma type="again"/>
                    <dep head="8-27" type="advmod"/>
                </token>
                <token content="so" id="8-24">
                    <pos type="IN"/>
                    <lemma type="so"/>
                    <dep head="8-27" type="mark"/>
                </token>
                <token content="I" id="8-25">
                    <pos type="PRP"/>
                    <lemma type="I"/>
                    <dep head="8-27" type="nsubj"/>
                </token>
                <token content="could" id="8-26">
                    <pos type="MD"/>
                    <lemma type="could"/>
                    <dep head="8-27" type="aux"/>
                </token>
                <token content="get" id="8-27">
                    <pos type="VB"/>
                    <lemma type="get"/>
                    <dep head="8-11" type="advcl"/>
                </token>
                <token content="through" id="8-28"/>
                <token content="security" id="8-29">
                    <pos type="NN"/>
                    <lemma type="security"/>
                    <dep head="8-27" type="prep"/>
                </token>
                <token content="easier" id="8-30">
                    <pos type="RBR"/>
                    <lemma type="easier"/>
                    <dep head="8-27" type="advmod"/>
                </token>
                <token content="." id="8-31"/>
            </sentence>
            <sentence id="9">
                <token content="I" id="9-1">
                    <pos type="PRP"/>
                    <lemma type="I"/>
                    <dep head="9-2" type="nsubj"/>
                </token>
                <token content="went" id="9-2">
                    <pos type="VBD"/>
                    <lemma type="go"/>
                </token>
                <token content="to" id="9-3"/>
                <token content="the" id="9-4">
                    <pos type="DT"/>
                    <lemma type="the"/>
                </token>
                <token content="airport" id="9-5">
                    <pos type="NN"/>
                    <lemma type="airport"/>
                    <dep head="9-2" type="prep"/>
                </token>
                <token content="with" id="9-6"/>
                <token content="my" id="9-7">
                    <pos type="PRP$"/>
                    <lemma type="my"/>
                </token>
                <token content="suitcase" id="9-8">
                    <pos type="NN"/>
                    <lemma type="suitcase"/>
                    <dep head="9-2" type="prep"/>
                </token>
                <token content="and" id="9-9"/>
                <token content="went" id="9-10">
                    <pos type="VBD"/>
                    <lemma type="go"/>
                    <dep head="9-2" type="conj"/>
                </token>
                <token content="to" id="9-11"/>
                <token content="the" id="9-12">
                    <pos type="DT"/>
                    <lemma type="the"/>
                </token>
                <token content="ticket" id="9-13">
                    <pos type="NN"/>
                    <lemma type="ticket"/>
                </token>
                <token content="counter" id="9-14">
                    <pos type="NN"/>
                    <lemma type="counter"/>
                    <dep head="9-10" type="prep"/>
                </token>
                <token content="." id="9-15"/>
            </sentence>
            <sentence id="10">
                <token content="I" id="10-1">
                    <pos type="PRP"/>
                    <lemma type="I"/>
                    <dep head="10-2" type="nsubj"/>
                </token>
                <token content="gave" id="10-2">
                    <pos type="VBD"/>
                    <lemma type="give"/>
                </token>
                <token content="them" id="10-3">
                    <pos type="PRP"/>
                    <lemma type="they"/>
                    <dep head="10-2" type="iobj"/>
                </token>
                <token content="my" id="10-4">
                    <pos type="PRP$"/>
                    <lemma type="my"/>
                </token>
                <token content="ID" id="10-5">
                    <pos type="NNP"/>
                    <lemma type="ID"/>
                </token>
                <token content="card" id="10-6">
                    <pos type="NN"/>
                    <lemma type="card"/>
                    <dep head="10-2" type="dobj"/>
                </token>
                <token content="and" id="10-7"/>
                <token content="they" id="10-8">
                    <pos type="PRP"/>
                    <lemma type="they"/>
                    <dep head="10-9" type="nsubj"/>
                </token>
                <token content="printed" id="10-9">
                    <pos type="VBD"/>
                    <lemma type="print"/>
                    <dep head="10-2" type="conj"/>
                </token>
                <token content="my" id="10-10">
                    <pos type="PRP$"/>
                    <lemma type="my"/>
                </token>
                <token content="ticket" id="10-11">
                    <pos type="NN"/>
                    <lemma type="ticket"/>
                    <dep head="10-9" type="dobj"/>
                </token>
                <token content="for" id="10-12"/>
                <token content="me" id="10-13">
                    <pos type="PRP"/>
                    <lemma type="I"/>
                    <dep head="10-9" type="prep"/>
                </token>
                <token content="." id="10-14"/>
            </sentence>
            <sentence id="11">
                <token content="I" id="11-1">
                    <pos type="PRP"/>
                    <lemma type="I"/>
                    <dep head="11-2" type="nsubj"/>
                </token>
                <token content="gave" id="11-2">
                    <pos type="VBD"/>
                    <lemma type="give"/>
                </token>
                <token content="them" id="11-3">
                    <pos type="PRP"/>
                    <lemma type="they"/>
                    <dep head="11-2" type="iobj"/>
                </token>
                <token content="my" id="11-4">
                    <pos type="PRP$"/>
                    <lemma type="my"/>
                </token>
                <token content="suitcase" id="11-5">
                    <pos type="NN"/>
                    <lemma type="suitcase"/>
                    <dep head="11-2" type="dobj"/>
                </token>
                <token content="and" id="11-6"/>
                <token content="they" id="11-7">
                    <pos type="PRP"/>
                    <lemma type="they"/>
                    <dep head="11-8" type="nsubj"/>
                </token>
                <token content="tagged" id="11-8">
                    <pos type="VBD"/>
                    <lemma type="tag"/>
                    <dep head="11-2" type="conj"/>
                </token>
                <token content="it" id="11-9">
                    <pos type="PRP"/>
                    <lemma type="it"/>
                    <dep head="11-8" type="dobj"/>
                </token>
                <token content="for" id="11-10"/>
                <token content="me" id="11-11">
                    <pos type="PRP"/>
                    <lemma type="I"/>
                    <dep head="11-8" type="prep"/>
                </token>
                <token content="and" id="11-12"/>
                <token content="gave" id="11-13">
                    <pos type="VBD"/>
                    <lemma type="give"/>
                    <dep head="11-8" type="conj"/>
                </token>
                <token content="me" id="11-14">
                    <pos type="PRP"/>
                    <lemma type="I"/>
                    <dep head="11-13" type="iobj"/>
                </token>
                <token content="a" id="11-15">
                    <pos type="DT"/>
                    <lemma type="a"/>
                </token>
                <token content="baggage" id="11-16">
                    <pos type="NN"/>
                    <lemma type="baggage"/>
                </token>
                <token content="claim" id="11-17">
                    <pos type="NN"/>
                    <lemma type="claim"/>
                </token>
                <token content="ticket" id="11-18">
                    <pos type="NN"/>
                    <lemma type="ticket"/>
                    <dep head="11-13" type="dobj"/>
                </token>
                <token content="." id="11-19"/>
            </sentence>
            <sentence id="12">
                <token content="I" id="12-1">
                    <pos type="PRP"/>
                    <lemma type="I"/>
                    <dep head="12-3" type="nsubj"/>
                </token>
                <token content="then" id="12-2">
                    <pos type="RB"/>
                    <lemma type="then"/>
                    <dep head="12-3" type="advmod"/>
                </token>
                <token content="went" id="12-3">
                    <pos type="VBD"/>
                    <lemma type="go"/>
                </token>
                <token content="through" id="12-4"/>
                <token content="security" id="12-5">
                    <pos type="NN"/>
                    <lemma type="security"/>
                    <dep head="12-3" type="prep"/>
                </token>
                <token content="." id="12-6"/>
            </sentence>
            <sentence id="13">
                <token content="After" id="13-1"/>
                <token content="making" id="13-2">
                    <pos type="VBG"/>
                    <lemma type="make"/>
                    <dep head="13-7" type="prepc"/>
                </token>
                <token content="it" id="13-3">
                    <pos type="PRP"/>
                    <lemma type="it"/>
                    <dep head="13-2" type="dobj"/>
                </token>
                <token content="through" id="13-4"/>
                <token content="secutity" id="13-5">
                    <pos type="NN"/>
                    <lemma type="secutity"/>
                    <dep head="13-2" type="prep"/>
                </token>
                <token content="I" id="13-6">
                    <pos type="PRP"/>
                    <lemma type="I"/>
                    <dep head="13-7" type="nsubj"/>
                </token>
                <token content="went" id="13-7">
                    <pos type="VBD"/>
                    <lemma type="go"/>
                </token>
                <token content="to" id="13-8"/>
                <token content="my" id="13-9">
                    <pos type="PRP$"/>
                    <lemma type="my"/>
                </token>
                <token content="gate" id="13-10">
                    <pos type="NN"/>
                    <lemma type="gate"/>
                    <dep head="13-7" type="prep"/>
                </token>
                <token content="and" id="13-11"/>
                <token content="waited" id="13-12">
                    <pos type="VBD"/>
                    <lemma type="wait"/>
                    <dep head="13-7" type="conj"/>
                </token>
                <token content="until" id="13-13">
                    <pos type="IN"/>
                    <lemma type="until"/>
                    <dep head="13-16" type="mark"/>
                </token>
                <token content="I" id="13-14">
                    <pos type="PRP"/>
                    <lemma type="I"/>
                    <dep head="13-16" type="nsubjpass"/>
                </token>
                <token content="was" id="13-15">
                    <pos type="VBD"/>
                    <lemma type="be"/>
                    <dep head="13-16" type="auxpass"/>
                </token>
                <token content="told" id="13-16">
                    <pos type="VBN"/>
                    <lemma type="tell"/>
                    <dep head="13-12" type="advcl"/>
                </token>
                <token content="it" id="13-17">
                    <pos type="PRP"/>
                    <lemma type="it"/>
                </token>
                <token content="was" id="13-18">
                    <pos type="VBD"/>
                    <lemma type="be"/>
                </token>
                <token content="time" id="13-19">
                    <pos type="NN"/>
                    <lemma type="time"/>
                    <dep head="13-16" type="ccomp"/>
                </token>
                <token content="to" id="13-20">
                    <pos type="TO"/>
                    <lemma type="to"/>
                    <dep head="13-21" type="aux"/>
                </token>
                <token content="board" id="13-21">
                    <pos type="VB"/>
                    <lemma type="board"/>
                </token>
                <token content="the" id="13-22">
                    <pos type="DT"/>
                    <lemma type="the"/>
                </token>
                <token content="plane" id="13-23">
                    <pos type="NN"/>
                    <lemma type="plane"/>
                    <dep head="13-21" type="dobj"/>
                </token>
                <token content="." id="13-24"/>
            </sentence>
            <sentence id="14">
                <token content="I" id="14-1">
                    <pos type="PRP"/>
                    <lemma type="I"/>
                    <dep head="14-2" type="nsubj"/>
                </token>
                <token content="got" id="14-2">
                    <pos type="VBD"/>
                    <lemma type="get"/>
                </token>
                <token content="on" id="14-3"/>
                <token content="the" id="14-4">
                    <pos type="DT"/>
                    <lemma type="the"/>
                </token>
                <token content="plane" id="14-5">
                    <pos type="NN"/>
                    <lemma type="plane"/>
                    <dep head="14-2" type="prep"/>
                </token>
                <token content="in" id="14-6"/>
                <token content="my" id="14-7">
                    <pos type="PRP$"/>
                    <lemma type="my"/>
                </token>
                <token content="window" id="14-8">
                    <pos type="NN"/>
                    <lemma type="window"/>
                </token>
                <token content="seat" id="14-9">
                    <pos type="NN"/>
                    <lemma type="seat"/>
                    <dep head="14-2" type="prep"/>
                </token>
                <token content="." id="14-10"/>
            </sentence>
            <sentence id="15">
                <token content="I" id="15-1">
                    <pos type="PRP"/>
                    <lemma type="I"/>
                    <dep head="15-2" type="nsubj"/>
                </token>
                <token content="listed" id="15-2">
                    <pos type="VBD"/>
                    <lemma type="list"/>
                </token>
                <token content="to" id="15-3"/>
                <token content="the" id="15-4">
                    <pos type="DT"/>
                    <lemma type="the"/>
                </token>
                <token content="stewardess" id="15-5">
                    <pos type="NNS"/>
                    <lemma type="stewardess"/>
                    <dep head="15-2" type="prep"/>
                </token>
                <token content="as" id="15-6">
                    <pos type="IN"/>
                    <lemma type="as"/>
                    <dep head="15-8" type="mark"/>
                </token>
                <token content="she" id="15-7">
                    <pos type="PRP"/>
                    <lemma type="she"/>
                    <dep head="15-8" type="nsubj"/>
                </token>
                <token content="showed" id="15-8">
                    <pos type="VBD"/>
                    <lemma type="show"/>
                    <dep head="15-2" type="advcl"/>
                </token>
                <token content="me" id="15-9">
                    <pos type="PRP"/>
                    <lemma type="I"/>
                    <dep head="15-8" type="dobj"/>
                </token>
                <token content="how" id="15-10">
                    <pos type="WRB"/>
                    <lemma type="how"/>
                    <dep head="15-12" type="advmod"/>
                </token>
                <token content="to" id="15-11">
                    <pos type="TO"/>
                    <lemma type="to"/>
                    <dep head="15-12" type="aux"/>
                </token>
                <token content="buckle" id="15-12">
                    <pos type="VB"/>
                    <lemma type="buckle"/>
                    <dep head="15-8" type="xcomp"/>
                </token>
                <token content="my" id="15-13">
                    <pos type="PRP$"/>
                    <lemma type="my"/>
                </token>
                <token content="seatbelt" id="15-14">
                    <pos type="NN"/>
                    <lemma type="seatbelt"/>
                    <dep head="15-12" type="dobj"/>
                </token>
                <token content="and" id="15-15"/>
                <token content="the" id="15-16">
                    <pos type="DT"/>
                    <lemma type="the"/>
                </token>
                <token content="planes" id="15-17">
                    <pos type="NNS"/>
                    <lemma type="plane"/>
                </token>
                <token content="safety" id="15-18">
                    <pos type="NN"/>
                    <lemma type="safety"/>
                    <dep head="15-19" type="nsubj"/>
                </token>
                <token content="features" id="15-19">
                    <pos type="VBZ"/>
                    <lemma type="feature"/>
                    <dep head="15-2" type="conj"/>
                </token>
                <token content="." id="15-20"/>
            </sentence>
            <sentence id="16">
                <token content="Before" id="16-1">
                    <pos type="IN"/>
                    <lemma type="before"/>
                    <dep head="16-3" type="mark"/>
                </token>
                <token content="I" id="16-2">
                    <pos type="PRP"/>
                    <lemma type="I"/>
                    <dep head="16-3" type="nsubj"/>
                </token>
                <token content="kew" id="16-3">
                    <pos type="VBP"/>
                    <lemma type="kew"/>
                    <dep head="16-6" type="advcl"/>
                </token>
                <token content="it" id="16-4">
                    <pos type="PRP"/>
                    <lemma type="it"/>
                    <dep head="16-3" type="dobj"/>
                </token>
                <token content="we" id="16-5">
                    <pos type="PRP"/>
                    <lemma type="we"/>
                    <dep head="16-6" type="nsubj"/>
                </token>
                <token content="took" id="16-6">
                    <pos type="VBD"/>
                    <lemma type="take"/>
                </token>
                <token content="off" id="16-7">
                    <pos type="RP"/>
                    <lemma type="off"/>
                    <dep head="16-6" type="prt"/>
                </token>
                <token content="," id="16-8"/>
                <token content="and" id="16-9"/>
                <token content="I" id="16-10">
                    <pos type="PRP"/>
                    <lemma type="I"/>
                    <dep head="16-12" type="nsubj"/>
                </token>
                <token content="was" id="16-11">
                    <pos type="VBD"/>
                    <lemma type="be"/>
                    <dep head="16-12" type="aux"/>
                </token>
                <token content="flying" id="16-12">
                    <pos type="VBG"/>
                    <lemma type="fly"/>
                    <dep head="16-6" type="conj"/>
                </token>
                <token content="in" id="16-13"/>
                <token content="a" id="16-14">
                    <pos type="DT"/>
                    <lemma type="a"/>
                </token>
                <token content="plane" id="16-15">
                    <pos type="NN"/>
                    <lemma type="plane"/>
                    <dep head="16-12" type="prep"/>
                </token>
                <token content="and" id="16-16"/>
                <token content="enjoying" id="16-17">
                    <pos type="VBG"/>
                    <lemma type="enjoy"/>
                    <dep head="16-12" type="conj"/>
                </token>
                <token content="the" id="16-18">
                    <pos type="DT"/>
                    <lemma type="the"/>
                </token>
                <token content="scenery" id="16-19">
                    <pos type="NN"/>
                    <lemma type="scenery"/>
                    <dep head="16-17" type="dobj"/>
                </token>
                <token content="below" id="16-20">
                    <pos type="RB"/>
                    <lemma type="below"/>
                    <dep head="16-17" type="advmod"/>
                </token>
                <token content="." id="16-21"/>
            </sentence>
        </sentences>
    </text>
    <annotations>
        <participants>
            <label from="1-1" id="0" name="ScrPart_passenger" text="I" type="participant"/>
            <label from="1-6" id="1" name="ScrPart_flight" text="trip" type="participant"/>
            <label from="1-9" id="2" name="ScrPart_passenger" text="my" type="participant"/>
            <label from="1-10" id="3" name="NPart" text="friends" type="participant"/>
            <label from="2-2" id="4" name="NPart" text="they" type="participant"/>
            <label from="2-6" id="5" name="ScrPart_passenger" text="I" type="participant"/>
            <label from="2-12" id="6" name="ScrPart_plane" text="airplane" type="participant"/>
            <label from="2-16" id="7" name="NPart" text="them" type="participant"/>
            <label from="3-1" id="8" name="ScrPart_passenger" text="I" type="participant"/>
            <label from="3-6" id="9" name="ScrPart_other" text="website" type="participant"/>
            <label from="3-9" id="10" name="ScrPart_other" text="airline" type="participant"/>
            <label from="3-12" id="11" name="ScrPart_passenger" text="my" type="participant"/>
            <label from="3-13" id="12" name="ScrPart_flight" text="flight" type="participant"/>
            <label from="4-1" id="13" name="ScrPart_passenger" text="I" type="participant"/>
            <label from="4-4" id="14" name="ScrPart_seat" text="window seat" to="4-5" type="participant"/>
            <label from="4-5" id="15" name="ScrPart_seat" text="seat" type="participant"/>
            <label from="4-7" id="16" name="ScrPart_passenger" text="I" type="participant"/>
            <label from="4-11" id="17" name="ScrPart_in-flight_entertainment" text="scenery" type="participant"/>
            <label from="4-14" id="18" name="ScrPart_flight" text="flight" type="participant"/>
            <label from="5-3" id="19" name="ScrPart_passenger" text="my" type="participant"/>
            <label from="5-4" id="20" name="ScrPart_flight" text="flight" type="participant"/>
            <label from="5-5" id="21" name="ScrPart_passenger" text="I" type="participant"/>
            <label from="5-7" id="22" name="ScrPart_passenger" text="my" type="participant"/>
            <label from="5-8" id="23" name="ScrPart_check_in_luggage" text="suitcase" type="participant"/>
            <label from="5-11" id="24" name="ScrPart_passenger" text="I" type="participant"/>
            <label from="5-15" id="25" name="ScrPart_passenger" text="my" type="participant"/>
            <label from="5-16" id="26" name="ScrPart_flight" text="flight" type="participant"/>
            <label from="6-3" id="27" name="ScrPart_time/date" text="next day" to="6-4" type="participant"/>
            <label from="6-5" id="28" name="ScrPart_passenger" text="I" type="participant"/>
            <label from="7-1" id="29" name="ScrPart_passenger" text="I" type="participant"/>
            <label from="7-5" id="30" name="NPart" text="clothes" type="participant"/>
            <label from="7-12" id="31" name="ScrPart_flight" text="flights" type="participant"/>
            <label from="8-1" id="32" name="ScrPart_passenger" text="I" type="participant"/>
            <label from="8-3" id="33" name="NPart" text="shoes" type="participant"/>
            <label from="8-5" id="34" name="ScrPart_passenger" text="I" type="participant"/>
            <label from="8-13" id="35" name="ScrPart_security_check" text="security" type="participant"/>
            <label from="8-16" id="36" name="NPart" text="belt" type="participant"/>
            <label from="8-19" id="37" name="NPart" text="metal" type="participant"/>
            <label from="8-21" id="38" name="NPart" text="it" type="participant"/>
            <label from="8-25" id="39" name="ScrPart_passenger" text="I" type="participant"/>
            <label from="8-29" id="40" name="ScrPart_security_check" text="security" type="participant"/>
            <label from="9-1" id="41" name="ScrPart_passenger" text="I" type="participant"/>
            <label from="9-5" id="42" name="ScrPart_airport" text="airport" type="participant"/>
            <label from="9-7" id="43" name="ScrPart_passenger" text="my" type="participant"/>
            <label from="9-8" id="44" name="ScrPart_check_in_luggage" text="suitcase" type="participant"/>
            <label from="9-13" id="45" name="ScrPart_check_in_desk" text="ticket counter" to="9-14" type="participant"/>
            <label from="9-14" id="46" name="ScrPart_check_in_desk" text="counter" type="participant"/>
            <label from="10-1" id="47" name="ScrPart_passenger" text="I" type="participant"/>
            <label from="10-3" id="48" name="ScrPart_staff" text="them" type="participant"/>
            <label from="10-4" id="49" name="ScrPart_passenger" text="my" type="participant"/>
            <label from="10-5" id="50" name="ScrPart_passport/ID" text="ID card" to="10-6" type="participant"/>
            <label from="10-6" id="51" name="ScrPart_passport/ID" text="card" type="participant"/>
            <label from="10-8" id="52" name="ScrPart_staff" text="they" type="participant"/>
            <label from="10-10" id="53" name="ScrPart_passenger" text="my" type="participant"/>
            <label from="10-11" id="54" name="ScrPart_ticket" text="ticket" type="participant"/>
            <label from="10-13" id="55" name="ScrPart_passenger" text="me" type="participant"/>
            <label from="11-1" id="56" name="ScrPart_passenger" text="I" type="participant"/>
            <label from="11-3" id="57" name="ScrPart_staff" text="them" type="participant"/>
            <label from="11-4" id="58" name="ScrPart_passenger" text="my" type="participant"/>
            <label from="11-5" id="59" name="ScrPart_check_in_luggage" text="suitcase" type="participant"/>
            <label from="11-7" id="60" name="ScrPart_staff" text="they" type="participant"/>
            <label from="11-9" id="61" name="ScrPart_check_in_luggage" text="it" type="participant"/>
            <label from="11-11" id="62" name="ScrPart_passenger" text="me" type="participant"/>
            <label from="11-14" id="63" name="ScrPart_passenger" text="me" type="participant"/>
            <label from="11-16" id="64" name="ScrPart_ticket" text="baggage claim ticket" to="11-18" type="participant"/>
            <label from="11-18" id="65" name="ScrPart_ticket" text="ticket" type="participant"/>
            <label from="12-1" id="66" name="ScrPart_passenger" text="I" type="participant"/>
            <label from="12-5" id="67" name="ScrPart_security_check" text="security" type="participant"/>
            <label from="13-3" id="68" name="No_label" text="it" type="participant"/>
            <label from="13-5" id="69" name="ScrPart_security_check" text="secutity" type="participant"/>
            <label from="13-6" id="70" name="ScrPart_passenger" text="I" type="participant"/>
            <label from="13-9" id="71" name="ScrPart_passenger" text="my" type="participant"/>
            <label from="13-10" id="72" name="ScrPart_terminal/gate" text="gate" type="participant"/>
            <label from="13-14" id="73" name="ScrPart_passenger" text="I" type="participant"/>
            <label from="13-17" id="74" name="No_label" text="it" type="participant"/>
            <label from="13-19" id="75" name="No_label" text="time" type="participant"/>
            <label from="13-23" id="76" name="ScrPart_plane" text="plane" type="participant"/>
            <label from="14-1" id="77" name="ScrPart_passenger" text="I" type="participant"/>
            <label from="14-5" id="78" name="ScrPart_plane" text="plane" type="participant"/>
            <label from="14-7" id="79" name="ScrPart_passenger" text="my" type="participant"/>
            <label from="14-8" id="80" name="ScrPart_seat" text="window seat" to="14-9" type="participant"/>
            <label from="14-9" id="81" name="ScrPart_seat" text="seat" type="participant"/>
            <label from="15-1" id="82" name="ScrPart_passenger" text="I" type="participant"/>
            <label from="15-5" id="83" name="ScrPart_staff" text="stewardess" type="participant"/>
            <label from="15-7" id="84" name="ScrPart_staff" text="she" type="participant"/>
            <label from="15-9" id="85" name="ScrPart_passenger" text="me" type="participant"/>
            <label from="15-13" id="86" name="ScrPart_passenger" text="my" type="participant"/>
            <label from="15-14" id="87" name="ScrPart_seat_belt" text="seatbelt" type="participant"/>
            <label from="15-17" id="88" name="ScrPart_plane" text="planes" type="participant"/>
            <label from="15-18" id="89" name="ScrPart_safety_instructions" text="safety features" to="15-19" type="participant"/>
            <label from="15-19" id="90" name="ScrPart_safety_instructions" text="features" type="participant"/>
            <label from="16-2" id="91" name="ScrPart_passenger" text="I" type="participant"/>
            <label from="16-4" id="92" name="No_label" text="it" type="participant"/>
            <label from="16-5" id="93" name="ScrPart_plane" text="we" type="participant"/>
            <label from="16-10" id="94" name="ScrPart_passenger" text="I" type="participant"/>
            <label from="16-15" id="95" name="ScrPart_plane" text="plane" type="participant"/>
            <label from="16-19" id="96" name="ScrPart_in-flight_entertainment" text="scenery" type="participant"/>
        </participants>
        <events>
            <label from="1-2" id="97" name="UnrelEv" text="wanted" type="event"/>
            <label from="1-4" id="98" name="Evoking" text="take a trip" to="1-6" type="event"/>
            <label from="1-8" id="99" name="UnrelEv" text="see" type="event"/>
            <label from="2-3" id="100" name="UnrelEv" text="lived" type="event"/>
            <label from="2-7" id="101" name="UnrelEv" text="decided" type="event"/>
            <label from="2-9" id="102" name="Evoking" text="fly in an airplane" to="2-12" type="event"/>
            <label from="2-14" id="103" name="UnrelEv" text="go" type="event"/>
            <label from="2-15" id="104" name="UnrelEv" text="see" type="event"/>
            <label from="3-2" id="105" name="UnrelEv" text="went" type="event"/>
            <label from="3-11" id="106" name="ScrEv_get_ticket" text="book" type="event"/>
            <label from="4-9" id="107" name="ScrEv_spend_time_flight" text="enjoy" type="event"/>
            <label from="5-2" id="108" name="ScrEv_get_ticket" text="booking" type="event"/>
            <label from="5-6" id="109" name="ScrEv_pack_luggage" text="packed" type="event"/>
            <label from="5-13" id="110" name="UnrelEv" text="need" type="event"/>
            <label from="5-18" id="111" name="ScrEv_take_off" text="left" type="event"/>
            <label from="6-6" id="112" name="UnrelEv" text="woke up" to="6-7" type="event"/>
            <label from="6-9" id="113" name="UnrelEv" text="got" type="event"/>
            <label from="6-10" id="114" name="UnrelEv" text="dressed" type="event"/>
            <label from="7-2" id="115" name="UnrelEv" text="wore" type="event"/>
            <label from="7-8" id="116" name="UnrelEv" text="be" type="event"/>
            <label from="8-2" id="117" name="UnrelEv" text="wore" type="event"/>
            <label from="8-7" id="118" name="UnrelEv" text="take off" to="8-8" type="event"/>
            <label from="8-11" id="119" name="ScrEv_go_security_checks" text="get through" to="8-12" type="event"/>
            <label from="8-27" id="120" name="ScrEv_go_security_checks" text="get through" to="8-28" type="event"/>
            <label from="9-2" id="121" name="ScrEv_get_airport" text="went to" to="9-3" type="event"/>
            <label from="9-10" id="122" name="ScrEv_go_check_in" text="went" type="event"/>
            <label from="10-2" id="123" name="ScrEv_present_ID/ticket" text="gave" type="event"/>
            <label from="10-9" id="124" name="ScrEv_get_ticket" text="printed" type="event"/>
            <label from="11-2" id="125" name="ScrEv_check_luggage" text="gave" type="event"/>
            <label from="11-8" id="126" name="ScrEv_check_luggage" text="tagged" type="event"/>
            <label from="11-13" id="127" name="ScrEv_check_luggage" text="gave" type="event"/>
            <label from="12-3" id="128" name="ScrEv_go_security_checks" text="went through" to="12-4" type="event"/>
            <label from="13-2" id="129" name="ScrEv_go_security_checks" text="making" type="event"/>
            <label from="13-7" id="130" name="ScrEv_find_terminal" text="went" type="event"/>
            <label from="13-12" id="131" name="ScrEv_wait_boarding" text="waited" type="event"/>
            <label from="13-16" id="132" name="ScrEv_listen_call" text="told" type="event"/>
            <label from="13-18" id="133" name="UnrelEv" text="was" type="event"/>
            <label from="13-21" id="134" name="ScrEv_board_plane" text="board" type="event"/>
            <label from="14-2" id="135" name="ScrEv_board_plane" text="got on" to="14-3" type="event"/>
            <label from="15-2" id="136" name="ScrEv_listen_crew" text="listed to" to="15-3" type="event"/>
            <label from="15-8" id="137" name="ScrEv_listen_crew" text="showed" type="event"/>
            <label from="15-12" id="138" name="ScrEv_buckle_seat_belt" text="buckle" type="event"/>
            <label from="16-3" id="139" name="UnrelEv" text="kew" type="event"/>
            <label from="16-6" id="140" name="ScrEv_take_off" text="took off" to="16-7" type="event"/>
            <label from="16-12" id="141" name="Evoking" text="flying in a plane" to="16-15" type="event"/>
            <label from="16-17" id="142" name="ScrEv_spend_time_flight" text="enjoying" type="event"/>
        </events>
        <chains>
            <chain elements="2 0 5 8 11 13 16 19 21 22 24 25 28 29 32 34 39 41 43 47 49 53 55 56 58 62 63 66 70 71 73 77 79 82 85 86 91 94"/>
            <chain elements="12 1 18 20 26 31"/>
            <chain elements="76 6 78 88 93 95"/>
            <chain elements="81 15"/>
            <chain elements="96 17"/>
            <chain elements="40 35 67 69"/>
            <chain elements="59 44 61"/>
            <chain elements="52 48 57 60"/>
            <chain elements="84 83"/>
        </chains>
    </annotations>
</story>
