<?xml version="1.0" encoding="UTF-8" standalone="no"?>
<!DOCTYPE story SYSTEM "../InScript.dtd">
<story id="071" scenario="flight">
    <text>
        <content>I arrived at the airport with my luggage , identification , boarding pass , and some spare cash . 
I went up to the front desk and asked if my flight was currently on time , and it was . 
I waited in the lobby for a few minutes until they announced that the plane was now boarding for my flight to California . 
I got up with my luggage and belongings and walked towards the terminal . 
A worker scanned my boarding pass with a special scanner , and I then took off my shoes and set them in a bin that a worker handed me , along with my carry-on luggage . 
I set my big suitcase onto a cart where it would be taken onto the plane as cargo . 
I walked through a body scanner manned by security guards and passed through it without a problem . 
Then , I got my carry-on luggage and shoes back and put them on . 
I walked through a tunnel onto the airplane and sat down . 
I listened to the instructions that were said over a speaker and the plane took off after a long wait . 
Then , I listened to music on my smartphone and fell asleep for the full four hour flight . 
When I woke up , the plane was landing and I looked out my window and saw California . 
We had made it safely to our destination . </content>
        <sentences>
            <sentence id="1">
                <token content="I" id="1-1">
                    <pos type="PRP"/>
                    <lemma type="I"/>
                    <dep head="1-2" type="nsubj"/>
                </token>
                <token content="arrived" id="1-2">
                    <pos type="VBD"/>
                    <lemma type="arrive"/>
                </token>
                <token content="at" id="1-3"/>
                <token content="the" id="1-4">
                    <pos type="DT"/>
                    <lemma type="the"/>
                </token>
                <token content="airport" id="1-5">
                    <pos type="NN"/>
                    <lemma type="airport"/>
                    <dep head="1-2" type="prep"/>
                </token>
                <token content="with" id="1-6"/>
                <token content="my" id="1-7">
                    <pos type="PRP$"/>
                    <lemma type="my"/>
                </token>
                <token content="luggage" id="1-8">
                    <pos type="NN"/>
                    <lemma type="luggage"/>
                    <dep head="1-2" type="prep"/>
                </token>
                <token content="," id="1-9"/>
                <token content="identification" id="1-10">
                    <pos type="NN"/>
                    <lemma type="identification"/>
                </token>
                <token content="," id="1-11"/>
                <token content="boarding" id="1-12">
                    <pos type="JJ"/>
                    <lemma type="boarding"/>
                </token>
                <token content="pass" id="1-13">
                    <pos type="NN"/>
                    <lemma type="pass"/>
                </token>
                <token content="," id="1-14"/>
                <token content="and" id="1-15"/>
                <token content="some" id="1-16">
                    <pos type="DT"/>
                    <lemma type="some"/>
                </token>
                <token content="spare" id="1-17">
                    <pos type="JJ"/>
                    <lemma type="spare"/>
                </token>
                <token content="cash" id="1-18">
                    <pos type="NN"/>
                    <lemma type="cash"/>
                </token>
                <token content="." id="1-19"/>
            </sentence>
            <sentence id="2">
                <token content="I" id="2-1">
                    <pos type="PRP"/>
                    <lemma type="I"/>
                    <dep head="2-2" type="nsubj"/>
                </token>
                <token content="went" id="2-2">
                    <pos type="VBD"/>
                    <lemma type="go"/>
                </token>
                <token content="up" id="2-3">
                    <pos type="RP"/>
                    <lemma type="up"/>
                    <dep head="2-2" type="prt"/>
                </token>
                <token content="to" id="2-4"/>
                <token content="the" id="2-5">
                    <pos type="DT"/>
                    <lemma type="the"/>
                </token>
                <token content="front" id="2-6">
                    <pos type="JJ"/>
                    <lemma type="front"/>
                </token>
                <token content="desk" id="2-7">
                    <pos type="NN"/>
                    <lemma type="desk"/>
                    <dep head="2-2" type="prep"/>
                </token>
                <token content="and" id="2-8"/>
                <token content="asked" id="2-9">
                    <pos type="VBD"/>
                    <lemma type="ask"/>
                    <dep head="2-2" type="conj"/>
                </token>
                <token content="if" id="2-10">
                    <pos type="IN"/>
                    <lemma type="if"/>
                    <dep head="2-13" type="mark"/>
                </token>
                <token content="my" id="2-11">
                    <pos type="PRP$"/>
                    <lemma type="my"/>
                </token>
                <token content="flight" id="2-12">
                    <pos type="NN"/>
                    <lemma type="flight"/>
                    <dep head="2-13" type="nsubj"/>
                </token>
                <token content="was" id="2-13">
                    <pos type="VBD"/>
                    <lemma type="be"/>
                    <dep head="2-9" type="advcl"/>
                </token>
                <token content="currently" id="2-14">
                    <pos type="RB"/>
                    <lemma type="currently"/>
                    <dep head="2-13" type="advmod"/>
                </token>
                <token content="on" id="2-15"/>
                <token content="time" id="2-16">
                    <pos type="NN"/>
                    <lemma type="time"/>
                    <dep head="2-13" type="prep"/>
                </token>
                <token content="," id="2-17"/>
                <token content="and" id="2-18"/>
                <token content="it" id="2-19">
                    <pos type="PRP"/>
                    <lemma type="it"/>
                    <dep head="2-20" type="nsubj"/>
                </token>
                <token content="was" id="2-20">
                    <pos type="VBD"/>
                    <lemma type="be"/>
                    <dep head="2-2" type="conj"/>
                </token>
                <token content="." id="2-21"/>
            </sentence>
            <sentence id="3">
                <token content="I" id="3-1">
                    <pos type="PRP"/>
                    <lemma type="I"/>
                    <dep head="3-2" type="nsubj"/>
                </token>
                <token content="waited" id="3-2">
                    <pos type="VBD"/>
                    <lemma type="wait"/>
                </token>
                <token content="in" id="3-3"/>
                <token content="the" id="3-4">
                    <pos type="DT"/>
                    <lemma type="the"/>
                </token>
                <token content="lobby" id="3-5">
                    <pos type="NN"/>
                    <lemma type="lobby"/>
                    <dep head="3-2" type="prep"/>
                </token>
                <token content="for" id="3-6"/>
                <token content="a" id="3-7">
                    <pos type="DT"/>
                    <lemma type="a"/>
                </token>
                <token content="few" id="3-8">
                    <pos type="JJ"/>
                    <lemma type="few"/>
                </token>
                <token content="minutes" id="3-9">
                    <pos type="NNS"/>
                    <lemma type="minute"/>
                </token>
                <token content="until" id="3-10">
                    <pos type="IN"/>
                    <lemma type="until"/>
                    <dep head="3-12" type="mark"/>
                </token>
                <token content="they" id="3-11">
                    <pos type="PRP"/>
                    <lemma type="they"/>
                    <dep head="3-12" type="nsubj"/>
                </token>
                <token content="announced" id="3-12">
                    <pos type="VBD"/>
                    <lemma type="announce"/>
                    <dep head="3-2" type="advcl"/>
                </token>
                <token content="that" id="3-13">
                    <pos type="IN"/>
                    <lemma type="that"/>
                    <dep head="3-18" type="mark"/>
                </token>
                <token content="the" id="3-14">
                    <pos type="DT"/>
                    <lemma type="the"/>
                </token>
                <token content="plane" id="3-15">
                    <pos type="NN"/>
                    <lemma type="plane"/>
                    <dep head="3-18" type="nsubj"/>
                </token>
                <token content="was" id="3-16">
                    <pos type="VBD"/>
                    <lemma type="be"/>
                    <dep head="3-18" type="aux"/>
                </token>
                <token content="now" id="3-17">
                    <pos type="RB"/>
                    <lemma type="now"/>
                    <dep head="3-18" type="advmod"/>
                </token>
                <token content="boarding" id="3-18">
                    <pos type="VBG"/>
                    <lemma type="board"/>
                    <dep head="3-12" type="ccomp"/>
                </token>
                <token content="for" id="3-19"/>
                <token content="my" id="3-20">
                    <pos type="PRP$"/>
                    <lemma type="my"/>
                </token>
                <token content="flight" id="3-21">
                    <pos type="NN"/>
                    <lemma type="flight"/>
                    <dep head="3-18" type="prep"/>
                </token>
                <token content="to" id="3-22"/>
                <token content="California" id="3-23">
                    <pos type="NNP"/>
                    <lemma type="California"/>
                    <dep head="3-18" type="prep"/>
                </token>
                <token content="." id="3-24"/>
            </sentence>
            <sentence id="4">
                <token content="I" id="4-1">
                    <pos type="PRP"/>
                    <lemma type="I"/>
                    <dep head="4-2" type="nsubj"/>
                </token>
                <token content="got" id="4-2">
                    <pos type="VBD"/>
                    <lemma type="get"/>
                </token>
                <token content="up" id="4-3">
                    <pos type="RP"/>
                    <lemma type="up"/>
                    <dep head="4-2" type="prt"/>
                </token>
                <token content="with" id="4-4"/>
                <token content="my" id="4-5">
                    <pos type="PRP$"/>
                    <lemma type="my"/>
                </token>
                <token content="luggage" id="4-6">
                    <pos type="NN"/>
                    <lemma type="luggage"/>
                    <dep head="4-2" type="prep"/>
                </token>
                <token content="and" id="4-7"/>
                <token content="belongings" id="4-8">
                    <pos type="NNS"/>
                    <lemma type="belongings"/>
                </token>
                <token content="and" id="4-9"/>
                <token content="walked" id="4-10">
                    <pos type="VBD"/>
                    <lemma type="walk"/>
                    <dep head="4-2" type="conj"/>
                </token>
                <token content="towards" id="4-11"/>
                <token content="the" id="4-12">
                    <pos type="DT"/>
                    <lemma type="the"/>
                </token>
                <token content="terminal" id="4-13">
                    <pos type="NN"/>
                    <lemma type="terminal"/>
                    <dep head="4-10" type="prep"/>
                </token>
                <token content="." id="4-14"/>
            </sentence>
            <sentence id="5">
                <token content="A" id="5-1">
                    <pos type="DT"/>
                    <lemma type="a"/>
                </token>
                <token content="worker" id="5-2">
                    <pos type="NN"/>
                    <lemma type="worker"/>
                    <dep head="5-3" type="nsubj"/>
                </token>
                <token content="scanned" id="5-3">
                    <pos type="VBD"/>
                    <lemma type="scan"/>
                </token>
                <token content="my" id="5-4">
                    <pos type="PRP$"/>
                    <lemma type="my"/>
                </token>
                <token content="boarding" id="5-5">
                    <pos type="JJ"/>
                    <lemma type="boarding"/>
                </token>
                <token content="pass" id="5-6">
                    <pos type="NN"/>
                    <lemma type="pass"/>
                    <dep head="5-3" type="dobj"/>
                </token>
                <token content="with" id="5-7"/>
                <token content="a" id="5-8">
                    <pos type="DT"/>
                    <lemma type="a"/>
                </token>
                <token content="special" id="5-9">
                    <pos type="JJ"/>
                    <lemma type="special"/>
                </token>
                <token content="scanner" id="5-10">
                    <pos type="NN"/>
                    <lemma type="scanner"/>
                    <dep head="5-3" type="prep"/>
                </token>
                <token content="," id="5-11"/>
                <token content="and" id="5-12"/>
                <token content="I" id="5-13">
                    <pos type="PRP"/>
                    <lemma type="I"/>
                    <dep head="5-15" type="nsubj"/>
                </token>
                <token content="then" id="5-14">
                    <pos type="RB"/>
                    <lemma type="then"/>
                    <dep head="5-15" type="advmod"/>
                </token>
                <token content="took" id="5-15">
                    <pos type="VBD"/>
                    <lemma type="take"/>
                    <dep head="5-3" type="conj"/>
                </token>
                <token content="off" id="5-16">
                    <pos type="RP"/>
                    <lemma type="off"/>
                    <dep head="5-15" type="prt"/>
                </token>
                <token content="my" id="5-17">
                    <pos type="PRP$"/>
                    <lemma type="my"/>
                </token>
                <token content="shoes" id="5-18">
                    <pos type="NNS"/>
                    <lemma type="shoe"/>
                    <dep head="5-15" type="dobj"/>
                </token>
                <token content="and" id="5-19"/>
                <token content="set" id="5-20">
                    <pos type="VBD"/>
                    <lemma type="set"/>
                    <dep head="5-15" type="conj"/>
                </token>
                <token content="them" id="5-21">
                    <pos type="PRP"/>
                    <lemma type="they"/>
                    <dep head="5-20" type="dobj"/>
                </token>
                <token content="in" id="5-22"/>
                <token content="a" id="5-23">
                    <pos type="DT"/>
                    <lemma type="a"/>
                </token>
                <token content="bin" id="5-24">
                    <pos type="NNP"/>
                    <lemma type="bin"/>
                    <dep head="5-20" type="prep"/>
                </token>
                <token content="that" id="5-25">
                    <pos type="IN"/>
                    <lemma type="that"/>
                    <dep head="5-28" type="mark"/>
                </token>
                <token content="a" id="5-26">
                    <pos type="DT"/>
                    <lemma type="a"/>
                </token>
                <token content="worker" id="5-27">
                    <pos type="NN"/>
                    <lemma type="worker"/>
                    <dep head="5-28" type="nsubj"/>
                </token>
                <token content="handed" id="5-28">
                    <pos type="VBD"/>
                    <lemma type="hand"/>
                    <dep head="5-20" type="ccomp"/>
                </token>
                <token content="me" id="5-29">
                    <pos type="PRP"/>
                    <lemma type="I"/>
                    <dep head="5-28" type="dobj"/>
                </token>
                <token content="," id="5-30"/>
                <token content="along" id="5-31"/>
                <token content="with" id="5-32"/>
                <token content="my" id="5-33">
                    <pos type="PRP$"/>
                    <lemma type="my"/>
                </token>
                <token content="carry-on" id="5-34">
                    <pos type="JJ"/>
                    <lemma type="carry-on"/>
                </token>
                <token content="luggage" id="5-35">
                    <pos type="NN"/>
                    <lemma type="luggage"/>
                    <dep head="5-28" type="prep"/>
                </token>
                <token content="." id="5-36"/>
            </sentence>
            <sentence id="6">
                <token content="I" id="6-1">
                    <pos type="PRP"/>
                    <lemma type="I"/>
                    <dep head="6-2" type="nsubj"/>
                </token>
                <token content="set" id="6-2">
                    <pos type="VBD"/>
                    <lemma type="set"/>
                </token>
                <token content="my" id="6-3">
                    <pos type="PRP$"/>
                    <lemma type="my"/>
                </token>
                <token content="big" id="6-4">
                    <pos type="JJ"/>
                    <lemma type="big"/>
                </token>
                <token content="suitcase" id="6-5">
                    <pos type="NN"/>
                    <lemma type="suitcase"/>
                    <dep head="6-2" type="dobj"/>
                </token>
                <token content="onto" id="6-6"/>
                <token content="a" id="6-7">
                    <pos type="DT"/>
                    <lemma type="a"/>
                </token>
                <token content="cart" id="6-8">
                    <pos type="NN"/>
                    <lemma type="cart"/>
                    <dep head="6-2" type="prep"/>
                </token>
                <token content="where" id="6-9">
                    <pos type="WRB"/>
                    <lemma type="where"/>
                    <dep head="6-13" type="advmod"/>
                </token>
                <token content="it" id="6-10">
                    <pos type="PRP"/>
                    <lemma type="it"/>
                    <dep head="6-13" type="nsubjpass"/>
                </token>
                <token content="would" id="6-11">
                    <pos type="MD"/>
                    <lemma type="would"/>
                    <dep head="6-13" type="aux"/>
                </token>
                <token content="be" id="6-12">
                    <pos type="VB"/>
                    <lemma type="be"/>
                    <dep head="6-13" type="auxpass"/>
                </token>
                <token content="taken" id="6-13">
                    <pos type="VBN"/>
                    <lemma type="take"/>
                    <dep head="6-2" type="advcl"/>
                </token>
                <token content="onto" id="6-14"/>
                <token content="the" id="6-15">
                    <pos type="DT"/>
                    <lemma type="the"/>
                </token>
                <token content="plane" id="6-16">
                    <pos type="NN"/>
                    <lemma type="plane"/>
                    <dep head="6-13" type="prep"/>
                </token>
                <token content="as" id="6-17"/>
                <token content="cargo" id="6-18">
                    <pos type="NN"/>
                    <lemma type="cargo"/>
                </token>
                <token content="." id="6-19"/>
            </sentence>
            <sentence id="7">
                <token content="I" id="7-1">
                    <pos type="PRP"/>
                    <lemma type="I"/>
                    <dep head="7-2" type="nsubj"/>
                </token>
                <token content="walked" id="7-2">
                    <pos type="VBD"/>
                    <lemma type="walk"/>
                </token>
                <token content="through" id="7-3"/>
                <token content="a" id="7-4">
                    <pos type="DT"/>
                    <lemma type="a"/>
                </token>
                <token content="body" id="7-5">
                    <pos type="NN"/>
                    <lemma type="body"/>
                </token>
                <token content="scanner" id="7-6">
                    <pos type="NN"/>
                    <lemma type="scanner"/>
                </token>
                <token content="manned" id="7-7">
                    <pos type="NN"/>
                    <lemma type="manned"/>
                    <dep head="7-2" type="prep"/>
                </token>
                <token content="by" id="7-8"/>
                <token content="security" id="7-9">
                    <pos type="NN"/>
                    <lemma type="security"/>
                </token>
                <token content="guards" id="7-10">
                    <pos type="NNS"/>
                    <lemma type="guard"/>
                    <dep head="7-2" type="prep"/>
                </token>
                <token content="and" id="7-11"/>
                <token content="passed" id="7-12">
                    <pos type="VBD"/>
                    <lemma type="pass"/>
                    <dep head="7-2" type="conj"/>
                </token>
                <token content="through" id="7-13"/>
                <token content="it" id="7-14">
                    <pos type="PRP"/>
                    <lemma type="it"/>
                    <dep head="7-12" type="prep"/>
                </token>
                <token content="without" id="7-15"/>
                <token content="a" id="7-16">
                    <pos type="DT"/>
                    <lemma type="a"/>
                </token>
                <token content="problem" id="7-17">
                    <pos type="NN"/>
                    <lemma type="problem"/>
                    <dep head="7-12" type="prep"/>
                </token>
                <token content="." id="7-18"/>
            </sentence>
            <sentence id="8">
                <token content="Then" id="8-1">
                    <pos type="RB"/>
                    <lemma type="then"/>
                    <dep head="8-4" type="advmod"/>
                </token>
                <token content="," id="8-2"/>
                <token content="I" id="8-3">
                    <pos type="PRP"/>
                    <lemma type="I"/>
                    <dep head="8-4" type="nsubj"/>
                </token>
                <token content="got" id="8-4">
                    <pos type="VBD"/>
                    <lemma type="get"/>
                </token>
                <token content="my" id="8-5">
                    <pos type="PRP$"/>
                    <lemma type="my"/>
                </token>
                <token content="carry-on" id="8-6">
                    <pos type="JJ"/>
                    <lemma type="carry-on"/>
                </token>
                <token content="luggage" id="8-7">
                    <pos type="NN"/>
                    <lemma type="luggage"/>
                    <dep head="8-4" type="dobj"/>
                </token>
                <token content="and" id="8-8"/>
                <token content="shoes" id="8-9">
                    <pos type="NNS"/>
                    <lemma type="shoe"/>
                </token>
                <token content="back" id="8-10">
                    <pos type="RB"/>
                    <lemma type="back"/>
                    <dep head="8-4" type="advmod"/>
                </token>
                <token content="and" id="8-11"/>
                <token content="put" id="8-12">
                    <pos type="VBP"/>
                    <lemma type="put"/>
                    <dep head="8-4" type="conj"/>
                </token>
                <token content="them" id="8-13">
                    <pos type="PRP"/>
                    <lemma type="they"/>
                    <dep head="8-12" type="dobj"/>
                </token>
                <token content="on" id="8-14">
                    <pos type="RP"/>
                    <lemma type="on"/>
                    <dep head="8-12" type="prt"/>
                </token>
                <token content="." id="8-15"/>
            </sentence>
            <sentence id="9">
                <token content="I" id="9-1">
                    <pos type="PRP"/>
                    <lemma type="I"/>
                    <dep head="9-2" type="nsubj"/>
                </token>
                <token content="walked" id="9-2">
                    <pos type="VBD"/>
                    <lemma type="walk"/>
                </token>
                <token content="through" id="9-3"/>
                <token content="a" id="9-4">
                    <pos type="DT"/>
                    <lemma type="a"/>
                </token>
                <token content="tunnel" id="9-5">
                    <pos type="NN"/>
                    <lemma type="tunnel"/>
                    <dep head="9-2" type="prep"/>
                </token>
                <token content="onto" id="9-6"/>
                <token content="the" id="9-7">
                    <pos type="DT"/>
                    <lemma type="the"/>
                </token>
                <token content="airplane" id="9-8">
                    <pos type="NN"/>
                    <lemma type="airplane"/>
                    <dep head="9-2" type="prep"/>
                </token>
                <token content="and" id="9-9"/>
                <token content="sat" id="9-10">
                    <pos type="VBD"/>
                    <lemma type="sit"/>
                    <dep head="9-2" type="conj"/>
                </token>
                <token content="down" id="9-11">
                    <pos type="RP"/>
                    <lemma type="down"/>
                    <dep head="9-10" type="prt"/>
                </token>
                <token content="." id="9-12"/>
            </sentence>
            <sentence id="10">
                <token content="I" id="10-1">
                    <pos type="PRP"/>
                    <lemma type="I"/>
                    <dep head="10-2" type="nsubj"/>
                </token>
                <token content="listened" id="10-2">
                    <pos type="VBD"/>
                    <lemma type="listen"/>
                </token>
                <token content="to" id="10-3"/>
                <token content="the" id="10-4">
                    <pos type="DT"/>
                    <lemma type="the"/>
                </token>
                <token content="instructions" id="10-5">
                    <pos type="NNS"/>
                    <lemma type="instruction"/>
                    <dep head="10-2" type="prep"/>
                </token>
                <token content="that" id="10-6">
                    <pos type="WDT"/>
                    <lemma type="that"/>
                    <dep head="10-8" type="nsubjpass"/>
                </token>
                <token content="were" id="10-7">
                    <pos type="VBD"/>
                    <lemma type="be"/>
                    <dep head="10-8" type="auxpass"/>
                </token>
                <token content="said" id="10-8">
                    <pos type="VBN"/>
                    <lemma type="say"/>
                </token>
                <token content="over" id="10-9"/>
                <token content="a" id="10-10">
                    <pos type="DT"/>
                    <lemma type="a"/>
                </token>
                <token content="speaker" id="10-11">
                    <pos type="NN"/>
                    <lemma type="speaker"/>
                    <dep head="10-8" type="prep"/>
                </token>
                <token content="and" id="10-12"/>
                <token content="the" id="10-13">
                    <pos type="DT"/>
                    <lemma type="the"/>
                </token>
                <token content="plane" id="10-14">
                    <pos type="NN"/>
                    <lemma type="plane"/>
                    <dep head="10-15" type="nsubj"/>
                </token>
                <token content="took" id="10-15">
                    <pos type="VBD"/>
                    <lemma type="take"/>
                    <dep head="10-2" type="conj"/>
                </token>
                <token content="off" id="10-16">
                    <pos type="RP"/>
                    <lemma type="off"/>
                    <dep head="10-15" type="prt"/>
                </token>
                <token content="after" id="10-17"/>
                <token content="a" id="10-18">
                    <pos type="DT"/>
                    <lemma type="a"/>
                </token>
                <token content="long" id="10-19">
                    <pos type="JJ"/>
                    <lemma type="long"/>
                </token>
                <token content="wait" id="10-20">
                    <pos type="NN"/>
                    <lemma type="wait"/>
                    <dep head="10-15" type="prep"/>
                </token>
                <token content="." id="10-21"/>
            </sentence>
            <sentence id="11">
                <token content="Then" id="11-1">
                    <pos type="RB"/>
                    <lemma type="then"/>
                    <dep head="11-4" type="advmod"/>
                </token>
                <token content="," id="11-2"/>
                <token content="I" id="11-3">
                    <pos type="PRP"/>
                    <lemma type="I"/>
                    <dep head="11-4" type="nsubj"/>
                </token>
                <token content="listened" id="11-4">
                    <pos type="VBD"/>
                    <lemma type="listen"/>
                </token>
                <token content="to" id="11-5"/>
                <token content="music" id="11-6">
                    <pos type="NN"/>
                    <lemma type="music"/>
                    <dep head="11-4" type="prep"/>
                </token>
                <token content="on" id="11-7"/>
                <token content="my" id="11-8">
                    <pos type="PRP$"/>
                    <lemma type="my"/>
                </token>
                <token content="smartphone" id="11-9">
                    <pos type="NN"/>
                    <lemma type="smartphone"/>
                    <dep head="11-4" type="prep"/>
                </token>
                <token content="and" id="11-10"/>
                <token content="fell" id="11-11">
                    <pos type="VBD"/>
                    <lemma type="fall"/>
                    <dep head="11-4" type="conj"/>
                </token>
                <token content="asleep" id="11-12">
                    <pos type="RB"/>
                    <lemma type="asleep"/>
                    <dep head="11-11" type="dep"/>
                </token>
                <token content="for" id="11-13"/>
                <token content="the" id="11-14">
                    <pos type="DT"/>
                    <lemma type="the"/>
                </token>
                <token content="full" id="11-15">
                    <pos type="JJ"/>
                    <lemma type="full"/>
                </token>
                <token content="four" id="11-16">
                    <pos type="CD"/>
                    <lemma type="four"/>
                </token>
                <token content="hour" id="11-17">
                    <pos type="NN"/>
                    <lemma type="hour"/>
                </token>
                <token content="flight" id="11-18">
                    <pos type="NN"/>
                    <lemma type="flight"/>
                    <dep head="11-11" type="prep"/>
                </token>
                <token content="." id="11-19"/>
            </sentence>
            <sentence id="12">
                <token content="When" id="12-1">
                    <pos type="WRB"/>
                    <lemma type="when"/>
                    <dep head="12-3" type="advmod"/>
                </token>
                <token content="I" id="12-2">
                    <pos type="PRP"/>
                    <lemma type="I"/>
                    <dep head="12-3" type="nsubj"/>
                </token>
                <token content="woke" id="12-3">
                    <pos type="VBD"/>
                    <lemma type="wake"/>
                    <dep head="12-9" type="advcl"/>
                </token>
                <token content="up" id="12-4">
                    <pos type="RP"/>
                    <lemma type="up"/>
                    <dep head="12-3" type="prt"/>
                </token>
                <token content="," id="12-5"/>
                <token content="the" id="12-6">
                    <pos type="DT"/>
                    <lemma type="the"/>
                </token>
                <token content="plane" id="12-7">
                    <pos type="NN"/>
                    <lemma type="plane"/>
                    <dep head="12-9" type="nsubj"/>
                </token>
                <token content="was" id="12-8">
                    <pos type="VBD"/>
                    <lemma type="be"/>
                    <dep head="12-9" type="aux"/>
                </token>
                <token content="landing" id="12-9">
                    <pos type="VBG"/>
                    <lemma type="land"/>
                </token>
                <token content="and" id="12-10"/>
                <token content="I" id="12-11">
                    <pos type="PRP"/>
                    <lemma type="I"/>
                    <dep head="12-12" type="nsubj"/>
                </token>
                <token content="looked" id="12-12">
                    <pos type="VBD"/>
                    <lemma type="look"/>
                    <dep head="12-9" type="conj"/>
                </token>
                <token content="out" id="12-13">
                    <pos type="RP"/>
                    <lemma type="out"/>
                    <dep head="12-12" type="prt"/>
                </token>
                <token content="my" id="12-14">
                    <pos type="PRP$"/>
                    <lemma type="my"/>
                </token>
                <token content="window" id="12-15">
                    <pos type="NN"/>
                    <lemma type="window"/>
                    <dep head="12-12" type="dobj"/>
                </token>
                <token content="and" id="12-16"/>
                <token content="saw" id="12-17">
                    <pos type="VBD"/>
                    <lemma type="see"/>
                    <dep head="12-12" type="conj"/>
                </token>
                <token content="California" id="12-18">
                    <pos type="NNP"/>
                    <lemma type="California"/>
                    <dep head="12-17" type="dobj"/>
                </token>
                <token content="." id="12-19"/>
            </sentence>
            <sentence id="13">
                <token content="We" id="13-1">
                    <pos type="PRP"/>
                    <lemma type="we"/>
                    <dep head="13-3" type="nsubj"/>
                </token>
                <token content="had" id="13-2">
                    <pos type="VBD"/>
                    <lemma type="have"/>
                    <dep head="13-3" type="aux"/>
                </token>
                <token content="made" id="13-3">
                    <pos type="VBN"/>
                    <lemma type="make"/>
                </token>
                <token content="it" id="13-4">
                    <pos type="PRP"/>
                    <lemma type="it"/>
                    <dep head="13-3" type="dobj"/>
                </token>
                <token content="safely" id="13-5">
                    <pos type="RB"/>
                    <lemma type="safely"/>
                    <dep head="13-3" type="advmod"/>
                </token>
                <token content="to" id="13-6"/>
                <token content="our" id="13-7">
                    <pos type="PRP$"/>
                    <lemma type="we"/>
                </token>
                <token content="destination" id="13-8">
                    <pos type="NN"/>
                    <lemma type="destination"/>
                    <dep head="13-3" type="prep"/>
                </token>
                <token content="." id="13-9"/>
            </sentence>
        </sentences>
    </text>
    <annotations>
        <participants>
            <label from="1-1" id="0" name="ScrPart_passenger" text="I" type="participant"/>
            <label from="1-5" id="1" name="ScrPart_airport" text="airport" type="participant"/>
            <label from="1-7" id="2" name="ScrPart_passenger" text="my" type="participant"/>
            <label from="1-8" id="3" name="Unclear" text="luggage" type="participant"/>
            <label from="1-10" id="4" name="ScrPart_passport/ID" text="identification" type="participant"/>
            <label from="1-12" id="5" name="ScrPart_boarding_pass" text="boarding pass" to="1-13" type="participant"/>
            <label from="1-13" id="6" name="ScrPart_boarding_pass" text="pass" type="participant"/>
            <label from="1-18" id="7" name="NPart" text="cash" type="participant"/>
            <label from="2-1" id="8" name="ScrPart_passenger" text="I" type="participant"/>
            <label from="2-6" id="9" name="ScrPart_check_in_desk" text="front desk" to="2-7" type="participant"/>
            <label from="2-7" id="10" name="ScrPart_check_in_desk" text="desk" type="participant"/>
            <label from="2-11" id="11" name="ScrPart_passenger" text="my" type="participant"/>
            <label from="2-12" id="12" name="ScrPart_flight" text="flight" type="participant"/>
            <label from="2-16" id="13" name="No_label" text="time" type="participant"/>
            <label from="2-19" id="14" name="ScrPart_plane" text="it" type="participant"/>
            <label from="3-1" id="15" name="ScrPart_passenger" text="I" type="participant"/>
            <label from="3-5" id="16" name="NPart" text="lobby" type="participant"/>
            <label from="3-8" id="17" name="ScrPart_time/date" text="few minutes" to="3-9" type="participant"/>
            <label from="3-11" id="18" name="ScrPart_staff" text="they" type="participant"/>
            <label from="3-15" id="19" name="ScrPart_plane" text="plane" type="participant"/>
            <label from="3-20" id="20" name="ScrPart_passenger" text="my" type="participant"/>
            <label from="3-21" id="21" name="ScrPart_flight" text="flight" type="participant"/>
            <label from="3-23" id="22" name="ScrPart_target_location" text="California" type="participant"/>
            <label from="4-1" id="23" name="ScrPart_passenger" text="I" type="participant"/>
            <label from="4-5" id="24" name="ScrPart_passenger" text="my" type="participant"/>
            <label from="4-6" id="25" name="Unclear" text="luggage" type="participant"/>
            <label from="4-8" id="26" name="ScrPart_personal_belongings" text="belongings" type="participant"/>
            <label from="4-13" id="27" name="ScrPart_terminal/gate" text="terminal" type="participant"/>
            <label from="5-2" id="28" name="ScrPart_staff" text="worker" type="participant"/>
            <label from="5-4" id="29" name="ScrPart_passenger" text="my" type="participant"/>
            <label from="5-5" id="30" name="ScrPart_boarding_pass" text="boarding pass" to="5-6" type="participant"/>
            <label from="5-6" id="31" name="ScrPart_boarding_pass" text="pass" type="participant"/>
            <label from="5-10" id="32" name="ScrPart_institutional_devices" text="scanner" type="participant"/>
            <label from="5-13" id="33" name="ScrPart_passenger" text="I" type="participant"/>
            <label from="5-17" id="34" name="ScrPart_passenger" text="my" type="participant"/>
            <label from="5-18" id="35" name="NPart" text="shoes" type="participant"/>
            <label from="5-21" id="36" name="NPart" text="them" type="participant"/>
            <label from="5-24" id="37" name="NPart" text="bin" type="participant"/>
            <label from="5-27" id="38" name="ScrPart_staff" text="worker" type="participant"/>
            <label from="5-29" id="39" name="ScrPart_passenger" text="me" type="participant"/>
            <label from="5-33" id="40" name="ScrPart_passenger" text="my" type="participant"/>
            <label from="5-34" id="41" name="ScrPart_carry_on_luggage" text="carry-on luggage" to="5-35" type="participant"/>
            <label from="5-35" id="42" name="ScrPart_carry_on_luggage" text="luggage" type="participant"/>
            <label from="6-1" id="43" name="ScrPart_passenger" text="I" type="participant"/>
            <label from="6-3" id="44" name="ScrPart_passenger" text="my" type="participant"/>
            <label from="6-5" id="45" name="ScrPart_check_in_luggage" text="suitcase" type="participant"/>
            <label from="6-8" id="46" name="NPart" text="cart" type="participant"/>
            <label from="6-10" id="47" name="ScrPart_check_in_luggage" text="it" type="participant"/>
            <label from="6-16" id="48" name="ScrPart_plane" text="plane" type="participant"/>
            <label from="6-18" id="49" name="ScrPart_check_in_luggage" text="cargo" type="participant"/>
            <label from="7-1" id="50" name="ScrPart_passenger" text="I" type="participant"/>
            <label from="7-5" id="51" name="ScrPart_security_check" text="body scanner" to="7-6" type="participant"/>
            <label from="7-6" id="52" name="ScrPart_security_check" text="scanner" type="participant"/>
            <label from="7-9" id="53" name="ScrPart_staff" text="security guards" to="7-10" type="participant"/>
            <label from="7-10" id="54" name="ScrPart_staff" text="guards" type="participant"/>
            <label from="7-14" id="55" name="ScrPart_security_check" text="it" type="participant"/>
            <label from="7-17" id="56" name="NPart" text="problem" type="participant"/>
            <label from="8-3" id="57" name="ScrPart_passenger" text="I" type="participant"/>
            <label from="8-5" id="58" name="ScrPart_passenger" text="my" type="participant"/>
            <label from="8-6" id="59" name="ScrPart_carry_on_luggage" text="carry-on luggage" to="8-7" type="participant"/>
            <label from="8-7" id="60" name="ScrPart_carry_on_luggage" text="luggage" type="participant"/>
            <label from="8-9" id="61" name="NPart" text="shoes" type="participant"/>
            <label from="8-13" id="62" name="NPart" text="them" type="participant"/>
            <label from="9-1" id="63" name="ScrPart_passenger" text="I" type="participant"/>
            <label from="9-5" id="64" name="ScrPart_location_airplane_indoor" text="tunnel" type="participant"/>
            <label from="9-8" id="65" name="ScrPart_plane" text="airplane" type="participant"/>
            <label from="10-1" id="66" name="ScrPart_passenger" text="I" type="participant"/>
            <label from="10-5" id="67" name="ScrPart_safety_instructions" text="instructions" type="participant"/>
            <label from="10-11" id="68" name="ScrPart_institutional_devices" text="speaker" type="participant"/>
            <label from="10-14" id="69" name="ScrPart_plane" text="plane" type="participant"/>
            <label from="10-20" id="70" name="NPart" text="wait" type="participant"/>
            <label from="11-3" id="71" name="ScrPart_passenger" text="I" type="participant"/>
            <label from="11-6" id="72" name="ScrPart_in-flight_entertainment" text="music" type="participant"/>
            <label from="11-8" id="73" name="ScrPart_passenger" text="my" type="participant"/>
            <label from="11-9" id="74" name="ScrPart_in-flight_entertainment" text="smartphone" type="participant"/>
            <label from="11-16" id="75" name="ScrPart_flight" text="four hour flight" to="11-18" type="participant"/>
            <label from="11-18" id="76" name="ScrPart_flight" text="flight" type="participant"/>
            <label from="12-2" id="77" name="ScrPart_passenger" text="I" type="participant"/>
            <label from="12-7" id="78" name="ScrPart_plane" text="plane" type="participant"/>
            <label from="12-11" id="79" name="ScrPart_passenger" text="I" type="participant"/>
            <label from="12-14" id="80" name="ScrPart_passenger" text="my" type="participant"/>
            <label from="12-15" id="81" name="ScrPart_in-flight_entertainment" text="window" type="participant"/>
            <label from="12-18" id="82" name="ScrPart_target_location" text="California" type="participant"/>
            <label from="13-1" id="83" name="ScrPart_passenger" text="We" type="participant"/>
            <label from="13-4" id="84" name="No_label" text="it" type="participant"/>
            <label from="13-7" id="85" name="ScrPart_passenger" text="our" type="participant"/>
            <label from="13-8" id="86" name="ScrPart_target_location" text="destination" type="participant"/>
        </participants>
        <events>
            <label from="1-2" id="87" name="ScrEv_get_airport" text="arrived" type="event"/>
            <label from="2-2" id="88" name="ScrEv_go_check_in" text="went up" to="2-3" type="event"/>
            <label from="2-9" id="89" name="RelNScrEv" text="asked" type="event"/>
            <label from="2-13" id="90" name="RelNScrEv" text="was" type="event"/>
            <label from="2-20" id="91" name="RelNScrEv" text="was" type="event"/>
            <label from="3-2" id="92" name="ScrEv_wait_boarding" text="waited" type="event"/>
            <label from="3-12" id="93" name="ScrEv_listen_call" text="announced" type="event"/>
            <label from="3-18" id="94" name="ScrEv_board_plane" text="boarding" type="event"/>
            <label from="4-2" id="95" name="UnrelEv" text="got up" to="4-3" type="event"/>
            <label from="4-10" id="96" name="ScrEv_find_terminal" text="walked" type="event"/>
            <label from="5-3" id="97" name="ScrEv_present_boarding_pass" text="scanned" type="event"/>
            <label from="5-15" id="98" name="RelNScrEv" text="took off" to="5-16" type="event"/>
            <label from="5-20" id="99" name="RelNScrEv" text="set" type="event"/>
            <label from="5-28" id="100" name="RelNScrEv" text="handed" type="event"/>
            <label from="6-2" id="101" name="ScrEv_check_luggage" text="set" type="event"/>
            <label from="6-13" id="102" name="ScrEv_check_luggage" text="taken" type="event"/>
            <label from="7-2" id="103" name="ScrEv_go_security_checks" text="walked through" to="7-3" type="event"/>
            <label from="7-7" id="104" name="UnrelEv" text="manned" type="event"/>
            <label from="7-12" id="105" name="ScrEv_go_security_checks" text="passed through" to="7-13" type="event"/>
            <label from="8-4" id="106" name="RelNScrEv" text="got" type="event"/>
            <label from="8-12" id="107" name="RelNScrEv" text="put" type="event"/>
            <label from="9-2" id="108" name="ScrEv_get_plane" text="walked through" to="9-3" type="event"/>
            <label from="9-10" id="109" name="ScrEv_take_seat" text="sat down" to="9-11" type="event"/>
            <label from="10-2" id="110" name="ScrEv_listen_crew" text="listened to" to="10-3" type="event"/>
            <label from="10-8" id="111" name="ScrEv_listen_crew" text="said" type="event"/>
            <label from="10-15" id="112" name="ScrEv_take_off" text="took off" to="10-16" type="event"/>
            <label from="11-4" id="113" name="ScrEv_spend_time_flight" text="listened to" to="11-5" type="event"/>
            <label from="11-11" id="114" name="ScrEv_spend_time_flight" text="fell asleep" to="11-12" type="event"/>
            <label from="12-3" id="115" name="ScrEv_spend_time_flight" text="woke up" to="12-4" type="event"/>
            <label from="12-9" id="116" name="ScrEv_landing" text="landing" type="event"/>
            <label from="12-12" id="117" name="ScrEv_spend_time_flight" text="looked out" to="12-13" type="event"/>
            <label from="12-17" id="118" name="UnrelEv" text="saw" type="event"/>
            <label from="13-3" id="119" name="Unclear" text="made" type="event"/>
        </events>
        <chains>
            <chain elements="2 0 8 11 15 20 23 24 29 33 34 39 40 43 44 50 57 58 63 66 71 73 77 79 80"/>
            <chain elements="25 3"/>
            <chain elements="31 6"/>
            <chain elements="14 12 21 76"/>
            <chain elements="48 19 65 69 78"/>
            <chain elements="82 22 86"/>
            <chain elements="45 25 42" name="coref_group_carry_on_check-in_luggage"/>
            <chain elements="38 28"/>
            <chain elements="36 35 61 62"/>
            <chain elements="60 42"/>
            <chain elements="47 45 49"/>
            <chain elements="55 52"/>
            <chain elements="85 83"/>
        </chains>
    </annotations>
</story>
