<?xml version="1.0" encoding="UTF-8" standalone="no"?>
<!DOCTYPE story SYSTEM "../InScript.dtd">
<story id="099" scenario="flight">
    <text>
        <content>Flying in an airplane is a great way to see someone in a far away place . 
I search my tickets online , either by going through a third party company like CheapOFlights or going to the flight company 's website directly , like Delta.com . 
I find the best prices for the date and time I would like to leave my place of origin and land at my destination . 
I find that it is cheaper to do it at least two weeks ahead of time for the best price . 
Within a week of my flight I prepare by packing my clothes and any other necessary items in a maximum of two bags . 
The day of the flight I strive to get to the airport two hours before my flight is scheduled to leave . 
Once I am at the airport I park , then bring my luggage through checkout and confirm and receive my ticket . 
After checkout I get checked by security . 
Afterwards I go to my gate and wait for my plane to load when they call my seat section listed on my flight ticket . 
Once in the plane , I either sleep , read a book , or listen to music when the pilot okays it . 
It is a very safe and fun experience ! </content>
        <sentences>
            <sentence id="1">
                <token content="Flying" id="1-1">
                    <pos type="NNP"/>
                    <lemma type="Flying"/>
                </token>
                <token content="in" id="1-2"/>
                <token content="an" id="1-3">
                    <pos type="DT"/>
                    <lemma type="a"/>
                </token>
                <token content="airplane" id="1-4">
                    <pos type="NN"/>
                    <lemma type="airplane"/>
                </token>
                <token content="is" id="1-5">
                    <pos type="VBZ"/>
                    <lemma type="be"/>
                </token>
                <token content="a" id="1-6">
                    <pos type="DT"/>
                    <lemma type="a"/>
                </token>
                <token content="great" id="1-7">
                    <pos type="JJ"/>
                    <lemma type="great"/>
                </token>
                <token content="way" id="1-8">
                    <pos type="NN"/>
                    <lemma type="way"/>
                </token>
                <token content="to" id="1-9">
                    <pos type="TO"/>
                    <lemma type="to"/>
                    <dep head="1-10" type="aux"/>
                </token>
                <token content="see" id="1-10">
                    <pos type="VB"/>
                    <lemma type="see"/>
                </token>
                <token content="someone" id="1-11">
                    <pos type="NN"/>
                    <lemma type="someone"/>
                    <dep head="1-10" type="dobj"/>
                </token>
                <token content="in" id="1-12"/>
                <token content="a" id="1-13">
                    <pos type="DT"/>
                    <lemma type="a"/>
                </token>
                <token content="far" id="1-14">
                    <pos type="RB"/>
                    <lemma type="far"/>
                </token>
                <token content="away" id="1-15">
                    <pos type="RB"/>
                    <lemma type="away"/>
                </token>
                <token content="place" id="1-16">
                    <pos type="NN"/>
                    <lemma type="place"/>
                    <dep head="1-10" type="prep"/>
                </token>
                <token content="." id="1-17"/>
            </sentence>
            <sentence id="2">
                <token content="I" id="2-1">
                    <pos type="PRP"/>
                    <lemma type="I"/>
                    <dep head="2-2" type="nsubj"/>
                </token>
                <token content="search" id="2-2">
                    <pos type="VBD"/>
                    <lemma type="search"/>
                </token>
                <token content="my" id="2-3">
                    <pos type="PRP$"/>
                    <lemma type="my"/>
                </token>
                <token content="tickets" id="2-4">
                    <pos type="NNS"/>
                    <lemma type="ticket"/>
                    <dep head="2-2" type="dobj"/>
                </token>
                <token content="online" id="2-5">
                    <pos type="NN"/>
                    <lemma type="online"/>
                    <dep head="2-2" type="prep"/>
                </token>
                <token content="," id="2-6"/>
                <token content="either" id="2-7">
                    <pos type="CC"/>
                    <lemma type="either"/>
                    <dep head="2-2" type="dep"/>
                </token>
                <token content="by" id="2-8"/>
                <token content="going" id="2-9">
                    <pos type="VBG"/>
                    <lemma type="go"/>
                    <dep head="2-2" type="prepc"/>
                </token>
                <token content="through" id="2-10"/>
                <token content="a" id="2-11">
                    <pos type="DT"/>
                    <lemma type="a"/>
                </token>
                <token content="third" id="2-12">
                    <pos type="JJ"/>
                    <lemma type="third"/>
                </token>
                <token content="party" id="2-13">
                    <pos type="NN"/>
                    <lemma type="party"/>
                </token>
                <token content="company" id="2-14">
                    <pos type="NN"/>
                    <lemma type="company"/>
                    <dep head="2-9" type="prep"/>
                </token>
                <token content="like" id="2-15"/>
                <token content="CheapOFlights" id="2-16">
                    <pos type="NNP"/>
                    <lemma type="CheapOFlights"/>
                </token>
                <token content="or" id="2-17"/>
                <token content="going" id="2-18">
                    <pos type="VBG"/>
                    <lemma type="go"/>
                    <dep head="2-9" type="conj"/>
                </token>
                <token content="to" id="2-19"/>
                <token content="the" id="2-20">
                    <pos type="DT"/>
                    <lemma type="the"/>
                </token>
                <token content="flight" id="2-21">
                    <pos type="NN"/>
                    <lemma type="flight"/>
                </token>
                <token content="company" id="2-22">
                    <pos type="NN"/>
                    <lemma type="company"/>
                </token>
                <token content="'s" id="2-23"/>
                <token content="website" id="2-24">
                    <pos type="NN"/>
                    <lemma type="website"/>
                    <dep head="2-18" type="prep"/>
                </token>
                <token content="directly" id="2-25">
                    <pos type="RB"/>
                    <lemma type="directly"/>
                    <dep head="2-18" type="advmod"/>
                </token>
                <token content="," id="2-26"/>
                <token content="like" id="2-27">
                    <pos type="IN"/>
                    <lemma type="like"/>
                    <dep head="2-2" type="dep"/>
                </token>
                <token content="Delta.com" id="2-28">
                    <pos type="NNP"/>
                    <lemma type="Delta.com"/>
                </token>
                <token content="." id="2-29"/>
            </sentence>
            <sentence id="3">
                <token content="I" id="3-1">
                    <pos type="PRP"/>
                    <lemma type="I"/>
                    <dep head="3-2" type="nsubj"/>
                </token>
                <token content="find" id="3-2">
                    <pos type="VBP"/>
                    <lemma type="find"/>
                </token>
                <token content="the" id="3-3">
                    <pos type="DT"/>
                    <lemma type="the"/>
                </token>
                <token content="best" id="3-4">
                    <pos type="JJS"/>
                    <lemma type="best"/>
                </token>
                <token content="prices" id="3-5">
                    <pos type="NNS"/>
                    <lemma type="price"/>
                    <dep head="3-2" type="dobj"/>
                </token>
                <token content="for" id="3-6"/>
                <token content="the" id="3-7">
                    <pos type="DT"/>
                    <lemma type="the"/>
                </token>
                <token content="date" id="3-8">
                    <pos type="NN"/>
                    <lemma type="date"/>
                </token>
                <token content="and" id="3-9"/>
                <token content="time" id="3-10">
                    <pos type="NN"/>
                    <lemma type="time"/>
                </token>
                <token content="I" id="3-11">
                    <pos type="PRP"/>
                    <lemma type="I"/>
                    <dep head="3-13" type="nsubj"/>
                </token>
                <token content="would" id="3-12">
                    <pos type="MD"/>
                    <lemma type="would"/>
                    <dep head="3-13" type="aux"/>
                </token>
                <token content="like" id="3-13">
                    <pos type="VB"/>
                    <lemma type="like"/>
                </token>
                <token content="to" id="3-14">
                    <pos type="TO"/>
                    <lemma type="to"/>
                    <dep head="3-15" type="aux"/>
                </token>
                <token content="leave" id="3-15">
                    <pos type="VB"/>
                    <lemma type="leave"/>
                    <dep head="3-13" type="xcomp"/>
                </token>
                <token content="my" id="3-16">
                    <pos type="PRP$"/>
                    <lemma type="my"/>
                </token>
                <token content="place" id="3-17">
                    <pos type="NN"/>
                    <lemma type="place"/>
                    <dep head="3-15" type="dobj"/>
                </token>
                <token content="of" id="3-18"/>
                <token content="origin" id="3-19">
                    <pos type="NN"/>
                    <lemma type="origin"/>
                </token>
                <token content="and" id="3-20"/>
                <token content="land" id="3-21">
                    <pos type="NN"/>
                    <lemma type="land"/>
                </token>
                <token content="at" id="3-22"/>
                <token content="my" id="3-23">
                    <pos type="PRP$"/>
                    <lemma type="my"/>
                </token>
                <token content="destination" id="3-24">
                    <pos type="NN"/>
                    <lemma type="destination"/>
                    <dep head="3-15" type="prep"/>
                </token>
                <token content="." id="3-25"/>
            </sentence>
            <sentence id="4">
                <token content="I" id="4-1">
                    <pos type="PRP"/>
                    <lemma type="I"/>
                    <dep head="4-2" type="nsubj"/>
                </token>
                <token content="find" id="4-2">
                    <pos type="VBP"/>
                    <lemma type="find"/>
                </token>
                <token content="that" id="4-3">
                    <pos type="IN"/>
                    <lemma type="that"/>
                </token>
                <token content="it" id="4-4">
                    <pos type="PRP"/>
                    <lemma type="it"/>
                </token>
                <token content="is" id="4-5">
                    <pos type="VBZ"/>
                    <lemma type="be"/>
                </token>
                <token content="cheaper" id="4-6">
                    <pos type="JJR"/>
                    <lemma type="cheaper"/>
                    <dep head="4-2" type="ccomp"/>
                </token>
                <token content="to" id="4-7">
                    <pos type="TO"/>
                    <lemma type="to"/>
                    <dep head="4-8" type="aux"/>
                </token>
                <token content="do" id="4-8">
                    <pos type="VB"/>
                    <lemma type="do"/>
                </token>
                <token content="it" id="4-9">
                    <pos type="PRP"/>
                    <lemma type="it"/>
                    <dep head="4-8" type="dobj"/>
                </token>
                <token content="at" id="4-10">
                    <pos type="IN"/>
                    <lemma type="at"/>
                </token>
                <token content="least" id="4-11">
                    <pos type="JJS"/>
                    <lemma type="least"/>
                </token>
                <token content="two" id="4-12">
                    <pos type="CD"/>
                    <lemma type="two"/>
                </token>
                <token content="weeks" id="4-13">
                    <pos type="NNS"/>
                    <lemma type="week"/>
                    <dep head="4-8" type="npadvmod"/>
                </token>
                <token content="ahead" id="4-14"/>
                <token content="of" id="4-15"/>
                <token content="time" id="4-16">
                    <pos type="NN"/>
                    <lemma type="time"/>
                    <dep head="4-8" type="prep"/>
                </token>
                <token content="for" id="4-17"/>
                <token content="the" id="4-18">
                    <pos type="DT"/>
                    <lemma type="the"/>
                </token>
                <token content="best" id="4-19">
                    <pos type="JJS"/>
                    <lemma type="best"/>
                </token>
                <token content="price" id="4-20">
                    <pos type="NN"/>
                    <lemma type="price"/>
                </token>
                <token content="." id="4-21"/>
            </sentence>
            <sentence id="5">
                <token content="Within" id="5-1"/>
                <token content="a" id="5-2">
                    <pos type="DT"/>
                    <lemma type="a"/>
                </token>
                <token content="week" id="5-3">
                    <pos type="NN"/>
                    <lemma type="week"/>
                    <dep head="5-8" type="prep"/>
                </token>
                <token content="of" id="5-4"/>
                <token content="my" id="5-5">
                    <pos type="PRP$"/>
                    <lemma type="my"/>
                </token>
                <token content="flight" id="5-6">
                    <pos type="NN"/>
                    <lemma type="flight"/>
                </token>
                <token content="I" id="5-7">
                    <pos type="PRP"/>
                    <lemma type="I"/>
                    <dep head="5-8" type="nsubj"/>
                </token>
                <token content="prepare" id="5-8">
                    <pos type="VBP"/>
                    <lemma type="prepare"/>
                </token>
                <token content="by" id="5-9"/>
                <token content="packing" id="5-10">
                    <pos type="VBG"/>
                    <lemma type="pack"/>
                    <dep head="5-8" type="prepc"/>
                </token>
                <token content="my" id="5-11">
                    <pos type="PRP$"/>
                    <lemma type="my"/>
                </token>
                <token content="clothes" id="5-12">
                    <pos type="NNS"/>
                    <lemma type="clothes"/>
                    <dep head="5-10" type="dobj"/>
                </token>
                <token content="and" id="5-13"/>
                <token content="any" id="5-14">
                    <pos type="DT"/>
                    <lemma type="any"/>
                </token>
                <token content="other" id="5-15">
                    <pos type="JJ"/>
                    <lemma type="other"/>
                </token>
                <token content="necessary" id="5-16">
                    <pos type="JJ"/>
                    <lemma type="necessary"/>
                </token>
                <token content="items" id="5-17">
                    <pos type="NNS"/>
                    <lemma type="item"/>
                </token>
                <token content="in" id="5-18"/>
                <token content="a" id="5-19">
                    <pos type="DT"/>
                    <lemma type="a"/>
                </token>
                <token content="maximum" id="5-20">
                    <pos type="NN"/>
                    <lemma type="maximum"/>
                    <dep head="5-10" type="prep"/>
                </token>
                <token content="of" id="5-21"/>
                <token content="two" id="5-22">
                    <pos type="CD"/>
                    <lemma type="two"/>
                </token>
                <token content="bags" id="5-23">
                    <pos type="NNS"/>
                    <lemma type="bag"/>
                </token>
                <token content="." id="5-24"/>
            </sentence>
            <sentence id="6">
                <token content="The" id="6-1">
                    <pos type="DT"/>
                    <lemma type="the"/>
                </token>
                <token content="day" id="6-2">
                    <pos type="NN"/>
                    <lemma type="day"/>
                    <dep head="6-19" type="nsubjpass"/>
                </token>
                <token content="of" id="6-3"/>
                <token content="the" id="6-4">
                    <pos type="DT"/>
                    <lemma type="the"/>
                </token>
                <token content="flight" id="6-5">
                    <pos type="NN"/>
                    <lemma type="flight"/>
                </token>
                <token content="I" id="6-6">
                    <pos type="PRP"/>
                    <lemma type="I"/>
                    <dep head="6-7" type="nsubj"/>
                </token>
                <token content="strive" id="6-7">
                    <pos type="VBP"/>
                    <lemma type="strive"/>
                </token>
                <token content="to" id="6-8">
                    <pos type="TO"/>
                    <lemma type="to"/>
                    <dep head="6-9" type="aux"/>
                </token>
                <token content="get" id="6-9">
                    <pos type="VB"/>
                    <lemma type="get"/>
                    <dep head="6-7" type="xcomp"/>
                </token>
                <token content="to" id="6-10"/>
                <token content="the" id="6-11">
                    <pos type="DT"/>
                    <lemma type="the"/>
                </token>
                <token content="airport" id="6-12">
                    <pos type="NN"/>
                    <lemma type="airport"/>
                    <dep head="6-9" type="prep"/>
                </token>
                <token content="two" id="6-13">
                    <pos type="CD"/>
                    <lemma type="two"/>
                </token>
                <token content="hours" id="6-14">
                    <pos type="NNS"/>
                    <lemma type="hour"/>
                </token>
                <token content="before" id="6-15"/>
                <token content="my" id="6-16">
                    <pos type="PRP$"/>
                    <lemma type="my"/>
                </token>
                <token content="flight" id="6-17">
                    <pos type="NN"/>
                    <lemma type="flight"/>
                    <dep head="6-9" type="prep"/>
                </token>
                <token content="is" id="6-18">
                    <pos type="VBZ"/>
                    <lemma type="be"/>
                    <dep head="6-19" type="auxpass"/>
                </token>
                <token content="scheduled" id="6-19">
                    <pos type="VBN"/>
                    <lemma type="schedule"/>
                </token>
                <token content="to" id="6-20">
                    <pos type="TO"/>
                    <lemma type="to"/>
                    <dep head="6-21" type="aux"/>
                </token>
                <token content="leave" id="6-21">
                    <pos type="VB"/>
                    <lemma type="leave"/>
                    <dep head="6-19" type="xcomp"/>
                </token>
                <token content="." id="6-22"/>
            </sentence>
            <sentence id="7">
                <token content="Once" id="7-1">
                    <pos type="IN"/>
                    <lemma type="once"/>
                    <dep head="7-3" type="mark"/>
                </token>
                <token content="I" id="7-2">
                    <pos type="PRP"/>
                    <lemma type="I"/>
                    <dep head="7-3" type="nsubj"/>
                </token>
                <token content="am" id="7-3">
                    <pos type="VBP"/>
                    <lemma type="be"/>
                    <dep head="7-11" type="advcl"/>
                </token>
                <token content="at" id="7-4"/>
                <token content="the" id="7-5">
                    <pos type="DT"/>
                    <lemma type="the"/>
                </token>
                <token content="airport" id="7-6">
                    <pos type="NN"/>
                    <lemma type="airport"/>
                </token>
                <token content="I" id="7-7">
                    <pos type="NN"/>
                    <lemma type="i"/>
                </token>
                <token content="park" id="7-8">
                    <pos type="NN"/>
                    <lemma type="park"/>
                    <dep head="7-3" type="prep"/>
                </token>
                <token content="," id="7-9"/>
                <token content="then" id="7-10">
                    <pos type="RB"/>
                    <lemma type="then"/>
                    <dep head="7-11" type="advmod"/>
                </token>
                <token content="bring" id="7-11">
                    <pos type="VB"/>
                    <lemma type="bring"/>
                </token>
                <token content="my" id="7-12">
                    <pos type="PRP$"/>
                    <lemma type="my"/>
                </token>
                <token content="luggage" id="7-13">
                    <pos type="NN"/>
                    <lemma type="luggage"/>
                    <dep head="7-11" type="dobj"/>
                </token>
                <token content="through" id="7-14"/>
                <token content="checkout" id="7-15">
                    <pos type="NN"/>
                    <lemma type="checkout"/>
                    <dep head="7-11" type="prep"/>
                </token>
                <token content="and" id="7-16"/>
                <token content="confirm" id="7-17">
                    <pos type="VB"/>
                    <lemma type="confirm"/>
                    <dep head="7-11" type="conj"/>
                </token>
                <token content="and" id="7-18"/>
                <token content="receive" id="7-19">
                    <pos type="VB"/>
                    <lemma type="receive"/>
                    <dep head="7-17" type="conj"/>
                </token>
                <token content="my" id="7-20">
                    <pos type="PRP$"/>
                    <lemma type="my"/>
                </token>
                <token content="ticket" id="7-21">
                    <pos type="NN"/>
                    <lemma type="ticket"/>
                    <dep head="7-17" type="dobj"/>
                </token>
                <token content="." id="7-22"/>
            </sentence>
            <sentence id="8">
                <token content="After" id="8-1"/>
                <token content="checkout" id="8-2">
                    <pos type="NN"/>
                    <lemma type="checkout"/>
                    <dep head="8-5" type="prep"/>
                </token>
                <token content="I" id="8-3">
                    <pos type="PRP"/>
                    <lemma type="I"/>
                    <dep head="8-5" type="nsubjpass"/>
                </token>
                <token content="get" id="8-4">
                    <pos type="VBP"/>
                    <lemma type="get"/>
                    <dep head="8-5" type="auxpass"/>
                </token>
                <token content="checked" id="8-5">
                    <pos type="VBN"/>
                    <lemma type="check"/>
                </token>
                <token content="by" id="8-6"/>
                <token content="security" id="8-7">
                    <pos type="NN"/>
                    <lemma type="security"/>
                    <dep head="8-5" type="agent"/>
                </token>
                <token content="." id="8-8"/>
            </sentence>
            <sentence id="9">
                <token content="Afterwards" id="9-1">
                    <pos type="RB"/>
                    <lemma type="afterwards"/>
                    <dep head="9-3" type="advmod"/>
                </token>
                <token content="I" id="9-2">
                    <pos type="PRP"/>
                    <lemma type="I"/>
                    <dep head="9-3" type="nsubj"/>
                </token>
                <token content="go" id="9-3">
                    <pos type="VBP"/>
                    <lemma type="go"/>
                </token>
                <token content="to" id="9-4"/>
                <token content="my" id="9-5">
                    <pos type="PRP$"/>
                    <lemma type="my"/>
                </token>
                <token content="gate" id="9-6">
                    <pos type="NN"/>
                    <lemma type="gate"/>
                    <dep head="9-3" type="prep"/>
                </token>
                <token content="and" id="9-7"/>
                <token content="wait" id="9-8">
                    <pos type="NN"/>
                    <lemma type="wait"/>
                </token>
                <token content="for" id="9-9"/>
                <token content="my" id="9-10">
                    <pos type="PRP$"/>
                    <lemma type="my"/>
                </token>
                <token content="plane" id="9-11">
                    <pos type="NN"/>
                    <lemma type="plane"/>
                    <dep head="9-3" type="prep"/>
                </token>
                <token content="to" id="9-12">
                    <pos type="TO"/>
                    <lemma type="to"/>
                    <dep head="9-13" type="aux"/>
                </token>
                <token content="load" id="9-13">
                    <pos type="VB"/>
                    <lemma type="load"/>
                </token>
                <token content="when" id="9-14">
                    <pos type="WRB"/>
                    <lemma type="when"/>
                    <dep head="9-16" type="advmod"/>
                </token>
                <token content="they" id="9-15">
                    <pos type="PRP"/>
                    <lemma type="they"/>
                    <dep head="9-16" type="nsubj"/>
                </token>
                <token content="call" id="9-16">
                    <pos type="VBP"/>
                    <lemma type="call"/>
                    <dep head="9-13" type="advcl"/>
                </token>
                <token content="my" id="9-17">
                    <pos type="PRP$"/>
                    <lemma type="my"/>
                </token>
                <token content="seat" id="9-18">
                    <pos type="NN"/>
                    <lemma type="seat"/>
                </token>
                <token content="section" id="9-19">
                    <pos type="NN"/>
                    <lemma type="section"/>
                    <dep head="9-16" type="dobj"/>
                </token>
                <token content="listed" id="9-20">
                    <pos type="VBN"/>
                    <lemma type="list"/>
                </token>
                <token content="on" id="9-21"/>
                <token content="my" id="9-22">
                    <pos type="PRP$"/>
                    <lemma type="my"/>
                </token>
                <token content="flight" id="9-23">
                    <pos type="NN"/>
                    <lemma type="flight"/>
                </token>
                <token content="ticket" id="9-24">
                    <pos type="NN"/>
                    <lemma type="ticket"/>
                    <dep head="9-20" type="prep"/>
                </token>
                <token content="." id="9-25"/>
            </sentence>
            <sentence id="10">
                <token content="Once" id="10-1">
                    <pos type="IN"/>
                    <lemma type="once"/>
                    <dep head="10-8" type="mark"/>
                </token>
                <token content="in" id="10-2"/>
                <token content="the" id="10-3">
                    <pos type="DT"/>
                    <lemma type="the"/>
                </token>
                <token content="plane" id="10-4">
                    <pos type="NN"/>
                    <lemma type="plane"/>
                    <dep head="10-8" type="prep"/>
                </token>
                <token content="," id="10-5"/>
                <token content="I" id="10-6">
                    <pos type="PRP"/>
                    <lemma type="I"/>
                    <dep head="10-8" type="nsubj"/>
                </token>
                <token content="either" id="10-7">
                    <pos type="RB"/>
                    <lemma type="either"/>
                    <dep head="10-8" type="advmod"/>
                </token>
                <token content="sleep" id="10-8">
                    <pos type="VBP"/>
                    <lemma type="sleep"/>
                    <dep head="10-10" type="advcl"/>
                </token>
                <token content="," id="10-9"/>
                <token content="read" id="10-10">
                    <pos type="VB"/>
                    <lemma type="read"/>
                </token>
                <token content="a" id="10-11">
                    <pos type="DT"/>
                    <lemma type="a"/>
                </token>
                <token content="book" id="10-12">
                    <pos type="NN"/>
                    <lemma type="book"/>
                    <dep head="10-10" type="dobj"/>
                </token>
                <token content="," id="10-13"/>
                <token content="or" id="10-14"/>
                <token content="listen" id="10-15">
                    <pos type="VB"/>
                    <lemma type="listen"/>
                    <dep head="10-10" type="conj"/>
                </token>
                <token content="to" id="10-16"/>
                <token content="music" id="10-17">
                    <pos type="NN"/>
                    <lemma type="music"/>
                    <dep head="10-15" type="prep"/>
                </token>
                <token content="when" id="10-18">
                    <pos type="WRB"/>
                    <lemma type="when"/>
                    <dep head="10-21" type="advmod"/>
                </token>
                <token content="the" id="10-19">
                    <pos type="DT"/>
                    <lemma type="the"/>
                </token>
                <token content="pilot" id="10-20">
                    <pos type="NN"/>
                    <lemma type="pilot"/>
                    <dep head="10-21" type="nsubj"/>
                </token>
                <token content="okays" id="10-21">
                    <pos type="VBZ"/>
                    <lemma type="okay"/>
                    <dep head="10-15" type="advcl"/>
                </token>
                <token content="it" id="10-22">
                    <pos type="PRP"/>
                    <lemma type="it"/>
                    <dep head="10-21" type="dobj"/>
                </token>
                <token content="." id="10-23"/>
            </sentence>
            <sentence id="11">
                <token content="It" id="11-1">
                    <pos type="PRP"/>
                    <lemma type="it"/>
                </token>
                <token content="is" id="11-2">
                    <pos type="VBZ"/>
                    <lemma type="be"/>
                </token>
                <token content="a" id="11-3">
                    <pos type="DT"/>
                    <lemma type="a"/>
                </token>
                <token content="very" id="11-4">
                    <pos type="RB"/>
                    <lemma type="very"/>
                </token>
                <token content="safe" id="11-5">
                    <pos type="JJ"/>
                    <lemma type="safe"/>
                </token>
                <token content="and" id="11-6"/>
                <token content="fun" id="11-7">
                    <pos type="JJ"/>
                    <lemma type="fun"/>
                </token>
                <token content="experience" id="11-8">
                    <pos type="NN"/>
                    <lemma type="experience"/>
                </token>
                <token content="!" id="11-9"/>
            </sentence>
        </sentences>
    </text>
    <annotations>
        <participants>
            <label from="1-4" id="0" name="ScrPart_plane" text="airplane" type="participant"/>
            <label from="1-8" id="1" name="No_label" text="way" type="participant"/>
            <label from="1-11" id="2" name="NPart" text="someone" type="participant"/>
            <label from="1-16" id="3" name="NPart" text="place" type="participant"/>
            <label from="2-1" id="4" name="ScrPart_passenger" text="I" type="participant"/>
            <label from="2-3" id="5" name="ScrPart_passenger" text="my" type="participant"/>
            <label from="2-4" id="6" name="ScrPart_ticket" text="tickets" type="participant"/>
            <label from="2-12" id="7" name="NPart" text="third party company" to="2-14" type="participant"/>
            <label from="2-14" id="8" name="NPart" text="company" type="participant"/>
            <label from="2-16" id="9" name="NPart" text="CheapOFlights" type="participant"/>
            <label from="2-21" id="10" name="ScrPart_other" text="flight company" to="2-22" type="participant"/>
            <label from="2-22" id="11" name="ScrPart_other" text="company" type="participant"/>
            <label from="2-24" id="12" name="ScrPart_other" text="website" type="participant"/>
            <label from="2-28" id="13" name="ScrPart_other" text="Delta.com" type="participant"/>
            <label from="3-1" id="14" name="ScrPart_passenger" text="I" type="participant"/>
            <label from="3-5" id="15" name="NPart" text="prices" type="participant"/>
            <label from="3-8" id="16" name="ScrPart_time/date" text="date" type="participant"/>
            <label from="3-10" id="17" name="ScrPart_time/date" text="time" type="participant"/>
            <label from="3-11" id="18" name="ScrPart_passenger" text="I" type="participant"/>
            <label from="3-16" id="19" name="ScrPart_passenger" text="my" type="participant"/>
            <label from="3-17" id="20" name="NPart" text="place" type="participant"/>
            <label from="3-19" id="21" name="NPart" text="origin" type="participant"/>
            <label from="3-23" id="22" name="ScrPart_passenger" text="my" type="participant"/>
            <label from="3-24" id="23" name="ScrPart_target_location" text="destination" type="participant"/>
            <label from="4-1" id="24" name="ScrPart_passenger" text="I" type="participant"/>
            <label from="4-4" id="25" name="No_label" text="it" type="participant"/>
            <label from="4-9" id="26" name="No_label" text="it" type="participant"/>
            <label from="4-12" id="27" name="ScrPart_time/date" text="two weeks" to="4-13" type="participant"/>
            <label from="4-16" id="28" name="No_label" text="time" type="participant"/>
            <label from="4-20" id="29" name="NPart" text="price" type="participant"/>
            <label from="5-3" id="30" name="ScrPart_time/date" text="week" type="participant"/>
            <label from="5-5" id="31" name="ScrPart_passenger" text="my" type="participant"/>
            <label from="5-6" id="32" name="ScrPart_flight" text="flight" type="participant"/>
            <label from="5-7" id="33" name="ScrPart_passenger" text="I" type="participant"/>
            <label from="5-11" id="34" name="ScrPart_passenger" text="my" type="participant"/>
            <label from="5-12" id="35" name="ScrPart_personal_belongings" text="clothes" type="participant"/>
            <label from="5-17" id="36" name="ScrPart_personal_belongings" text="items" type="participant"/>
            <label from="5-20" id="37" name="Head_of_Partitive" text="maximum" type="participant"/>
            <label from="5-23" id="38" name="ScrPart_check_in_luggage" text="bags" type="participant"/>
            <label from="6-2" id="39" name="NPart" text="day" type="participant"/>
            <label from="6-5" id="40" name="ScrPart_flight" text="flight" type="participant"/>
            <label from="6-6" id="41" name="ScrPart_passenger" text="I" type="participant"/>
            <label from="6-12" id="42" name="ScrPart_airport" text="airport" type="participant"/>
            <label from="6-13" id="43" name="ScrPart_time/date" text="two hours" to="6-14" type="participant"/>
            <label from="6-16" id="44" name="ScrPart_passenger" text="my" type="participant"/>
            <label from="6-17" id="45" name="ScrPart_flight" text="flight" type="participant"/>
            <label from="7-2" id="46" name="ScrPart_passenger" text="I" type="participant"/>
            <label from="7-6" id="47" name="ScrPart_airport" text="airport" type="participant"/>
            <label from="7-7" id="48" name="ScrPart_passenger" text="I" type="participant"/>
            <label from="7-12" id="49" name="ScrPart_passenger" text="my" type="participant"/>
            <label from="7-13" id="50" name="ScrPart_check_in_luggage" text="luggage" type="participant"/>
            <label from="7-15" id="51" name="ScrPart_check_in_luggage" text="checkout" type="participant"/>
            <label from="7-20" id="52" name="ScrPart_passenger" text="my" type="participant"/>
            <label from="7-21" id="53" name="ScrPart_ticket" text="ticket" type="participant"/>
            <label from="8-2" id="54" name="ScrPart_check_in_luggage" text="checkout" type="participant"/>
            <label from="8-3" id="55" name="ScrPart_passenger" text="I" type="participant"/>
            <label from="8-7" id="56" name="ScrPart_staff" text="security" type="participant"/>
            <label from="9-2" id="57" name="ScrPart_passenger" text="I" type="participant"/>
            <label from="9-5" id="58" name="ScrPart_passenger" text="my" type="participant"/>
            <label from="9-6" id="59" name="ScrPart_terminal/gate" text="gate" type="participant"/>
            <label from="9-10" id="60" name="ScrPart_passenger" text="my" type="participant"/>
            <label from="9-11" id="61" name="ScrPart_plane" text="plane" type="participant"/>
            <label from="9-15" id="62" name="ScrPart_staff" text="they" type="participant"/>
            <label from="9-17" id="63" name="ScrPart_passenger" text="my" type="participant"/>
            <label from="9-18" id="64" name="ScrPart_seat" text="seat section" to="9-19" type="participant"/>
            <label from="9-19" id="65" name="ScrPart_seat" text="section" type="participant"/>
            <label from="9-22" id="66" name="ScrPart_passenger" text="my" type="participant"/>
            <label from="9-23" id="67" name="ScrPart_ticket" text="flight ticket" to="9-24" type="participant"/>
            <label from="9-24" id="68" name="ScrPart_ticket" text="ticket" type="participant"/>
            <label from="10-4" id="69" name="ScrPart_plane" text="plane" type="participant"/>
            <label from="10-6" id="70" name="ScrPart_passenger" text="I" type="participant"/>
            <label from="10-12" id="71" name="ScrPart_in-flight_entertainment" text="book" type="participant"/>
            <label from="10-17" id="72" name="ScrPart_in-flight_entertainment" text="music" type="participant"/>
            <label from="10-20" id="73" name="ScrPart_staff" text="pilot" type="participant"/>
            <label from="10-22" id="74" name="NPart" text="it" type="participant"/>
            <label from="11-1" id="75" name="No_label" text="It" type="participant"/>
            <label from="11-8" id="76" name="NPart" text="experience" type="participant"/>
        </participants>
        <events>
            <label from="1-1" id="77" name="Evoking" text="Flying in an airplane" to="1-4" type="event"/>
            <label from="1-5" id="78" name="UnrelEv" text="is" type="event"/>
            <label from="1-10" id="79" name="UnrelEv" text="see" type="event"/>
            <label from="2-2" id="80" name="ScrEv_get_ticket" text="search" type="event"/>
            <label from="2-9" id="81" name="RelNScrEv" text="going through" to="2-10" type="event"/>
            <label from="2-18" id="82" name="RelNScrEv" text="going to" to="2-19" type="event"/>
            <label from="3-2" id="83" name="ScrEv_get_ticket" text="find" type="event"/>
            <label from="3-13" id="84" name="UnrelEv" text="like" type="event"/>
            <label from="3-15" id="85" name="ScrEv_take_off" text="leave" type="event"/>
            <label from="3-21" id="86" name="ScrEv_landing" text="land" type="event"/>
            <label from="4-2" id="87" name="UnrelEv" text="find" type="event"/>
            <label from="4-5" id="88" name="UnrelEv" text="is" type="event"/>
            <label from="4-8" id="89" name="ScrEv_get_ticket" text="do" type="event"/>
            <label from="5-8" id="90" name="UnrelEv" text="prepare" type="event"/>
            <label from="5-10" id="91" name="ScrEv_pack_luggage" text="packing" type="event"/>
            <label from="6-7" id="92" name="UnrelEv" text="strive" type="event"/>
            <label from="6-9" id="93" name="ScrEv_get_airport" text="get to" to="6-10" type="event"/>
            <label from="6-19" id="94" name="RelNScrEv" text="scheduled" type="event"/>
            <label from="6-21" id="95" name="ScrEv_take_off" text="leave" type="event"/>
            <label from="7-3" id="96" name="ScrEv_get_airport" text="am at" to="7-4" type="event"/>
            <label from="7-8" id="97" name="RelNScrEv" text="park" type="event"/>
            <label from="7-11" id="98" name="ScrEv_check_luggage" text="bring" type="event"/>
            <label from="7-17" id="99" name="ScrEv_check_in" text="confirm" type="event"/>
            <label from="7-19" id="100" name="ScrEv_check_in" text="receive" type="event"/>
            <label from="8-5" id="101" name="ScrEv_go_security_checks" text="checked" type="event"/>
            <label from="9-3" id="102" name="ScrEv_find_terminal" text="go to" to="9-4" type="event"/>
            <label from="9-8" id="103" name="ScrEv_wait_boarding" text="wait" type="event"/>
            <label from="9-13" id="104" name="ScrEv_take_off_preparations" text="load" type="event"/>
            <label from="9-16" id="105" name="ScrEv_listen_call" text="call" type="event"/>
            <label from="9-20" id="106" name="UnrelEv" text="listed" type="event"/>
            <label from="10-8" id="107" name="ScrEv_spend_time_flight" text="sleep" type="event"/>
            <label from="10-10" id="108" name="ScrEv_spend_time_flight" text="read" type="event"/>
            <label from="10-15" id="109" name="ScrEv_spend_time_flight" text="listen to" to="10-16" type="event"/>
            <label from="10-21" id="110" name="ScrEv_listen_crew" text="okays" type="event"/>
            <label from="11-2" id="111" name="UnrelEv" text="is" type="event"/>
        </events>
        <chains>
            <chain elements="61 0 69"/>
            <chain elements="5 4 14 18 19 22 24 31 33 34 41 44 46 48 49 52 55 57 58 60 63 66 70"/>
            <chain elements="40 32 45"/>
            <chain elements="50 38"/>
            <chain elements="47 42"/>
            <chain elements="54 51"/>
            <chain elements="68 53"/>
            <chain elements="12 13"/>
        </chains>
    </annotations>
</story>
