<?xml version="1.0" encoding="UTF-8" standalone="no"?>
<!DOCTYPE story SYSTEM "../InScript.dtd">
<story id="005" scenario="flight">
    <text>
        <content>Last week , I flew in an airplane to visit a different state . 
After I parked my car in the parking lot , I found the right ticket counter for my airline and then turned in my suitcase so it could travel in the cargo of the plane . 
Then I went to a place called a gate which is really just an indoor place to wait for my plane to arrive . 
It has a big window where I watched the planes and waited for my turn to get on one . 
Once my plane arrived , a nice flight attendant showed me to my seat and I sat down to wait . 
My seat was comfortable , but small , and there were people sitting on each side of me . 
Once everyone settled in , the plane started and then drove down the runway to wait its turn to take off . 
When we took off , it rose into the air and then leveled off to what the pilot called cruising speed . 
Then the flight attendants brought around food and drinks . 
The plane was a little noisy , but it was fun to watch the people and the food was pretty good . 
The plane ride was short and we had barely finished our food and drinks before the pilot said it was time to land in the next town . 
The flight attendants came back around to pick up our trash and then we had to buckle our seat belts again for the plane to land . 
It was a fun trip and I hope I get to do it again sometime . </content>
        <sentences>
            <sentence id="1">
                <token content="Last" id="1-1">
                    <pos type="JJ"/>
                    <lemma type="last"/>
                </token>
                <token content="week" id="1-2">
                    <pos type="NN"/>
                    <lemma type="week"/>
                    <dep head="1-5" type="tmod"/>
                </token>
                <token content="," id="1-3"/>
                <token content="I" id="1-4">
                    <pos type="PRP"/>
                    <lemma type="I"/>
                    <dep head="1-5" type="nsubj"/>
                </token>
                <token content="flew" id="1-5">
                    <pos type="VBD"/>
                    <lemma type="fly"/>
                </token>
                <token content="in" id="1-6"/>
                <token content="an" id="1-7">
                    <pos type="DT"/>
                    <lemma type="a"/>
                </token>
                <token content="airplane" id="1-8">
                    <pos type="NN"/>
                    <lemma type="airplane"/>
                    <dep head="1-5" type="prep"/>
                </token>
                <token content="to" id="1-9">
                    <pos type="TO"/>
                    <lemma type="to"/>
                    <dep head="1-10" type="aux"/>
                </token>
                <token content="visit" id="1-10">
                    <pos type="VB"/>
                    <lemma type="visit"/>
                    <dep head="1-5" type="xcomp"/>
                </token>
                <token content="a" id="1-11">
                    <pos type="DT"/>
                    <lemma type="a"/>
                </token>
                <token content="different" id="1-12">
                    <pos type="JJ"/>
                    <lemma type="different"/>
                </token>
                <token content="state" id="1-13">
                    <pos type="NN"/>
                    <lemma type="state"/>
                    <dep head="1-10" type="dobj"/>
                </token>
                <token content="." id="1-14"/>
            </sentence>
            <sentence id="2">
                <token content="After" id="2-1">
                    <pos type="IN"/>
                    <lemma type="after"/>
                    <dep head="2-3" type="mark"/>
                </token>
                <token content="I" id="2-2">
                    <pos type="PRP"/>
                    <lemma type="I"/>
                    <dep head="2-3" type="nsubj"/>
                </token>
                <token content="parked" id="2-3">
                    <pos type="VBD"/>
                    <lemma type="park"/>
                    <dep head="2-12" type="advcl"/>
                </token>
                <token content="my" id="2-4">
                    <pos type="PRP$"/>
                    <lemma type="my"/>
                </token>
                <token content="car" id="2-5">
                    <pos type="NN"/>
                    <lemma type="car"/>
                    <dep head="2-3" type="dobj"/>
                </token>
                <token content="in" id="2-6"/>
                <token content="the" id="2-7">
                    <pos type="DT"/>
                    <lemma type="the"/>
                </token>
                <token content="parking" id="2-8">
                    <pos type="NN"/>
                    <lemma type="parking"/>
                </token>
                <token content="lot" id="2-9">
                    <pos type="NN"/>
                    <lemma type="lot"/>
                    <dep head="2-3" type="prep"/>
                </token>
                <token content="," id="2-10"/>
                <token content="I" id="2-11">
                    <pos type="PRP"/>
                    <lemma type="I"/>
                    <dep head="2-12" type="nsubj"/>
                </token>
                <token content="found" id="2-12">
                    <pos type="VBD"/>
                    <lemma type="find"/>
                </token>
                <token content="the" id="2-13">
                    <pos type="DT"/>
                    <lemma type="the"/>
                </token>
                <token content="right" id="2-14">
                    <pos type="JJ"/>
                    <lemma type="right"/>
                </token>
                <token content="ticket" id="2-15">
                    <pos type="NN"/>
                    <lemma type="ticket"/>
                </token>
                <token content="counter" id="2-16">
                    <pos type="NN"/>
                    <lemma type="counter"/>
                    <dep head="2-12" type="dobj"/>
                </token>
                <token content="for" id="2-17"/>
                <token content="my" id="2-18">
                    <pos type="PRP$"/>
                    <lemma type="my"/>
                </token>
                <token content="airline" id="2-19">
                    <pos type="NN"/>
                    <lemma type="airline"/>
                    <dep head="2-12" type="prep"/>
                </token>
                <token content="and" id="2-20"/>
                <token content="then" id="2-21">
                    <pos type="RB"/>
                    <lemma type="then"/>
                    <dep head="2-22" type="advmod"/>
                </token>
                <token content="turned" id="2-22">
                    <pos type="VBD"/>
                    <lemma type="turn"/>
                    <dep head="2-12" type="conj"/>
                </token>
                <token content="in" id="2-23"/>
                <token content="my" id="2-24">
                    <pos type="PRP$"/>
                    <lemma type="my"/>
                </token>
                <token content="suitcase" id="2-25">
                    <pos type="NN"/>
                    <lemma type="suitcase"/>
                    <dep head="2-22" type="prep"/>
                </token>
                <token content="so" id="2-26">
                    <pos type="IN"/>
                    <lemma type="so"/>
                    <dep head="2-29" type="mark"/>
                </token>
                <token content="it" id="2-27">
                    <pos type="PRP"/>
                    <lemma type="it"/>
                    <dep head="2-29" type="nsubj"/>
                </token>
                <token content="could" id="2-28">
                    <pos type="MD"/>
                    <lemma type="could"/>
                    <dep head="2-29" type="aux"/>
                </token>
                <token content="travel" id="2-29">
                    <pos type="VB"/>
                    <lemma type="travel"/>
                    <dep head="2-12" type="advcl"/>
                </token>
                <token content="in" id="2-30"/>
                <token content="the" id="2-31">
                    <pos type="DT"/>
                    <lemma type="the"/>
                </token>
                <token content="cargo" id="2-32">
                    <pos type="NN"/>
                    <lemma type="cargo"/>
                    <dep head="2-29" type="prep"/>
                </token>
                <token content="of" id="2-33"/>
                <token content="the" id="2-34">
                    <pos type="DT"/>
                    <lemma type="the"/>
                </token>
                <token content="plane" id="2-35">
                    <pos type="NN"/>
                    <lemma type="plane"/>
                </token>
                <token content="." id="2-36"/>
            </sentence>
            <sentence id="3">
                <token content="Then" id="3-1">
                    <pos type="RB"/>
                    <lemma type="then"/>
                    <dep head="3-3" type="advmod"/>
                </token>
                <token content="I" id="3-2">
                    <pos type="PRP"/>
                    <lemma type="I"/>
                    <dep head="3-3" type="nsubj"/>
                </token>
                <token content="went" id="3-3">
                    <pos type="VBD"/>
                    <lemma type="go"/>
                </token>
                <token content="to" id="3-4"/>
                <token content="a" id="3-5">
                    <pos type="DT"/>
                    <lemma type="a"/>
                </token>
                <token content="place" id="3-6">
                    <pos type="NN"/>
                    <lemma type="place"/>
                    <dep head="3-3" type="prep"/>
                </token>
                <token content="called" id="3-7">
                    <pos type="VBN"/>
                    <lemma type="call"/>
                </token>
                <token content="a" id="3-8">
                    <pos type="DT"/>
                    <lemma type="a"/>
                </token>
                <token content="gate" id="3-9">
                    <pos type="NN"/>
                    <lemma type="gate"/>
                    <dep head="3-7" type="dobj"/>
                </token>
                <token content="which" id="3-10">
                    <pos type="WDT"/>
                    <lemma type="which"/>
                </token>
                <token content="is" id="3-11">
                    <pos type="VBZ"/>
                    <lemma type="be"/>
                </token>
                <token content="really" id="3-12">
                    <pos type="RB"/>
                    <lemma type="really"/>
                </token>
                <token content="just" id="3-13">
                    <pos type="RB"/>
                    <lemma type="just"/>
                </token>
                <token content="an" id="3-14">
                    <pos type="DT"/>
                    <lemma type="a"/>
                </token>
                <token content="indoor" id="3-15">
                    <pos type="JJ"/>
                    <lemma type="indoor"/>
                </token>
                <token content="place" id="3-16">
                    <pos type="NN"/>
                    <lemma type="place"/>
                </token>
                <token content="to" id="3-17">
                    <pos type="TO"/>
                    <lemma type="to"/>
                    <dep head="3-18" type="aux"/>
                </token>
                <token content="wait" id="3-18">
                    <pos type="VB"/>
                    <lemma type="wait"/>
                </token>
                <token content="for" id="3-19"/>
                <token content="my" id="3-20">
                    <pos type="PRP$"/>
                    <lemma type="my"/>
                </token>
                <token content="plane" id="3-21">
                    <pos type="NN"/>
                    <lemma type="plane"/>
                    <dep head="3-18" type="prep"/>
                </token>
                <token content="to" id="3-22">
                    <pos type="TO"/>
                    <lemma type="to"/>
                    <dep head="3-23" type="aux"/>
                </token>
                <token content="arrive" id="3-23">
                    <pos type="VB"/>
                    <lemma type="arrive"/>
                </token>
                <token content="." id="3-24"/>
            </sentence>
            <sentence id="4">
                <token content="It" id="4-1">
                    <pos type="PRP"/>
                    <lemma type="it"/>
                    <dep head="4-2" type="nsubj"/>
                </token>
                <token content="has" id="4-2">
                    <pos type="VBZ"/>
                    <lemma type="have"/>
                </token>
                <token content="a" id="4-3">
                    <pos type="DT"/>
                    <lemma type="a"/>
                </token>
                <token content="big" id="4-4">
                    <pos type="JJ"/>
                    <lemma type="big"/>
                </token>
                <token content="window" id="4-5">
                    <pos type="NN"/>
                    <lemma type="window"/>
                    <dep head="4-2" type="dobj"/>
                </token>
                <token content="where" id="4-6">
                    <pos type="WRB"/>
                    <lemma type="where"/>
                    <dep head="4-8" type="advmod"/>
                </token>
                <token content="I" id="4-7">
                    <pos type="PRP"/>
                    <lemma type="I"/>
                    <dep head="4-8" type="nsubj"/>
                </token>
                <token content="watched" id="4-8">
                    <pos type="VBD"/>
                    <lemma type="watch"/>
                </token>
                <token content="the" id="4-9">
                    <pos type="DT"/>
                    <lemma type="the"/>
                </token>
                <token content="planes" id="4-10">
                    <pos type="NNS"/>
                    <lemma type="plane"/>
                    <dep head="4-8" type="dobj"/>
                </token>
                <token content="and" id="4-11"/>
                <token content="waited" id="4-12">
                    <pos type="VBD"/>
                    <lemma type="wait"/>
                    <dep head="4-8" type="conj"/>
                </token>
                <token content="for" id="4-13"/>
                <token content="my" id="4-14">
                    <pos type="PRP$"/>
                    <lemma type="my"/>
                </token>
                <token content="turn" id="4-15">
                    <pos type="NN"/>
                    <lemma type="turn"/>
                    <dep head="4-12" type="prep"/>
                </token>
                <token content="to" id="4-16">
                    <pos type="TO"/>
                    <lemma type="to"/>
                    <dep head="4-17" type="aux"/>
                </token>
                <token content="get" id="4-17">
                    <pos type="VB"/>
                    <lemma type="get"/>
                </token>
                <token content="on" id="4-18"/>
                <token content="one" id="4-19">
                    <pos type="CD"/>
                    <lemma type="one"/>
                    <dep head="4-17" type="prep"/>
                </token>
                <token content="." id="4-20"/>
            </sentence>
            <sentence id="5">
                <token content="Once" id="5-1">
                    <pos type="IN"/>
                    <lemma type="once"/>
                    <dep head="5-4" type="mark"/>
                </token>
                <token content="my" id="5-2">
                    <pos type="PRP$"/>
                    <lemma type="my"/>
                </token>
                <token content="plane" id="5-3">
                    <pos type="NN"/>
                    <lemma type="plane"/>
                    <dep head="5-4" type="nsubj"/>
                </token>
                <token content="arrived" id="5-4">
                    <pos type="VBD"/>
                    <lemma type="arrive"/>
                    <dep head="5-10" type="advcl"/>
                </token>
                <token content="," id="5-5"/>
                <token content="a" id="5-6">
                    <pos type="DT"/>
                    <lemma type="a"/>
                </token>
                <token content="nice" id="5-7">
                    <pos type="JJ"/>
                    <lemma type="nice"/>
                </token>
                <token content="flight" id="5-8">
                    <pos type="NN"/>
                    <lemma type="flight"/>
                </token>
                <token content="attendant" id="5-9">
                    <pos type="NN"/>
                    <lemma type="attendant"/>
                    <dep head="5-10" type="nsubj"/>
                </token>
                <token content="showed" id="5-10">
                    <pos type="VBD"/>
                    <lemma type="show"/>
                </token>
                <token content="me" id="5-11">
                    <pos type="PRP"/>
                    <lemma type="I"/>
                    <dep head="5-10" type="dobj"/>
                </token>
                <token content="to" id="5-12"/>
                <token content="my" id="5-13">
                    <pos type="PRP$"/>
                    <lemma type="my"/>
                </token>
                <token content="seat" id="5-14">
                    <pos type="NN"/>
                    <lemma type="seat"/>
                    <dep head="5-10" type="prep"/>
                </token>
                <token content="and" id="5-15"/>
                <token content="I" id="5-16">
                    <pos type="PRP"/>
                    <lemma type="I"/>
                    <dep head="5-17" type="nsubj"/>
                </token>
                <token content="sat" id="5-17">
                    <pos type="VBD"/>
                    <lemma type="sit"/>
                    <dep head="5-10" type="conj"/>
                </token>
                <token content="down" id="5-18">
                    <pos type="RP"/>
                    <lemma type="down"/>
                    <dep head="5-17" type="prt"/>
                </token>
                <token content="to" id="5-19">
                    <pos type="TO"/>
                    <lemma type="to"/>
                    <dep head="5-20" type="aux"/>
                </token>
                <token content="wait" id="5-20">
                    <pos type="VB"/>
                    <lemma type="wait"/>
                    <dep head="5-17" type="xcomp"/>
                </token>
                <token content="." id="5-21"/>
            </sentence>
            <sentence id="6">
                <token content="My" id="6-1">
                    <pos type="PRP$"/>
                    <lemma type="my"/>
                </token>
                <token content="seat" id="6-2">
                    <pos type="NN"/>
                    <lemma type="seat"/>
                </token>
                <token content="was" id="6-3">
                    <pos type="VBD"/>
                    <lemma type="be"/>
                </token>
                <token content="comfortable" id="6-4">
                    <pos type="JJ"/>
                    <lemma type="comfortable"/>
                </token>
                <token content="," id="6-5"/>
                <token content="but" id="6-6"/>
                <token content="small" id="6-7">
                    <pos type="JJ"/>
                    <lemma type="small"/>
                </token>
                <token content="," id="6-8"/>
                <token content="and" id="6-9"/>
                <token content="there" id="6-10">
                    <pos type="EX"/>
                    <lemma type="there"/>
                    <dep head="6-11" type="expl"/>
                </token>
                <token content="were" id="6-11">
                    <pos type="VBD"/>
                    <lemma type="be"/>
                </token>
                <token content="people" id="6-12">
                    <pos type="NNS"/>
                    <lemma type="people"/>
                    <dep head="6-11" type="nsubj"/>
                </token>
                <token content="sitting" id="6-13">
                    <pos type="VBG"/>
                    <lemma type="sit"/>
                </token>
                <token content="on" id="6-14"/>
                <token content="each" id="6-15">
                    <pos type="DT"/>
                    <lemma type="each"/>
                </token>
                <token content="side" id="6-16">
                    <pos type="NN"/>
                    <lemma type="side"/>
                    <dep head="6-13" type="prep"/>
                </token>
                <token content="of" id="6-17"/>
                <token content="me" id="6-18">
                    <pos type="PRP"/>
                    <lemma type="I"/>
                </token>
                <token content="." id="6-19"/>
            </sentence>
            <sentence id="7">
                <token content="Once" id="7-1">
                    <pos type="IN"/>
                    <lemma type="once"/>
                    <dep head="7-3" type="mark"/>
                </token>
                <token content="everyone" id="7-2">
                    <pos type="NN"/>
                    <lemma type="everyone"/>
                    <dep head="7-3" type="nsubj"/>
                </token>
                <token content="settled" id="7-3">
                    <pos type="VBD"/>
                    <lemma type="settle"/>
                    <dep head="7-8" type="advcl"/>
                </token>
                <token content="in" id="7-4">
                    <pos type="RP"/>
                    <lemma type="in"/>
                    <dep head="7-3" type="prt"/>
                </token>
                <token content="," id="7-5"/>
                <token content="the" id="7-6">
                    <pos type="DT"/>
                    <lemma type="the"/>
                </token>
                <token content="plane" id="7-7">
                    <pos type="NN"/>
                    <lemma type="plane"/>
                    <dep head="7-8" type="nsubj"/>
                </token>
                <token content="started" id="7-8">
                    <pos type="VBD"/>
                    <lemma type="start"/>
                </token>
                <token content="and" id="7-9"/>
                <token content="then" id="7-10">
                    <pos type="RB"/>
                    <lemma type="then"/>
                    <dep head="7-11" type="advmod"/>
                </token>
                <token content="drove" id="7-11">
                    <pos type="VBD"/>
                    <lemma type="drive"/>
                    <dep head="7-8" type="conj"/>
                </token>
                <token content="down" id="7-12">
                    <pos type="RP"/>
                    <lemma type="down"/>
                    <dep head="7-11" type="prt"/>
                </token>
                <token content="the" id="7-13">
                    <pos type="DT"/>
                    <lemma type="the"/>
                </token>
                <token content="runway" id="7-14">
                    <pos type="NN"/>
                    <lemma type="runway"/>
                    <dep head="7-11" type="dobj"/>
                </token>
                <token content="to" id="7-15">
                    <pos type="TO"/>
                    <lemma type="to"/>
                    <dep head="7-16" type="aux"/>
                </token>
                <token content="wait" id="7-16">
                    <pos type="VB"/>
                    <lemma type="wait"/>
                </token>
                <token content="its" id="7-17">
                    <pos type="PRP$"/>
                    <lemma type="its"/>
                </token>
                <token content="turn" id="7-18">
                    <pos type="NN"/>
                    <lemma type="turn"/>
                    <dep head="7-16" type="dobj"/>
                </token>
                <token content="to" id="7-19">
                    <pos type="TO"/>
                    <lemma type="to"/>
                    <dep head="7-20" type="aux"/>
                </token>
                <token content="take" id="7-20">
                    <pos type="VB"/>
                    <lemma type="take"/>
                </token>
                <token content="off" id="7-21">
                    <pos type="RP"/>
                    <lemma type="off"/>
                    <dep head="7-20" type="prt"/>
                </token>
                <token content="." id="7-22"/>
            </sentence>
            <sentence id="8">
                <token content="When" id="8-1">
                    <pos type="WRB"/>
                    <lemma type="when"/>
                    <dep head="8-3" type="advmod"/>
                </token>
                <token content="we" id="8-2">
                    <pos type="PRP"/>
                    <lemma type="we"/>
                    <dep head="8-3" type="nsubj"/>
                </token>
                <token content="took" id="8-3">
                    <pos type="VBD"/>
                    <lemma type="take"/>
                    <dep head="8-7" type="advcl"/>
                </token>
                <token content="off" id="8-4">
                    <pos type="RP"/>
                    <lemma type="off"/>
                    <dep head="8-3" type="prt"/>
                </token>
                <token content="," id="8-5"/>
                <token content="it" id="8-6">
                    <pos type="PRP"/>
                    <lemma type="it"/>
                    <dep head="8-7" type="nsubj"/>
                </token>
                <token content="rose" id="8-7">
                    <pos type="VBD"/>
                    <lemma type="rise"/>
                </token>
                <token content="into" id="8-8"/>
                <token content="the" id="8-9">
                    <pos type="DT"/>
                    <lemma type="the"/>
                </token>
                <token content="air" id="8-10">
                    <pos type="NN"/>
                    <lemma type="air"/>
                    <dep head="8-7" type="prep"/>
                </token>
                <token content="and" id="8-11"/>
                <token content="then" id="8-12">
                    <pos type="RB"/>
                    <lemma type="then"/>
                    <dep head="8-13" type="advmod"/>
                </token>
                <token content="leveled" id="8-13">
                    <pos type="VBD"/>
                    <lemma type="level"/>
                    <dep head="8-7" type="conj"/>
                </token>
                <token content="off" id="8-14">
                    <pos type="RP"/>
                    <lemma type="off"/>
                    <dep head="8-13" type="prt"/>
                </token>
                <token content="to" id="8-15"/>
                <token content="what" id="8-16">
                    <pos type="WP"/>
                    <lemma type="what"/>
                    <dep head="8-19" type="dobj"/>
                </token>
                <token content="the" id="8-17">
                    <pos type="DT"/>
                    <lemma type="the"/>
                </token>
                <token content="pilot" id="8-18">
                    <pos type="NN"/>
                    <lemma type="pilot"/>
                    <dep head="8-19" type="nsubj"/>
                </token>
                <token content="called" id="8-19">
                    <pos type="VBD"/>
                    <lemma type="call"/>
                    <dep head="8-13" type="prepc"/>
                </token>
                <token content="cruising" id="8-20">
                    <pos type="VBG"/>
                    <lemma type="cruise"/>
                    <dep head="8-19" type="xcomp"/>
                </token>
                <token content="speed" id="8-21">
                    <pos type="NN"/>
                    <lemma type="speed"/>
                    <dep head="8-20" type="dobj"/>
                </token>
                <token content="." id="8-22"/>
            </sentence>
            <sentence id="9">
                <token content="Then" id="9-1">
                    <pos type="RB"/>
                    <lemma type="then"/>
                    <dep head="9-5" type="advmod"/>
                </token>
                <token content="the" id="9-2">
                    <pos type="DT"/>
                    <lemma type="the"/>
                </token>
                <token content="flight" id="9-3">
                    <pos type="NN"/>
                    <lemma type="flight"/>
                </token>
                <token content="attendants" id="9-4">
                    <pos type="NNS"/>
                    <lemma type="attendant"/>
                    <dep head="9-5" type="nsubj"/>
                </token>
                <token content="brought" id="9-5">
                    <pos type="VBD"/>
                    <lemma type="bring"/>
                </token>
                <token content="around" id="9-6"/>
                <token content="food" id="9-7">
                    <pos type="NN"/>
                    <lemma type="food"/>
                    <dep head="9-5" type="prep"/>
                </token>
                <token content="and" id="9-8"/>
                <token content="drinks" id="9-9">
                    <pos type="NNS"/>
                    <lemma type="drink"/>
                </token>
                <token content="." id="9-10"/>
            </sentence>
            <sentence id="10">
                <token content="The" id="10-1">
                    <pos type="DT"/>
                    <lemma type="the"/>
                </token>
                <token content="plane" id="10-2">
                    <pos type="NN"/>
                    <lemma type="plane"/>
                </token>
                <token content="was" id="10-3">
                    <pos type="VBD"/>
                    <lemma type="be"/>
                </token>
                <token content="a" id="10-4">
                    <pos type="DT"/>
                    <lemma type="a"/>
                </token>
                <token content="little" id="10-5">
                    <pos type="RB"/>
                    <lemma type="little"/>
                </token>
                <token content="noisy" id="10-6">
                    <pos type="JJ"/>
                    <lemma type="noisy"/>
                </token>
                <token content="," id="10-7"/>
                <token content="but" id="10-8"/>
                <token content="it" id="10-9">
                    <pos type="PRP"/>
                    <lemma type="it"/>
                </token>
                <token content="was" id="10-10">
                    <pos type="VBD"/>
                    <lemma type="be"/>
                </token>
                <token content="fun" id="10-11">
                    <pos type="NN"/>
                    <lemma type="fun"/>
                </token>
                <token content="to" id="10-12">
                    <pos type="TO"/>
                    <lemma type="to"/>
                    <dep head="10-13" type="aux"/>
                </token>
                <token content="watch" id="10-13">
                    <pos type="VB"/>
                    <lemma type="watch"/>
                </token>
                <token content="the" id="10-14">
                    <pos type="DT"/>
                    <lemma type="the"/>
                </token>
                <token content="people" id="10-15">
                    <pos type="NNS"/>
                    <lemma type="people"/>
                    <dep head="10-13" type="dobj"/>
                </token>
                <token content="and" id="10-16"/>
                <token content="the" id="10-17">
                    <pos type="DT"/>
                    <lemma type="the"/>
                </token>
                <token content="food" id="10-18">
                    <pos type="NN"/>
                    <lemma type="food"/>
                </token>
                <token content="was" id="10-19">
                    <pos type="VBD"/>
                    <lemma type="be"/>
                </token>
                <token content="pretty" id="10-20">
                    <pos type="RB"/>
                    <lemma type="pretty"/>
                </token>
                <token content="good" id="10-21">
                    <pos type="JJ"/>
                    <lemma type="good"/>
                </token>
                <token content="." id="10-22"/>
            </sentence>
            <sentence id="11">
                <token content="The" id="11-1">
                    <pos type="DT"/>
                    <lemma type="the"/>
                </token>
                <token content="plane" id="11-2">
                    <pos type="NN"/>
                    <lemma type="plane"/>
                </token>
                <token content="ride" id="11-3">
                    <pos type="NN"/>
                    <lemma type="ride"/>
                </token>
                <token content="was" id="11-4">
                    <pos type="VBD"/>
                    <lemma type="be"/>
                </token>
                <token content="short" id="11-5">
                    <pos type="JJ"/>
                    <lemma type="short"/>
                </token>
                <token content="and" id="11-6"/>
                <token content="we" id="11-7">
                    <pos type="PRP"/>
                    <lemma type="we"/>
                    <dep head="11-10" type="nsubj"/>
                </token>
                <token content="had" id="11-8">
                    <pos type="VBD"/>
                    <lemma type="have"/>
                    <dep head="11-10" type="aux"/>
                </token>
                <token content="barely" id="11-9">
                    <pos type="RB"/>
                    <lemma type="barely"/>
                    <dep head="11-10" type="advmod"/>
                </token>
                <token content="finished" id="11-10">
                    <pos type="VBN"/>
                    <lemma type="finish"/>
                </token>
                <token content="our" id="11-11">
                    <pos type="PRP$"/>
                    <lemma type="we"/>
                </token>
                <token content="food" id="11-12">
                    <pos type="NN"/>
                    <lemma type="food"/>
                    <dep head="11-10" type="dobj"/>
                </token>
                <token content="and" id="11-13"/>
                <token content="drinks" id="11-14">
                    <pos type="NNS"/>
                    <lemma type="drink"/>
                </token>
                <token content="before" id="11-15">
                    <pos type="IN"/>
                    <lemma type="before"/>
                    <dep head="11-18" type="mark"/>
                </token>
                <token content="the" id="11-16">
                    <pos type="DT"/>
                    <lemma type="the"/>
                </token>
                <token content="pilot" id="11-17">
                    <pos type="NN"/>
                    <lemma type="pilot"/>
                    <dep head="11-18" type="nsubj"/>
                </token>
                <token content="said" id="11-18">
                    <pos type="VBD"/>
                    <lemma type="say"/>
                    <dep head="11-10" type="advcl"/>
                </token>
                <token content="it" id="11-19">
                    <pos type="PRP"/>
                    <lemma type="it"/>
                </token>
                <token content="was" id="11-20">
                    <pos type="VBD"/>
                    <lemma type="be"/>
                </token>
                <token content="time" id="11-21">
                    <pos type="NN"/>
                    <lemma type="time"/>
                    <dep head="11-18" type="ccomp"/>
                </token>
                <token content="to" id="11-22">
                    <pos type="TO"/>
                    <lemma type="to"/>
                    <dep head="11-23" type="aux"/>
                </token>
                <token content="land" id="11-23">
                    <pos type="VB"/>
                    <lemma type="land"/>
                </token>
                <token content="in" id="11-24"/>
                <token content="the" id="11-25">
                    <pos type="DT"/>
                    <lemma type="the"/>
                </token>
                <token content="next" id="11-26">
                    <pos type="JJ"/>
                    <lemma type="next"/>
                </token>
                <token content="town" id="11-27">
                    <pos type="NN"/>
                    <lemma type="town"/>
                    <dep head="11-23" type="prep"/>
                </token>
                <token content="." id="11-28"/>
            </sentence>
            <sentence id="12">
                <token content="The" id="12-1">
                    <pos type="DT"/>
                    <lemma type="the"/>
                </token>
                <token content="flight" id="12-2">
                    <pos type="NN"/>
                    <lemma type="flight"/>
                </token>
                <token content="attendants" id="12-3">
                    <pos type="NNS"/>
                    <lemma type="attendant"/>
                    <dep head="12-4" type="nsubj"/>
                </token>
                <token content="came" id="12-4">
                    <pos type="VBD"/>
                    <lemma type="come"/>
                </token>
                <token content="back" id="12-5">
                    <pos type="RB"/>
                    <lemma type="back"/>
                    <dep head="12-4" type="advmod"/>
                </token>
                <token content="around" id="12-6">
                    <pos type="RP"/>
                    <lemma type="around"/>
                </token>
                <token content="to" id="12-7">
                    <pos type="TO"/>
                    <lemma type="to"/>
                    <dep head="12-8" type="aux"/>
                </token>
                <token content="pick" id="12-8">
                    <pos type="VB"/>
                    <lemma type="pick"/>
                </token>
                <token content="up" id="12-9">
                    <pos type="RP"/>
                    <lemma type="up"/>
                    <dep head="12-8" type="prt"/>
                </token>
                <token content="our" id="12-10">
                    <pos type="PRP$"/>
                    <lemma type="we"/>
                </token>
                <token content="trash" id="12-11">
                    <pos type="NN"/>
                    <lemma type="trash"/>
                    <dep head="12-8" type="dobj"/>
                </token>
                <token content="and" id="12-12"/>
                <token content="then" id="12-13">
                    <pos type="RB"/>
                    <lemma type="then"/>
                    <dep head="12-15" type="advmod"/>
                </token>
                <token content="we" id="12-14">
                    <pos type="PRP"/>
                    <lemma type="we"/>
                    <dep head="12-15" type="nsubj"/>
                </token>
                <token content="had" id="12-15">
                    <pos type="VBD"/>
                    <lemma type="have"/>
                    <dep head="12-4" type="conj"/>
                </token>
                <token content="to" id="12-16">
                    <pos type="TO"/>
                    <lemma type="to"/>
                    <dep head="12-17" type="aux"/>
                </token>
                <token content="buckle" id="12-17">
                    <pos type="VB"/>
                    <lemma type="buckle"/>
                    <dep head="12-15" type="xcomp"/>
                </token>
                <token content="our" id="12-18">
                    <pos type="PRP$"/>
                    <lemma type="we"/>
                </token>
                <token content="seat" id="12-19">
                    <pos type="NN"/>
                    <lemma type="seat"/>
                </token>
                <token content="belts" id="12-20">
                    <pos type="NNS"/>
                    <lemma type="belt"/>
                    <dep head="12-17" type="dobj"/>
                </token>
                <token content="again" id="12-21">
                    <pos type="RB"/>
                    <lemma type="again"/>
                    <dep head="12-17" type="advmod"/>
                </token>
                <token content="for" id="12-22"/>
                <token content="the" id="12-23">
                    <pos type="DT"/>
                    <lemma type="the"/>
                </token>
                <token content="plane" id="12-24">
                    <pos type="NN"/>
                    <lemma type="plane"/>
                    <dep head="12-17" type="prep"/>
                </token>
                <token content="to" id="12-25">
                    <pos type="TO"/>
                    <lemma type="to"/>
                    <dep head="12-26" type="aux"/>
                </token>
                <token content="land" id="12-26">
                    <pos type="VB"/>
                    <lemma type="land"/>
                    <dep head="12-15" type="xcomp"/>
                </token>
                <token content="." id="12-27"/>
            </sentence>
            <sentence id="13">
                <token content="It" id="13-1">
                    <pos type="PRP"/>
                    <lemma type="it"/>
                </token>
                <token content="was" id="13-2">
                    <pos type="VBD"/>
                    <lemma type="be"/>
                </token>
                <token content="a" id="13-3">
                    <pos type="DT"/>
                    <lemma type="a"/>
                </token>
                <token content="fun" id="13-4">
                    <pos type="NN"/>
                    <lemma type="fun"/>
                </token>
                <token content="trip" id="13-5">
                    <pos type="NN"/>
                    <lemma type="trip"/>
                </token>
                <token content="and" id="13-6"/>
                <token content="I" id="13-7">
                    <pos type="PRP"/>
                    <lemma type="I"/>
                    <dep head="13-8" type="nsubj"/>
                </token>
                <token content="hope" id="13-8">
                    <pos type="VBP"/>
                    <lemma type="hope"/>
                </token>
                <token content="I" id="13-9">
                    <pos type="PRP"/>
                    <lemma type="I"/>
                    <dep head="13-10" type="nsubj"/>
                </token>
                <token content="get" id="13-10">
                    <pos type="VBP"/>
                    <lemma type="get"/>
                    <dep head="13-8" type="ccomp"/>
                </token>
                <token content="to" id="13-11">
                    <pos type="TO"/>
                    <lemma type="to"/>
                    <dep head="13-12" type="aux"/>
                </token>
                <token content="do" id="13-12">
                    <pos type="VB"/>
                    <lemma type="do"/>
                    <dep head="13-10" type="xcomp"/>
                </token>
                <token content="it" id="13-13">
                    <pos type="PRP"/>
                    <lemma type="it"/>
                    <dep head="13-12" type="dobj"/>
                </token>
                <token content="again" id="13-14">
                    <pos type="RB"/>
                    <lemma type="again"/>
                </token>
                <token content="sometime" id="13-15">
                    <pos type="RB"/>
                    <lemma type="sometime"/>
                    <dep head="13-12" type="advmod"/>
                </token>
                <token content="." id="13-16"/>
            </sentence>
        </sentences>
    </text>
    <annotations>
        <participants>
            <label from="1-2" id="0" name="ScrPart_time/date" text="week" type="participant"/>
            <label from="1-4" id="1" name="ScrPart_passenger" text="I" type="participant"/>
            <label from="1-8" id="2" name="ScrPart_plane" text="airplane" type="participant"/>
            <label from="1-13" id="3" name="ScrPart_target_location" text="state" type="participant"/>
            <label from="2-2" id="4" name="ScrPart_passenger" text="I" type="participant"/>
            <label from="2-4" id="5" name="ScrPart_passenger" text="my" type="participant"/>
            <label from="2-5" id="6" name="SuppVComp" text="car" type="participant"/>
            <label from="2-8" id="7" name="NPart" text="parking lot" to="2-9" type="participant"/>
            <label from="2-9" id="8" name="NPart" text="lot" type="participant"/>
            <label from="2-11" id="9" name="ScrPart_passenger" text="I" type="participant"/>
            <label from="2-15" id="10" name="ScrPart_check_in_desk" text="ticket counter" to="2-16" type="participant"/>
            <label from="2-16" id="11" name="ScrPart_check_in_desk" text="counter" type="participant"/>
            <label from="2-18" id="12" name="ScrPart_passenger" text="my" type="participant"/>
            <label from="2-19" id="13" name="ScrPart_other" text="airline" type="participant"/>
            <label from="2-24" id="14" name="ScrPart_passenger" text="my" type="participant"/>
            <label from="2-25" id="15" name="ScrPart_check_in_luggage" text="suitcase" type="participant"/>
            <label from="2-27" id="16" name="ScrPart_check_in_luggage" text="it" type="participant"/>
            <label from="2-32" id="17" name="ScrPart_other" text="cargo" type="participant"/>
            <label from="2-35" id="18" name="ScrPart_plane" text="plane" type="participant"/>
            <label from="3-2" id="19" name="ScrPart_passenger" text="I" type="participant"/>
            <label from="3-6" id="20" name="ScrPart_terminal/gate" text="place" type="participant"/>
            <label from="3-9" id="21" name="ScrPart_terminal/gate" text="gate" type="participant"/>
            <label from="3-16" id="22" name="ScrPart_terminal/gate" text="place" type="participant"/>
            <label from="3-20" id="23" name="ScrPart_passenger" text="my" type="participant"/>
            <label from="3-21" id="24" name="ScrPart_plane" text="plane" type="participant"/>
            <label from="4-1" id="25" name="ScrPart_terminal/gate" text="It" type="participant"/>
            <label from="4-5" id="26" name="NPart" text="window" type="participant"/>
            <label from="4-7" id="27" name="ScrPart_passenger" text="I" type="participant"/>
            <label from="4-10" id="28" name="ScrPart_plane" text="planes" type="participant"/>
            <label from="4-14" id="29" name="ScrPart_passenger" text="my" type="participant"/>
            <label from="4-15" id="30" name="NPart" text="turn" type="participant"/>
            <label from="4-19" id="31" name="ScrPart_plane" text="one" type="participant"/>
            <label from="5-2" id="32" name="ScrPart_passenger" text="my" type="participant"/>
            <label from="5-3" id="33" name="ScrPart_plane" text="plane" type="participant"/>
            <label from="5-8" id="34" name="ScrPart_staff" text="flight attendant" to="5-9" type="participant"/>
            <label from="5-9" id="35" name="ScrPart_staff" text="attendant" type="participant"/>
            <label from="5-11" id="36" name="ScrPart_passenger" text="me" type="participant"/>
            <label from="5-13" id="37" name="ScrPart_passenger" text="my" type="participant"/>
            <label from="5-14" id="38" name="ScrPart_seat" text="seat" type="participant"/>
            <label from="5-16" id="39" name="ScrPart_passenger" text="I" type="participant"/>
            <label from="6-1" id="40" name="ScrPart_passenger" text="My" type="participant"/>
            <label from="6-2" id="41" name="ScrPart_seat" text="seat" type="participant"/>
            <label from="6-12" id="42" name="ScrPart_passenger" text="people" type="participant"/>
            <label from="6-16" id="43" name="NPart" text="side" type="participant"/>
            <label from="6-18" id="44" name="ScrPart_passenger" text="me" type="participant"/>
            <label from="7-2" id="45" name="ScrPart_passenger" text="everyone" type="participant"/>
            <label from="7-7" id="46" name="ScrPart_plane" text="plane" type="participant"/>
            <label from="7-14" id="47" name="ScrPart_location_airplane" text="runway" type="participant"/>
            <label from="7-17" id="48" name="ScrPart_plane" text="its" type="participant"/>
            <label from="7-18" id="49" name="NPart" text="turn" type="participant"/>
            <label from="8-2" id="50" name="ScrPart_plane" text="we" type="participant"/>
            <label from="8-6" id="51" name="ScrPart_plane" text="it" type="participant"/>
            <label from="8-10" id="52" name="ScrPart_location_airplane" text="air" type="participant"/>
            <label from="8-18" id="53" name="ScrPart_staff" text="pilot" type="participant"/>
            <label from="8-20" id="54" name="ScrPart_other" text="cruising speed" to="8-21" type="participant"/>
            <label from="8-21" id="55" name="ScrPart_other" text="speed" type="participant"/>
            <label from="9-3" id="56" name="ScrPart_staff" text="flight attendants" to="9-4" type="participant"/>
            <label from="9-4" id="57" name="ScrPart_staff" text="attendants" type="participant"/>
            <label from="9-7" id="58" name="ScrPart_other" text="food" type="participant"/>
            <label from="9-9" id="59" name="ScrPart_other" text="drinks" type="participant"/>
            <label from="10-2" id="60" name="ScrPart_plane" text="plane" type="participant"/>
            <label from="10-9" id="61" name="No_label" text="it" type="participant"/>
            <label from="10-11" id="62" name="No_label" text="fun" type="participant"/>
            <label from="10-15" id="63" name="ScrPart_passenger" text="people" type="participant"/>
            <label from="10-18" id="64" name="ScrPart_other" text="food" type="participant"/>
            <label from="11-2" id="65" name="ScrPart_flight" text="plane ride" to="11-3" type="participant"/>
            <label from="11-3" id="66" name="ScrPart_flight" text="ride" type="participant"/>
            <label from="11-7" id="67" name="ScrPart_passenger" text="we" type="participant"/>
            <label from="11-11" id="68" name="NPart" text="our" type="participant"/>
            <label from="11-12" id="69" name="ScrPart_other" text="food" type="participant"/>
            <label from="11-14" id="70" name="ScrPart_other" text="drinks" type="participant"/>
            <label from="11-17" id="71" name="ScrPart_staff" text="pilot" type="participant"/>
            <label from="11-19" id="72" name="No_label" text="it" type="participant"/>
            <label from="11-21" id="73" name="No_label" text="time" type="participant"/>
            <label from="11-27" id="74" name="ScrPart_target_location" text="town" type="participant"/>
            <label from="12-2" id="75" name="ScrPart_staff" text="flight attendants" to="12-3" type="participant"/>
            <label from="12-3" id="76" name="ScrPart_staff" text="attendants" type="participant"/>
            <label from="12-10" id="77" name="ScrPart_passenger" text="our" type="participant"/>
            <label from="12-11" id="78" name="ScrPart_other" text="trash" type="participant"/>
            <label from="12-14" id="79" name="ScrPart_passenger" text="we" type="participant"/>
            <label from="12-18" id="80" name="ScrPart_passenger" text="our" type="participant"/>
            <label from="12-19" id="81" name="ScrPart_seat_belt" text="seat belts" to="12-20" type="participant"/>
            <label from="12-20" id="82" name="ScrPart_seat_belt" text="belts" type="participant"/>
            <label from="12-24" id="83" name="ScrPart_plane" text="plane" type="participant"/>
            <label from="13-1" id="84" name="No_label" text="It" type="participant"/>
            <label from="13-5" id="85" name="ScrPart_flight" text="trip" type="participant"/>
            <label from="13-7" id="86" name="ScrPart_passenger" text="I" type="participant"/>
            <label from="13-9" id="87" name="ScrPart_passenger" text="I" type="participant"/>
            <label from="13-13" id="88" name="ScrPart_flight" text="it" type="participant"/>
        </participants>
        <events>
            <label from="1-5" id="89" name="Evoking" text="flew in an airplane" to="1-8" type="event"/>
            <label from="1-10" id="90" name="UnrelEv" text="visit" type="event"/>
            <label from="2-3" id="91" name="RelNScrEv" text="parked" type="event"/>
            <label from="2-12" id="92" name="ScrEv_go_check_in" text="found" type="event"/>
            <label from="2-22" id="93" name="ScrEv_check_in" text="turned in" to="2-23" type="event"/>
            <label from="2-22" id="94" name="ScrEv_check_in" text="turned" type="event"/>
            <label from="2-29" id="95" name="RelNScrEv" text="travel" type="event"/>
            <label from="3-3" id="96" name="ScrEv_find_terminal" text="went" type="event"/>
            <label from="3-7" id="97" name="UnrelEv" text="called" type="event"/>
            <label from="3-11" id="98" name="UnrelEv" text="is" type="event"/>
            <label from="3-18" id="99" name="ScrEv_wait_boarding" text="wait" type="event"/>
            <label from="3-23" id="100" name="ScrEv_other" text="arrive" type="event"/>
            <label from="4-2" id="101" name="UnrelEv" text="has" type="event"/>
            <label from="4-8" id="102" name="UnrelEv" text="watched" type="event"/>
            <label from="4-12" id="103" name="ScrEv_wait_boarding" text="waited for" to="4-13" type="event"/>
            <label from="4-12" id="104" name="ScrEv_wait_boarding" text="waited" type="event"/>
            <label from="4-17" id="105" name="ScrEv_board_plane" text="get on" to="4-18" type="event"/>
            <label from="4-17" id="106" name="ScrEv_board_plane" text="get" type="event"/>
            <label from="5-4" id="107" name="ScrEv_other" text="arrived" type="event"/>
            <label from="5-10" id="108" name="RelNScrEv" text="showed" type="event"/>
            <label from="5-17" id="109" name="ScrEv_take_seat" text="sat down" to="5-18" type="event"/>
            <label from="5-17" id="110" name="ScrEv_take_seat" text="sat" type="event"/>
            <label from="5-20" id="111" name="ScrEv_wait" text="wait" type="event"/>
            <label from="6-3" id="112" name="UnrelEv" text="was" type="event"/>
            <label from="6-11" id="113" name="UnrelEv" text="were" type="event"/>
            <label from="6-13" id="114" name="UnrelEv" text="sitting" type="event"/>
            <label from="7-3" id="115" name="RelNScrEv" text="settled in" to="7-4" type="event"/>
            <label from="7-3" id="116" name="RelNScrEv" text="settled" type="event"/>
            <label from="7-8" id="117" name="ScrEv_take_off_preparations" text="started" type="event"/>
            <label from="7-11" id="118" name="ScrEv_take_off_preparations" text="drove down" to="7-12" type="event"/>
            <label from="7-11" id="119" name="ScrEv_take_off_preparations" text="drove" type="event"/>
            <label from="7-16" id="120" name="ScrEv_take_off_preparations" text="wait" type="event"/>
            <label from="7-20" id="121" name="ScrEv_take_off" text="take off" to="7-21" type="event"/>
            <label from="7-20" id="122" name="ScrEv_take_off" text="take" type="event"/>
            <label from="8-3" id="123" name="ScrEv_take_off" text="took off" to="8-4" type="event"/>
            <label from="8-3" id="124" name="ScrEv_take_off" text="took" type="event"/>
            <label from="8-7" id="125" name="ScrEv_take_off" text="rose" type="event"/>
            <label from="8-13" id="126" name="RelNScrEv" text="leveled off" to="8-14" type="event"/>
            <label from="8-13" id="127" name="RelNScrEv" text="leveled" type="event"/>
            <label from="8-19" id="128" name="UnrelEv" text="called" type="event"/>
            <label from="9-5" id="129" name="ScrEv_other" text="brought around" to="9-6" type="event"/>
            <label from="9-5" id="130" name="ScrEv_other" text="brought" type="event"/>
            <label from="10-3" id="131" name="UnrelEv" text="was" type="event"/>
            <label from="10-10" id="132" name="UnrelEv" text="was" type="event"/>
            <label from="10-13" id="133" name="ScrEv_spend_time_flight" text="watch" type="event"/>
            <label from="10-19" id="134" name="UnrelEv" text="was" type="event"/>
            <label from="11-4" id="135" name="UnrelEv" text="was" type="event"/>
            <label from="11-8" id="136" name="UnrelEv" text="had" type="event"/>
            <label from="11-10" id="137" name="ScrEv_spend_time_flight" text="finished" type="event"/>
            <label from="11-18" id="138" name="ScrEv_listen_crew" text="said" type="event"/>
            <label from="11-20" id="139" name="UnrelEv" text="was" type="event"/>
            <label from="11-23" id="140" name="RelNScrEv" text="land" type="event"/>
            <label from="12-4" id="141" name="UnrelEv" text="came back" to="12-5" type="event"/>
            <label from="12-4" id="142" name="UnrelEv" text="came" type="event"/>
            <label from="12-8" id="143" name="RelNScrEv" text="pick up" to="12-9" type="event"/>
            <label from="12-8" id="144" name="RelNScrEv" text="pick" type="event"/>
            <label from="12-17" id="145" name="ScrEv_buckle_seat_belt" text="buckle" type="event"/>
            <label from="12-26" id="146" name="ScrEv_landing" text="land" type="event"/>
            <label from="13-2" id="147" name="UnrelEv" text="was" type="event"/>
            <label from="13-8" id="148" name="UnrelEv" text="hope" type="event"/>
            <label from="13-10" id="149" name="UnrelEv" text="get" type="event"/>
            <label from="13-12" id="150" name="UnrelEv" text="do" type="event"/>
        </events>
        <chains>
            <chain elements="1 4 5 9 12 14 19 23 27 29 32 36 37 39 40 44 86 87"/>
            <chain elements="15 16"/>
            <chain elements="2 18 24 28 31 33 46 48 50 51 60 83"/>
            <chain elements="20 21 22 25"/>
            <chain elements="38 41"/>
            <chain elements="42 45 63 67 79 80"/>
            <chain elements="35 57 76"/>
            <chain elements="58 64 69"/>
            <chain elements="59 70"/>
            <chain elements="53 71"/>
            <chain elements="66 85 88"/>
        </chains>
    </annotations>
</story>
