<?xml version="1.0" encoding="UTF-8" standalone="no"?>
<!DOCTYPE story SYSTEM "../InScript.dtd">
<story id="043" scenario="flight">
    <text>
        <content>I flew on an airplane about 2 months ago . 
I was going from Chicago to Los Angeles . 
It was a very early flight . 
My brother was able to drop me off at the airport . 
I had already checked in online the night before and had no bags to check , so I walked straight to the security line . 
Once TSA checked my ID and boarding pass , I stood in line for about 10 minutes while I waited for my bags\/body to be scanned . 
Once through security , I checked the monitors to see that my flight was on time and that there was not a last minute gate change . 
I then walked to the gate and boarded the plane about 10 minutes later . 
The flight attendants went over the safety procedures , the captain gave his greetings , and we were on our way . 
The flight was very smooth and quiet . 
The time flew by , as I slept most of the way . 
We landed on time . 
The plane then taxied to the gate and everyone exited the plane . 
Another successful flight . </content>
        <sentences>
            <sentence id="1">
                <token content="I" id="1-1">
                    <pos type="PRP"/>
                    <lemma type="I"/>
                    <dep head="1-2" type="nsubj"/>
                </token>
                <token content="flew" id="1-2">
                    <pos type="VBD"/>
                    <lemma type="fly"/>
                </token>
                <token content="on" id="1-3"/>
                <token content="an" id="1-4">
                    <pos type="DT"/>
                    <lemma type="a"/>
                </token>
                <token content="airplane" id="1-5">
                    <pos type="NN"/>
                    <lemma type="airplane"/>
                    <dep head="1-2" type="prep"/>
                </token>
                <token content="about" id="1-6">
                    <pos type="RB"/>
                    <lemma type="about"/>
                </token>
                <token content="2" id="1-7">
                    <pos type="CD"/>
                    <lemma type="2"/>
                </token>
                <token content="months" id="1-8">
                    <pos type="NNS"/>
                    <lemma type="month"/>
                </token>
                <token content="ago" id="1-9">
                    <pos type="RB"/>
                    <lemma type="ago"/>
                    <dep head="1-2" type="advmod"/>
                </token>
                <token content="." id="1-10"/>
            </sentence>
            <sentence id="2">
                <token content="I" id="2-1">
                    <pos type="PRP"/>
                    <lemma type="I"/>
                    <dep head="2-3" type="nsubj"/>
                </token>
                <token content="was" id="2-2">
                    <pos type="VBD"/>
                    <lemma type="be"/>
                    <dep head="2-3" type="aux"/>
                </token>
                <token content="going" id="2-3">
                    <pos type="VBG"/>
                    <lemma type="go"/>
                </token>
                <token content="from" id="2-4"/>
                <token content="Chicago" id="2-5">
                    <pos type="NNP"/>
                    <lemma type="Chicago"/>
                    <dep head="2-3" type="prep"/>
                </token>
                <token content="to" id="2-6"/>
                <token content="Los" id="2-7">
                    <pos type="NNP"/>
                    <lemma type="Los"/>
                </token>
                <token content="Angeles" id="2-8">
                    <pos type="NNP"/>
                    <lemma type="Angeles"/>
                    <dep head="2-3" type="prep"/>
                </token>
                <token content="." id="2-9"/>
            </sentence>
            <sentence id="3">
                <token content="It" id="3-1">
                    <pos type="PRP"/>
                    <lemma type="it"/>
                </token>
                <token content="was" id="3-2">
                    <pos type="VBD"/>
                    <lemma type="be"/>
                </token>
                <token content="a" id="3-3">
                    <pos type="DT"/>
                    <lemma type="a"/>
                </token>
                <token content="very" id="3-4">
                    <pos type="RB"/>
                    <lemma type="very"/>
                </token>
                <token content="early" id="3-5">
                    <pos type="JJ"/>
                    <lemma type="early"/>
                </token>
                <token content="flight" id="3-6">
                    <pos type="NN"/>
                    <lemma type="flight"/>
                </token>
                <token content="." id="3-7"/>
            </sentence>
            <sentence id="4">
                <token content="My" id="4-1">
                    <pos type="PRP$"/>
                    <lemma type="my"/>
                </token>
                <token content="brother" id="4-2">
                    <pos type="NN"/>
                    <lemma type="brother"/>
                </token>
                <token content="was" id="4-3">
                    <pos type="VBD"/>
                    <lemma type="be"/>
                </token>
                <token content="able" id="4-4">
                    <pos type="JJ"/>
                    <lemma type="able"/>
                </token>
                <token content="to" id="4-5">
                    <pos type="TO"/>
                    <lemma type="to"/>
                    <dep head="4-6" type="aux"/>
                </token>
                <token content="drop" id="4-6">
                    <pos type="VB"/>
                    <lemma type="drop"/>
                </token>
                <token content="me" id="4-7">
                    <pos type="PRP"/>
                    <lemma type="I"/>
                    <dep head="4-6" type="dobj"/>
                </token>
                <token content="off" id="4-8">
                    <pos type="RP"/>
                    <lemma type="off"/>
                    <dep head="4-6" type="prt"/>
                </token>
                <token content="at" id="4-9"/>
                <token content="the" id="4-10">
                    <pos type="DT"/>
                    <lemma type="the"/>
                </token>
                <token content="airport" id="4-11">
                    <pos type="NN"/>
                    <lemma type="airport"/>
                    <dep head="4-6" type="prep"/>
                </token>
                <token content="." id="4-12"/>
            </sentence>
            <sentence id="5">
                <token content="I" id="5-1">
                    <pos type="PRP"/>
                    <lemma type="I"/>
                    <dep head="5-4" type="nsubj"/>
                </token>
                <token content="had" id="5-2">
                    <pos type="VBD"/>
                    <lemma type="have"/>
                    <dep head="5-4" type="aux"/>
                </token>
                <token content="already" id="5-3">
                    <pos type="RB"/>
                    <lemma type="already"/>
                    <dep head="5-4" type="advmod"/>
                </token>
                <token content="checked" id="5-4">
                    <pos type="VBN"/>
                    <lemma type="check"/>
                </token>
                <token content="in" id="5-5">
                    <pos type="IN"/>
                    <lemma type="in"/>
                    <dep head="5-4" type="prep"/>
                </token>
                <token content="online" id="5-6">
                    <pos type="NN"/>
                    <lemma type="online"/>
                </token>
                <token content="the" id="5-7">
                    <pos type="DT"/>
                    <lemma type="the"/>
                </token>
                <token content="night" id="5-8">
                    <pos type="NN"/>
                    <lemma type="night"/>
                    <dep head="5-4" type="tmod"/>
                </token>
                <token content="before" id="5-9">
                    <pos type="IN"/>
                    <lemma type="before"/>
                    <dep head="5-4" type="prep"/>
                </token>
                <token content="and" id="5-10"/>
                <token content="had" id="5-11">
                    <pos type="VBN"/>
                    <lemma type="have"/>
                    <dep head="5-4" type="conj"/>
                </token>
                <token content="no" id="5-12">
                    <pos type="DT"/>
                    <lemma type="no"/>
                </token>
                <token content="bags" id="5-13">
                    <pos type="NNS"/>
                    <lemma type="bag"/>
                    <dep head="5-11" type="dobj"/>
                </token>
                <token content="to" id="5-14">
                    <pos type="TO"/>
                    <lemma type="to"/>
                    <dep head="5-15" type="aux"/>
                </token>
                <token content="check" id="5-15">
                    <pos type="VB"/>
                    <lemma type="check"/>
                    <dep head="5-11" type="vmod"/>
                </token>
                <token content="," id="5-16"/>
                <token content="so" id="5-17">
                    <pos type="IN"/>
                    <lemma type="so"/>
                    <dep head="5-19" type="mark"/>
                </token>
                <token content="I" id="5-18">
                    <pos type="PRP"/>
                    <lemma type="I"/>
                    <dep head="5-19" type="nsubj"/>
                </token>
                <token content="walked" id="5-19">
                    <pos type="VBD"/>
                    <lemma type="walk"/>
                    <dep head="5-11" type="advcl"/>
                </token>
                <token content="straight" id="5-20">
                    <pos type="RB"/>
                    <lemma type="straight"/>
                    <dep head="5-19" type="advmod"/>
                </token>
                <token content="to" id="5-21"/>
                <token content="the" id="5-22">
                    <pos type="DT"/>
                    <lemma type="the"/>
                </token>
                <token content="security" id="5-23">
                    <pos type="NN"/>
                    <lemma type="security"/>
                </token>
                <token content="line" id="5-24">
                    <pos type="NN"/>
                    <lemma type="line"/>
                    <dep head="5-19" type="prep"/>
                </token>
                <token content="." id="5-25"/>
            </sentence>
            <sentence id="6">
                <token content="Once" id="6-1">
                    <pos type="IN"/>
                    <lemma type="once"/>
                    <dep head="6-3" type="mark"/>
                </token>
                <token content="TSA" id="6-2">
                    <pos type="NNP"/>
                    <lemma type="TSA"/>
                    <dep head="6-3" type="nsubj"/>
                </token>
                <token content="checked" id="6-3">
                    <pos type="VBD"/>
                    <lemma type="check"/>
                    <dep head="6-11" type="advcl"/>
                </token>
                <token content="my" id="6-4">
                    <pos type="PRP$"/>
                    <lemma type="my"/>
                </token>
                <token content="ID" id="6-5">
                    <pos type="NN"/>
                    <lemma type="id"/>
                    <dep head="6-3" type="dobj"/>
                </token>
                <token content="and" id="6-6"/>
                <token content="boarding" id="6-7">
                    <pos type="NN"/>
                    <lemma type="boarding"/>
                </token>
                <token content="pass" id="6-8">
                    <pos type="NN"/>
                    <lemma type="pass"/>
                </token>
                <token content="," id="6-9"/>
                <token content="I" id="6-10">
                    <pos type="PRP"/>
                    <lemma type="I"/>
                    <dep head="6-11" type="nsubj"/>
                </token>
                <token content="stood" id="6-11">
                    <pos type="VBD"/>
                    <lemma type="stand"/>
                </token>
                <token content="in" id="6-12"/>
                <token content="line" id="6-13">
                    <pos type="NN"/>
                    <lemma type="line"/>
                    <dep head="6-11" type="prep"/>
                </token>
                <token content="for" id="6-14"/>
                <token content="about" id="6-15">
                    <pos type="RB"/>
                    <lemma type="about"/>
                </token>
                <token content="10" id="6-16">
                    <pos type="CD"/>
                    <lemma type="10"/>
                </token>
                <token content="minutes" id="6-17">
                    <pos type="NNS"/>
                    <lemma type="minute"/>
                </token>
                <token content="while" id="6-18">
                    <pos type="IN"/>
                    <lemma type="while"/>
                    <dep head="6-20" type="mark"/>
                </token>
                <token content="I" id="6-19">
                    <pos type="PRP"/>
                    <lemma type="I"/>
                    <dep head="6-20" type="nsubj"/>
                </token>
                <token content="waited" id="6-20">
                    <pos type="VBD"/>
                    <lemma type="wait"/>
                    <dep head="6-11" type="advcl"/>
                </token>
                <token content="for" id="6-21"/>
                <token content="my" id="6-22">
                    <pos type="PRP$"/>
                    <lemma type="my"/>
                </token>
                <token content="bags\/body" id="6-23">
                    <pos type="NN"/>
                    <lemma type="bags\/body"/>
                    <dep head="6-20" type="prep"/>
                </token>
                <token content="to" id="6-24">
                    <pos type="TO"/>
                    <lemma type="to"/>
                    <dep head="6-26" type="aux"/>
                </token>
                <token content="be" id="6-25">
                    <pos type="VB"/>
                    <lemma type="be"/>
                    <dep head="6-26" type="auxpass"/>
                </token>
                <token content="scanned" id="6-26">
                    <pos type="VBN"/>
                    <lemma type="scan"/>
                </token>
                <token content="." id="6-27"/>
            </sentence>
            <sentence id="7">
                <token content="Once" id="7-1">
                    <pos type="RB"/>
                    <lemma type="once"/>
                    <dep head="7-6" type="advmod"/>
                </token>
                <token content="through" id="7-2"/>
                <token content="security" id="7-3">
                    <pos type="NN"/>
                    <lemma type="security"/>
                </token>
                <token content="," id="7-4"/>
                <token content="I" id="7-5">
                    <pos type="PRP"/>
                    <lemma type="I"/>
                    <dep head="7-6" type="nsubj"/>
                </token>
                <token content="checked" id="7-6">
                    <pos type="VBD"/>
                    <lemma type="check"/>
                </token>
                <token content="the" id="7-7">
                    <pos type="DT"/>
                    <lemma type="the"/>
                </token>
                <token content="monitors" id="7-8">
                    <pos type="NNS"/>
                    <lemma type="monitor"/>
                    <dep head="7-6" type="dobj"/>
                </token>
                <token content="to" id="7-9">
                    <pos type="TO"/>
                    <lemma type="to"/>
                    <dep head="7-10" type="aux"/>
                </token>
                <token content="see" id="7-10">
                    <pos type="VB"/>
                    <lemma type="see"/>
                    <dep head="7-6" type="vmod"/>
                </token>
                <token content="that" id="7-11">
                    <pos type="IN"/>
                    <lemma type="that"/>
                    <dep head="7-14" type="mark"/>
                </token>
                <token content="my" id="7-12">
                    <pos type="PRP$"/>
                    <lemma type="my"/>
                </token>
                <token content="flight" id="7-13">
                    <pos type="NN"/>
                    <lemma type="flight"/>
                    <dep head="7-14" type="nsubj"/>
                </token>
                <token content="was" id="7-14">
                    <pos type="VBD"/>
                    <lemma type="be"/>
                    <dep head="7-10" type="ccomp"/>
                </token>
                <token content="on" id="7-15"/>
                <token content="time" id="7-16">
                    <pos type="NN"/>
                    <lemma type="time"/>
                    <dep head="7-14" type="prep"/>
                </token>
                <token content="and" id="7-17"/>
                <token content="that" id="7-18">
                    <pos type="IN"/>
                    <lemma type="that"/>
                    <dep head="7-20" type="mark"/>
                </token>
                <token content="there" id="7-19">
                    <pos type="EX"/>
                    <lemma type="there"/>
                    <dep head="7-20" type="expl"/>
                </token>
                <token content="was" id="7-20">
                    <pos type="VBD"/>
                    <lemma type="be"/>
                    <dep head="7-14" type="conj"/>
                </token>
                <token content="not" id="7-21">
                    <pos type="RB"/>
                    <lemma type="not"/>
                    <dep head="7-20" type="neg"/>
                </token>
                <token content="a" id="7-22">
                    <pos type="DT"/>
                    <lemma type="a"/>
                </token>
                <token content="last" id="7-23">
                    <pos type="JJ"/>
                    <lemma type="last"/>
                </token>
                <token content="minute" id="7-24">
                    <pos type="JJ"/>
                    <lemma type="minute"/>
                </token>
                <token content="gate" id="7-25">
                    <pos type="NN"/>
                    <lemma type="gate"/>
                </token>
                <token content="change" id="7-26">
                    <pos type="NN"/>
                    <lemma type="change"/>
                    <dep head="7-20" type="nsubj"/>
                </token>
                <token content="." id="7-27"/>
            </sentence>
            <sentence id="8">
                <token content="I" id="8-1">
                    <pos type="PRP"/>
                    <lemma type="I"/>
                    <dep head="8-3" type="nsubj"/>
                </token>
                <token content="then" id="8-2">
                    <pos type="RB"/>
                    <lemma type="then"/>
                    <dep head="8-3" type="advmod"/>
                </token>
                <token content="walked" id="8-3">
                    <pos type="VBD"/>
                    <lemma type="walk"/>
                </token>
                <token content="to" id="8-4"/>
                <token content="the" id="8-5">
                    <pos type="DT"/>
                    <lemma type="the"/>
                </token>
                <token content="gate" id="8-6">
                    <pos type="NN"/>
                    <lemma type="gate"/>
                    <dep head="8-3" type="prep"/>
                </token>
                <token content="and" id="8-7"/>
                <token content="boarded" id="8-8">
                    <pos type="VBD"/>
                    <lemma type="board"/>
                    <dep head="8-3" type="conj"/>
                </token>
                <token content="the" id="8-9">
                    <pos type="DT"/>
                    <lemma type="the"/>
                </token>
                <token content="plane" id="8-10">
                    <pos type="NN"/>
                    <lemma type="plane"/>
                    <dep head="8-8" type="dobj"/>
                </token>
                <token content="about" id="8-11">
                    <pos type="RB"/>
                    <lemma type="about"/>
                </token>
                <token content="10" id="8-12">
                    <pos type="CD"/>
                    <lemma type="10"/>
                </token>
                <token content="minutes" id="8-13">
                    <pos type="NNS"/>
                    <lemma type="minute"/>
                </token>
                <token content="later" id="8-14">
                    <pos type="RB"/>
                    <lemma type="later"/>
                    <dep head="8-8" type="advmod"/>
                </token>
                <token content="." id="8-15"/>
            </sentence>
            <sentence id="9">
                <token content="The" id="9-1">
                    <pos type="DT"/>
                    <lemma type="the"/>
                </token>
                <token content="flight" id="9-2">
                    <pos type="NN"/>
                    <lemma type="flight"/>
                </token>
                <token content="attendants" id="9-3">
                    <pos type="NNS"/>
                    <lemma type="attendant"/>
                    <dep head="9-4" type="nsubj"/>
                </token>
                <token content="went" id="9-4">
                    <pos type="VBD"/>
                    <lemma type="go"/>
                </token>
                <token content="over" id="9-5"/>
                <token content="the" id="9-6">
                    <pos type="DT"/>
                    <lemma type="the"/>
                </token>
                <token content="safety" id="9-7">
                    <pos type="NN"/>
                    <lemma type="safety"/>
                </token>
                <token content="procedures" id="9-8">
                    <pos type="NNS"/>
                    <lemma type="procedure"/>
                    <dep head="9-4" type="prep"/>
                </token>
                <token content="," id="9-9"/>
                <token content="the" id="9-10">
                    <pos type="DT"/>
                    <lemma type="the"/>
                </token>
                <token content="captain" id="9-11">
                    <pos type="NN"/>
                    <lemma type="captain"/>
                    <dep head="9-12" type="nsubj"/>
                </token>
                <token content="gave" id="9-12">
                    <pos type="VBD"/>
                    <lemma type="give"/>
                    <dep head="9-4" type="dep"/>
                </token>
                <token content="his" id="9-13">
                    <pos type="PRP$"/>
                    <lemma type="he"/>
                </token>
                <token content="greetings" id="9-14">
                    <pos type="NNS"/>
                    <lemma type="greeting"/>
                    <dep head="9-12" type="dobj"/>
                </token>
                <token content="," id="9-15"/>
                <token content="and" id="9-16"/>
                <token content="we" id="9-17">
                    <pos type="PRP"/>
                    <lemma type="we"/>
                    <dep head="9-18" type="nsubj"/>
                </token>
                <token content="were" id="9-18">
                    <pos type="VBD"/>
                    <lemma type="be"/>
                    <dep head="9-4" type="conj"/>
                </token>
                <token content="on" id="9-19"/>
                <token content="our" id="9-20">
                    <pos type="PRP$"/>
                    <lemma type="we"/>
                </token>
                <token content="way" id="9-21">
                    <pos type="NN"/>
                    <lemma type="way"/>
                    <dep head="9-18" type="prep"/>
                </token>
                <token content="." id="9-22"/>
            </sentence>
            <sentence id="10">
                <token content="The" id="10-1">
                    <pos type="DT"/>
                    <lemma type="the"/>
                </token>
                <token content="flight" id="10-2">
                    <pos type="NN"/>
                    <lemma type="flight"/>
                </token>
                <token content="was" id="10-3">
                    <pos type="VBD"/>
                    <lemma type="be"/>
                </token>
                <token content="very" id="10-4">
                    <pos type="RB"/>
                    <lemma type="very"/>
                </token>
                <token content="smooth" id="10-5">
                    <pos type="JJ"/>
                    <lemma type="smooth"/>
                </token>
                <token content="and" id="10-6"/>
                <token content="quiet" id="10-7">
                    <pos type="JJ"/>
                    <lemma type="quiet"/>
                </token>
                <token content="." id="10-8"/>
            </sentence>
            <sentence id="11">
                <token content="The" id="11-1">
                    <pos type="DT"/>
                    <lemma type="the"/>
                </token>
                <token content="time" id="11-2">
                    <pos type="NN"/>
                    <lemma type="time"/>
                    <dep head="11-3" type="nsubj"/>
                </token>
                <token content="flew" id="11-3">
                    <pos type="VBD"/>
                    <lemma type="fly"/>
                </token>
                <token content="by" id="11-4">
                    <pos type="IN"/>
                    <lemma type="by"/>
                    <dep head="11-3" type="prep"/>
                </token>
                <token content="," id="11-5"/>
                <token content="as" id="11-6">
                    <pos type="IN"/>
                    <lemma type="as"/>
                    <dep head="11-8" type="mark"/>
                </token>
                <token content="I" id="11-7">
                    <pos type="PRP"/>
                    <lemma type="I"/>
                    <dep head="11-8" type="nsubj"/>
                </token>
                <token content="slept" id="11-8">
                    <pos type="VBD"/>
                    <lemma type="sleep"/>
                    <dep head="11-3" type="advcl"/>
                </token>
                <token content="most" id="11-9">
                    <pos type="JJS"/>
                    <lemma type="most"/>
                    <dep head="11-8" type="dobj"/>
                </token>
                <token content="of" id="11-10"/>
                <token content="the" id="11-11">
                    <pos type="DT"/>
                    <lemma type="the"/>
                </token>
                <token content="way" id="11-12">
                    <pos type="NN"/>
                    <lemma type="way"/>
                </token>
                <token content="." id="11-13"/>
            </sentence>
            <sentence id="12">
                <token content="We" id="12-1">
                    <pos type="PRP"/>
                    <lemma type="we"/>
                    <dep head="12-2" type="nsubj"/>
                </token>
                <token content="landed" id="12-2">
                    <pos type="VBD"/>
                    <lemma type="land"/>
                </token>
                <token content="on" id="12-3"/>
                <token content="time" id="12-4">
                    <pos type="NN"/>
                    <lemma type="time"/>
                    <dep head="12-2" type="prep"/>
                </token>
                <token content="." id="12-5"/>
            </sentence>
            <sentence id="13">
                <token content="The" id="13-1">
                    <pos type="DT"/>
                    <lemma type="the"/>
                </token>
                <token content="plane" id="13-2">
                    <pos type="NN"/>
                    <lemma type="plane"/>
                    <dep head="13-4" type="nsubj"/>
                </token>
                <token content="then" id="13-3">
                    <pos type="RB"/>
                    <lemma type="then"/>
                    <dep head="13-4" type="advmod"/>
                </token>
                <token content="taxied" id="13-4">
                    <pos type="VBD"/>
                    <lemma type="taxi"/>
                </token>
                <token content="to" id="13-5"/>
                <token content="the" id="13-6">
                    <pos type="DT"/>
                    <lemma type="the"/>
                </token>
                <token content="gate" id="13-7">
                    <pos type="NN"/>
                    <lemma type="gate"/>
                    <dep head="13-4" type="prep"/>
                </token>
                <token content="and" id="13-8"/>
                <token content="everyone" id="13-9">
                    <pos type="NN"/>
                    <lemma type="everyone"/>
                </token>
                <token content="exited" id="13-10">
                    <pos type="VBN"/>
                    <lemma type="exit"/>
                </token>
                <token content="the" id="13-11">
                    <pos type="DT"/>
                    <lemma type="the"/>
                </token>
                <token content="plane" id="13-12">
                    <pos type="NN"/>
                    <lemma type="plane"/>
                    <dep head="13-10" type="dobj"/>
                </token>
                <token content="." id="13-13"/>
            </sentence>
            <sentence id="14">
                <token content="Another" id="14-1">
                    <pos type="DT"/>
                    <lemma type="another"/>
                </token>
                <token content="successful" id="14-2">
                    <pos type="JJ"/>
                    <lemma type="successful"/>
                </token>
                <token content="flight" id="14-3">
                    <pos type="NN"/>
                    <lemma type="flight"/>
                </token>
                <token content="." id="14-4"/>
            </sentence>
        </sentences>
    </text>
    <annotations>
        <participants>
            <label from="1-1" id="0" name="ScrPart_passenger" text="I" type="participant"/>
            <label from="1-5" id="1" name="ScrPart_plane" text="airplane" type="participant"/>
            <label from="1-8" id="2" name="ScrPart_time/date" text="months" type="participant"/>
            <label from="2-1" id="3" name="ScrPart_passenger" text="I" type="participant"/>
            <label from="2-5" id="4" name="NPart" text="Chicago" type="participant"/>
            <label from="2-7" id="5" name="ScrPart_target_location" text="Los Angeles" to="2-8" type="participant"/>
            <label from="3-1" id="6" name="No_label" text="It" type="participant"/>
            <label from="3-6" id="7" name="ScrPart_flight" text="flight" type="participant"/>
            <label from="4-1" id="8" name="ScrPart_passenger" text="My" type="participant"/>
            <label from="4-2" id="9" name="ScrPart_accomp_person" text="brother" type="participant"/>
            <label from="4-7" id="10" name="ScrPart_passenger" text="me" type="participant"/>
            <label from="4-11" id="11" name="ScrPart_airport" text="airport" type="participant"/>
            <label from="5-1" id="12" name="ScrPart_passenger" text="I" type="participant"/>
            <label from="5-6" id="13" name="ScrPart_other" text="online" type="participant"/>
            <label from="5-8" id="14" name="NPart" text="night" type="participant"/>
            <label from="5-13" id="15" name="ScrPart_check_in_luggage" text="bags" type="participant"/>
            <label from="5-18" id="16" name="ScrPart_passenger" text="I" type="participant"/>
            <label from="5-23" id="17" name="ScrPart_line" text="security line" to="5-24" type="participant"/>
            <label from="5-24" id="18" name="ScrPart_line" text="line" type="participant"/>
            <label from="6-2" id="19" name="ScrPart_staff" text="TSA" type="participant"/>
            <label from="6-4" id="20" name="ScrPart_passenger" text="my" type="participant"/>
            <label from="6-5" id="21" name="ScrPart_passport/ID" text="ID" type="participant"/>
            <label from="6-7" id="22" name="ScrPart_boarding_pass" text="boarding pass" to="6-8" type="participant"/>
            <label from="6-8" id="23" name="ScrPart_boarding_pass" text="pass" type="participant"/>
            <label from="6-10" id="24" name="ScrPart_passenger" text="I" type="participant"/>
            <label from="6-13" id="25" name="ScrPart_line" text="line" type="participant"/>
            <label from="6-17" id="26" name="ScrPart_time/date" text="minutes" type="participant"/>
            <label from="6-19" id="27" name="ScrPart_passenger" text="I" type="participant"/>
            <label from="6-22" id="28" name="ScrPart_passenger" text="my" type="participant"/>
            <label from="6-23" id="29" name="Unclear" text="bags\/body" type="participant"/>
            <label from="7-3" id="30" name="ScrPart_security_check" text="security" type="participant"/>
            <label from="7-5" id="31" name="ScrPart_passenger" text="I" type="participant"/>
            <label from="7-8" id="32" name="NPart" text="monitors" type="participant"/>
            <label from="7-12" id="33" name="ScrPart_passenger" text="my" type="participant"/>
            <label from="7-13" id="34" name="ScrPart_flight" text="flight" type="participant"/>
            <label from="7-16" id="35" name="No_label" text="time" type="participant"/>
            <label from="7-23" id="36" name="NPart" text="last minute gate change" to="7-26" type="participant"/>
            <label from="8-1" id="37" name="ScrPart_passenger" text="I" type="participant"/>
            <label from="8-6" id="38" name="ScrPart_terminal/gate" text="gate" type="participant"/>
            <label from="8-10" id="39" name="ScrPart_plane" text="plane" type="participant"/>
            <label from="8-13" id="40" name="ScrPart_time/date" text="minutes" type="participant"/>
            <label from="9-2" id="41" name="ScrPart_staff" text="flight attendants" to="9-3" type="participant"/>
            <label from="9-3" id="42" name="ScrPart_staff" text="attendants" type="participant"/>
            <label from="9-7" id="43" name="NPart" text="safety procedures" to="9-8" type="participant"/>
            <label from="9-8" id="44" name="NPart" text="procedures" type="participant"/>
            <label from="9-11" id="45" name="ScrPart_staff" text="captain" type="participant"/>
            <label from="9-13" id="46" name="ScrPart_staff" text="his" type="participant"/>
            <label from="9-14" id="47" name="SuppVComp" text="greetings" type="participant"/>
            <label from="9-17" id="48" name="ScrPart_passenger" text="we" type="participant"/>
            <label from="9-20" id="49" name="ScrPart_passenger" text="our" type="participant"/>
            <label from="9-21" id="50" name="No_label" text="way" type="participant"/>
            <label from="10-2" id="51" name="ScrPart_flight" text="flight" type="participant"/>
            <label from="11-2" id="52" name="ScrPart_time/date" text="time" type="participant"/>
            <label from="11-7" id="53" name="ScrPart_passenger" text="I" type="participant"/>
            <label from="11-12" id="54" name="NPart" text="way" type="participant"/>
            <label from="12-1" id="55" name="ScrPart_passenger" text="We" type="participant"/>
            <label from="12-4" id="56" name="No_label" text="time" type="participant"/>
            <label from="13-2" id="57" name="ScrPart_plane" text="plane" type="participant"/>
            <label from="13-7" id="58" name="ScrPart_terminal/gate" text="gate" type="participant"/>
            <label from="13-9" id="59" name="ScrPart_passenger" text="everyone" type="participant"/>
            <label from="13-12" id="60" name="ScrPart_plane" text="plane" type="participant"/>
            <label from="14-3" id="61" name="ScrPart_flight" text="flight" type="participant"/>
        </participants>
        <events>
            <label from="1-2" id="62" name="Evoking" text="flew on an airplane" to="1-5" type="event"/>
            <label from="2-3" id="63" name="RelNScrEv" text="going" type="event"/>
            <label from="3-2" id="64" name="UnrelEv" text="was" type="event"/>
            <label from="4-6" id="65" name="ScrEv_get_airport" text="drop" type="event"/>
            <label from="5-4" id="66" name="ScrEv_check_in" text="checked in" to="5-5" type="event"/>
            <label from="5-11" id="67" name="UnrelEv" text="had" type="event"/>
            <label from="5-15" id="68" name="ScrEv_check_luggage" text="check" type="event"/>
            <label from="5-19" id="69" name="RelNScrEv" text="walked" type="event"/>
            <label from="6-3" id="70" name="ScrEv_present_ID/ticket" text="checked" type="event"/>
            <label from="6-11" id="71" name="ScrEv_wait" text="stood" type="event"/>
            <label from="6-20" id="72" name="ScrEv_wait" text="waited" type="event"/>
            <label from="6-26" id="73" name="ScrEv_go_security_checks" text="scanned" type="event"/>
            <label from="7-6" id="74" name="RelNScrEv" text="checked" type="event"/>
            <label from="7-10" id="75" name="UnrelEv" text="see" type="event"/>
            <label from="7-14" id="76" name="UnrelEv" text="was" type="event"/>
            <label from="7-20" id="77" name="UnrelEv" text="was" type="event"/>
            <label from="8-3" id="78" name="ScrEv_find_terminal" text="walked" type="event"/>
            <label from="8-8" id="79" name="ScrEv_board_plane" text="boarded" type="event"/>
            <label from="9-4" id="80" name="ScrEv_listen_crew" text="went over" to="9-5" type="event"/>
            <label from="9-12" id="81" name="ScrEv_listen_crew" text="gave" type="event"/>
            <label from="9-18" id="82" name="UnrelEv" text="were" type="event"/>
            <label from="10-3" id="83" name="UnrelEv" text="was" type="event"/>
            <label from="11-3" id="84" name="UnrelEv" text="flew by" to="11-4" type="event"/>
            <label from="11-8" id="85" name="ScrEv_spend_time_flight" text="slept" type="event"/>
            <label from="12-2" id="86" name="ScrEv_landing" text="landed" type="event"/>
            <label from="13-4" id="87" name="RelNScrEv" text="taxied" type="event"/>
            <label from="13-10" id="88" name="ScrEv_exit_plane" text="exited" type="event"/>
        </events>
        <chains>
            <chain elements="0 3 8 10 12 16 20 24 27 28 31 33 37 53"/>
            <chain elements="18 25"/>
            <chain elements="7 34 51 61"/>
            <chain elements="48 37" name="group_I_passengers"/>
            <chain elements="1 39 57 60"/>
            <chain elements="45 46"/>
            <chain elements="48 49 55 59"/>
        </chains>
    </annotations>
</story>
