<?xml version="1.0" encoding="UTF-8" standalone="no"?>
<!DOCTYPE story SYSTEM "../InScript.dtd">
<story id="053" scenario="flight">
    <text>
        <content>I love to travel the USA , and recently , the world . 
Without the advent of the modern airplane this would be both very time consuming and very expensive . 
To save money , I like to research fares by time and location . 
We live in a small city so many times we can drive a few hours and save a lot of money by flying out of that airport . 
When I get to the airport , I check my bags and go through security . 
After passing through security , I like to check my email , talk to family and friends , and do some reading over a cup of coffee . 
Then we shut down the phone and get on the plane . 
I love the window seat and enjoy watching the clouds and the ground below us as we are flying to the destination . 
Upon landing I head out to the next destination . </content>
        <sentences>
            <sentence id="1">
                <token content="I" id="1-1">
                    <pos type="PRP"/>
                    <lemma type="I"/>
                    <dep head="1-2" type="nsubj"/>
                </token>
                <token content="love" id="1-2">
                    <pos type="VBP"/>
                    <lemma type="love"/>
                </token>
                <token content="to" id="1-3">
                    <pos type="TO"/>
                    <lemma type="to"/>
                    <dep head="1-4" type="aux"/>
                </token>
                <token content="travel" id="1-4">
                    <pos type="VB"/>
                    <lemma type="travel"/>
                    <dep head="1-2" type="xcomp"/>
                </token>
                <token content="the" id="1-5">
                    <pos type="DT"/>
                    <lemma type="the"/>
                </token>
                <token content="USA" id="1-6">
                    <pos type="NNP"/>
                    <lemma type="USA"/>
                    <dep head="1-4" type="dobj"/>
                </token>
                <token content="," id="1-7"/>
                <token content="and" id="1-8"/>
                <token content="recently" id="1-9">
                    <pos type="RB"/>
                    <lemma type="recently"/>
                </token>
                <token content="," id="1-10"/>
                <token content="the" id="1-11">
                    <pos type="DT"/>
                    <lemma type="the"/>
                </token>
                <token content="world" id="1-12">
                    <pos type="NN"/>
                    <lemma type="world"/>
                </token>
                <token content="." id="1-13"/>
            </sentence>
            <sentence id="2">
                <token content="Without" id="2-1"/>
                <token content="the" id="2-2">
                    <pos type="DT"/>
                    <lemma type="the"/>
                </token>
                <token content="advent" id="2-3">
                    <pos type="NN"/>
                    <lemma type="advent"/>
                </token>
                <token content="of" id="2-4"/>
                <token content="the" id="2-5">
                    <pos type="DT"/>
                    <lemma type="the"/>
                </token>
                <token content="modern" id="2-6">
                    <pos type="JJ"/>
                    <lemma type="modern"/>
                </token>
                <token content="airplane" id="2-7">
                    <pos type="NN"/>
                    <lemma type="airplane"/>
                </token>
                <token content="this" id="2-8">
                    <pos type="DT"/>
                    <lemma type="this"/>
                </token>
                <token content="would" id="2-9">
                    <pos type="MD"/>
                    <lemma type="would"/>
                </token>
                <token content="be" id="2-10">
                    <pos type="VB"/>
                    <lemma type="be"/>
                </token>
                <token content="both" id="2-11">
                    <pos type="DT"/>
                    <lemma type="both"/>
                </token>
                <token content="very" id="2-12">
                    <pos type="RB"/>
                    <lemma type="very"/>
                </token>
                <token content="time" id="2-13">
                    <pos type="NN"/>
                    <lemma type="time"/>
                </token>
                <token content="consuming" id="2-14">
                    <pos type="NN"/>
                    <lemma type="consuming"/>
                </token>
                <token content="and" id="2-15"/>
                <token content="very" id="2-16">
                    <pos type="RB"/>
                    <lemma type="very"/>
                </token>
                <token content="expensive" id="2-17">
                    <pos type="JJ"/>
                    <lemma type="expensive"/>
                </token>
                <token content="." id="2-18"/>
            </sentence>
            <sentence id="3">
                <token content="To" id="3-1">
                    <pos type="TO"/>
                    <lemma type="to"/>
                    <dep head="3-2" type="aux"/>
                </token>
                <token content="save" id="3-2">
                    <pos type="VB"/>
                    <lemma type="save"/>
                    <dep head="3-6" type="advcl"/>
                </token>
                <token content="money" id="3-3">
                    <pos type="NN"/>
                    <lemma type="money"/>
                    <dep head="3-2" type="dobj"/>
                </token>
                <token content="," id="3-4"/>
                <token content="I" id="3-5">
                    <pos type="PRP"/>
                    <lemma type="I"/>
                    <dep head="3-6" type="nsubj"/>
                </token>
                <token content="like" id="3-6">
                    <pos type="VBP"/>
                    <lemma type="like"/>
                </token>
                <token content="to" id="3-7"/>
                <token content="research" id="3-8">
                    <pos type="NN"/>
                    <lemma type="research"/>
                </token>
                <token content="fares" id="3-9">
                    <pos type="NNS"/>
                    <lemma type="fare"/>
                    <dep head="3-6" type="prep"/>
                </token>
                <token content="by" id="3-10"/>
                <token content="time" id="3-11">
                    <pos type="NN"/>
                    <lemma type="time"/>
                    <dep head="3-6" type="prep"/>
                </token>
                <token content="and" id="3-12"/>
                <token content="location" id="3-13">
                    <pos type="NN"/>
                    <lemma type="location"/>
                </token>
                <token content="." id="3-14"/>
            </sentence>
            <sentence id="4">
                <token content="We" id="4-1">
                    <pos type="PRP"/>
                    <lemma type="we"/>
                    <dep head="4-2" type="nsubj"/>
                </token>
                <token content="live" id="4-2">
                    <pos type="VBP"/>
                    <lemma type="live"/>
                </token>
                <token content="in" id="4-3"/>
                <token content="a" id="4-4">
                    <pos type="DT"/>
                    <lemma type="a"/>
                </token>
                <token content="small" id="4-5">
                    <pos type="JJ"/>
                    <lemma type="small"/>
                </token>
                <token content="city" id="4-6">
                    <pos type="NN"/>
                    <lemma type="city"/>
                    <dep head="4-2" type="prep"/>
                </token>
                <token content="so" id="4-7">
                    <pos type="IN"/>
                    <lemma type="so"/>
                    <dep head="4-12" type="mark"/>
                </token>
                <token content="many" id="4-8">
                    <pos type="JJ"/>
                    <lemma type="many"/>
                </token>
                <token content="times" id="4-9">
                    <pos type="NNS"/>
                    <lemma type="time"/>
                    <dep head="4-12" type="nsubj"/>
                </token>
                <token content="we" id="4-10">
                    <pos type="PRP"/>
                    <lemma type="we"/>
                    <dep head="4-12" type="nsubj"/>
                </token>
                <token content="can" id="4-11">
                    <pos type="MD"/>
                    <lemma type="can"/>
                    <dep head="4-12" type="aux"/>
                </token>
                <token content="drive" id="4-12">
                    <pos type="VB"/>
                    <lemma type="drive"/>
                    <dep head="4-2" type="advcl"/>
                </token>
                <token content="a" id="4-13">
                    <pos type="DT"/>
                    <lemma type="a"/>
                </token>
                <token content="few" id="4-14">
                    <pos type="JJ"/>
                    <lemma type="few"/>
                </token>
                <token content="hours" id="4-15">
                    <pos type="NNS"/>
                    <lemma type="hour"/>
                    <dep head="4-12" type="dobj"/>
                </token>
                <token content="and" id="4-16"/>
                <token content="save" id="4-17">
                    <pos type="VB"/>
                    <lemma type="save"/>
                    <dep head="4-12" type="conj"/>
                </token>
                <token content="a" id="4-18">
                    <pos type="DT"/>
                    <lemma type="a"/>
                </token>
                <token content="lot" id="4-19">
                    <pos type="NN"/>
                    <lemma type="lot"/>
                    <dep head="4-17" type="dobj"/>
                </token>
                <token content="of" id="4-20"/>
                <token content="money" id="4-21">
                    <pos type="NN"/>
                    <lemma type="money"/>
                </token>
                <token content="by" id="4-22"/>
                <token content="flying" id="4-23">
                    <pos type="VBG"/>
                    <lemma type="fly"/>
                    <dep head="4-17" type="prepc"/>
                </token>
                <token content="out" id="4-24"/>
                <token content="of" id="4-25"/>
                <token content="that" id="4-26">
                    <pos type="DT"/>
                    <lemma type="that"/>
                </token>
                <token content="airport" id="4-27">
                    <pos type="NN"/>
                    <lemma type="airport"/>
                    <dep head="4-23" type="prep"/>
                </token>
                <token content="." id="4-28"/>
            </sentence>
            <sentence id="5">
                <token content="When" id="5-1">
                    <pos type="WRB"/>
                    <lemma type="when"/>
                    <dep head="5-3" type="advmod"/>
                </token>
                <token content="I" id="5-2">
                    <pos type="PRP"/>
                    <lemma type="I"/>
                    <dep head="5-3" type="nsubj"/>
                </token>
                <token content="get" id="5-3">
                    <pos type="VBP"/>
                    <lemma type="get"/>
                    <dep head="5-9" type="advcl"/>
                </token>
                <token content="to" id="5-4"/>
                <token content="the" id="5-5">
                    <pos type="DT"/>
                    <lemma type="the"/>
                </token>
                <token content="airport" id="5-6">
                    <pos type="NN"/>
                    <lemma type="airport"/>
                    <dep head="5-3" type="prep"/>
                </token>
                <token content="," id="5-7"/>
                <token content="I" id="5-8">
                    <pos type="PRP"/>
                    <lemma type="I"/>
                    <dep head="5-9" type="nsubj"/>
                </token>
                <token content="check" id="5-9">
                    <pos type="VB"/>
                    <lemma type="check"/>
                </token>
                <token content="my" id="5-10">
                    <pos type="PRP$"/>
                    <lemma type="my"/>
                </token>
                <token content="bags" id="5-11">
                    <pos type="NNS"/>
                    <lemma type="bag"/>
                    <dep head="5-9" type="dobj"/>
                </token>
                <token content="and" id="5-12"/>
                <token content="go" id="5-13">
                    <pos type="VB"/>
                    <lemma type="go"/>
                    <dep head="5-9" type="conj"/>
                </token>
                <token content="through" id="5-14"/>
                <token content="security" id="5-15">
                    <pos type="NN"/>
                    <lemma type="security"/>
                    <dep head="5-13" type="prep"/>
                </token>
                <token content="." id="5-16"/>
            </sentence>
            <sentence id="6">
                <token content="After" id="6-1"/>
                <token content="passing" id="6-2">
                    <pos type="VBG"/>
                    <lemma type="pass"/>
                    <dep head="6-7" type="prepc"/>
                </token>
                <token content="through" id="6-3"/>
                <token content="security" id="6-4">
                    <pos type="NN"/>
                    <lemma type="security"/>
                    <dep head="6-2" type="prep"/>
                </token>
                <token content="," id="6-5"/>
                <token content="I" id="6-6">
                    <pos type="PRP"/>
                    <lemma type="I"/>
                    <dep head="6-7" type="nsubj"/>
                </token>
                <token content="like" id="6-7">
                    <pos type="VBP"/>
                    <lemma type="like"/>
                </token>
                <token content="to" id="6-8">
                    <pos type="TO"/>
                    <lemma type="to"/>
                    <dep head="6-9" type="aux"/>
                </token>
                <token content="check" id="6-9">
                    <pos type="VB"/>
                    <lemma type="check"/>
                    <dep head="6-7" type="xcomp"/>
                </token>
                <token content="my" id="6-10">
                    <pos type="PRP$"/>
                    <lemma type="my"/>
                </token>
                <token content="email" id="6-11">
                    <pos type="NN"/>
                    <lemma type="email"/>
                    <dep head="6-9" type="dobj"/>
                </token>
                <token content="," id="6-12"/>
                <token content="talk" id="6-13">
                    <pos type="VB"/>
                    <lemma type="talk"/>
                    <dep head="6-9" type="conj"/>
                </token>
                <token content="to" id="6-14"/>
                <token content="family" id="6-15">
                    <pos type="NN"/>
                    <lemma type="family"/>
                    <dep head="6-13" type="prep"/>
                </token>
                <token content="and" id="6-16"/>
                <token content="friends" id="6-17">
                    <pos type="NNS"/>
                    <lemma type="friend"/>
                </token>
                <token content="," id="6-18"/>
                <token content="and" id="6-19"/>
                <token content="do" id="6-20">
                    <pos type="VB"/>
                    <lemma type="do"/>
                    <dep head="6-9" type="conj"/>
                </token>
                <token content="some" id="6-21">
                    <pos type="DT"/>
                    <lemma type="some"/>
                </token>
                <token content="reading" id="6-22">
                    <pos type="NN"/>
                    <lemma type="reading"/>
                    <dep head="6-20" type="dobj"/>
                </token>
                <token content="over" id="6-23"/>
                <token content="a" id="6-24">
                    <pos type="DT"/>
                    <lemma type="a"/>
                </token>
                <token content="cup" id="6-25">
                    <pos type="NN"/>
                    <lemma type="cup"/>
                    <dep head="6-20" type="prep"/>
                </token>
                <token content="of" id="6-26"/>
                <token content="coffee" id="6-27">
                    <pos type="NN"/>
                    <lemma type="coffee"/>
                </token>
                <token content="." id="6-28"/>
            </sentence>
            <sentence id="7">
                <token content="Then" id="7-1">
                    <pos type="RB"/>
                    <lemma type="then"/>
                    <dep head="7-3" type="advmod"/>
                </token>
                <token content="we" id="7-2">
                    <pos type="PRP"/>
                    <lemma type="we"/>
                    <dep head="7-3" type="nsubj"/>
                </token>
                <token content="shut" id="7-3">
                    <pos type="VBD"/>
                    <lemma type="shut"/>
                </token>
                <token content="down" id="7-4">
                    <pos type="RP"/>
                    <lemma type="down"/>
                    <dep head="7-3" type="prt"/>
                </token>
                <token content="the" id="7-5">
                    <pos type="DT"/>
                    <lemma type="the"/>
                </token>
                <token content="phone" id="7-6">
                    <pos type="NN"/>
                    <lemma type="phone"/>
                    <dep head="7-3" type="dobj"/>
                </token>
                <token content="and" id="7-7"/>
                <token content="get" id="7-8">
                    <pos type="VBP"/>
                    <lemma type="get"/>
                    <dep head="7-3" type="conj"/>
                </token>
                <token content="on" id="7-9"/>
                <token content="the" id="7-10">
                    <pos type="DT"/>
                    <lemma type="the"/>
                </token>
                <token content="plane" id="7-11">
                    <pos type="NN"/>
                    <lemma type="plane"/>
                    <dep head="7-8" type="prep"/>
                </token>
                <token content="." id="7-12"/>
            </sentence>
            <sentence id="8">
                <token content="I" id="8-1">
                    <pos type="PRP"/>
                    <lemma type="I"/>
                    <dep head="8-2" type="nsubj"/>
                </token>
                <token content="love" id="8-2">
                    <pos type="VBP"/>
                    <lemma type="love"/>
                </token>
                <token content="the" id="8-3">
                    <pos type="DT"/>
                    <lemma type="the"/>
                </token>
                <token content="window" id="8-4">
                    <pos type="NN"/>
                    <lemma type="window"/>
                </token>
                <token content="seat" id="8-5">
                    <pos type="NN"/>
                    <lemma type="seat"/>
                    <dep head="8-2" type="dobj"/>
                </token>
                <token content="and" id="8-6"/>
                <token content="enjoy" id="8-7">
                    <pos type="VBP"/>
                    <lemma type="enjoy"/>
                    <dep head="8-2" type="conj"/>
                </token>
                <token content="watching" id="8-8">
                    <pos type="VBG"/>
                    <lemma type="watch"/>
                    <dep head="8-7" type="xcomp"/>
                </token>
                <token content="the" id="8-9">
                    <pos type="DT"/>
                    <lemma type="the"/>
                </token>
                <token content="clouds" id="8-10">
                    <pos type="NNS"/>
                    <lemma type="cloud"/>
                    <dep head="8-8" type="dobj"/>
                </token>
                <token content="and" id="8-11"/>
                <token content="the" id="8-12">
                    <pos type="DT"/>
                    <lemma type="the"/>
                </token>
                <token content="ground" id="8-13">
                    <pos type="NN"/>
                    <lemma type="ground"/>
                </token>
                <token content="below" id="8-14"/>
                <token content="us" id="8-15">
                    <pos type="PRP"/>
                    <lemma type="we"/>
                    <dep head="8-8" type="prep"/>
                </token>
                <token content="as" id="8-16">
                    <pos type="IN"/>
                    <lemma type="as"/>
                    <dep head="8-19" type="mark"/>
                </token>
                <token content="we" id="8-17">
                    <pos type="PRP"/>
                    <lemma type="we"/>
                    <dep head="8-19" type="nsubj"/>
                </token>
                <token content="are" id="8-18">
                    <pos type="VBP"/>
                    <lemma type="be"/>
                    <dep head="8-19" type="aux"/>
                </token>
                <token content="flying" id="8-19">
                    <pos type="VBG"/>
                    <lemma type="fly"/>
                    <dep head="8-8" type="advcl"/>
                </token>
                <token content="to" id="8-20"/>
                <token content="the" id="8-21">
                    <pos type="DT"/>
                    <lemma type="the"/>
                </token>
                <token content="destination" id="8-22">
                    <pos type="NN"/>
                    <lemma type="destination"/>
                    <dep head="8-19" type="prep"/>
                </token>
                <token content="." id="8-23"/>
            </sentence>
            <sentence id="9">
                <token content="Upon" id="9-1"/>
                <token content="landing" id="9-2">
                    <pos type="NN"/>
                    <lemma type="landing"/>
                    <dep head="9-4" type="prep"/>
                </token>
                <token content="I" id="9-3">
                    <pos type="PRP"/>
                    <lemma type="I"/>
                    <dep head="9-4" type="nsubj"/>
                </token>
                <token content="head" id="9-4">
                    <pos type="VBP"/>
                    <lemma type="head"/>
                </token>
                <token content="out" id="9-5">
                    <pos type="RP"/>
                    <lemma type="out"/>
                    <dep head="9-4" type="prt"/>
                </token>
                <token content="to" id="9-6"/>
                <token content="the" id="9-7">
                    <pos type="DT"/>
                    <lemma type="the"/>
                </token>
                <token content="next" id="9-8">
                    <pos type="JJ"/>
                    <lemma type="next"/>
                </token>
                <token content="destination" id="9-9">
                    <pos type="NN"/>
                    <lemma type="destination"/>
                    <dep head="9-4" type="prep"/>
                </token>
                <token content="." id="9-10"/>
            </sentence>
        </sentences>
    </text>
    <annotations>
        <participants>
            <label from="1-1" id="0" name="ScrPart_passenger" text="I" type="participant"/>
            <label from="1-6" id="1" name="ScrPart_target_location" text="USA" type="participant"/>
            <label from="1-12" id="2" name="ScrPart_target_location" text="world" type="participant"/>
            <label from="2-3" id="3" name="No_label" text="advent" type="participant"/>
            <label from="2-7" id="4" name="ScrPart_plane" text="airplane" type="participant"/>
            <label from="2-13" id="5" name="No_label" text="time" type="participant"/>
            <label from="3-3" id="6" name="ScrPart_other" text="money" type="participant"/>
            <label from="3-5" id="7" name="ScrPart_passenger" text="I" type="participant"/>
            <label from="3-9" id="8" name="ScrPart_other" text="fares" type="participant"/>
            <label from="3-11" id="9" name="ScrPart_time/date" text="time" type="participant"/>
            <label from="3-13" id="10" name="ScrPart_other" text="location" type="participant"/>
            <label from="4-1" id="11" name="Unclear" text="We" type="participant"/>
            <label from="4-6" id="12" name="ScrPart_other" text="city" type="participant"/>
            <label from="4-9" id="13" name="No_label" text="times" type="participant"/>
            <label from="4-10" id="14" name="Unclear" text="we" type="participant"/>
            <label from="4-15" id="15" name="ScrPart_time/date" text="hours" type="participant"/>
            <label from="4-19" id="16" name="Head_of_Partitive" text="lot" type="participant"/>
            <label from="4-21" id="17" name="ScrPart_other" text="money" type="participant"/>
            <label from="4-27" id="18" name="ScrPart_airport" text="airport" type="participant"/>
            <label from="5-2" id="19" name="ScrPart_passenger" text="I" type="participant"/>
            <label from="5-6" id="20" name="ScrPart_airport" text="airport" type="participant"/>
            <label from="5-8" id="21" name="ScrPart_passenger" text="I" type="participant"/>
            <label from="5-10" id="22" name="ScrPart_passenger" text="my" type="participant"/>
            <label from="5-11" id="23" name="ScrPart_check_in_luggage" text="bags" type="participant"/>
            <label from="5-15" id="24" name="ScrPart_security_check" text="security" type="participant"/>
            <label from="6-4" id="25" name="ScrPart_security_check" text="security" type="participant"/>
            <label from="6-6" id="26" name="ScrPart_passenger" text="I" type="participant"/>
            <label from="6-10" id="27" name="ScrPart_passenger" text="my" type="participant"/>
            <label from="6-11" id="28" name="NPart" text="email" type="participant"/>
            <label from="6-15" id="29" name="NPart" text="family" type="participant"/>
            <label from="6-17" id="30" name="NPart" text="friends" type="participant"/>
            <label from="6-25" id="31" name="Head_of_Partitive" text="cup" type="participant"/>
            <label from="6-27" id="32" name="NPart" text="coffee" type="participant"/>
            <label from="7-2" id="33" name="ScrPart_passenger" text="we" type="participant"/>
            <label from="7-6" id="34" name="ScrPart_in-flight_entertainment" text="phone" type="participant"/>
            <label from="7-11" id="35" name="ScrPart_plane" text="plane" type="participant"/>
            <label from="8-1" id="36" name="ScrPart_passenger" text="I" type="participant"/>
            <label from="8-4" id="37" name="ScrPart_seat" text="window seat" to="8-5" type="participant"/>
            <label from="8-5" id="38" name="ScrPart_seat" text="seat" type="participant"/>
            <label from="8-10" id="39" name="NPart" text="clouds" type="participant"/>
            <label from="8-13" id="40" name="NPart" text="ground" type="participant"/>
            <label from="8-15" id="41" name="ScrPart_passenger" text="us" type="participant"/>
            <label from="8-17" id="42" name="ScrPart_passenger" text="we" type="participant"/>
            <label from="8-22" id="43" name="ScrPart_target_location" text="destination" type="participant"/>
            <label from="9-3" id="44" name="ScrPart_passenger" text="I" type="participant"/>
            <label from="9-9" id="45" name="ScrPart_target_location" text="destination" type="participant"/>
        </participants>
        <events>
            <label from="1-2" id="46" name="UnrelEv" text="love" type="event"/>
            <label from="1-4" id="47" name="RelNScrEv" text="travel" type="event"/>
            <label from="2-10" id="48" name="UnrelEv" text="be" type="event"/>
            <label from="3-2" id="49" name="UnrelEv" text="save" type="event"/>
            <label from="3-8" id="50" name="RelNScrEv" text="research" type="event"/>
            <label from="4-2" id="51" name="UnrelEv" text="live" type="event"/>
            <label from="4-12" id="52" name="ScrEv_get_airport" text="drive" type="event"/>
            <label from="4-17" id="53" name="UnrelEv" text="save" type="event"/>
            <label from="4-23" id="54" name="Evoking" text="flying" type="event"/>
            <label from="5-3" id="55" name="ScrEv_get_airport" text="get to" to="5-4" type="event"/>
            <label from="5-9" id="56" name="ScrEv_check_luggage" text="check" type="event"/>
            <label from="5-13" id="57" name="ScrEv_go_security_checks" text="go through" to="5-14" type="event"/>
            <label from="6-2" id="58" name="ScrEv_go_security_checks" text="passing" type="event"/>
            <label from="6-9" id="59" name="UnrelEv" text="check" type="event"/>
            <label from="6-13" id="60" name="UnrelEv" text="talk" type="event"/>
            <label from="6-22" id="61" name="UnrelEv" text="reading" type="event"/>
            <label from="7-3" id="62" name="RelNScrEv" text="shut down" to="7-4" type="event"/>
            <label from="7-8" id="63" name="ScrEv_get_plane" text="get on" to="7-9" type="event"/>
            <label from="8-2" id="64" name="UnrelEv" text="love" type="event"/>
            <label from="8-8" id="65" name="ScrEv_spend_time_flight" text="watching" type="event"/>
            <label from="8-19" id="66" name="ScrEv_other" text="flying" type="event"/>
            <label from="9-2" id="67" name="ScrEv_landing" text="landing" type="event"/>
            <label from="9-4" id="68" name="ScrEv_go_target_location" text="head" type="event"/>
        </events>
        <chains>
            <chain elements="7 19 21 22 26 36 44 0 27"/>
            <chain elements="18 20"/>
            <chain elements="24 25"/>
            <chain elements="4 35"/>
            <chain elements="33 41 42"/>
            <chain elements="43 45"/>
            <chain elements="6 8 17"/>
        </chains>
    </annotations>
</story>
